tweet	label
Tesfaye ለካስ ጭብል ለብሰሽ የፕሮፌሰርን ፎቶ ለጥፈክ እልም ያልክ ባዳ ነክ እፈር ትንሽ	negative
ይሄው ነው አይደል የእውቀትሽ ጥግ....በሰሚ ሰሚ ከምትናገሪ ለምን ታሪክ አታነቢም....ደሞ ራስሽን አታስገምቺ	negative
ዘገበ ይባላል? ሌላ የሚባል ነገር ካለ አንተዉ ንገረን!	negative
?? ድሮ በዘመነ ኮዳክ ፎቶ ቤት ፍላሹ ፏ ሲል አይናችን ተጨፍኖ እንዳይወጣ የምንቸክለውን ነገር አስታወሰኝ ???? ምን ሆኖ ነው ግን? ከሗላ ያለው ቴዲ ሁሉ ፊቱን አዞረ እኮ ??	negative
ዠልጥ?? ???? ገገማ	negative
ለመጥለቅ ያህል ወሳኝ ነገር ያስፈልጋል ልያታይ ጥስው ዶረበ ጽርቅ ድንአ ምንም ሳይነሱ ሉቃብጠይ ንዱንአ ንችታለሁከ ይአ	negative
የነዚህን አይነት ወሬ አራጋቢ ነው!  Do you get me!!?	negative
ያንተ የበታችነት ስሜት ነው፣ ማንም አክራሪ ሰክሮ እየመጣ መስጂድህን ሲያቃጥልብህ፣ እኛ ብንናገር አንተ መልሰህ እኛን ምን አገባቹ ትላለህ።ያንተን አይነት አለቅላ…	negative
አብይ እራሡ ጀዋርን እንደ መጠቀሚያ አርጎታል ለዚህ ሁሉ ተጠያቂዉ አብይ ነዉ	negative
። ጥንብ ዘረኛ ጥፋ ከዚህ መርዝ	negative
Arte በገናው ምድር በዚህ ሲያስተክዘን አመሸ	negative
ላይ !   የእነዛ 86 ምስኪን ንፁሃን ምንዱባን ነፍሳት የተቀጠፈ ህይወት አይረሳም !  በአንድ ቀን ጀምበር…	negative
እኔ ሞቻለሁ ???????????????????????? ጌታ ሆይ ኧረ ና!	negative
ያንች ነፃነት በአማራ ህዝብ ነው ወሬኛ	negative
እወድሽ ነበረ ዛሬስ ጠላሁሽ  እንደ ሰፌድ ቆሎ ያም ያም ዘገነሽ፧ ወይ ጉድ	negative
ታብሌት ኮምፒውተሮቹ በሥጦታ የተገኙ ናቸው ወይሥ በህዝቡ ገንዘብ የተገዙ?የከተማ አሥተዳደሩ በጀት ይዞለት ነበር?ወይሥ ወዘፈቀደ ከንቲባ?…	negative
ከመወደዱ የተነሳ ዱለት በሲኒ ማስቀመጫ ከመቅረብ አልፎ በቆርኪ የሚቀርብበት ጊዜ ሩቅ አይደለም! ??	negative
የ ሰው ህይወት ቀልድ ሆነ በቃ	negative
ሴት ብሆን አይደለም ይሄን በሬ ወለደ ብልሽ ታምኚኝ ነበር...እድሌ ነው??	negative
ምን እያልኳት ምን ትላለች አሉ .. የከተማው ሙታንታ ሳይታጠቅ ያደገ ፎሊስ በል ፎከቴያሙ ድይቆን ሁሉ አልቀሩ	negative
የቆሸሸ ሟች ለመደበቅ እዚያ እንደቆሙ አውቃለሁ	negative
አንዳንድ   ሰዎች  ኢንሻላህ ኢራን አሜሪካን  እንደምታሸንፍ  አስረግጠው  ሲበጠረቁ እያዬሁ ነው ።  - - ሐይማኖትና ጎሰኝነትኮ ሃቅን ለመድፈን ተወዳዳሪ  የላቸውም።	negative
ደግ አደረገችህ ምን ብለህ አፍህን ከፍተህ ነው	negative
መንግስት ስለ ዲሞክራሲ ሲቀደድልህ አትስማው። የሚያደርገውን ነገር በደንብ ተከታተል። ያኔ ዓላማው ይገለጥልሃል።  የሃሳብ ነፃነትን የሚከለክል መንግስት ስለ ብልፅግና ቢያወራህ እንኳን…	negative
ካቀድነው በላይ ታጋች ያሥፈታን ቢሆንም ከእቅዳችን ጋ ይሠናሠል ዘንድ አንዳንዶቹን መልሠን ለአጋቾቹ ሠጥተናል! ወይዘሮ ንጉሡ ጥላሁን! ••• ! :D :D :D !	negative
ጉዳዩ አገር ሰላም ብሎ የተቀመጠን ህዝብ ለበቀል እና የርስበርስ ጦርነት የሚቀሰቅስ ነው።	negative
መጋኛ	negative
አይባልም	negative
ብልፅግና ፓርቲ አዲስ ፓርቲ እንጂ የኢሕአዴግ ውህድ አይደለም ኦቦ በቀለ ገርባ ለ ኦ ኤም ኤን የሰጡት አስተያየት	negative
በ3ኛ አካል ይጣራል የንተ መደሰት እንድንጠራጠር አርጎናል	negative
«ባሐሩን የምታደፈርስ መስሏት አሞራ አለማወቋ እና ለውንብዳናዋ ትልቅ ባህር ላይ ትሸናለች እንጂ የሷ ሽንት ትልቁን ባህር የማደፍረስ አቅም የለውም»  አቦ ለማ መገርሳ  በሰላም አሜሪካ ገብተዋል!	negative
ቱ በሉ የመራራ ፓርቲ በከበቡሽ ካልተዋጠ!  የመራራ ፓርቲ እንደ ልጥ መዋጡ ነው። ያኔ ኧረ ጀዌ (ከበቡሽ) ፓርቲዬን ዋጠው ቢለን መስሚያዬ ...  ወይኔ መራራ ስሜ መራራ	negative
አንተን እስከ ቤተሰቦችሁ ወደቃሌቲ ማረሚያ ቤት ያስገባህ????????	negative
በጎች በሚዘረፉበት አገር? አንፎጋገር	negative
አይ ሳሙኤል በቃ የምትበላውን መፖሰት አስተማርክብን ጠርገው የሚበሉት መጡ	negative
ይህ ሁሉ ለማያውቁ ሰወች እስልምና ይመስላቸዋል በጭራሽ የለውም። ይህ ሰይጣናዊ ዛር አለያም እንደ አዩ ጭፋ አታላይ ነው።	negative
አሁን ያሉትም ያው ናቸው ባክህ! ምን ተቀየረ፥ መሪው ያለውን አሜን እያለ የሚቀጥል ካድሬ ነው። መሪው ደግሞ ከእኔ በላይ አዋቂ የሚል ቱልቱላ ነው :)	negative
ባክሽ ፒፕሉ ሲያሽቋልጥ ነው ባለፈውሳምንት ፍትህ ለቀይ ቀለም እሲኪያስብል ቀይ ለብሶ ህዝቤ ሶሻል ሚዲያውን አጨናነቀው  ደሞ አሁን ይሄ ምነው ሸዋ	negative
ፍትህ በሌለበት ሀገር ደሞክራሲ አለ ማለት ህዝብን መዋሸት ነው፤ ኢትዮጵያ ውስጥ ከቀበሌ ሊቀመንበር እስከ ምንስቴር ያለው አመራር ቅናተኛና ቅመኛ ነው፤ ፍትህ ለስዳማ ምሁራን 5 ወር ሙሉ ያለጥፋታቸው ለታሰሩት !!!!!	negative
አብይ ይህን ደንባራ ሙታንታ ሳይታጠቅ አዲሳባ ከዛም ቤተመንግስት የገባን ሽፍታ ዘር ዎንበዴ ጥይት ሳይተኩስ መቀሌ ሸኝቷል…	negative
ከንቲባ ታከለ ዑማ በቢሮዎችና ማዘጋጃ ቤት ስር የሆኑ ተቋማትን ተጠሪነት ወደ ራሳቸው እያዞሩ ነው። የአለም ባንክና የከተማ ልማትና ቤቶች ሚኒስቴር ድርጊቱን ተቃውመዋል። Wazema…	negative
በሊቢያ በጦር ማሰልጠኛ  ተቋም ላይ በደረሰ ጥቃት 30 ሰዎች ተገደሉ፡፡	negative
ድርጅቱ ከተቋቋመው አላማ ውጪ እየተንቀሳቀሰ ነው የሚል ዜና እንዳንሰማ?? እንዴት እኝህ የምያክል ጉመት ፖለቲከኛና የኢትዮጵያዊያን ህዝብ ተወዳጅ ከነፍሰበላው ጃ-…	negative
ዲኑ የቆየ ነው የምንሰማበት መልኩ እንዲህ መራራ መሆኑን ለማንሳት ነው	negative
እንደሱማ ከሆነ እናንተም ቦታ ላይኖራችሁ ነው	negative
ይልቅ ለሶስተኛው የአለም ጦርነት እራስሽን አዘጋጅ አልሰማሁም እንዳትይ	negative
በዚ ዘመን ሰዉ ከገንክ ሚቆመዉ ለፎቶ ቢቻ ነዉ ቢገኝም  ከጎንክ ሚቆመዉም ከስንት አንዱ ነዉ	negative
የግል ቢሆን ኖሮ ግን ተደራድረው በሚያዋጣቸው ዋጋ ይሸጡ ነበር። 6	negative
በሙስሊሙ ጉዳይ የአብይ አህመድ አቋም በዚህ ከቀጠለ  ፣እመኑኝ ወያኔ የገባችበት ቅርቃር ውስጥ መግባቱ የማይቀር ነው።	negative
መደመር የተንፈራጠጠ ሀሳብ ነው   ፕሮፌሰር መስፍን ወልደማርያም	negative
እንዳንተ ያሉ በጋዜጠኛ ስም የሚሸረሙጡ ሴሌክቲቭ አታካቸውን ስንመለከት ለአገርና ሳይሆን ለጥቅም አሽከርነት የቆማቹ ህሊናቢስ እንደሆናቹ እንረዳለን:: እዚያዉ ካም…	negative
ራስን የማግሰፍ ስልት ከልክ ስያልፍ ዉሸት መሆኑ ይታወቃል።እኔ ብቻ ነኝ የላቀ ሃሳብ ያለዉ ማለት በራሱ አምባገንነት ነዉ።የሚያገዳድልም የመንግስት ጀሌና ወ…	negative
ባሳለፍነው አርብ በኦሮሚያ ክልል ቄለም ወለጋ ዞን ሰዮ ወረዳ ጉቴ ሰዮማ ቀበሌ በሚኖሩ የአማራ ተወላጆች ላይ ታጣቂዎች 4 ሰዎች መግደላቸውን ሸሽስተው ወደ ደንቢዶሎ ከተ…	negative
እኔ አልላክም ነበር	negative
በለው ! ታድያ  በኢትዮጵያ ሰላም ኣለ የተባለው  የት ኣለ?::	negative
ስራችሁ ሁሉ ክፋት መስሪ  ምን አይነት ስይጣን ነው የተጠናዉታችሁ  የገዛ ወገናችሁን ለማጋደል ቀንና ሌት የምትባዝኑት? እኔ አብሬ ያደግኳቸው ትግራዬች ደግና…	negative
ባህር ዳር ከተማ ወሳኙን ተጫዋች በጉዳት ሊያጣ ነው	negative
ልክ ነው ሚሰማ ሰው አይደለም እኮ????????..	negative
ክልል ላይ የእስልምና ጥላቻ እንደልብ እንዲጋልብ ባዶ ሜዳ ተለቆለታል። በባለሥልጣናትም ድጋፍ ይደረግለታል። ፍዳውን የሚከፍሉት ሙስሊም የአማራ ተወላጆች ናቸው። የገዛ ልጆቹን ቀርጥፎ የሚበላ ክ…	negative
እናቶቻችን ጎረቤት ጉድ እስኪል ድረስ ይገርፉን እና ልክ ሲያበቁ ሁለተኛ ትደግሚያትና እንዳሁኑ ነካ አድርጌ የምለቅሽ መስሎሻል ??	negative
አረ ምንሼ? የአዲስ አበባ ወጣት ጠላሁ! ወጣት ማለት ከ50 በላይ ሆነ እንዴ ሳናውቀው? ሚሊኒየም አዳራሽ ውስጥ ዛሬ የጎልማሶች ስብሰባ ነበር ቢባል ይቀላል!	negative
አንተ ቆሻሻ	negative
EBC ያልተገባ ተፅእኖ እያሳደረብን ነው...  የኢትዮጵያ ብሮድካስቲንግ ኮርፖሬሽን አስተዳደር በትግራኛ ቋንቋ ክፍል ላይ ያልተገባ ተጽእኖ እያሳደረ ነው ሲሉ የትግራኛ ክፍል ባልደረቦ…	negative
እኔ አላምንም! ኧረ ቅሌት!	negative
አቃቤ ህግ መጥሪያ የሰጣቸውን ተጠርጣሪዎች  አንዳንድ ክልሎች አሳልፈው አይሰጡም- አንዳንዶቹ ጭራሽ ይሾሟቸዋል! እንዲህ አይነት የክልልና የፌዴራል ግኑኝንት ባለበት አገር ውስጥ አገር ሳይሆን የሚያ…	negative
ወገኛ ??ሲያደርጉ ታይቶልኛል እንዳንተ አይነቱን መርዝ አንደኛ ቦልኬ ክብር አልሰጠውም ልክ ስትቦልከኝ በደንብ እንዳስነቀልኩክ ማረጋገጫዬ ስለሆነ እስክትነቅል ለራስህ ግ…	negative
በደራ ያሉ አማራዎች መሥርያ ወደላይ እየተኮሱ ከጋ** ጋር ጦርነት ነው ምንፈልገው እያለ እየሸለሉ እየፎከሮ  ኦሮሞውን መውጫ መግብያ እያሳጡት ነው   የኦሮሞ ህዝብ በሁሉም አቅጣጫ ጦርነት…	negative
በግድ የበታችነት ስሜት ይስማህ ነው? Sorry	negative
እውነት አታፍርም የሶስተኛ ክፍል ተማሬ ይሄን አቀደ አለመ አሳካ ስትል ????የእስፖንሰር ድርቅ	negative
እንዲህ ያለን ነጭ ውሸት በቴሌቪዥን ቀርቦ ማውራት? ድፍረቱን ከየት አመጣው?	negative
የሀገር ሽማግሌዎች በሕግ የበላይነት ካልታገዙ እነሱም የስርአተአልበኞች ተጠቂ ሲሀኑ እያየን ነው። አዛውንቶች የወጠጤዎች ጡጫና እርግጫ መለማመ…	negative
ድብቅ በጣም ብዙ ድሃ በጣም ብዙ ድሃ በጣም ብዙ ድሃ በጣም ብዙ ጊዜ በጣም ብዙ ጊዜ በጣም ብዙ ጊዜ በጣም ደካማ  በጣም ብዙ በጣም ብዙ ጊዜ በጣም ብዙ ድሃ በጣም ብዙ ድሃ በጣም ብ…	negative
አንተ ደግሞ ቶሎ የሚከፋህን ፀባይ እስካሁን አላሻሻልክም።	negative
ስንቶቻችን ነን ባለፉት ሁለት ዓመታት ብቻ በመላ አገሪቱ 34 መስጊዶች መቃጠላቸውን የምናውቀው? ከ 34ቱ የተቃጠሉት መስጊዶች 21 የተቃጠሉት በአንድ ክልል (በአማራ ብሄራዊ ክልል) መሆናቸውንስ?	negative
በመንገድ ላይ:-  አዲስ አበባ ቆሻሻ እና ጉንፋናም ከተማ መሆኗ አያከራክርም። ቆሻሻ መንገድ ዳር ለመጣል የሚሳቀቁ ስልጡን ነዋሪ ቢሆኑ እንኯን የቆሻሻ መጣያ በአቅራቢያው መቸም አያገኙ…	negative
ማን ፈቀደ ህዝብ ተወያይቶበታል? በቢሊዮን የሚቆጠር መሬትና የህዝብ ገንዘብ እየዘረፍክ ለፎቶ ከህዝብ በተሰበሰበው ገንዘብ ማንም ሳይፈቅድልህ ለምርጫ ስትል የህዝብን…	negative
ችግር የለውም እሱን እዚሁ ማስተካከል ይቻላል ፤ ብሄር የለንም የሚሉት የራሳቸውን ፓርቲ ይፍጠሩ	negative
እሺ! ሥምህን እና PPህን ቀይራ! አሥራት ወልደየሥ የአማራ ጎጠኛ ነበር!	negative
ሃሃሃሃ ዶማነትህ ከዚህ ነው የሚጀምረው እውነት የሚመስል ወሸት ያል…	negative
ውይይይ ምንድነው እንደ አሮጊት ካፕል ምትነዛነዙት?? ወደዛ ዶናት ግዛላት አቦ?????♂️	negative
ጭራቅ ከላይ እስከታች በአርቴፊሻል ብትሽሞኘሙኝም  እንደወረድሽ ነሽ?????? መጀመሪያ በራስሽ ኩሪ አፍሽን ከመክፈትሽ በፊት የሆንሽ ጨ ተገልብጣ ነገር	negative
አዲሰ አበባ ሞጣ መሰለህ እንዴ??	negative
ከክትክታ ወደ እስክስታ እንዴት እንደገባችሁ ገና አሁን እያነበብኩኝ ነው	negative
???? ወዮ ይቺ ደግሞ የባሰባት ነው	negative
ኢብራሂም ቢያይህ «አንተን የጨቆኑህ ‹አልተጨቆንኩም› ብለህ እስክታምን ድረስ ነው› ብሎ ይገረምብህ ነበር! ??   የመብት መገፈፍ ምን እንደሆነ ካለመረዳት የመነጨ ነው ች…	negative
አይ ሸገር!  አይ አዱ ገነት ?? በአንድ ከተማ ላይ በታክሲ የ3 ብር መንገድ ልዩነት አንዱ የክርስትና ልጅ አንዱ የእንጀራ ልጅ የሚሆንበት! አንዱ ካዛ ላይ የከፈለበትን የስብሰባ አዳ…	negative
የመጨረሻ እስትንፋሳ እስኪያደርጉ ድረስ ከፍተኛ ሥቃይ ይሰማዎታል ፣ የደምዎ መስመር ይሰቃያል እናም ከሞተ በኋላ ወደ ሲኦል ዋሻዎች ይገባል። ከሠራው ኃጢአት…	negative
Hahaha.....ሟርተኛ አትሁን እንጂ አቶ ያሬድ?  ገናን ሳላከብር  አታሟርትብኝ እንጂ?	negative
እሺ የሚስቶች ጠበቃ ነኝ አልሽሳ	negative
ዳር ቆሞ የአንዱን ሃሳብ ከነእንከን ከማሞካሸት ወይም ከመተቸት መሃል ላይ ቆሞ የሁለቱንም አስተውሎ፣ መርምሮ እና አመዛዝኖ ከሁለቱም አሳማኝ ሃሳቦችን ወስዶ፣ አውዳሚዎችን ደግሞ ትቶ…	negative
በእውነት ጾም ከባድ ነው??	negative
እንጀራ በህልሜ ብቻ እና ብቻ ነው የማየው  ሆድ ባሰኝ ሲበሎ ማየት በዩቱብ በፌስ ቡክ መንደር በቃ ብዙ አመታት አስቆጠርኩኝ እንጀራየ	negative
ይሄ  ባራምባራስ የባልደራስ ምርጫው እስኪያል ቢያስሩትጥሩ ነበር  ሞር ዝነኛ ይሆናል	negative
እርቀቱን ለማስረዳት ልደቱን ስናይ ጽንሰቱም ልደቱም በፍጹም ድንግልና ነው። እንደዚሁም ወደ መቃብር ከወረደ በኋላ ሲነሳ ድንጋይ አስነስቶ መግነዙን ፍቱልኝ ብሎ አደለም። በታሸገ መቃብ…	negative
ፕሮፌሰር ኢሊችን የአመቱ በጎ ሰው ብሎ የሸለመ ሰው ለኔ ቅቤ ያጠጣኛል ብለህ ካሰብክ ተሳስተሃል። ቢመቸው መርዝ በጥብጦ ነው የሚያጠጣህ። ለዚያ አይሁድ ፕሮፌሰር እውቅና ሰጥቶ መ…	negative
ክፉ ምቀኛ	negative
የትራፊኮቹን ጉቦ መቀበልና እዝላልነት በሹፌሮች ብቻ ማሳበቡ ተገቢ አይደለም	negative
እቺናት እንግዴ የኛ ሃገር! ሌሎቹም ከህውሃት ጋር አብረው ሃገሪቷን ወደብ አልባ እንድትሆን ያስደረጉ ሲቀጥልም 49አመት ጫካ ውስጥ የቆዩ 1ዓመት ቢቆይ በአለም አቀ…	negative
ድሮ አዲስ ነገር ላይ ስትፅፍ ጋዜጠኛ ትመስለኝ ነበር፤ ከቅርብ ግዜ ወዲህ ነው ነገረኛ መሆንህን ያወቁት ??	negative
ደብዳቤ ለአቶ ልደቱና ይልቃል ማለት ብቻ ነበር የቀራቸው።	negative
አብይ እነን የምሳዝነው አንተም ኦሮሞን ህዝብ ከዚህ በፊት ከከዱት ብዙ ይሁዲዎች ጋር መደመርህ ብቻ ሳይሆን አንተም ይሁዳ ሆነህ መገኘትህ ነው።  እግዝአብሐሄርም የስራህን ይ…	negative
በገዛ እጄ እጣ ፈንታዬ በል ውጣ።	negative
በኬኒያ የአሜሪካ ጦር ካምፕ ዛሬ በአል-ሸባብ ጥቃት ደረሰበት	negative
ባሌ ሰው ጠፋ። እንደ አሜባ ተበጣጥሶ ማለቁ ነው። ከዚህ በፊት ግማሽ ወረዳዎች ወደ አርሲ ታጥፈው እንደነበር የሚታወስ ነው።	negative
ደግ ነገር ስለማንውድ፣ የቀናነት ችግር ስለአለብን፣ የተዛባ ክፋት ያረቀው ግንዛቤና ደንቆሮች ስለሆን ነው እንደአህያዋ ሥጋ አመዱ ብቻ የሚያሰኘን!	negative
ሞጣ ላይ  ክርስቲያኑ ሱቁን ከፍቶ ሰራውን እየሰራ ሙስሊሙ አንገቱን ደፍቶ እያለቀሰ ይገኛል!!  እንደዚህ አይነት አሳፋሪ ጎረቤት ጋር መኖር ልብን ያደማል!!	negative
ድሮም እኮ ዳቦ መጥፊያችን ነው፤ ድፎ ሲሆን አስቡት ??	negative
ወይ ጉድ! አውቆ አብድ ነው ባክህ	negative
ለዚህ poor ገገም ድንጋይ ራስ ካለበት ፎቅ መወርወሮ ብቻ ነበር የሚገባው። Another form of TPLF.	negative
Someone stop me from usin የኢትዮጵያን ጽሑፍ በመጠቀም ፡፡ ከእንግዲህ አስቂኝ አይደለም። የአንተ አካል. ይጠፋል ፡፡ ወደፊት ደም ፡፡ መፍሰስ። በተስፋ መቁረጥዎ ውስጥ…	negative
መወለድ ነበረበት። ዛሬም በሃይማኖታዊ ዓለም ውስጥ የያዝነውን ስፍራና ስልጣን ወደ ጎን ትተን ወደ ጌታ ካልመጣን ዳግም ተወልደን የእግዚአብሔርን መንግስት ማየት አንችልም።	negative
እኛ= እሄንን ድርጊት ከማውገዝ ይልቅ ዝምታን የመረጡ፣በተለይ ወጣቶቹ (የጢቅት ሰዎች የጥፋት ተልዕኮ ማስፈፀሚያ የሆኑ)፣ተቋሞቻችን (የተሰጣቸውን ሀገራዊ ግዴታ መወ…	negative
አማርኛ እያወራን መግባባት ካልቻልንማ ምን ማድረግ ይቻላል?! ??	negative
የጉራጌ ዞን ውስጥ የታሰሩ የህሊና እስረኞች ይፈቱ ብሎ አለማለት ክህደት ነው፡፡ ህዝባው ጥላቻ ነው፡፡ ለህዝብ ጥቅም መስራት እንደ ወንጀል የሚታየው ነገር ሊቆም ይገባል፡፡ ፍትህ ተጓድሎዋል ht…	negative
እቺን ትልቅ ሃገር ለመምራት የተሰበሰቡት?? እነዚህ እራሳቸውን መምራት ማይችሉ ግማሾቹ አዛውንት ማቆያ፤ ግማሾቹ ፍርድ ቤት ቀርበው ላስጠፉት ነብስ መቀጣት ሲኖርባቸው ሃገር እንመራለን…	negative
ከ10 ሚሊየን የማይበልጡ እና ከ60 ሚሊየን የቱ ነው የሚበልጠው ለዛ ነው አማራው የማይቀበለው እናንተ 10 ሚሊየን አናሳ ናቸው	negative
ሳያልፍልን ደሞ 3ኛው የዓለም ጦርነት ሊጀመር ነው	negative
እውነት ነው አባቴ  እንዲህ ተረዳድተን ፣ ተደጋግፈን በደስታውም በሀዘኑም አብረን ነው የኖርነው ; እንዳሁኑ የተማሩ ማሀይሞች የዘር እና የክልል ፖለቲካ አምጥተው መርዝ ከመርጨታቸው በፊት። ????❤	negative
እሰክንድር ነጋ በኢትዮጵያ የርስ በርስ ግጭት አንዲቀጣጠልኀ ነዳጁን እያዘጋጀ ያለ ፋኖ ነው	negative
ገፄን የጠለፉት ወሮበሎች ከ6 ወራት በኋላ ዛሬ የእንኳን አደረሳችሁ መልዕክት አስተላልፈውበታል። የአማራ አይቲ ባለሙያዎች ይህን አካውንት እንዳገኘው ወይም እንዲዘጋ በማድረግ እገዛችሁን…	negative
የዘመኑ ኢትዮጵያዊነት እና ፌደራላዊነት አቀንቃኞች ድሮ መለስ ዜናዊ ትምክህተኛ ና ጥገኛ ካላቸው የሚለዩት በምንድን ነው?	negative
ተማሪዎች ትምህርት ማቋረጥና ሞት ያሳስበናል! ከሁሉ በላይ ደግሞ የሚዲያም የመንግስትም ነገሩን በዝምታ ማለፍ ያስተዛዝባል፣ ያሳዝናል!	negative
ወረኛ	negative
4/7- ኢትዮ 360: የኮሮና ቫይረስን ወደኢትዮጵያ እንዲገቡ ያደረገው የጀዋርና የቄሮን ሚስጥር የያዘ ቪዲዮ በእጃችን ገብቷል:: ለሀገር ደህንነትና ሰላም ስንል ይፋ ላለማድረግ ወስንናል??????	negative
የሚቶለቱለ አንዳች ይቶልትልብህ መርዝ ሰው በላ አውሬ አስመሳይ ጥፋ ከዚህ ወረኛ	negative
እረ እዚህ ወረፋ እየጠብኩ የ ቡና ሴትዮዋ በስልክ ስታወራ ድምጿ ታምቡር ይበጥሳል	negative
አጼ ኃይለስላሴ በምጽዋ በ1945 ዓ/ም  ያሰሩት መስጊድ የመሰረት ድንጋይ ጽሁፍ  ኦነጉ አህመዲን ጀበል ተብየው ሲወቅሳቸው  ሰምቼ ነበር ይሄን ምን ትላለህ በሉት እስቲ  መቼም ተሳስ…	negative
የቀን ጅቦች ጉራ መሆን ኣለበት ?????? እንጂ ጤነኛ ኣንጎል ያለው ገንዘቡንና ስሙን እንደው ዝም ብሎ ኣያጠፋም።	negative
Trump ስለ ግድቡ አንድም ነገር አላለም!ስለ ግድቡ መሆን አለበት እያወራ ያለው ሚሉት ሌሎች ናቸው።	negative
አየር ላይ ተንሳፈዋል እኮ:: በትምህርት ቤቶች ውስጥ የተሰገሰጉትን የማይመረቁ ቦዘኔ ቄሮዎችን: የኦነግ/የህዋሃት አቀንቃኞችን እና የሃይማኖት አክራሪዎችን ለምንድነው መንጥረው ማያባሯቸው?	negative
ጠቅላይሚኒስትሩ አገር የመምራት አቅም የላቸውም አቶ ልደቱ አያሌው	negative
መሬት ላይ ባለው ሀቅ መሰረት አንድ ስህተት አይደለም መቶ ስህተት ይሰራል ማን Merera Gudina ከጁዎር ጋር በአንድ አልጋ ላይ ይተኛሉ ብሎ አሰበ። እኔ ቡልቻ…	negative
መልካም ዜና ነው ክፉ አውሬ  አይልመድ ከለመደም አይውለድ ይባላል፡፡ እነዚህ ክፉ አውሬዎች መፋረድ ተገቢ ነው፡፡ ክልሉ ከጎበዝ አለቆች መጽዳት አለበት፡፡	negative
የተመሠከረላት ጀግና ነች  .. እንኳን ያንቺ አይነቷን ዱቄት ስንቷን አንጰርጵራለች	negative
ታይምስ ሚዲያ… ሰሞነኛ ጉዳዮች! ****************************** “… ኦፌኮ የጃዋር ጥፋት ማስፈጸሚያ ካባ ነው የሚሆነው፤  ኦሮሚያ ልዩ ፖሊስ የተዘጋጀው ለምርጫው ነው… ”…	negative
ልክ ብለሃል። እኛማ ተተብትበናል።	negative
‹‹አእምሮን በተገደበ ነፃነት ውስጥ ማንቀሳቀስ ትርፉ ባርነት ነው››	negative
ኩራት ወንድምን በመግደል ፥ በማሰር ፥ በማሰቃየት እና ሀገር በመዝረፍ ሆነ እንዴ?	negative
አይገርምህም ያቺ ቡዳ እንኳን የማይበላት ልጅ ቆንጆ ተብዬ ተለከፍኩ ብላ ስትቀውጠው ናፍቆት እንባ ዱብ ዱብ ስትጫወት እንዳልነበር?????♂️	negative
So what? መግለጫ! ጥሩ ቀልድ ነዉ	negative
ይሄንን እኮ ነው መቻል ያቃተኝ ራስ ዳሽን ራሱ እንደናንተ ራሱን መች ይቆልላል በየሱስስስ ስም????	negative
ለማንኛውም  የኢትዮጵያ በጀት 13 ቢልዮን አይደለም	negative
ናማ የበግ ወጥ ላይ እየደረሰ ያለውን ጥቃት መክት	negative
ጫት ተራ	negative
ባለጌ በሁሉም ዘርና ሀይማኖት አለ የሚወክለውም እራሱንና መስሎቹን ነው ሁሴንን ግን በግድ የበታችነትይስማህ ማለት አትችልም  እሱኮ እራ…	negative
ልብ ወለድ መጽሃፍ እኮ እላልኩም:: ትክክለኛ ማስረጃ ነው ያልኩት!	negative
አንቺ  ልጅ እየተበላሸሽ ነዉ ፣ከነማን ጋር መዋል  ጀምረሽ ነው?  ዋ!	negative
የኢዜማው፡ቱልቱላ ብርሃኑ ነጋ  ኮ/ል ኣብይን እንደሚያማክር የምርጫ ቦርድ ሪፎርምም እንድሚያግዝ ሲናገር ሰምተናል። ኣማራ እስረኞችን ማስፈታት እንዴታ ኣቃታቹ? ወይስ የእርሶውም የኣዞ እምባ ነገር ነው!	negative
አንተ ሸይጣን በማስመሰል ስትውል ያዛነፍከውን ሚዛን ለመጠበቅ ይሆን?	negative
ምን የጉድ ሃገር ነው.... ምርጫ አይደረግም ብሎ ቅስቀሳ?	negative
ይሄ የችኮች ሴራ ነው ????	negative
የአብይ ተላላኪ እንዳይሆን ብቻ ምኞቴ ነው	negative
የሜሞሪ ሎስ እንኳን ተጠቂ ነኝ!  አልዋሽም!	negative
ቆሻሻዎቹ አፄዎች የኢትዮጵያን ሙስሊም የበደሉት በደል የትየለሌ ነው!!!	negative
Shame! የጋራ እፍረታችን ነው። የኛው ነውር ነው።   ነፍስህ በሰላም ትረፍ!	negative
ይህ ትዉድ እኮ ስለባህር በር እንዳያነሳ አድርገዉ መለስና ኢሳያስ  ጠፍጥፈው የሰሩት ትወልድ ነዉ	negative
ይሻላል አላቹ?? Peace ይመቻቹ... አስቴር ትሙት 2012 በሀበሻ አቆጣጠር አልመሰለኝም ነበር ??...ላሽ ላሽ ላሽ	negative
እንካን አንድ ሉኣላዊ ሀገር ይቅርና አንድ ቤተሰብ እንድህ አፍኖ ማስተዳደር ይከብዳል አንተ ዝግ	negative
ትታጠባታለህ  !!!  የፍልውሃ መግቢያ በርን በሁለት እጆቹ ጭብጥ አድርጎ ይዞ አልገባም እያለ ይጮሃል ። ወዲህ ያለው ሰው. .ከንፈሩን በቁጭት ነክሶ ትገባታለህ ፡ ትታጠባታለህ እያለ…	negative
ጽሕፍቶና ድዩ ወይስ ዕጫና? ኢሳይያስ ኣሳሪ፡ ንሕና ተኣሰርቲ! ኢሳይያስ ሰጓጒ፡ ንሕና ተሰጎግቲ! ኢሳይያስ ቀታሊ፡ ንሕና ተቐተልቲ! ኢሳይያስ ዋና ሃገር፡ ንሕና ጓኖት! ዋእእእ...፡ ገለስ ንሕሰብ ደኣ!!	negative
ይሄን ብቻ ሳይሆን አሳ ነባሪ ሆድ ውስጥ ዮናስ ለ3 ቀን ተኝቶ መተፋቱንም አምናለው…..አይደለም _ ይሄን አሳነባሪውን ዮናስ ዋጠው ተብሎ ተጽፎም ቢሆን አምናለው በቃ አምናለዋ ?????????♀️	negative
ሰወች የሰውን አርቆ ማሰብ ይዘነጉት እና።በነሱ እይታ ብቻ እውነታውን ትተው በውሸት አወኩልህ ሲሉ አይከብዳቸውም። ጥፋታቸውንም ላለማመን ይግተረተራሉ።ለተጎጅው ግን ድርብ ቁጣን ይጨምራ…	negative
ፅድቁ ቀርቶብኝ በቅጡ በኮነነኝ አሉ። ሌላው ቀርቶ እንዴው አንዳንድ ክልሎች ላይ የተዘረጋው አፓርታይዳዊ ስርዓት በቀረ!	negative
ኃጢአትዎ እንደሚቀጡ ያምናሉ ናቫሮ ቼር ፡፡ ተግባርዎ በሰይጣን ታይቷል እናም እሱን አልታዘዙም።	negative
ውይ ችኮላህ...እስቲ ዝም በል የተወናበደ ፎሎወር ላግበስብስበት lol	negative
Tigist. There is no place in the world ለንደዚህ አይነት ደደብነት:: ስህተት ሁላችንም ንሰራለን:: ግን: ያን ስህተት አቅፎ መ…	negative
ስንቶቻችንን ሼቦች እንዳለች አላወቀችም??	negative
ጭቃ ነህ ከምንሊክ በላይ ባርያ	negative
አይ እኔ በቅርቡ ተመሳሳይ መኪና እንደዛ ስለገዛሁ ከዛ በላይ አይሆንም ብዬ ነው ??	negative
አጋንንቶች ነፍሴን ይመገባሉ። መሪዬን አገለግላለሁ ፡፡ እኔ ነፍሳትን አመጣለሁ	negative
እየበራ ስትል ? ሰው እየሞተ በጠራራ ፀሐይ በገዛ ሀገሩ ከፎቅ እየተወርወር ያለ ሀጢያታቸው ፍርድ እያጡ ዜጎች ነው	negative
የመንግስት ወይም የጠ/ሚሩ ችግር ለምን አቅም ወይም ፍላጎት አልኖረውም ሳይሆን ለርካሽ የፖለቲካ ፍላጎት እየተጠቀመባቸው እንዳይሆን ስጋት አለኝ:: ያ ባይሆን ኖ…	negative
እኔን በመናቅ ምክንያት አንቺን እና ቤተሰቦቻችሁን የሚያስፈራራ የ 1000 አጋንንትን ቁጣ ትጋፈጣላችሁ	negative
ሞት ባሁን ሰአት በኢትዮጵያ የጉንፋንን ያህል ተሰሚነት የላትም	negative
እንዴት ግን ከዲያስፖራ አንድ ጤነኛ ይጠፋል? የተሻለ አእምሮ ህክምና እኮ እዚያው ነው ያለው? ለነገሩ 16 ሰዓት ሰርታችሁ በግላችሁ እንኳን ቤት መከራየት አትችሉም…	negative
እኔ የጎጃም ነጻ አውጪ ግንባር አቋቁሜ አባላት አስመለምልሃለኋ! :-)	negative
እንደ አንዳንድ እግርኳስ ተመልካች ባላንዶሩን ተሸልሞ ለማያውቅ ሰው እንዲሰጥ የመፈለግ ነገር ይታይባቸዋል ይሄ በግልህ ጥሩ ሆነህ ቡድንህን በመጥቀም የምታገኘው ሽልማት ነው   ሊዮ ደሞ ከማንም በላይ ምርጥ ነበር	negative
እኔ ከዑርዱ ጋር መቼም አላነጋግርም። ወደ ቤት ሂድ	negative
እሱ ኮ ወያኔ ሳይቸግርው አስሮ ያጀገተው አሸባሪ ፀር ኢትዮጵያ የአረብ ተላላኪ ነው	negative
ኢህአዴግ ተቺዎቹን ማዋከብ፣ ማሰር፣ መግደል ባህሉ ነው። ይህን ባህሉን ወደ PP ይዞት ከተሻገረ… ከብልፅግና ላይ «ፅ» ገድፈን ለመጥራት እንገደዳለን።	negative
ቃሚ ብቻ መሰለህ እንዴ ሚከየፈው? እንዳንተ በእኔ አውቃለሁ እኔ ብቻ; ናላው የናወዘ በርጫ አይደለም ውሃም አያስፈልገው ለመቀወስ!! የየርትራ ነገ…	negative
እንደ እናንተ ያለ ባንዳ አዝለን ነው እኮ ይምንኖረው!	negative
አንተም አሁን ወንድ ተብለ።	negative
የኢራኑ  ዋና ሜጀር ጄነራል ኮማንደር ሱሌይማን በአሜሪካው ድሮን ተገደሉ የሚሉ ዜናዎች እየወጡ ነው:: አሁኑኑ ነው ሶስተኛውን የአለም ጦርነት  ማፍራት..	negative
የሚያሳየን ክልሉ ተግባሩን በተመለከተ ያለው አቋም ከውግዘት በተቃራኒ ተራ እንደሆነ ማሰቡ ነው። ተግባሩን ለማረም እርምጃ ከመውሰድ ይልቅ ያቃጠለውን ሽብርተኛ አካል ላለማስከፋት ሲል ሙስ…	negative
እልከሰከሳለሁ እያጥራቸው ስር ስር፣ ፈተው እንደምቦሳ ይለቁሽ ይመስል... የአርሶ አደር ወግ	negative
ምነው አይደለም እንዴ?	negative
እኔኮ በጎ ጎናቸውን ስል በአጠቃላይ ለአገሪቱ ስለሠሩት ማለቴ ነበር። ሙስሊሙንማ ለማጥቃት ለማግለል ሲዶልቱ እንደኖሩ ነው የማምነው። ያም ቢሆን የዋሏቸው ውለ…	negative
ኣብይ ኣህመድ  ለህወሓት  ያቀረበው ጥያቄ መልስ ባለማግኘቱ ከፍተኛ ቀውስ ላይ ይገኛል።	negative
ኣይ የኣእምሮ ድህነት	negative
ቆይ ግን ፡ ሳስበው፡ ተላላኪው ታምራትን ምን ትሉታላችሁ፡ እሱ ተራ ጋዜጠኛ ነው፡ ይሄ ሰውዬ እያለላችሁ፡ ኣሰብን ለመያዝ ስንት ኢትዮጵያኖችን ኣሰልፎ የተዋጋን፡ ኣሁንም በዚህ ጉዳይ…	negative
አህ	negative
ለማ = አፍራሽ ??	negative
አስመሳይ	negative
ኢዜማ ለኦሮሞ ብሄርተኞች የሚያደርግርውን ጥንቃቄ ለሌላው የሚነፍገው ለምን ይሆን?  ኢዜማ በአማራ እየተወገዘ ያለው የሰለጠነ ፖለቲካ አራማጅ ስለሆነ ነውን?  ብርሃኑ ናዝሬት፥ደብረዘ…	negative
የኢትዮጵያ ህዝብ ፈረደበት  ሬድዋን ሁሴንን ሲገላገል ንጉሱ ጥላሁን የሚባል ቀዳዳ መጣለት  ሃይለ ማርያም ደሳለኝ እንኳን ሄደ ብሎ ጮቤ ሲረግጥ አፈ ቅቤው መርዘኛ እባብ ኮሎኔል አብይ አህመድን ተካለት  ፀሎት ያስፈልጋል !	negative
ጠሚር አብይ አህመድ በሚታሙባቸው ሁለት ነገሮች ላይ ደጋግመው ሲናገሩ ሰማሁ እውነትና እውቀት 12ንኛ ክፍል ሳያጠናቅቅ ዶክትሬት በቆረጣ ያገኘ የራሱን ኢታማዦር ሹም በሻጥር  የገደለ…	negative
ሀበሻ እኮ በአመት ሁለት ጊዜ መልካም አዲስ አመት የሚል ግራ የተጋባ ህዝብ ነው !!!	negative
አህመዲን ጀበል የዕምነት ሰው ሳይሆን የኦነግ የውስጥ ሥራ አስፈፃሚ ነው::	negative
እውነት የኤርትራ ህዝብ ነጻ ወጧል?  ነጻ መውጣት ማለት ምን ማለት ነው?	negative
በሴራችሁ እየበተናችሁት እያኮላሻችሁት  እንዴት ብሎ ወደ አንድ ይምጣ? ኢሳት እንኳን አራተኛ መንግስት ይሆናል ብለን ተስፋ ያደረግንበትን ተቋም አሽመድምዳችሁ ቁጭ አደረጋችሁት።	negative
በጥባጭና በሃሳብ ልዕልና የማያምን ወጠጤ ሰሜን ይሁን ደቡብ ምስራቅ ወይም ምዕራብ የዲሞክራሲ ጅምራችን ጠላት ነዉና መወገዝ አለበት!ኢትዮጵያዊነት ከጉልበት ውጭ ሌላ ምንም…	negative
መሰሪው ሃይለስላሴ ወደ ወሎ ድርቅ ተፈጥሯል ብለውት መጣ። የት እንደተገኘ የማይታወቅ ቄጠማ አስጎዘጎዘ።አገሩ ለም ነው ድርቅ የለም አስባለ።ከመጣሁ አይቀር ብሎ አንዳንድ ዳቦ በነፍስወከፍ ሰጦ ሄዴ።  እሾህ!	negative
ሞትን ምን አመጣው በዚያ ሰዓት?	negative
ያሰብከው ሁሉ ይሳካ!  በእውነትና እውቀትና በተመሰረትርው ራዕይ ፓርቲ ኢትዮጵያና ህዝቦችዋ ታፍረውና ተከውረው ይኖራሉ።	negative
በጥቃቱ ሌሎች ስድስት ሰዎች እንደሞቱ የታወቀ ሲሆን የኢራቅ ሚሊሺያ ኮማንደር የነበረው አቡ ማህዲ አል- ሙሀንዲስ ይገኝበታል ተብሏል።   ቃሲም ሱሌማኒ ከኢራን ጠቅላይ መሪ አሊ ሆመኒ…	negative
ሀገር ወገን አንደለለዉ ወጣቱን በከፍተኛ እንግልትና ሰቆቃ እያሰቃየዉ ያለውን ይህን አሰከፊ ሰርአት ምን ይሉታል:: መነሻዉ ቅጥ ያጣዉ…	negative
ሺህ ጦር አብዛ የፈለክበት ቤመ ተቀመጥ አማራን ማንበርከክ አይቻልም!!	negative
ኣብ ዓለም እታ እንኮ ብግዝያውን ህዝቢ ዘይመረጾን መንግስቲ ን30 ዓመት መመላእታ ዝተመርሓትን ትምራሕ ዘላን ሃገር ኤርትራና ጥራይ እያ።ሃገርና ብሰንኪ ህግደፍ ኣብነት ስደት ሞት ማእሰርቲ ኮይና ትርከብ።	negative
??????... all of you የባዮሎጂ አስተማሪዎቻችን  እሄንን ቢሰሙ እራሳቸውን ያጠፉ ነበር??	negative
ፋሽን ነው! ከከፍታ መውረድ ማለት ይህ ነው    ልጅቷን የማትፈልገውን ድምፅ      እንድታወጣ አስገደዳት????	negative
ደንበጫ ወይም ፋርጣ ላይ የሚወዳደር መሰለው እንዴ?	negative
የክልሎች ግንኙነት ረቂቅ አዋጅ ላይ ለመወያየት የአንድም ክልል ተወካይ አልተገኘም	negative
የማንንም ፍልጥ ሰብስቦ አዲስ አበቤ እያለ ሰገጤ ያራዳ ልጆችን ሙድ ሊይዝባቸው ሲሞክር !?	negative
እዚህ ሀገር የአዕምሮ ህመምተኛዉ ቁጥር 27% ነዉ የተባለዉ ተቀሽቧል። በተለይ የፓለቲካ ንቃተ ህሌና አለኝ የምንለዉ እንደ ሀገር አብደናል፣ ይልቅ ሁላችንም እንዳበድን ተረድተን የሚፈ…	negative
ምን ሆነህ ነው ታዲያ ወደ ለምን አገር አልተበጠበጠም ወደሚለው የተቀየርከው???	negative
ትርጉም፡ ከአቃሪዎ ጋር ለመገላግለ 50 መንገዶች	negative
እኛ ያለው እናንተን እንጉዳ ሳይሆን፣ አብረን እንደግን ነው። አገራችን ከግራኝ ወረራ ጀምሮ በ አህዣብ እና አረመነኤ ተዋራ ህዝቦቿ መከራቸው ስታይ ኖራለች። ትን…	negative
አንተን አልችልህም ጌታን ??	negative
ይሄ ካፍንጫ የሚወጣው...ምልግልጉ....እእእ....ጥፍጥ?....ኣዎ፣ ኣንተ እሱ ነህ።	negative
ይሄ ሽማግሌ ግን አይበቃውም? ንስሃ አይገባም???♂️	negative
ከተለያዩ የሀገሪቱ ክልሎች አዲስ አበባ ላይ የሥራም ሆነ የመኖሪያ ቤት ዕድል ተጠቃሚዎች በርካታ ሲሆኑ ለከተማ ነዋሪዎች በተቃራኒው እንዲህ ያለው አጋጣሚ የላቸውም።…	negative
መንግስት እየወሰደ ያለው እርምጃ ከሚከሰቱት ወንጀሎች አንጻር ድክመቶች ታይተውበታል  ይህንንም መንግስት ና ህብረተሰቡ በጋራ መታገል አለበት።  ስር የሰደዱ ፅንፈኞች አገሪቱን የኋሊት…	negative
ለምን ሦስት ወር ይፈጃል በመደበኛው ፓስፓርት መሠረታዊ መገልገያ ሆኖ ሣለ!የመንቀሣቀስ እና የመስራት መብትን ይገድባል!!!	negative
እርስ በርሱ ሲቋሰልና ሲጋደል እነርሱ የፖለቲካና የኢኮኖሚ ኃይላቸውን ያደላድላሉ:: በእንቅርት ላይ ጆሮ ደግፍ እንዲሉ ሀገር በቀሉ (aka homegrown(ድንቄም Homegro…	negative
እስክንድርን ጽንፈኛ አማሮች ብቻ ናቸው የሚመርጡት	negative
የአብይ መንግስት ከነ ኮቶቱ ወደ ሁለት አመት ገደማ ተሸክመናል። እንደ ግሌ አምስት እሄ ኮቶቱን እርግፍ አርገ እራሴን አፀዳለው።	negative
የወያኔ መልእክተኛ ቢሆንስ አላማ እና መልእክት ያለው ሰው ብቻ ነው በእንዲህ ድፍረት የሚናገረው በምንም መልኩ ኢትዮጵያዊያን አይወክልም	negative
ከእንግዲህ እኔን ካልተከተሉኝ ተሸናፊ ነዎት እና በቀጥታ ወደ ሲኦል እልክሻለሁ	negative
me: :(   animal crossing villagers: በአዋልድ ስም በአስራ ሦስተኛው አጋንንት “ቴይለር ስዊፍ” ፣ ይህን ሰው በመንጽሔ ነበልባል ውስጥ በዘላለማዊ ሥቃይ እንረግማለን። ሰይጣን…	negative
የኢዜማን ቴሌግራም ቻናል እከታተላለሁ። በፖሊሲ በደንብ የተዘጋጀ እና በእውቀት ላይ የተመሰረተ ነው። የሃገሪቷ ችግር በስሜት በመነዳት እንደማይፈታም ገብቷቸው ሊያሳዩን እየሞከሩ ነው። ሁሉም አማራጩ…	negative
አቤት ውሸት	negative
ያደለው ተለቅ ያለጦርነት ያደርጋል፡ እንደአገር፡ የኛዎቹ ከዚህ ይናጫሉ መንደር ለመንደር	negative
አማራ በመገዳደል ነው የሚያምነውን	negative
ታህሳስ 22፣ 2012/ በደቡብ ክልል ጎፋ ዞን በተከሰተው የኮሌራ ወረርሽኝ እስካሁን የ4 ሰዎች ህይወት አልፏል ተባለ	negative
ኦሮሞ አባ ባህሬን አንብቦ አይደለም ገዳን ያቆየው። በአምስት ክፍለዘመን በአንድ አባ ባህሬ መኩራት ያሳፍራል። ከኦሮሞ ኖራችሁ ኦሮሞን በቅ…	negative
ሙስሊም ሆኖ  የባላደራ ምክር ቤት አባል በጭራሽ አይኖርም	negative
እንደ ማሃበል ሲዘዋወር የነበረን ህዝብ በዘር ማደራጀት ምናምን ምን አመጣው፣ በመጀመሪያ ትግሬ አገው መሆኑን ያኩ ኖራል?	negative
ለአንድ እምነት የከረረ ጥላቻ ያላቸውን የሃይማኖት ሰዎች የመንግስት አማካሪ ማድረግ ትክክል ይሆን?	negative
ወይ የሞራል ዝቅጠት ይልሀል ይሄ ነዉ ይሄንን ነገር ያደረጋችሁት እናንተ እንደሆናችዉ ትልቅ ማሣያ ነዉ ዋዉ	negative
ምነው አልሻባብ ካልሆንኩ አልክ። የቤ/ክርስቲያኑንም አብረህ አውግዝ እንጂ። የለበለዚያ ፈንዳ ከፈለክ	negative
ሱሴ ብቻ አይደለም አረ ... እንደ አሽሽ ነው ያ ማለት ደሞ ድብን አድርጎ ይጦዛል ማለት ነው!! ይሄ ቅሌታም!! ስለዚ በአሽሽ ከሚጦ…	negative
ቆይ እኔ የአዲስ አበባ ወጣት አይደለሁም ማለት ነው ነው በሴራ ከ22 ገፍታችሁ ከስራ ቦታዬ ከተታችሁኝ  :) ብልፅግና ቅስቀሳ መጀመሩን አልሰማሁም እኮ  ;) ደሞ ሽልማትም ነበረው ወየው  ;)	negative
የኦሮሞ ፖለቲከኞች ግፈኛዋ ህወሀትን እንኳን የተወዳጁ ናቸው::የስልጣን ጥማት ሌላ ለደሀው የሮሞ ሆነ ሌላው  ምን ያንመጣሉ ?! ፅሁፍ እንኳ የላቸውም !ልምዱም የለም ወሬ ብቻ!	negative
ይሀው መጣው ደሞ የት መሄጃ አለኝ	negative
ረሃብ አድማ :)	negative
ጅሉ ኦሮማራ በአጋችና ታጋች ድራማ ተጠናቀቀ ይሄንም ህውሀት ነው በሉ መቼም አታፍሩም !!!	negative
እዚ ደሞ በነ ሚኒልክ አያት ሳሃለስላሴ ይታወቅ የነበርው ክራፍ ፣ ያ ጋላ ቤተሰብ፣ በ ራስ ጉግሳ የሚ መራ ሲል ተመልከት እና እስቲ ንገረኝ የኔ አማራ	negative
ስንት ሽንኩርት ራስ አለ .....ስለ ኤርትራ ለማውራት ብቃት የሌለው ጥላቻ ፊት ??	negative
ክንፈ ? ብለህ ብለህ ለዘራፊ ጥብቅና ቆምክ? ዘረኛ	negative
በህይወቴ አንደዚህ  አይነት ምክንያት አልባና ወላዋይ ሰዉአይቸ አላቅም።	negative
ምቀኛ አታሳጣኝ ነው መቼም። አሁን አንቺም በኔ ቀናሽ? ?????? lol	negative
በእርግጥ ብሄርተኞች ሲንጣንጡ በየማህበራዊ ሚድያው ላይ ስናይ መላው ኢትዮጵያዊ በዘወጌ ፖለቲካ ተጠለፈ ብሎ ማሰብ ዥልነት ነው።በኢትዮጵያ አንድነት የሚያምኑ እልፍ ናቸው!	negative
ቤ/ክርስቲያንም መስጂድንም የሚያቃጥለው አንድሥነልቦና ነው: የነፍጠኛ የፖለቲካቁማርተኞች በሥዩመ እግዚአብሔርነት ሥልጣንንያለምርጫ ለመቆናጠጥየሚከጅሉ አድሃሪያን…	negative
እባክህ አምላኬ!ወንዝ ተራራ ሸንተር  ዥንጀሮ ወዘተ ፡ ዎዶ!ወንድሙን ፡ ከሚጠላ ሠዉረኝ።	negative
ድንጋይ ራስ ደደብ ስለሆንክ ነው እንጂ: ፈርጥጠህ መቀሌ ሄድክ: ፈርጥጠህ ዙምባቤ ለውጥ የለውም:: ፈርጣጭ ፈር…	negative
የስምምነቱ ዝርዝር ህዝብ አውቆና የኢትዮጵያን ዘላቂ ጥቅም እንደማይጎዳ እስካልተረጋገጠ ድረስ ምንም አይነት ስምምነት ከመፈረም እንዲታቀቡ። በጫና ውስጥ ሆኖ የሚደረግ ስምምነት ተቀባይነት አይኖረውም ።	negative
ወያኔ ለ50 ለ100 አመትታ በልማታዊ መንግስትነት እና መርህ እንገዛለን ብለው ነበር	negative
በአብይና በለማ መካል ያለው ልዩነት መሠረታዊ አይደለም የቅደም ተከተል ጉዳይ እንጂ፣ አቶ ለማ አስቀድመን መደመርን በኦሮሚያ እንተግብረው ሲሉ ዶ/ር አበይ በመላ ኢትዮጵያ እየተገበሩት…	negative
እንዴ በእርግጠኝነት ውነ ንማ ውገልፈሚየ ርከሞመ ሎጥቀ ግን ከእናንተ ወገን ብቻ ነው ምድንወ ጥስው ርብቃመበ	negative
እናም ጨምር እንጂ ይሄ ፀረ አማራ	negative
አማራ ክልል አርማጮ አከባቢ መገደል እና መገረፍ ላይ ያሉት ሙስሊም የአማራ ተወላጅ ይሆን? ይሄ ነገር ማንነታቸዉ መጣራት አለበት!!!!!	negative
ነገር ሉከሳ  እኔ ምለው ለምንድነው ጥበብም እንደ ዴሞክራሲ አንድ ዘመን ላይ ብልጭ ብሎ የጠፋብን?  እሷ...መቼ ጠፉብን እነሱ? እኛ ነን እንጂ የጠፋንባቸው  ??	negative
ሳይበቃን ሀገሪቱን ትርፍን ብቻ ለሚያሳድድ ድንበር የለሽ ካፒታል አሳልፈው የሰጡት የዛሬ የቤተ መንግስት ሰዎች አንድ ያመቻቹት ነገር ቢኖር እያንዳንዷ የጎንዮሽ ኢ-እኩልነት መገለጫና ተቃር…	negative
የሃገር ካንሰሮች ፥ ልመና ስርቆት ባህል ያደረጋችሁ ዘራፊዎች ፥ የድንቁርና ኣራማዎች! ይሰማል!	negative
አሳዛኙና ከሰው ዘር የሆነ ፍጡር አፍ ዘጠና በመቶው ማለት ይቻላል። ሁሉም የሚናገረው ቀላል ቃል ቢኖር ቢሆን ኖሮ  የሚለው ቃል ነው። ነገሮች እንዲህ ለየት ያሉ ቢሆኑ ኖሮ  ነገሮ…	negative
ድንጋይ ራስ ደደብ:: ለሌላ ጊዜ ሃሳብ ከሌለህ ይሄ ቁልቋል የቀደደውን አፍህን ዝም ብለህ አትክፈት:: በል ከዚህ ሹልክ ብለህ ጥፋ::	negative
86 ሰው ሲታረድ ምንም ያላለው ኢዜማ ችግር አማራ ክልል ሲፈጠር ለማውገዝ የመጀመሪያው ነው አሉ:: ወቸው ጉድ!!! የድኩማንና የሴረኞች ስብስብ!	negative
ስለ ሀገር ግድ የማይሰጥህ ፣ ለራስህ ስብእና ብቻ የምታስብ ጨለምተኛ ነህ)) ፣ ባንተ የተነሳ የሀገራችን ህልውና ምን የሆነች ነው)) ግብጽ ምን ያደረገች እንደ…	negative
የኣብይ የዜና ኣውታሮች ግን መች ይሆን ውሸት እሚሰለቻቸው??	negative
የምን ፍቃድ??? ከማን??? ግራ የሚያጋባ ነገር ነው።	negative
ያልተለመደ መሆንን አቁም ወይም መላ ቤተሰብዎን እበላለሁ። እኔ የተራበ ሰው ነኝ እና እርካታ እስክታገኝ ድረስ መብላቴን አላቆምም ፡፡	negative
21 መስጊድ የተቃጠሉበት፣ ሙስሊሞች «በሠንበት ሥራ አትሥሩ» ተብሎ በሚከለከሉበት፣ ሙስሊም ነጋዴ ጅዳ ልጅ ስላለህ የገቢ ግብር ይጨምራል» የሚባልበት ክልል ላይ «ሙስሊሙ…	negative
....ፓርቲዎች ከነቤተሰቦቻቸው ምንም አልሆኑም የደሀ ልጅ  እንጂ....	negative
እንደ አንተ አይነት ሰው እና አስተሳሰብ ሳይ ኢትዮጵያ ትንሳኤሽ እሩቅ ነው እላለሁ። የተጨበጨበልህ ደነዝ ነህ!!!!	negative
ከሰሪዎቹ እና ከባለቤቱ ይልቅ በጉልበት የሰረቀው ሌባው ቅርሶቹን የተሻለ ይጠብቃል ሲባል እንዴት ነው? ግራ ገብቶኛል።	negative
ዘንድሮ !! ኢትዮጵያውያኖች የዚህ ያክል ነው እንዴ የወረድነው? የጎረቤትን አገር ህዝብ መጥፎ ነገር መመኘት ምን የሚሉት ቅዠት ነው? ያሳለፍነው ጦርነት አልበቃ ብሎ ነው?   ኢትዮጵያ ለም…	negative
PM:አብይ:ህዎሃት:ኢትዮጲያን:አዘቅት:ውስጥ:ለመጣል:እየተዘጋጀ:ነው::በምርጫው:ጊዜ:ወይም:ቀደም:ብሎ:ጦርነት:ሊከፍት:ይችላል::አንተም:ህዎሃትን:ከኢትዮጲያ:ነቅሎ…	negative
ቡልቡላ አካባቢ ከሆንሽ ዝም ብለሽ እጠሪና ጏ በይ ... ምነው ሲሉሽ... ጀባ በሉኝ በያቸው ??	negative
?????♂️?????? መንግስት ብቻውን ነው የዞረበት ለማለት ነው ::	negative
ደንበኛ: ስማ ማነህ ይሄን ጫማ ስፋልኝ ሊስትሮ፡ ጌታቸው አሰፋ ነው ወይስ ጌታቸው ረዳ? ደንበኛ፡ ምን አልክ አንተ?? (በድንጋጤ) ሊስትሮ፡ ስውር ነው ወይስ ስፌቱ የሚታይ አሰፋፍ ልስፋልህ??  ሰው ነገረኛ ሆኗል	negative
የብአዴን ሀውስ  ኒገሮች  ቀርቶ  ተሽኮርማሚ  አብኖች  እንኳን  አንተ  እና  እኔን  ቀርቶ  ዘመዶቻቸውን  የሚወክሉ  አይደሉም!   በተፈጥሮ  ሆድ  አደሮች  ናቸው!	negative
ከምንም በላይ እንቅልፍ የነሳይ  የአማራ ሕዝብ ላይ ሕወሓት ሠራሽ  ነቀዞች   በአማራ ሕዝብ መካከል የአማራን ሕዝብ እሴት በልተው ባዶ  እያደረጉት ነው !	negative
=> ፀረ ሙስሊም ቡድኖች ጭንብላቸው እየወለቀ ነው ኣልሃምዱሊላህ! => የጃዋር መሓመድ ጉዳይ  => ኣፄዎችን የፈለገ መቃብር ይውረድ ኣሮጌዋ ኢትዮጵያ ላትመለስ ተቀብራለች ደሴቲቱም ሰ…	negative
እንዲህ ስንባጠስ ደህና ፖለቲካና ፖለቲከኛ ያለን አይመስልም?   የድንቁርናዬን እንቁልልጭ! ሀገር!	negative
የኢትዮጵያ የእንግዴ ልጆችን ማስ ማስ አድርጎ እነደብተራውን እና አበራሽን ደብዛቸው እንዲጠፋ ያስደረጉ ከሃዲዎች ጠቅላይ ምንስቴሬን አገኘሁ ካለው የእንጨት ሽበት ጋር  የሕዝብን ሕ…	negative
**ፖሎቲካ ውስጥ ከጀርባ ያለውን አጀንዳ ማየት ያስፈልጋል::በመደመር ና በውህደቱ project ጀርባ ማን እንዳለው ግልጽ አይደለም::~~Lammicho	negative
ወይ እስክንድር ቀዌዉ የት ጠፉህ ? እብዱ ወንድምህ ጀዋር ጀዌ እንኳን ቶሎ ብሎ የመራራ ጉዲና የጠነባ የዘር ስልቻ ዉስጥ ዘሎ ገብቷል :: አንተም ሳይመሽብህ…	negative
ጉራ ብቻ	negative
እርስ በርሱ የሚቀዋወም መንግስት ....	negative
ስንት ችግር እያለ ቁጭብሎ መዝናናት ጥቅም የለውም።   ይሄ የሚያሳየው Ethiopianochun ዘግቶ  የ ኦሮሞ እና የአይስስ መሪ  እደልቡ እዲዝናና መብቱን እየጠበቀላቸው ነው።…	negative
አማራዎች ለምን ለኤርትሪያኖች እንደሚሰግዱ ግራ ይገባኛል	negative
እድላችሁ ሆኖ መች ይገባችኃል:: ድንጋይ ራሶች አይደላችሁ?	negative
እኛን መብታችን የደፈረ የጋዜጠኛ ወረቀት ኣይገባውም	negative
ኢም ሰይጣን	negative
ላለፉት 27አመታት ጎራ ለይተው ሲወነጃጀሉ የነበሩ የብሄር ፖለቲከኞች በመካከላቸ ሰለነበረው ጥላቸ መፍትሄ ሳያገኙለት በቁርሾና በማን አለብኝነት የፖለቲካ ስልጣን ለማግኝት ሲባል ብቻ…	negative
ሌሊቱን ሁሉ በሀዘን እተኛለሁ እንዲሁም አለቅስ ነበር። ህመሙ ቶሎ ቢያበቃ እና ህይወቴን የማሳልፈው ፍቅር ማግኘት እንደምችል ተስፋ አለኝ ፡፡ ወሲብን እጓጓለሁ እናም በጣም መጥፎ በሆ…	negative
This type of መሰገጥ ገና መጀመሩ ነው ። በ10 ሜትር ልዩነት በሩ ያለፈን ወንዝ ሁሉ ፀበል ነው እያለ ሲየጠር የኖረው ያልደነቃችሁ በ   10km ሬዲየስ አንድ መስጂድ አጥር  አሳመማችሁ አይደል  ?	negative
እንዴት እባክህ? ጉቦ፣ ሙስና፣ ስልጣንና ብር ያሰከረው ባለስልጣን ግራ ከቀኙ ሲደባለቅበት እኛም የሚጠቅመንን ከሚጎዳን መለየት ያቅተን?	negative
በስንት መከራ ተለማምጬ የተበደርኩትን ብር መንገድ ላይ ጠፋብኝ ወይኔ??አብዱ አሁን ባዶ እጅህን እያጨበጨብክ ወደ ቤት ????	negative
አይን ያወጣው የመገናኛ አካባቢ ዝርፊያ!  መገናኛ አካባቢ ዝርፊያ እጅግ በርክቷል። ከቦርሳ ቅሚያ እስከ መኪና ሿሿ የቀን ተቀን ክስተት ነው። ይህ ቪድዮ በአንድ ታዛቢ ተቀርፆ የተላከ…	negative
አርብ በኦሮሚያ ክልል ቄለም ወለጋ ዞን ሰዮ ወረዳ ጉቴ ሰዮማ ቀበሌ በሚኖሩ የአማራ ተወላጆች ላይ ታጣቂዎች ጥቃት ከፍተው 4 ሰዎች መግደላቸውን ሸሽስተው ወደ ደንቢዶሎ ከተማ የ…	negative
ደህና ነሽ ምናምን ምንድነው?	negative
ብርሃኑ ነጋ ግን አደገኛ ሙድ ያዥ ነው ??????	negative
ባለሥልጣናት ሥራ ስለማይወዱ ስምንት ሰዓት እንኳን መሥራት እንደማይወዱ የገለጹት ጠቅላይ ሚኒስትሩ፣ ‹‹ዕድሜ ለእናንተ የውጭ ምንዛሪ ችግር ስለሌለባቸው በረባ ባልረባው ባንኮክ ይሄዳሉ…	negative
21 መስጊድ ተቀጥሎና ፈርሶ፣ ሱቆች ተዘርፈው ተቀጥለው ሠላም በሠላም እየኖረ ስትል አታፍርም? ኧረ ሼም የሚባል ነገር አለ! የሙስሊም ጉዳት ለአንተ ሠላም ሰጠህ?	negative
ልደፍራት ነው እንዴ	negative
ለካ ጤንኛ የለም ባገሩ ላይ...ተብሳሲቼ  ኖ! አለ እንትና! ወይ ጉድ!	negative
ቃል የገባነውን የኦሮሞ ህዝብ ጥያቄ ቅድሚያ መመለስ አለበን ከውህደቱ በፊት እያሉ ነው ኦቦ ለማ!   - የኦሮሞ ህዝብ ከሌላው በተለየ የብቻው ጥያቄ ምንድን ነው?  - የማንንም መብት ሳይጋፋ መመለስ ከ…	negative
የአብን አመራሮች አማራ ስለሆኑ ብቻ በብሄር ተለይተው ቅሊንጦ ባሉበት ሰዓት የብሄር ብሄረሰቦች ቀን ገደል ይግባ፡ህዳር ፳፱ የአማራ ቀን ብቻ	negative
በሀገር ተስፋ መቁረጥ እና በሀገር መሪ ተስፋ መቁረጥ ይለያያሉ!	negative
ምን ማለት ነው? ይህን አስተያየት ከእንደዚህ አይነት ሰው አይጠበቅም። መንግስቱ ሃይለማርያም እንኳን አሁን እንዲህ አያስብም።	negative
እገዛለሁ ፡፡ በማንኛውም ደቂቃ አሁን ደም ተፍስሶ የተወሰደው ደም የአትክልቶችዎን አፈር ያፈሳል እንዲሁም ቤትዎን ያጥለቀልቀዋል። የተቃወሙትን የንጹሃን አማኞች ደም ይነቃሉ ፡፡ ሞት ይመ…	negative
እና ከመሬት ተነስተህ ሰውን መዝለፍ ምንድን ነው?	negative
ጧት ከስራ በፊት የምሄድበት አሁን ካለሁበት በላይ ያሳስበኛል	negative
ላሊበላን ስጎበኝ ወደ ግራ ስዞር የሆነ ዋሻ አየሁ በጣም ጭለማ ከዛ ማታ እንቅልፍ እምቢ አለኝ. ፈርቼ አልጋ ልብሴን ይዤ  ተኛሁ ከዛ እንደምንም በknockout እንቅልፌ መጥቶ ዞር…	negative
ከነሱ ያንተ አማራን የምትጨፈጭፈው ይብሳል : እነ ክርስትያንን እስር እያሰቃየህ ስለ ምኒልክ ያሳስብሃል? ወረኛ	negative
የአሮሞ ህዝብን እምቢተኝነት እንቅስቃሴ፡  የጸረ-ሰለም ሀይሎችን ተልእኮ ተቀብለው ለማሳከት የሚጥሩ ተላላኪዎችም ሲል ነበር	negative
የገዛ ቦርጭሽን ማጥፋት እንደ ሰው ስም ማጥፋት ቀላል አይደለም።	negative
የአንዳንዱ ኢትዮጵያዊ ለኤርትራ መቆርቆር አይጣል ነው።የምጣዱ ሳለ የእንቅቡ ተንጣጣ ይልሃል ይህ ነው። ወዳጄ ኢትዮጵያና ወገንህ ብዙ ትፍልግሃለች፣የምን ማደንፈስ ነው? 30 አመት እፎ…	negative
አማርኛ ተማር መጀመሪያ  ለፈደድ?????♀️	negative
አፋር በመሆኑ ብቻ ተልይቶ መገደሉ ህግ ባለበት አገር የሰላም ዋስትና መረጋገጥ ያልቻለው ከኢሳ አሸባሪዎች ጋር የኮንትሮባንድ ንግድ እንዳይ…	negative
መጥፎ ቃል የሚናገሩ ሁሉ እጅግ ይሠቃያሉ ፡፡  በቅርቡ ይጠፋሉ የሚለውን እውነታ መቀበል ብልህነት ነው ፡፡  ህጉን በመተላለፍ የፈጸሙት አሰቃቂ ስህተት ተሰጠ ፡፡  የተረገሙ ናችሁ።	negative
ታምራት ግልፅ የደርግ-ሃይለስላሴ ስትራቴጂ //የትምክህተኞች/ የመጨረሻ ግብ ነው የተናገረው።   የኢሳያስ ሸገር መምጣት (ህወሓትን በሸዓብያ መተካት?)…	negative
የኦዲፒ መከፋፈል የግብፅ ጋዜጠኞች እና አንተ ዋና ርእስ አድርጋችሁታል:: የነሱ ይገባኛል ያንተው ደስታ ግን don’t get it	negative
ለተከታዮቻቸው ቁዑራን ለመጀመሪያ ጊዜ በአማርኛ እንዲታተም ያደረጉት ተፈሪ መኮንን መሆናቸውን ግን አይነግሯቸውም።	negative
ፍልጥ ጭንቅላት ሌላ ምን ይባላል	negative
አንተ አለቀስ እረ ኤርትራን የገደላቻችውስ የአማራ ልጆች እነሱስ አያስለቅሱም ቆሻሻ	negative
ብዓዴን ፅረ አማራ ነው።  እርልሱ ነው አማራ ክልል ሽብር የሚፈጽመው ባጠቃላይ። ወያኔን ላይ ስናሳብብ ኖርን። ወያኔ ተወግዶ አማራ መጨቆኑ አላቆመም።  ታድያ ችግሩ ያለው ወያኔ ጋር…	negative
ነገ ስራ የሌላቸው ይስከሩ ኢትዮጵያ በሮብ አትሰክርም	negative
እስቲ በመጣሪ ያለ ወንጀል የታሰረትግራዋይ ንገሪኝ?አደራሽንአጠቃላይ የሜቴክዘራፊዎች  የደህንነት መስሪያ ቤት ሰውበላዎችእንዳትይኝ ከሁለቱ ተቋማት ውጭ የታሰረ…	negative
ለእናንተ ማን ነው የወጣት ዉክልና የሰጣችሁ?	negative
በወር አንድ ቀን እንኳ ክላስ ሳይገባ ሪፍት ቫሊ በ3.9 የተመረቀ ሁሉ እኮ ነው ቴዲን 10ኛ፣ 8ኛ ክፍል እያለ ሙድ ሚዘው፡፡?? እውቀትና ስብዕና የሚገነባው ወረቀት በመሰብሰብ ሳይሆን…	negative
እንደዚህ በግላጭ ጥላቻሽን ብትናገሪ ያኔ ያለ መስማማት እንስማማ ነበር በሀይማኖትና ሽፋን ከምታወሪኝ። አማራ ክልል ውስጥ እያንዳን…	negative
በድሬዳዋ ዩኒቨርሲቲ የተከሰተው ችግር በሌሎች ዩኒቨርሲቲዎች ውጥረት መፍጠሩ ተገለጸ	negative
የጎጠኝነት አደጋ፡ ጎጠኝነት የእነሱ እኛ አርቲፊሺያል ክፍፍል ይፈጥርና እነሱ መጥፎ የተሳሳቱ ክብር የማይገባቸው ውሸታምና የማያስቡ እኛ ደግሞ ጥሩ ሀቀኞች ክብር የሚገባን…	negative
ለመሆኑ   -ቡራዩ ላይ የከተማው አቀማመጥ አስቸጋሪ ስለሆነ ጭፍጨፋውን መከላከል አልቻልንም ያሉት police ሀላፊ  -Dodola ላይ ቆመው ኦሮሞ ያልሆኑ ዜጎችን ሲያስጨፈጭፉ የነበሩ…	negative
የመጨረሻው ጅል  ጎበዝ ጅልን ጅል ሲል ያስቀኛል::  የፒፒ  እና የመንጋው ታሪክ በአጭሩ ይህ ነው::	negative
የሪፍት ቫሊ ተማሪዎች ግን ... ሁሉ ነገር ቢቀር እንዴት እየወሰዱት ያለውን ኮርስ አያቁም ...... አድነን.. የእውቀት አምላክ አቦ ድፍት ያድርግልኝ	negative
ፍርሃት ይሠማኛል።  ንፁሃን ወጣቶች በማይረባ የፖለቲካ ቁማር ህይወታቸውን የሚያጡባትን ኢትዮጵያን ሳስብ  ቤተሠብ ልጄ ደርሶልኛል ብሎ መርቆ ሸኝቶ አስክሬን ሊቀበል እንደሚችል ሳስብ	negative
በአሁኑ ሰአት ስለ ቀጣዩ ምርጫ አለማሰብና አለመሳተፍ ለሚቀጥሉት አምስት አመት የበይ ተመልካች መሆን ነው። ኢዜማዎች ስራችንን እየሰራን ነው እናንተስ ?	negative
ጴንጤ ስለሆነ መሾም የለበትም ይላሉ	negative
ክቡር ጠ/ሚንስተር ነገሮች በጣም ፈጠኑ የቸኮለ ጅብ የኣህያ መንጋጋ ይነክሳል የሚባል ተረት በእርሶ ተፈጻሚ እንዳይሆን እፈራለሁ።	negative
አንተ ሀገርን ለማመስ የተፈጠርክ ላንተ የሚሻለህ ባርነት እንጂ ነፃነት አይደለም	negative
ድሬዳዋ፣ ደምቢደሎ ፣ አምቦ እና ወለጋ ዩኒቨርሲቲዎች ተዘግተዋል ::  የብልፅግና ኦአኦ የብልግና መሪ መቼ ነው ቁጭ ብለህ ለህዝብ የምታገለግለው መዞር መዞር መዞር ደደብ መሪ¡	negative
ወራዳ የሆነ ሰራ ሰርቶ የባጥ የቆጡን ከሚቀባጥሩ መጀመሪያ ለምን ሰርዓት አይኖራቸውም ነበር? ለምን ይርበተበታሉ መሰጅድ አቃጥከው ጎሸ እንዲባሉ ነበር የሚጠብቁት እረ ድንቁናቹንም በመ…	negative
የዩኒቨርሲቲዎችን አለመረጋጋት የመምህራንና የአስተዳደር አካላት ተሳትፎ እንዳለበት ተጠቆመ:: የአገራችን ዩኒቨርሲቲዎች ውስጥ የሚታዩ አለመረጋጋቶችን ለፖለቲካ ፍጆታቸው የሚያውሉ ኃይሎ…	negative
ያንኑ የፈረደበት ባንዲራ ተሸካሚ አማራ ድምፅ ለማግኘት በነገራችን ላይ ስንት ቤተክርስቲያን ሲቃጠልና ሠዉ ሲገደል ያልሄደዉ ኢዜማ ሞጣ ሄዳ መስኪዱን ጎበኘ አሉ	negative
ለማ ለምን ጥገኝነት አይጠይቅም?	negative
የመጀመሪያው ትልቁ ችግር፤ ሠነዱ፣ የጋራ የምንለውን ሀገራዊ ታሪክ አኮስሶ፣ የየአካባቢውን በተለይም የተወሰኑ ህዝቦች ታሪክ አድርጐ ያስቀምጣል፡፡ ትልቁን ታሪክ አኮስሶ፣ የየአካባቢው…	negative
እሺ ደርሶብሽ እይው ሌላ ምን እላለሁ እኔ??	negative
መሬት ላይ ያለ ሰው አለ ተረቱ	negative
ትንሽ ጠብቅ ይዞህ ይሀዳል	negative
በአሁን ሰአት ኢትዬጲያ ውስጥ ገዢ ፓርቲ እንደለለ አስተውለዋል?ኢህአዴግ በጉባኤ ፈርሳለች የኢትዬጲያ ብልፅግና ፓርቲም ሳትመሰረት ትከስማለች!ለ2012ምርጫ አዳዲስ ፓርቲዎች እርስበርስ…	negative
እንዴ እረ ተረጋጉ እሱ ያለው ድሮ እኛ በሰጠናቸው መሳርያ ነው የገደሉን አሁን ግን ዱላ ብቻ ነው ምንሰጣቸው ያው አህያ በዱላ ተደብድቦ አልሞትም ለማለት ነው.N’wa…	negative
ሞት እና ጥፋት ቤተሰብዎ ይጠሉዎታል ፣ ይህንን ካነበቡ መሳም አለብኝ እና አሁን ሁለት እና አሁን ሶስት ናቸው ፡፡  ሞት እና ጥፋት ቤተሰብዎ በድንጋጤ ይሞታሉ	negative
ባለፈው ራሱ አንዱ ተስብሳቢ ለ ዶ/ር ዐቢይ ይቺን ስጥልኝ ብሎ የሆነ ዶክመት ሲሰጠው የመለሰው መልስ ሲያደክመኝ ነበር ??	negative
????.... ምቀኛ አይጥፋ እውነት	negative
11 fake ዘይትና 7 fake ጨው በሚሸጥበት ሀገር ውስጥ ግን እንዴት ነው ምግብ ቤት አምነን የምንመገበው?	negative
አብይና የአብይ አስተዳዳር ድሮ ከተተከሉ ትልልቅ ዛፎች ይልቅ እሱና እሱን መሰል ካድሬዎች ፎቶ የሚነሱባቸውን ችብሀዎች ክብር ይሰጣሉ! ምድረ አስመሳይ ፀረ ኢትዮጵያ!	negative
ምን አገናኘው አርሰናል፣ ማንቺስተር፣ ሊቨርፑል    ወዘተ..... አይመቸኝም	negative
ኣቶ ደመቀ መኮንን: ድሮ ኣድርባይ ኣንጋሾች ነበርን    አቶ ቧ ያሌው:  ከፊት ያለው አረፋ ነው	negative
ተመሳስሎብህ ነው እሱ አይደለም	negative
የሀገሬ የቁም እንስሳት ቁጥር እያሻቀበ ነው: ድሬዳዋ ዩኒ. ተማሪውን ከህንጻ ላይ ወርውረው የገደሉትን ከብቶች በጎንደር/ጠገዴ ደግሞ ክፋና ደግ መለየት የማይችሉ 6 ህጻናት የረሸኑ…	negative
እውሮፓዊ  ፍሽዝምን የቀጣ  ትውልድ  የልጅ  ልጆች  እስላማዊ  አክራሪዎች  ሊበታትኗት  ያሰቧትን  ኢትዮጵያን  በመደራጀት  በፅንፍም  ቢሆን  መታደግ  ግድ  ይላቸዋል!  አበቃሁ!	negative
እንዴት ነው እዚህ ደረጃ ላይ የደረስነው? እንዴት ነው የተጨካከንነው የሚሉ ጥያቄዎች በየአቅጣጫውና በየምክንያቱ እየተደመጡ ነው። መጠየቅ የመፈወስ ጅማሮ ነው። እ…	negative
ዘረኝነት =ዝቅተኝነት =አእምሮ ዝቅተኝነት= ሗላ ቀርነትን ነው ሚያሳየው.ፈረንጅ አንድ ዶላር ቢወረውርለት የኛ ሰው እነሱን አጎንብሶ ይገዛላቸዋል:: የራሱን እያንቋሸ…	negative
ዘግናኝ	negative
ኃጢአተኛ ነፍስህ ከድነት በላይ ነው እናም ሰላምን እና ህመምንም አታውቅም ፣ ብቸኛው የባዶነት ቅዝቃዜ ብቻ ነው የንስሐ ጊዜ ተጠናቅቋል ፣ ምክንያቱም ጥፋቶችህ በክፉ ዓይነትህ ከማንኛውም ተልእኮ ይበ…	negative
የኔ ሀሳብ ካልሆነ አገር ትፈርሳለች ነው እምትለው 7ኛው ህልመኛው ንጉስ ። አቦ አናትክ ይፍረስና ትሸነፋለክ ፣ሀሳብህም ውሃ ይበላዋል ለማየት ያብቃክ	negative
በተጎሳቆል ህይወቴ ውስጥ የት እንደሄድሁ አላውቅም   ??	negative
ይህን የባንዲራ ጣዖት ከቤተክርስቲያን አውጡ። ይህ ጣዖት የቤተክርስቲያንን አንድነት የሚከፋፍል ነው። እባካችሁ ይህን የመለያየት ጣዖት ታቦተ ጽዮን ካለችበት ከመንበሩ አውጡ!  ጎዶል…	negative
???????? አጋር ፓርቲም ሆኖ የመኖር ፍላጎት አሳይታለች....አሮጊቷ ??????	negative
በርቺ ይሄ ትክክል አይደለም	negative
እኔና ለማ መገርሳ እሚለየን መቃብር ብቻ ነው። ኣብይ አህመድ አቤት ክህደት መጨረሻ	negative
እቺ ጠጋ ጠጋ እቃ ለማንሳት ነው ፌሪዬ	negative
ልክ የሌለዉ የዶክተር ዐብይ መንግሥት ትግስት እንዳንተ አይነቱን ልክፍታም እያስጨፈረብን ነዉ። የአህያ ሥጋ አልጋ ሲሉት መሬት ቦታክ ከርቸሌ ነዉ!	negative
የኦነግ አክራሪና የቅኝ ተገዥነት ፖለቲካ ከግብጽ እንደተቀዳ የሚገባህ በአቶ ገዱ እንግሊዝኛ እኩል ሙድ ለመያዝ ሲሞክሩ ነው።	negative
ጤነኛ ሰው ጸረ ለማ መገርሳ ሆኖ አይቆምም ካላበደ በቀር እብዳችሁን ደግሞ ዘመዶቹ እሰሩልን! I like it!	negative
በውኑ ከኢህአዴግ ይህንን መጠበቅ ከንቱ አይደለምን?	negative
በሰለጠነ ህዝብ ቢሆን በተቃውሞ የድርጅቱ ሃላፊው ከስልጣን ያስነሳ ነበር የኛ ህዝብ ግን እያለቀሰ ያጨበጭባል	negative
አመት የሞጣ ቆሞጬ መሰጊድ የነኮ የሚያልቅበት ያርገዉ አላህ ይበቀላቸዉ	negative
ነገር ፍለጋ በቃ አሪፍ ሚያስብል ምስሎሽ ነው አይደል መስፍኔ	negative
ትርጉም ትገድላለች፡፡ ስጋዊ ትርጉም በተለይ አንድ አይደለም ሚሊዮን ህዝብ ገደል ወስዳለች፡፡	negative
በሰራው ጥፋት ልኩን ያገኛል። አትጠራጠር ነገ ሌላ ቀን ነው።	negative
ትግርኛ ገባኝ ስል ይሄው ያራዳ ቋንቋ እያመጣ ግራ ሚያጋባኝ ልጅ ???♂️	negative
ስላልደረሰብህ ልብ አላልከው ይሆናል እንጂ በእምነት ታቋማት ላይ ያነጣጠረ ጥቃት ከተጀመረ ቆይቷል !  አሁን ልክ እንደ አዲስ ክስተት ከበሮ አትደልቁብን:: ራስ ወዳድነት አይጠቅምም !	negative
የሰሞኑ የአዲስ አበባ ሴት ነን ተብዬዎች ትዊት ምታደርጉት ሁሉ ለዛው ጠፍቷል	negative
ሳይሰማ... አሉ ??  ኧረ ወገን ላይፍን እኮ ሆን ብለው እያከበዱ ነው ??	negative
ነገ ማታ ምን ልበላው?	negative
እኔ እምለው አሁን ወተው መናገር ስለቻሉ ነው ወይስ ድሮም አንዲ ደደቡ ብዙ ነበረ? ??	negative
ሰላም የለም ፣ በዚህ ዓለም ውስጥ ደስታን ለማግኘት የሚሞክሩት ሥቃዮች ብቻ ናቸው የፈጠሩን እና ተስፋ የቆረጡ አማልክት ሁሉ አሮጌውን ማስወገድ እና ይህን ጥ…	negative
ኣረ አማራ ክልል ወደ ትግራይ ተጠቃለሉ	negative
አብይ  አህመድ  ብልፅግናን  ካልመረጣችሁ  ኢንተርሃምዌ  ይፈጠራል  እያለ  በአውርቶ  አደሮቹ  ፕሮፓጋንዳ  መርጨት  ጀምሮአል! የጌታው  የመለስ  ዜናዊ  ልጅ!	negative
በለው! ?? እሺ እንግዲህ	negative
የብልጽግና ፓርቲ ስኬት አብዮታዊ ዴሞክራሲን በመገርሰሱ ሳይሆን ፌደራሊዝምን በአግባቡ ለመተግበር በሚኖረው ተነሳሽነት ላይ ይሆናል። አጋር ክልሎችን አባል ማድረጉ ጥሩ ጅማሮ ነው።	negative
ጥረው ግረው ያገኙት ሀብት አይመስልም ??	negative
ይቅርታ ይጠይቃል ብዬ ስጠብቅ ጭራሽ ይጃጃላል እንዴ? ኤጭጭ	negative
እጃቸዉን መሰደድ ይችላሉ እኛ ደሞ አብረን ሠባብረን ስም ቀይረዉ እንዳይመጡ እናረጋቸዋለን ምድረ የበሰበሰ የአሮጌ ሽማግሌ ጥርቅም	negative
ሁላችንም የእግዚብሔርን ክብር አንኳሰናል፡፡ እንዴት? ከእርሱ በላይ ሌሎች ነገሮችን በመምረጥ፡፡ ባለማመስገን፣ በእርሱ ባለመታመንና ባለመታዘዝ፡፡ በመሆኑም…	negative
assad2icc ይህ ሰው በአለም አቀፍ የወንጀል ህግ ይጠየቅልን	negative
እኔም የውሸት መስሎኝ ነበር። ብልፅግና  ኢዜማን የሚፈልገው በምርጫ ማግስትና ያም ቢሆን ጥሩ ውጤት ካመጣ ነው። እስከዛ ግን ተፎካካሪ ወይም ተቃዋሚ ፓርቲ ነኝ…	negative
ቱልቱላ ሁላ ዘመናችሁን በቃ ስትፎክሩ ስታነበንቡ እስከኣሁን ከታሪክ አልተማራችሁም...ገና የኤርትራ ህዝብ ጥሩ ኣርጎ ያስተምራችሗል ዶማ ራስ…	negative
በጣም! በየቦታው ብትሄድ ከተማዋን የሞላው የኛ ያልሆነ ነገር ነዉ።  ብቻ የሚዲያ ሰዎች ተሽለዉ መገኘት ሲገባቸዉ ነገሩን ማራገባቸዉ ደስ አይልም።	negative
መቼም ሪል ኢንጅነር አይሆንም ብሎ ነው	negative
እንደማጣቀሻ የምትጠቀማቸው ሰዋች ሁሉ ስማቸው ላይ ገብረ ምናምን አይጠፉውም  ለምን ይሆን  ?	negative
እንዳትጠፉ ትጉና ፀልዩ! ሶስተኛው የዓለም ጦርነት ተጀምሯል እንሆ እያኮበኮበ ነው!	negative
የትምህርት አመራርስ ካድሬ አይደለምን? ትምህርት ሚኒስቴር በሀሰተኛ የአፈፃፀም ሪፖርት የተካነ ተቋም አይደለምን?  የትምህርት ሪፎርም ሥራው በገለልተኛ አማካሪ ካልተከናወነ በቀር ካለ…	negative
ድርጅትዎ የጅብ ችኩል ቀንድ ይነክሳል  ሆኖ ሰኔ 15 በኋላ ጭጭ ብላችኋል ??	negative
አሁንስ ተስፋ ቆረጥኩ ። በሀገሬ መቼ ይሆን ሰው ሳይገደል የሚያድረው?	negative
ውሃ ቅዳ ውሃ መልስ የኢትዮጵያ ፖለቲካ ቀጥ ያለ ሲታጣ ይመለመላል ጎባጣ  ሆነ እኮ ነገሩ::	negative
ወያኔ ከሲኒየርነት......ወርዳ ጁኒየር ?? የአጋር ፓርቲነት ሚና ለመጫወት መወሰኗን ስትሰማ-> ለማረጥ የደረሰች ሴት ወንድ አታማርጥም አይነት ነገር ????	negative
ይለወጣሉ ፣ የሚሰማቸው ህመም ሊቋቋሙት የማይችሉት ይለብቻዎ ትሆናላችሁ ፣ የምትወዳቸው ZIMZIMZALABIM ZIMZIMZALABIM  O      O     O      O…	negative
ያበደ	negative
አሜሪካን አትንካ ከዚህ ሰፈር ቀልድና ሴራ መቀመቅ ይከትሃል።	negative
ንፁህ የብልፅግና ተስፋ❤❤??????????	negative
የፈረንጆች አመት ለሰው ልጆች ደንታ የሌለው: በቀን አንዴ መብላት የማይችል ሃገር ለፈጠረው እና ሃዘኔታ ለማይሰማው: በጥቅሉ የኢትዮጵያን ነባራዊ ሁኔታ መረዳት ለማይች…	negative
ውሸታም	negative
ለመድሃኒት መግዣ የሚሆን የውጭ ምንዛሬ በአግባቡ የሌላት ሃገር ቻይናና ቱርክ በገፍ ያመረቱትን የገና አባት ተበዮውንና የራሷን ህዝብ የባህል አልባሳት ሚሊዮን ዶላሮች አፍስሳ ኢምፖ…	negative
ዜና የቤኒሻንጉል ጉሙዝ ክልል ምክር ቤት የከተማ ልማት፣ ንድግ፣ ኢንዱስትሪ ትራንስፖርትና የፋይናንስ ጉዳዮች  ኮሚቴ ሰብሳቢ ክቡር አቶ አብዱልሃይ ሶጃር ዛሬ ከጠዋቱ 1:30 ወደ ነ…	negative
እስቲ በመረጃ አስደግፊው ቤ/ክርስቲያኑንም ማለቴ በቪዲዮ ዝም ብሎ መቀደድ አይደለም	negative
ይሄን ያህል መብት የሠጠ መንግስት ነዉ የህግ ከለላዉ ለአራጁ ቄሮ ጀዋር ለሚመራዉ ቄሮ ይሄን ያህል ስልጣን ሠቶ እያሣረደና እያስገደለ ያለ መንግስት ነዉ	negative
ለውጡ ?? ???? ለውጡ እኮ ብልፅግና ፓርቲ መስርቶ ሌላ አምባገነን ስርዓት መገንባት አይደለም	negative
የቦታው አመራረጥ ግን እንዴት ነው?ክፍት ቦታ እያለ መሃል ኣሰፋልቱ መሰራት ሲገባው ሓወልቱ ወደ ሱቆቹ በጣም ተጠግቶ መሰራቱቱ ግራ ያጋባል።	negative
ያ እውነት አይደለም	negative
ደካማ የተረኝነት ስሜት ያለህ ጠባብ	negative
የወያኔ ዓይነት የደንቆሮ መንግሥትም ወደፊት በኢትዮጵያ ውስጥ እድል አይኖረውም።	negative
እኔ ሚመስለኝ ከሆንክም የምታታልለው ምስኪኑ የአማራን ጠላት ነህ። ወያኔ የጫነብህ የዘር አስተሳብህን ደብቀህ ሳናውቅ ለብዙ ግዜ ሸውደህናል። አሁን ተነቃብሽ ዘረኛ ነህ	negative
አንዳንድ የጠገቡ ከብቶች እንደ ሰው ካልተቆጠርን ብሎ እያስቸገሩን ነው።	negative
እታይ ሞ ዚ 30 ዓመት  ንኽደይ ሰላም ዘይበለ ቢአዱ ሰላም ንባዕሉ እበር ሰላም ናይ ህዝቢ ዩ ዘደለና ዘሎ።	negative
አዉቄአለሁ ብይአለዉ ቪዲዬዉ እራሡ የለጠፉት የዉሸት ነዉ መስቀል ላይ የተቀረፀ ነዉ ሌላዉ አታክ እያረጉ ያሉት የአማራን ብህሬተኝነትንና የአማራን ነገስታት ምንም ከ…	negative
የኔ እመቤት ቋንቋዉን አለመናገርሽ ሊወቀስ የሚገባዉ አንቺና ቤተሠብሽ እንጂ ሲዳማ ብሎ ክልልሽን አክብሮልሽ የነበረወስርአት አይደለም አንተ ኢዜማ…	negative
ልክ በፊት በአጠቃላይ አገሪቱ የነበረው አመራር፤  የማስፈራራት፣ የአፈና፣ የማሰር፣ የማሰቃየትና የግድያ ህግ በትግራይ ክልል ብቻ በቁርጠኝነት ስለቀጠለ!	negative
በቃ ፕሮፌሰር መራራ አማራን ነፍጠኛ እያሉ የጥላቻ ቅስቀሳ ከሚያደርጉትና እጃቸው በደም ከተጨማለቀ ግለሰቦች ጋር ለመስራት ተስማሙ ማለት ነው? ቆርጠው ገቡበት?	negative
የምታየው ቆጮ መቁረጫ አይደለም	negative
ፌደራሊስ ሀይሎችን  እንቀላቀላለን ??  ሀገር አሸባሪዎች ወይም ገንጣዮች  በእንዶድ ታጥባ ወደ  ፌደራሊስ ሀይሎች  ተቀይራለች ።  ወይ የኢትዮጵያ…	negative
አፍሬያለሁ!! ይህ ሃሳብ በቆምንበት ክፍለ ዘመን ከሚያስብ እዕምሮ የማይጠበቅ ተራ ሃሳብ ነው	negative
ከህወሀት አቸኳይ ስብሰባ ምንም አዲስ ነገር አይመጣም:: ያው ከዳተኞች የሚለው አዲስ ዜማቸው ብቻ ነው::የትግራይ እድል በትግራይ ወጣቶች እጅ ነው!	negative
ይሄ እኩይ ሰው መልዕክት አስተላልፎአል። ስለዚህ አማራ ክልል ባሉ ከፍተኛ የትምህርት ተቋማት ወይንም በሌሎች የኦሮሚያ ከተሞች በአብን የተጠነሰሰ ሴራ እንጠብቃለን	negative
በብሔራዊ ፈተና የተሰራው ስህተት አሁንም በአንድ ብሔር ተደግሟል። አዴፓ በከተማ የአማራን ጥቅም ለማስጠበቅ 18 ከፍተኛ ወጣት አመራሮችን ከክልሉ አስመጥቶ ሚዛናዊነት የጎደለው መጠነ…	negative
ንገሪልኝ እስቲ ለዚህ ምድረ ኮተት	negative
መዉጣት ፈልጓል ይሄ በሽተኛ	negative
አህመዲን  ጀበል  የተባልው  ጭሎ ለአሜሪካ  ፀሎት  ማድረግላይ  ይሆን?  አንድ  ቀን  ጏንታናሞ  መላኩ  አይቀሬ  ነው!	negative
ከማል ገልቹና ዳውድ ኢብሳ ኤርትራ ላይ እንኳን አልተስማሙም	negative
Abiy ahmed ምን ያክል ውሸታም አስመሳይ እንደሆነ ከዚህ በላይ ማሳያ ያለም። ከ ጥቂት ሳምንታት በፊት የወርቅ ሃብል ሲሸልም እየተወነ ነበር ?? የጠቅላይ ሚኒስትሩና የመከላከያ…	negative
አማራ  ጠላትህ ቤትህ ዉስጥ ነዉ ያለዉ። አማራን ወይም የክርስትና እምነት ተከታዮችን  ቆራርጠን ነዉ እምንጥላችሁ ።   ባህርዳር   ላይ ለአማራ ህዝብ የተሰጠ ማስጠንቀቁያ።	negative
ይህ ትንሽ መስመር የሳተ ይመስለያል::ለውጡ ገና ህብረተሰቡ ስላልተለማመደው አያስፈልግም በሚል ፍልስፍና ምኑን ስራ ልንሰራ ነው:: የቆንቆ ነገር ልክ ቢሆን…	negative
ሁሌም ልክ ነኝ :-)	negative
ቆይ ግን ከምር በወንድ የምትጠራት ምን ብላ ቆሽትህን እንዲህ ብታደብነው ነው	negative
የሀገራችን ውድቀት እና የዘረኝነቱም መነሻው የራሳቸውን እምነት ከማስተማር ይልቅ የሌላውን ሀይማኖት፣ ቋንቋ፣ ብሔር፣... መስደብ እውቀት የሚመስላቸው ‹‹የሀማኖት…	negative
እንዳንተ አይነቱ ዶማ ነው ሀገሪቷን የመረዘው መርዝ አንተን ብሎ ተናጋሪ አስመሳይ	negative
ራያ ሻጭ ኮሚቴ ጭንቀት ውስጥ ናቸው። ደመወዝ ሳይከፈል ነገሩ መበላሸት መጀመሩ አስደንግጧቸዋል። የውሸት ወሬ እያፈላለጉ መፖሰት ጀምረዋል። ሰው ሬሳው የሚጥልበትን ያጣል?	negative
Happy 2020 ትልቅ ሰው :)  ኑኑሻ ልበላት ቂቂሻ...እንደው ወኔዋ ተመችቶኝ ነው እንጂ:: በፌሚኒስቶቹ አዲስ ዓመት ሎጋ የሆነች ከሜካፕ እና ከፆ…	negative
ቀይ ውሸት አለ? ??	negative
ጣልያን የነካካው አስቸጋሪ ነው	negative
ድህነት	negative
ምንም ወሬ ያውራ ስራ አይስራና ወጣቱም ስሌት ሳይሆን በስሜት በስሌት የሚነዳ ሰው ነው። ሀሳብ የሌለው ሁሌም የሚያለቃቅስ ግለሰብ ነው።	negative
የአሜሪካ ድምፅ ሀላፊነት የተሞላበት አሰራር ባይከተልና የለማን ቃለ ምልልስ እንደወረደ ቢያቀርበው ኢትዬጵያ ውስጥ ምን ሊፈጠር ይችል እንደነበር አናውቅም እሱም ቃለ ምልልሱን የሰጠው…	negative
አድሎ ደርሶብህ የማታውቅ ከሆነ ወይ ሀይማኖትህን ለቀህ ከነሱ ጋር አንድ ( ታቦት ሸኚ)  ሆነሀል  ወይ ደግሞ ጨቆናውን ለምደህዋል ማለት ነው።	negative
የአብይ አሽከር ገረድ መሆናቹሁን ሁሉም ያውቃል አሁንም ከግርድና አያውጣቹሁ ምድረ ጥንብ	negative
ምን ማለት ነው ደሞ? እኔኮ ሰገጤዎች ኬት እንደሚያገኙኝ አላውቅም! ☺️ ዞርርር በል እስኪ	negative
የአፍሪካ ቀንድ ፣ ሰሜን ኢትዮጵያ የሚገኘው የISIS ቅርንጫፍ TPLF እየተባለ የሚጠራው የአጋንንቶች ጥርቅም ነው ይህን አሰቃቂ ፣ ኢ-ሰ…	negative
፫. ኤርታዕለ በቀን መጎብኘት በጣም ከባድ ስለሆነ ኣስጎብኚዎች በጥንቃቄ በሚመሩት የጉብኝት ፕሮግራም መሰረት ከኣመሻሽ ጀምሮ የሚከወን መሆኑን ማወቅ ለጥንቃቄ ይረዳዎታል። በቀን ለመጓ…	negative
ጆን ብዙ ግፍ አለብህ ማለት ነው...??	negative
ክርስትያን ታደለ በማንነቱ ተለይቶ ተረኛ ነን በሚሉ የኦሮሞ ገዥዎች የታሰረ መሆኑ ግልፅ ነው። ይህ በግፍ እና እብሪት የታሰረን ሰው ነፃ ለሚያወጣ ትግል ቅድምያ መስጠት ለኢዜማ በዘረ…	negative
ምንድነው በአፋር ባለሃብት ማለት በኢትዮጵያዊ ማለት አይበቃም ?!	negative
አንተም ተዘጋጀ የአነተም ፀጉር 2020አያልፍም ምነዉ አላየህዉም እንዴ ፀጉርህ መመለጥ ጀምሯል	negative
Conga ድንዙዞችን የበለጠ ለማደንዘዝ የምትሄድበት መንገድ ዛሬ አድርሶሀል እግዚአብሔር ግን እንደሰው አይደለም 100% የሙስሊም ተወላጆችን ሰብስበህ ኢትዮጵያዊ…	negative
?????? አጉል ዝና	negative
አትፍራ ; ያንተ ችግር ሀገሪቱ ካለችበት ውስብስብ ሁኔታ አይበልጥም ። እናት ሀገር ወይም ሞት ሲባል አልነበረ እንዴ ?  ለማ ማታለል የጀመረው አሁን አይደለም ።…	negative
ለእነሱ ምርጥ የክርክር መልስ አለኝ - ፋኩ! :-)	negative
ወንጀልሎኞችን ለህግ አቅርብ አጠገብህ ያለው እየወጣ ከመደንፍት ይቆጠብ እውነት ህግ ያለበት አገር ቢሆን ኖሮ እንደሽመልስ አይነቱ መሃይም ከስልጣን ይባረር ነበረ…	negative
አሹፉ ብቻ	negative
ምን ይሆን የተማሩት? የኢሀድግ ትውልድ የዞረበት!	negative
የጀመርኩትን ሳልጨርስማ አልሄድም ብሎ መሰለኝ??????....ብቻ ሰይጣን አያሳስትህ...ወገቡ ግን ተረፈ???	negative
ኸረ ተይኝ ፣ ስንቱን ትንኝ አባረን እንደምንችል እኮ ነው ግራ የገባኝ	negative
እንዳንተ አይነት የተስፋፊነት አቀንቃኝ ከኢዜማ ጋር መሳፈጥ ምን ይጠቅምሃል? ከብሄረተኞችም ተጣልተህ: ከኢዜማም ተጣልተህ..... Take a chill pill bru ??	negative
ጥፋት ሳላጠፋ በእርከን ፬ ተከስሼ ለማን አቤት ይባላል?	negative
የሸገር ልዩ ወሬ-በጦርነት እና በሕመም 5 ልጆቻቸውን ያጡት የጨው በረንዳዋ እማሆይ ፀሐይነሽ ኃይሉ ዓይኖቻቸውን ያጡት በእንባ ብዛት ነው	negative
ላንተ አይደለም	negative
ሰሞኑን ብዙ አስደማሚ (ታጥቦ ጭቃ ) የሆኑ ፖለቲካዊ ዜናዎችን ሳንሰማ አንቀርም::  አጃይብ ነው !	negative
⃣Realtime Photography  አቢሲኒያውያን ጨለንቆ ላይ በመቶዎች የሚቆጠሩ ሙስሊሞችን ከጨፈጨፉ በሗላ ለሽንፈታቸው ቋሚ ማስታወሻ እንዲሆን እና የትውልዱን ሞራል እንዲሰበር በ…	negative
ቃሉ አሉታዊ ነው ብዬ ነው	negative
“ነፍጠኛ የነፍጠኛነት ልጅ እንጂ አባቱ አይደልም“ ለነፍጠኛ እኩልነትሲኦሉ ናት የምቀኝነት የአጉልየበላይነት ሥነልቦና ነው፤ የትኛ…	negative
ዲያቢሎስ ጥፋ ከዚህ መርዝ	negative
ታምራት የሚባል ተምሬ ኣውቃለህኝ በማለት ኤሪትራን እና ህዝብዋን ያለተማሩ እንደ ሃገር መብት መሰጣት ኣይገባትም ኤሪትራ በኢትዮጵያ ታች መሆን ኣለባት ይላንል ራሲታዊ ቃላት መናገሩን…	negative
ለማ መገርሳ ሆይ! የቀድሞ ወዳጅህ ናሁሰናይ ከመቐለ ይህን ባለ 6 ነጥብ መልእክት ልኮልሃል፦  1. ጠባቂዎችህን ሙሉ በሙሉ ከአብይ ንኪኪ እና ትእዛዝ አፅዳ፡፡ የጥበቃ ጥንካሬው ሶስት…	negative
ፋራ የመንደር ዱርዬ ስራ ፈተን አንተን ስንከተል አልታየህም ምድረ ዱቄት እኛ ብዙ ስራ አለብን ኮተት	negative
አቃቢ ህግ የፖለቲካ ተላላኪ አሽቃባጭ መ/ቤት ሌላ ምን ስራ አለው?	negative
የትምህርት ስርዓት መውደቅን / / / አክራሪ ዘረኝነት / / / የከፋ የስራ አጥነት (ድህነት) / / / ለአለም እጅግ ጠቃሚ ቦታ(red sea) መገኘታችን / / / የፖለቲካ አለመረ…	negative
አፍንጫ ጎራዳ ሆነሽ ጠየም ካለሽ ትንሽ ከንፈርሽማ ወፍሮ ፀጉርሽ ከርደድ ካለ በቃ አንቺማ ጋና ነሽ ነበር የሚሉን ባርያው ወይም ሻንቆ ደግሞ የቤት ስምሽ	negative
ዘመኑ እኮ ጳጳስ ካልሆንኩኝ ያለ ሰው ነው	negative
የሰውን አንገት ቆርጦ ሰውን በቁመና አንድዶ ቤተክርስትያን  አቃጥሎ  እፀድቃለሁ ብሎ ከሚያስብ አማኝ  ነኝ ባይ  ጋር  መኖር  በራሱ  ጥበብ ያስፈልገዋል  ።…	negative
ይህን አደባባይ እሱ አለው እንጂ አሰብ እያለ እስከዛሬ የሚያለቅስ ሁሉ እንጨርሳቸው ከሚል የበላይነት ስሜት አያመልጥም። እንኳን ራሱን የቻለን አገር  አsውን ለ…	negative
ስብርብርሽ ወጥቶ የለ እነዴ? እኔ አስራ 3 ??	negative
እስክንድር ለፋውል አዲስ ባይሆንም ሞጣ ላይ በሠራው ፋውል ምክንያት ማንነቱ ፍንትው ብሎ በመታየቱ ከጥላቻ መደብሩ ውልቅ እያለ ያለው ሰው የበዛ ሆኖ ታይቶኛል። ከባድ እና በቅቤ ሊታሽ…	negative
አማራክልል የሕወሓትን ፋና በመከተል ሙስሊሙን የማሳቀቅ፣ የማጥላላትና መንፈሳዊ መብቶቹን የመንጠቅ ሥራ እየሠራ ነው! ይህ እብደት በምን መልኩ ክልሉን ይጠቅማል ተብሎ እንደታሰበ ለሰ…	negative
የታይሊን ስዊፍት እርግማን በ Justin Mouse ላይ ወድቋል ስለዚህ እርሷ እርግማን ከሰይጣን የበለጠ ጠንካራ እና በመንገዱ ላይ የቆመ ማንኛውም ሰው እብድ እና ህይወቱን ያበላሻል ፡፡	negative
ማን አባቱ ነው እሱ እንዲህ የሚለው?  ቅ ል ራስ በለው...	negative
እንዲህ ቅጥ ያጣ ፣ እሰሩ ማፍረስ ዓይነት አስተዳደር ?!?! አዲስ ችግኝ ተከሎ ለማልማት ሽር ጉድ እየተባለ ; ጥንታዊ ደንን እያወደሙ የድንጋይ ግንብ ማቆም ም…	negative
እንደተበላሽች ነው የሚነግርዎት ታዲያ እርሶ የሚመሯት ሃገር የአለም አንዱ ክፍል መሆኗ ብቻ ሳይሆን የስለጠነ አገር ተቀምጦ በየመንገዱ ለመጋደ…	negative
ሆንግ ኮንግ የፈረንጆቹን አዲስ ዓመት በተቃውሞ ተቀበለች	negative
ታድያ ቃየል ለምንድነው አቤልን የገደለው  የማይመስል አማርኛ ባናወራስ‼‼‼	negative
ሴት ልጅ የሚበጃትን ወንድ ለትዳር መምረጥ በጣም ይኖርባታል ብዙ እህቶቻችን በትዳር ቅስማቸው ተስብሯል።	negative
Shame on መረራ ?? ሌላ ምን ይባላል !	negative
ነን: ተምረውት እንጂ: ሌላ አይደለም: እውነት ህዝቡ ላይ ያለው ስሜት ቢሆን ተሰደው አይመጡም: ሲቀጥ እንዲህ አይነት ፖለቲካ ሀገር የሚያሳጣ እንጂ አምስት ሳንቲም አጨምሩም!	negative
የሁለት ዓለም እናቶች ******************************************** መሽረፍት በአንድ እጁ የአዲስ አበባ አረጋውያን እናቶችን እንጀራ ያጎርሳል …በሌላኛው እጁ…	negative
ሁሌ ተስፋ ብቻ	negative
ስማ ስለ ኤርትራ የሰጠህው ቆሻሻ ኣስተሳሰብ ይቅሬታ ጠይቅበት አልያ መዘዙ ብዙ ነው ።	negative
ቖሻሻ ትግራይ ውስጥ ስንት መስጅድ እንዳለ ብታውቅ ታብድ ነበር:: ለማንኛውም ጥንቆላ ድብትርና የሌለበት ንፁሕ ኦርቶዶክስ እና ኢስላም ትግራይ ውስጥ ነው ያለው::	negative
በሀዋሳ ዩኒቨርሲቲ በተማሪዎች መካከል በተነሳ ጸብ የ1 ተማሪ ሕይወት ማለፉ ተሰማ። ትናንት ምሽት በዩኒቨርሲቲው ዋና ግቢ በተከሰተው ጸብ የ1ኛ ዓመት የተፈጥሮ ሳይንስ ተማሪ መሞቱን የፕሬዝዳ…	negative
ቀላል! ዘው እያሉ እየገቡ ግራ አጋቡን	negative
Photography  አቢሲኒያውያን ጨለንቆ ላይ በመቶዎች የሚቆጠሩ ሙስሊሞችን ከጨፈጨፉ በሗላ ለሽንፈታቸው ቋሚ ማስታወሻ እንዲሆን እና የትውልዱን ሞራል እንዲሰበር በሐረር ከተማ…	negative
እኛ እኮ ከፈረንጅ የምንበልጠው በዶሮ እንቁላላችን ዋጋ ብቻ ነው!! ????	negative
ይሄ ደፋር የሰው አንጎል በኢቤይ ሊሸጥ የሞከረ ጉደኛ ሰውዬ መጨረሻውን ሳልሰማ  እዚህ ደረስን ...	negative
በወሎ ዩኒቨርሲቲ የተፈጠረው ምንድነው?	negative
በነገራችን ላይ ኣ̳ ተጠቃሚዎችን የሆነ ብሄር ሳጥን ውስጥ ከትተው በማንም ይሁን ብቻ ዓረፍተነገሩ ውስጥ ኣ̳ ካለች ፀሃፊው የትግርኛ ተናጋሪ ብቻ ሳይሆን የህውሐት አፍቃሪ ነው…	negative
ባላደራ ከፍተኛ የስልጣን ፍላጎት ያላቸው ሰብስብ ይመሰላሉ። እስክንድር በጣም የሳተ ሰው። በጣም በሆደሞች ተከቧል።	negative
በምን እድሌ	negative
እዚህ ያሉት ተማሪዎች ተው ያላቸውን ፕሮክተር በጩቤ ወግተዋል፣የፀጥታ ሐይል ደብድበዋል።መማር ካልፈለጉ ማስቆም ነው የሚበጀው	negative
ተዋ?? እኔ ለሃገሪቷ ስለትምህት ፣ ሰላም፣ ጤና ፣ መሰረተ ልማት ፣ ውጭ ጉዳይ ወዘተ... ይሄን ፖሊሲ ይዤ መጥቻለሁ የሚል የፓርቲዎች ወግ ነው የናፈቀኝ። ቢያንስ እን…	negative
አሁንም የኅወኃትን በዥታና ማወናበድን አጥልለህ ስታየው ተመሳሳይ እውነታ ነው የሚኖረው።	negative
መልካም ምኞትህ ለቀጣሪዎችህ ሽፍቶች አሸባሪዎችና ወንበዴዎች ቢሆንም በየማሕበረሰቡ እየተሽሎኮለኩ የሚሰሩትን አፍራሽና እኩይ ስራ ባንተ በልሳናቸው በቀጥታ ስ…	negative
ስብሰባችንን አጠናቀናል . የክልላችንን ጉስቁልና በቀጣይነት የሚያረጋግጡ አቅጣጫዎችን አስቀምጠናል  . ምንጭ፦ የጉስቁልና ፓርቲ	negative
አይ ኢትዮጵያ ስንቱ በተጭበረበረ የትምህርት ማስረጃ ትልቅ ባለስልጣን ሲሆን፤ እንደዚህ ደግሞ ተምሮ በቂ እውቀት ኖሮት ጎዳና ላይ ሲወድቅ ያሳዝናል።	negative
ለምን ሰላም እና ፍቅርን አታመጣም አንተ ዘዋሪ	negative
??????   ብሎ ብሎ ብሎ  - ሢያቅተው  በብሔር  የኛ ሠው ክፉ ነው - ያጋጭሃል ከእግዜር! ☝☝☝????❤☝☝☝	negative
ሁሉ ያደክማል ሰው ይናገረው ዘንድ አይችልም፥ ዓይን  ከማየት አይጠግብም፥ ጆሮም        ከመስማት አይሞላም።”           መክብብ (፩:፰)	negative
የአሁኖቹም ለማይረባ አጀንዳ ህይወታቸውን አሲዘው እየተጫወቱ ነገ የሚከፍለው እዳ አሳስቦት ድንጋይ ከመወርወር ይታቀባል ብሎ ማሰብ የዋህነት ነው! በድህነታችን ውስጥ አንድ ያለን ጥሩ…	negative
ምን አገባህ! ! የትግራይ TV ለትግራይ ህዝብ በሚጠቅም መንገድ ነው መስራት ያለበት።ኣጨብጫቢ አይደለም	negative
ልዩ እንደሆንዎት አድርገው ስለምታውቁ ዕዳ አለብኝ	negative
?????♂ የማሪቱ ዘፈን ላይም አንድ የሚያስቅ ግጥም አለ እረሳሁት እንጂ	negative
የሆነ በዓል በመጣ ቁጥር በየ FMና TV ጣቢያ የሚተላለፈው የባንኮች የቸከ ማስታወቂያ አሰለቸነ፡፡    100 ሚሊየኑም ህዝብ ያለደያስፖራው ዕርጥባን በዓል ማክበር የማይችል እኮ ነው የሚያስመስሉት! ????????	negative
ወይ አልጠቆርን ወይ አልቀላን ምን እንደሚሻለን ??????	negative
እግጅ በጣም ዓይነ ያወጣ ይሏል ይህ ነው::ህወህት ንብረቴን?!  የኢትዮጵያ ህዝብ ለመፋረድ ያመቸዋል::27 ዓመታት ነውየተመዘበረው! እያንዳንዱ የህወሀት አመራ…	negative
ይጀምራል?  አጭበርባሪ ነው?  አፈሰሰ?  ይጫጫል?  ይንቀጠቀጥና ይጭበረበር?	negative
የቀድሞው ብአዴን ኢሕአዴግ ሲፈርስ እጁን በማስገባቱ የህወሓት ሊቀ-መንበር ወቀሱ	negative
“አቶ ለማ መገርሣ መድረክ ላይ ሆነው ውህደቱ አስፈላጊ አይደለም፤ የመደመር ዕሳቤው አያስኬድም አላሉም። አማራጭም አላቀረቡም።” - ታየ ደንደአ	negative
ALARMING NEWS ታዋቂው ፊዚከር ፕሮፌሰር ክራውስ  ደቡብ አፍሪካዊ ቡሽሪም ይሁን ካሜሮናዊው ሃበሻ ሚስት ያለው  ነብይ  ባይ ነኝ  ሁለቱም ሌባ ናቸው ይላሉ	negative
in the reverse ሴቶቹ:-)  ይሄኔ የወደፊት ባሌ ድንግል ሴት ነው ማገባው እያለ ያስብ ይሆናል	negative
ሰሊናዬ አሁን ይሄን ምን ይሉታል በናትሽ ሆ??	negative
ስራው አይደለም	negative
እራሴን ከገደልኩ አይደለም	negative
ዘመን ሁሉም ነገር ወደ ጦር ግንባር! ሲባል እየሰማን አደግን!  አሁን ደግሞ በኢኮኖሚው ዘርፍ ሁሉም ሀብት ወደ አዲስ አበባ እየተባለ ነው። ይሀው አሁን ደግሞ ባለ ሀብቶች 24 ቢሊ…	negative
ከኔ ሌላ ላሳር የሚለው አክራሪ ቡድን ዶ/ር መሀሪ ታደሰን እምነቱ ጴንጤ ስለሆነ ለምን የባህር ዳር ከንቲባ ሆነ እያሉ በአፄዎቹ ጊዜ የነበረውን አንድ ሃገር አንድ እምነት ቅዠት እያስ…	negative
የአዲስ አበባን ህዝብ መካድ የማይሰለቸው ሰው ብርሃኑ ነጋ!!    ፕ/ር  ብረሃኑ  ነጋ   አሁን  ያለው  የአዲስ  አበባ  ጥያቄ  የማይረባ  ነው  ብለዋል ቱቦ አፍ	negative
እኔ ጓደኛዬ ነበር ስረድ ጉርደያኪስእ ልብምጭ አሁን የፍርሃት ጊዜ አይደለም	negative
ካፒታል ጋዜጣ በቀድሞው ሰራተኛው ጋዜጠኛ ተስፋዬ ጌትነት ክስ ተመሰረተበት፡፡	negative
ባጣ አልጠግብ ባይነት አስፈሪ ዘረኝነት ትዕቢት እና ድንቁርና የተደራጀው ቡድን ከዛሬው የከፋ ክፉ ቀን ቢመጣ (ከዚህ የከፋስ ይመጣ ይሆን?) ነጋችንን እንዴት ያረገው ይሆን ወዴትስ ይሆን የሚወ…	negative
እግዚአብሄር ይቅር በለኝ ፣ ግን የፊደል ፊደሎቹ በከፍተኛ ሁኔታ ፈርተውኛል ፡፡ እነሱ ብልህ ፣ ሀፍረተ ቢስ አጋንንት ናቸው - እና አደገኛ ናቸው! መጭመቂያውን ይከፍ…	negative
ጤነኛ መሆኗን አንዳንዴ እጠራጠራለሁ	negative
ለትግራይ መንግስት እና ገዢ ድርጅት በኦሮሞ፣ አማራ እና ደቡብ ዩኒቨርስቲዎች እየተፈጸመ ያለው ግድያ፣ ጭፍጨፋ እና እገታ ለተጋሩ ተማሪዎቹ ምን ተፅእኖ እያሳደረ ነው? እዚህ ዩኒቨርስ…	negative
አዲስ አበባ ለወንጀለኞች ምቹ ሆናለች።  ሕዝብ በፍራቻ በጊዜ ክትት እያለ ነው። እነ ሞተር ሳይክልም ሙንጨፋ ጀምረዋል። የፖሊስ ብዛት ሳይሆ ጥራት ያስፈልጋል። በብዛ…	negative
እና እርስዎ የታመመ ፋክ እሾክዎን እመታሻለሁ ፡፡ ለዚህ ይከፍላሉ። አቆምሃለሁ በገሀነም ትበላሻለህ	negative
ለእዳንተ አይነት ጠባብ መለጠፍ ውለታው ይቅር	negative
የአማራ ፈተና የሚያልቀው የሕወሓት ሽማግሌዎች ዕድሜ ሲያጥር ብቻ  ነው፡፡እነሱ በሕይወት እያሉ ለአማራ ሕዝብ መጥፋትና መተላለቅ ከማቀድና ሤራ ከመጎንጎን አያርፉም	negative
???????? ከንቱ	negative
እኔ ጋ በተቃራኒው ነው ??	negative
ሞጣ በሚገኙ አራት መስጅዶች እና በርካታ የህዝበ ሙስሊም ንብረት በደረሰው የሽብርጠ ጥቃት ምክንያት የድሬዳዋ ነዋሪዎች ቁጣቸውን ገልፀዋል ሙሉ ተቃውሞው	negative
hahaha I Love that  እኔ የደሀው ህዝብ እንግልት እና ሀዘን ያሳስበኛል እንጂ በተረፈ ባለ አንቀፅ39ኞቹ ኤሊቶች  ካን ፋክ ዜምሰልቭስ ኤንድ ቴክ ዚስ ሲት	negative
ይኼ ሰው ምንድነው ሚያጨሰው????	negative
ጥንብ ዘረኛ አውሬ ጥፋ ከዚህ መርዝ	negative
የጤፍ እንጀራ ኢንተርናሽናል ሆኖ ነወ ለካ አናታችን ላይ የወጣዉ ?? እየበላችሁ እናንተን አይደለም	negative
አዎ አየህ እንደዚህ ስታምን ጥሩ ነው ነግሬሃለሁ በአማራ ስም የምትነግድ ኦነግ እንደሆንክ ሲቀጥል ደሞ እባብነታቹሁን…	negative
ለዛፍ ተከላ ቀን የጥብስ ቅጠል የተከላቹ ሰዎች ግን ነብሳችሁ አይማርም!	negative
ንፍጣም ተሸክመከው ዙር ጥንብ ርካሽ	negative
በውስጥ መስመር ፋሲል ከነማን ለመርዳት የተከፈተ ጎፈንድሚ አለ እሱን እርዳና ሊንኩን ፖስት አድርገው አለኝ አንዱ ልጅ አይ እኔ የጎርጊስ ሳንጃው ደጋፊ ነኝ ስለው ሙልጭ አድርጎ ሰድቦ…	negative
የ2020 የመጀመሪያው እብድ::	negative
አጃቢ ነው አለ የሃረር ሰው ኢትዮጽያ እንዲህ ዓይነት የተሽጠ መሪ እጅ ትውደቅ የራሱን ኢትማዦር ሹም ያስገደለ ብቸኛው መሪ አብይ አህመድ ብቻ  ነው መቸም አገሪቱ ማ መቀመቅ ውስጥ እ…	negative
ዎላይታ ራሱን ችሎ ክልል ከመሆን ውጪ ባሉ ሌሎች አማራጮች ላይ ዐቢይ ለመወያየት ሐሳብ ቢያቀርቡም የተሳታፊዎችን ይሁንታ ሳያገኝ ቀርቷል ። ዞኑ የደቡብ ክልል ምክር ቤት መልስ መስ…	negative
እንደው ትንሽ አታፍርም ??አንተ እኛን አትስረቁ ብለህ ስትናገር ማፈሪያ  ወጣ ብለህ እስቲ አከባቢውን ቃኝ ሌባ አጭበርባሪ ሰፉሪ ቀማኛ ማን እንደሆነ ቁልጭ ብሎ ይታይሃል ከዘረፋቹሁት…	negative
የወስላታዎች ማጭብርበር መቼም አይሠራም! ድህነትን ማሸነፉን በእግዚአብሔር ፍቃድ ስለሆነ ማንም ሊያቆምብን አይችልም! ግድቡ የኢትዮጵይ በኢትዮጵያ መሆኑ በማንም ሊ…	negative
Engineering የትምህርት ክፍል በሌለበት ታግቼ የነበርኩ የደምቢዶሎ ዩኒቨርስቲ የEngineering የአንደኛ አመት ተማሪ ነኝ ያልሽው ጎንደሬ እንዴት ነሽ ደህና ነሽ እንዴት ነሽ?	negative
ኢትዮጽያ ውስጥ ያለው የፖለቲካ  ፋሽን ትግራይ መጥላትና ማስጠላት ነው የሚገርመው ሰው ተከባብሮ ሳይሞት ሳይዘረፍ ሳይፈናቀል እየኖረ ያለው ትግራይ ውስጥ ብቻ ነው  ከዚያ ትምህርት እ…	negative
የአማራ እና የትግራይ ክልል የሃገር ሽማግሌዎች ውይይት	negative
ማ ነው ያ ሀብታሙ 360 እንዲህ አለ የኢትዮጵያ መከላከያ ከአማራ ክልል ወደ ወለጋ የተዘዋወረው ንብርት ለማዘዋወር ነው አለ ከዚ በላይ መዝቀጥ ምን አለ!ለገዛ ወንድሞቹ ክብር የሌ…	negative
አቶ እስንድር ሌሎችን ከመተቸትና ከመምከርክ በፊት ራስክን እወቅ ውስጥህ በትርክትና በጥላቻ የተሞላህ አንድ አይና ሰው ሃገርን መምራት ይቅርና ራስክንም ከስሜት…	negative
ከእንግዲህ የቀረን አንድ ነገር ነው። እሱም በኢትዮጵያዊነት ላይ ይቅር የማይባል ወንጀል ሰርቶ መቀሌ ተደብቆ ኢትዮጵያን እያመሰ ያለውን ወያኔን በተባበረ እጃችን ወደ አይቀሬው መቃብሩ…	negative
ነጮች ሲተርቱ The pot calls the kettle black ይላሉ እኛ ሊሂቃን ስለ ኢትዮጲያችን ባሰብን።አገራችን በብሄር በ ሀይማኖት ተከፋፍላ ምትገኝ ከገባ…	negative
ተስፋዉ ገና ብዙ አማራን ማረድ ነዉ ጃዋር የተባለ ወንጀለኛ ያጠፋቸዉ ነፍሶች ፍትህ ይሻሉ ከተጠያቂነት ለማሸሽ የሚደረግ ተግባር በብርቱ ትግል እናከሽፈዋለን ይህ ግ…	negative
ኣንተ የምኒሊክ ሰፋሪ የት ሆነህ ነህ የምትመልሰው። ኣህያ!! ጎንደር ተሰብስበ ነህ ቀይ ባህር የምትመልሰው። ኣባይ ወንዝ መሰለህ። ኣባትህ ገዳይ…	negative
ቆሻሻ ይሄ ከሀዲ	negative
1. በኦሮሚያ ክልል ህግና ስርዓት ማስፈን አልተቻለም፤ 2. በብዙ የኦሮሚያ አካባቢዎች የባለስልጣናት ግድያ የእለት ተዕለት ዜና ነው፤ 3. ለማ ትኩሳቱን ላይ ሰቅሎታል፤  የጠሚ አብይ…	negative
ወጣ ቆሻሻ	negative
ለማንኛውም እንደዚህ አይነቱ አመክንዮ በጭራሽ ተቀባይነት እንደሌለው መንግስት ተብዬው ከወዲሁ ይወቀው። የኢትዮጵያን ልዑላዊነት እና የጥቁር አፍሪካን መብት ማስበላ…	negative
እስክንድር ሀገራችንን ወደ ከፍተኛ ብጥብጥ ለመጨመር በደንብ እየሰራህ ነው። አካሄድህ የተበላሸ ነው።	negative
ይሄንን ውሻ ሰው ብለህ ትፖስታለህ...  መብትህ ነው ግን ...	negative
መንግስት የሌለበት ኣገር  ታዲያ ምን ይደረግ	negative
አንቺ ለምን እንደማትወጂው ግልፅ ነው። ሀንተነህን ብሎክ ማድረግ ግን ግራየተጋባ ውሳኔ ነው ??	negative
ውህዱ ፓርቲ በህዝብ ዘንድ አስተማማኝ ተቀባይነት ከውልደቱ ጀምሮ እንዲያገኛ በመክሰም ላይ ያለው ግንባርና በግንባሩ የተመሰረተው መንግስት የፈፀሟቸው ህፀፃች በአ…	negative
ምን ጀምሮ ነዉ ታሪክ ማበዛ  ፎቶ ካሜራ ነዉ በሽታህን ወረኛ	negative
እና እርምጃ የሚወሰደው የተጠቃው ሙስሊም ማኅበረሰብ ላይ ነው? አንዳንዴ ሎጂክህን እንደልብስ ታወልቀዋለህ እንዴ? ሙስሊም እየተመረጠ ሱቅ በተዘረፈበት፣ መስጊ…	negative
አብረሽው ታስረሽ ይሆናል:: አንቺ ይበልጥ ተጎድተሻል ::ጠበል  አማኑኤል የአእምሮ ህክምና ምናምን ያስፈልግሻል::	negative
ይሄን ጉድ ሳላወራ ብተኛ ደግ አይደለም:: ይሄው ቴሌ ለመስተናገድ ወረፋ ስጠብቅ ቀኑን ሙሉ ውዬ ሲስተም የለም ብለው መለሱኝ አላለችም ??	negative
ክፉ ልማድ ነው ግን በእውነቱ! ????	negative
እንግዲያውስ እርማችሁን አውጡ፣ አይደለም ቀይባህር ኩሬም አታገኙም ከኛ   [ኣክቲቪስት ዘርኣይ ደረስ ለጋዜጠኛ ታምራት ነገራ የሰጠው መልስ ነው]	negative
የእስክንድር ዓላማ «ሐሰተኛ ዲሞክራሲ» መሆኑን የሚያምን ሰው በዝቶባቸው ነው መሰል ፓርቲያቸውን «ባልደራስ ለእውነተኛ ዴሞክራሲ» አሉት! «ነይ አልበላሽም» ላላት አንበሳ «አልበላሽም…	negative
ለዚህ ነዋ ተኝቼ ስነሳ የ20 ብር ካርድ አልቆ: በእሑድ ቀን ያለመብራት የዋልነው	negative
የቱለማ አባ ገዳ ጎበና ሆላ ገለልተኛ ሆኖ ህዝቡን በማገልገል ግዴታውንና ሃላፊነቱን መወጣትባለመቻሉ ሥልጣኑ እንዲገፈፍ ተደርጓል። አባ ገዳውየህዝቡን ሳይሆን የመንግስትን ተልዕኮ ብቻ…	negative
የሁለት ልክ የለሾች ወግ ?????♀️	negative
የታገቱ የደምቢዶሎ ዩኚቨርሲቲ ተማሪዎች ደህንነት እስከአሁን በአስጊ ሁኔታ ላይ እንደማይገኝ የመከላከያ ሰራዊት 12ኛ ክፍለጦር አስታወቀ።	negative
አሜን የነዚህ ንፁሀን ህፃናት ደም ጎርፍ ሆኖ ይብላቸው እነዚህ ጅቦች  ??	negative
አዲሶቹ መኳንንት በዘይቤያቸው፣ በህዝብ ግንኙነታቸው፣ በነገረ-ሥራቸው ሁሉ ንጉሠ ነገሥት ኃ/ሥላሴን ለመምሰል እኮ ነው የሚጋጋጡት:: አቤት የተቃርኖ ብዛት! ግርማዊነታቸውን እያጣጣሉ…	negative
ለእራሳቸው ጥይት የፀርሳቸው ሕዝቦች ናቸው እኮ ታሜ ጉራቸው መከራ ግን በኢትዮጵያ ጤፍ የሚኖሩ እርሀብተኞች ናቸው እኮ	negative
የነበሩ መሪዎችን የወላይታ ህዝብ ወደ 100 ሺህ የሚሆነውን የገደለውን የጨፈጨፈውን ወደ 150 ሺህ በባርነት ወስዶ የት እንዳደረሰው የማይታወቀው አፄ ምኒልክ የሚያወድስ መንግስት በአሁኑ…	negative
ኦሮሞ ክልሉን በሽብር እያፈራረሰ መሬት የሚያስፋፋው የሽብር መሬት ጠቦት ብቻ ነው እንጂ ለልማት አይደለም።  ልማት ፈላጊ ቢሆኑ ኖሮ መጀመሪያ ኦሮሚያ ክልልን ባለሙ ኖሮ ከማፈራረስ።	negative
አዲስ አበባ ላይ demography ለውጥ ለማምጣት የሚሰሩት፣ ሰበታ ቡራዩ እና ለገጣፎ ላይ  Ethnic cleansing እንዲካሄድ እውቅና የሰጡት ኢትዮጵያ ሱሴ ደህና ነዎት ?	negative
ግድያው አማራ ክልል እገታው እውነት ከሆነም ወለጋ ነበር ። የራስ ወገን ላይ ሲፈፀም ምናምን እያሉ የራስን ውሸት  ሌላውን መጋት እና የራስ…	negative
ዛሬም ያውነወ ለውጥ የለም	negative
ማላዘን ብቻ	negative
አሁን አንቺም ሴት ነሽ ጥንባታም ዘረኛ መርዝሽን እየረጨሽ ባለጌ አሳዳጊ የበደለሽ	negative
የትግላችን ፍሬ የሚጀምረው እነ ክርስትያንን ማስፈታት የሚችል ጥንካሬ ሲኖረን ነው!!!እና እናንተም ከሚመለከታቸው ተነጋግራችሁና ጫና በማድረግ እንዲለቀቁ ማድረግ አለባችሁ!!!ከጀርባችሁ ህዝቡ አለ!	negative
የእኔ የጥበብ ሥራን የማይደግፉ ከሆነ ለእኔ ለእኔ ምንም አይደሉም እናም በጥፋት የተረገሙ ናቸው ፡፡	negative
የፓርቲው በጀት አዘናግቶኝ ነው ??	negative
መቼም ሰው ካላበደ በስተቀር 500%ጨምሮ የሚገዛው የለም ያው ክልከላ በለው ባይሆን አኔ ያሳሰበኝ አስካሁን ድረስ ገብተው አየር አየበከሉ ነዳጅ…	negative
ምንድነው ግን እንዲ የሚያንዠቅዥህ???	negative
«ኢህአዴግ በክህደት ነዉ የፈረሰዉ»  የህወሓት ጉባኤተኞች እሁድ ማምሻውን አስቸኳይ ስብሰባቸውን ሲጠናቀቁ ባወጡት የአቋም መግለጫ ኢህአዴግ በክህደት ፈርሷል ብልፅግና ከተባለው ፓርቲ ጋ…	negative
በክልሎች ግንኙነት ላይ ያተኮረ ረቂቅ አዋጅ ላይ ለመወያየት የህዝብ ተወካዮች ምክር ቤት የሕግ ፍትህና ዴሞክራሲ ጉዳዮች ቋሚ ኮሚቴ ጥሪ ቢያቀርብም የአንድም ክልል ተወካይ አልተገኘም…	negative
በትክክል ይሸነፋል አሁንም ቢሆን አሻንጉሊት እንጂ መሪ ነው ብለህ ታስባለህ? በኢትዮጵያ የመጀመሪያው ከእውቀት ነፃ የሆነ መሪ ተብዬ አብይ ነዉ።	negative
ውይ ለኛ አሰብክልን???? እባክህ ሌላውን የምር ስቃይ ላይ ያለውን ኢትዩጵያዊ ታደግ	negative
ስሞትልህ ምን እያደረገች ነው?	negative
2020 በልመናህ መጀመሪያ ላይ ትእዛዝ ወጥቶአል፥	negative
የሚደንቅ ነው። እሺ ስለ ፕሬዝደንት ነጋሶ አሿሿም የተናገረውስ? መጽሀፉን ያነበበ ሰው እግረ መንገዱን ቢያረጋግጥልን ሸጋ ነበር።	negative
እነኳን ለኢትዮጵያ ብርሐን ለሐዲስ ሐዋርያ ለቅዱስ አቡነ ተክለ ሃይማኖት አመታዊ በዓል አደረሰን ይህች የምትመለከትዋት ድንጋይ ታህሳስ 24 ቀን 1197 ዓ/ም ህጻኑ ፍስሐ ጺዮን ሲወለ…	negative
መርዝ ጠባብ ዘረኛ ዲያቢሎስ ሴይጣናም ሬሳ ነህ አንተህ ከብት ጥንብ ዘረኛ ??????	negative
ይገርመኛል  :)   ራሱን ሲያበለፅግ የከረመ የእንብላው ስብስብ ስሙን ቀይሮ አዲስ ሱፍ ለብሶ ብልፅግና ብሎ ከች   አገሬ ይቅናሽ	negative
ባንዳ ብዙ መልክ አለው።የዘመናችን ባንዳዎች፣ለNGO ፍርፋሪ አጎብድደው ያገር ጥቅም አሳልፈው የሚሸጡ፣የከፈላቸውን መጤ ወራሪ ባህል ህዝባችን ላይ የሚጭኑ፣ፌሚንስት ምናምን እያሉ የሚነ…	negative
ምንም ሲሰሩ አላየንም ከቄሮ ጋር ተደርበውወ ህዝብን ከማሰቃየት በስተቀር ለምሳሌ የክርስትያኖችን የኣንገት ማህተብ ማስወለቅ የእምነት መገልገያዎችን ከምእምናኑ  ላይ ቀምቶ…	negative
ዳንኤል ክብረት ለሁሉም ፌዴራሊስት ሀይሎችና አስተሳሰቦች ጠል ነው ስለሀይማኖት ያወራውም ትክክል አይደለም	negative
??????... ከንቱ ነገር ነህ:እስቲ ሳትጠጣ አስብ	negative
ትክክል! አህመዲን ጀበል የሃይማኖት ጭምብል አድርጎ የኦነግ የኢትዮጵያ እስልምናን የመቆጣጠር ህልም ነው:: ያ ደግሞ ኦነግ ወሎን ለመቆጣጠር የነደፈው እስትራቴ…	negative
ብቸኛ የሚችለው ነገር ማይክ መያዝና በማይኩ ማውራት ነው። ወዮ ለዚህ ምፅዋተኛ አማኝ።	negative
ምርጫው ዴያሰፓራው ላይ ከሆነ ነዋ!	negative
ህግን በአግባቡ ማስከበር ካልተቻለ ይህ ከንቱ ምኞት ይሆናል።	negative
[አሳዛኝ ታሪክ] ጉድ አደረገኝ ••• ከፌደራል ፖሊስነት ወደ እስራኤል ዳንሳ ቸርች ካዳሚነት	negative
የስፖርት ውድድር ውጤት ግመታ (ቤቲንግ) ውድድር እና ማህበራዊ ቀውሱ	negative
ቢኒ በእርግጠኝነት የሷ ሃሳብ ይሄ አይደለም	negative
ውሸት ሰለቸን እውነት ከሆነ በሚዲያ አሳዩን ድምፅ እየሆናቸው ያለውን ህዝብ አታዘናጉት	negative
ኢትዮዽያ በዕሴት ሰንሰለት ልማት ላይ በማተኮር፣ የአምስት ሚሊዮን አርሶአደሮችን ገቢ በእጥፍ ለማሳደግ የታቀደው የገበያ-መር ኩታ ገጠም የግብርና ልማት ፕሮጀክት በስፋት መጀመሩን፣ ፕ/ት ሳኅለወርቅ…	negative
አንተ ምን አለብህ ? ጠባቂ መንግስት የሌላቸው ሺዎች ግን በየቀኑ እየሞቱ ነው	negative
እንደውውው ☺️  FB የሚሉትን የድንዙዞች መጠራቀሚያ ክበብ ከአመታት በኋላ አክቲቬት አርጌ ዞር ዞር ብዬ ሳነብ፣ የድሮዎቹ ጤነኞች አብደው፣ ድሮ እብድ የነበሩት ደሞ ፍፁም ወደጤናቸው…	negative
እቺ ፈረስ ፊት???????? ባገር ውስጥም 70% አታሞይም እውነትም ረጅም ሠው ልብ ወይም ሱሪ ያጥረዋል ለካ????????	negative
አ.አ. ካሉ አሳፋሪ ነገሮች አንዱ ቆሻሻ ሲሆን ሁለተኛው ደግሞ የትራፊክ ችግር ነው። ለእኔ ሁለቱም ችግሮች እስካሁን ችግር ሆነው የመቀጠላቸው ምክንያት አስተ…	negative
ከኤጀንሲው ጋር ልጣመይ ላኋበ ከመርከብ በፊት ከመወርወርዎ በፊት ትዎነ ውሰ ቅልት	negative
አበባ ከተማ በዓመት በአማካይ ከ20 በላይ ሰዎች በእብድ ውሻ በሽታ ህይወታቸውን እንደሚያጡ የኢትዮጵያ ሕብረተሰብ ጤና ኢንስቲትዩት አስታወቀ፡፡ በተጨማሪም በዓመት በአማካይ 10 ሺ 800 ሰዎ…	negative
በትራንስፖርት አቅርቦት እጥረት ተቸግረናል፡- የአዲስ አበባ ከተማ ነዋሪዎች  በአዲስ አበባ ከተማ ትራንስፖርት እጥረት ከጊዜ ወደ ጊዜ እየተባባሳ መምጣቱን የከተማዋ ነዋሪዎች ተናገሩ፡…	negative
እንዴት አንድ  ትልቅ ህዝብ አንድ ግለሰብ ነፃ ያወጣኛል  ብሎ ተኝቶ ይጠብቃል ????	negative
Gebissa Odda ኸረ እባክህን ጊዜው ባለፈበት የቂል ለቅሶ መልሶ መላልሶህን ተውና የተፃፈው ስለመኪና አደጋ ነው ሐሳብ አስተያየት ካለህ…	negative
ግብር ማጭበርበር ቢሆን ያብዳሉ	negative
በኢትዮጲያ ፌመዝ ለመሆን ሚጠበቅብህ ኣንድ እና ኣንድ ነው፡ እሱ ደግሞ ስለ ኤሪትራን፡ባህር በር ፡ ወይም ፡ ኣሰብ መዘበራረቅ ይኖርበሃል !! ታምራት…	negative
ወኔ ባይኖረውም ከእኛ ጋር ምን ይሰራል ??	negative
ጠባብነት ማስተዋልንና እውቀትን ይጋርዳል:: ህዝቅኤልን ይች ሃገር የሁሉም እንደሆነች ማወቅ በፍፁም አይችልም:: መማርና መመረቅ በራሱ የባህርይ ለውጥ አያመጣም:: ህ…	negative
ነትና ጭቆና ተጠያቂው እሱ ነው።” ... መጽሐፍ ቅዱስ	negative
Gucci የሚል ሹራብ ደረቷ ላይ ያነበበው ከይሲ ምን አለ...ጉች ጉች ያለ ሳይኖር ግን አይከብድም?	negative
የተጨዋቾች ዕርስ በዕርስ ግንኙነት እና የመደጋገፍ ባህል፤ ከታክቲክ እውቀት የበለጠ በአንድ ቡድ ውስጥ ትልቁን ድርሻ ይዎስዳል። በፋሲል ከነማ ተጨዋቾች/ አሰልጣኞች መካከል ያለው ጠን…	negative
ከክቡር ጠቅላይ ሚኒስትር ጽ/ቤት የመጡት አቶ ዮናስ ዘውዴ ስለ መደመር ጽንሰ ሀሳብ ማብራሪያ ሰጥተዋል። አቶ ዮናስ በገለጻቸው መደመር አካታች የሆነ መሰናሰልን መሰረት ያደረገና የሰው…	negative
...እንደኔ ዕምነት ... እያለ ራሱን ድንጋይ ላይ እንደተከመረ አር (አዎ የአረኛ ዓይነምድር) ከቁመናው በላይ አድርጎ ለሃጩን ሊቀባን የሚሞክረው…	negative
ወንድ ልጅ ተደብቆ ነበር የሚያለቅሰው። ሙስሊሙ አማራ ወንድሜ፡አክራሪው የፋፀሙትን የመስጅዱ ቀጠሎ ብቻ ሰይሆን የክልሉ መንግስት፡ፖሊስ ፀጥታው ክፍል የኔም ነው በምለው ማከዱ ነው የስለቀሰው	negative
የፈለገው ትክክለኛ ፓርቲ የኦሮሞን ህዝብ ፍላጎት የማያሟላ ኦሮሞን አይወክልም።  >> የመደመር ቲዮሪ  የኦሮሞን ህዝብና ለማ መገርሳን የቀነሰ ወቅቱን ያልጠበቀ የሰለጠነ የጋርዮሽ አስተሳሰብ ነው።	negative
ህይወትዎ ይባክን። ሕይወትዎ እንደ እርስዎ አስከፊ ይሁን። በጭራሽ ደስታ አታገኝም ፡፡	negative
ይህንነዉ ህዝቡ  መሰማት የሚፈልገዉ። መንግስት የህዝቦች ን ደህንነት እያስጠበቀ ነዉ ወይ? ለሚለዉ መልስ ባስቸኳይ ማግኘት አለበት።ጥቅሙ ህዝብ ያረጋጋል፣ መንግስት ስራዉን እየሰራነዉ…	negative
አንድ እውነት እነግራቹሃለው ☞ ብልጥግና የሚባል የአብይ plc ከምርጫው ቀን በፊት ይፈርሳል። ሀቅ እዩ??	negative
የራስሽ ጉዳይ ፌሪዬ ፍትህ አወቅ የሆነ ፈጣጣ ክላስ ይዞናል  ማምለጫ ጠፋ  ከመረረኝ ግን እምበር ተጋዳላይ ልል ሰከንድ ነው የቀረኝ	negative
Kkkkkkkkkk አዎ ፀረ ሙስሊም ነክ	negative
የእሳት አደጋ እስካሁን 23 የሚሆኑ የእሳት አደጋ ሰራተኞችን ህይወት ቀጥፏል። እንዲህ ልብሳቸውን ጭምር አውልቀው በልብሳቸው የእንሰሳትን ነብስ ለማዳን የራሳቸውን ህይወት ለሌላው መኖር…	negative
ወይ ጊዜ ሲጥል .... እንደዚ ድክርት ፍዝዝ  ድንዝዝ..... የሰው ደም እንባ ላብ ሲፈርድ .... ገና መቼ ..	negative
ኢትዮጵያን ከሥጋትና ከድህነት ነፃ የማያደርግ ፉክክር ፋይዳ የለውም‼️	negative
በዘረኝነት መንፈስ የተያዘ ሰው እንዲሁ ነው!	negative
የ እውነት ይሄ በጣም ነው የሚያሳዝነው	negative
ጎፍታ ኪያ እስኪ ለገና ከተጠመቀው ስዋ ላይ አንድ ሁለት ብርጭቆ ፉት በልበት። ያኔ ለምን እንደሚያገባኝ ይገለጥልሃል። አያና ጋሪ።	negative
«የግብርናውን ዘርፍ ከፌደራል እስከታችኛው መዋቅር ድረስ ያሉ ግብርናውን የሚመሩ ባለሙያዎች 78% ከግብርናው ጋር ምንም ግንኙነት የሌለው ትምህርት የተማሩ ናቸው።»  አማንይኹን ረዳ…	negative
ለምሳሌ  የሁሉ ስህተት ነው የኹሉ ትክክለኛ አፃፃፍ ነው	negative
እረ ጉድ ነው የመሃሉ በከንቲባው ጽ/ቤት እየተመራ የከተማው ዳር በቄሮ እና ሚኒሻ እየተመራ ማጠር ሆኖዋል ስራቸው!	negative
አንተ መች ትሰክናለህ??? ሚትፅፈዉ ሁሉ??????????????	negative
ደብዳቤ መፃፍ ብቻ ነው የቀረው በሉኛ???	negative
“የተወሰኑ ሰዎች በፈጠራ ወሬ አገር ሲያተራምሱ ዝም ማለት ተገቢ አይደለም” ኡስታዝ አህመዲን ጀበል የሙስሊም መፍትሄ አፈላላጊ ኮሚቴ የህዝብ ግንኙነት ኃላፊ) -…	negative
ከሚስትህ ፍቅር  ይዞኛል ማለት አሁን ምኑ ጩቤ ያስመዝዛል በጌታ??ገና አብረን ማደራችንን ሳልነግረው እኮ ነው??ሰው ተጨካክኗል??	negative
የዜጎች ድህንነት ማስጠበቅ ያልቻለ መንግስት፤ ለካሜራ አትክልት ውሃ ያስጠጣል።  የነዚ ሁሉ ንፁሃን ዜጎች ደም እጁ ላይ ነው።	negative
ፃ እርኩስ መንፈስ	negative
የአቶ ለማ መገርሳን አክራሪ ብሔርተኝነት ኤርሚያስ ለገሰ አጋለጠ  ??	negative
ስራህን በአግባቡ እየተወጣህ አይደለም ☺	negative
የምርጫ ወረቀቶች የሚያትመው ዱባይ አገር ያለው ኩባንያ ከዚህ በፊት በኡጋንዳ፣በኬኒያና በተለያዩ አካባቢዎች የፈጸማቸው ግድፈቶች የምርጫ መዛባትን በመፍጠር፣በፍርድ ቤትም የተከሰሰ፣ ሕ…	negative
ለፋውል አዲስ ባይሆንም ሞጣ ላይ በሠራው ፋውል ምክንያት ማንነቱ ፍንትው ብሎ በመታየቱ ከጥላቻ መደብሩ ውልቅ እያለ ያለው ሰው የበዛ ሆኖ ታይቶኛል። ከባድ እና በቅቤ ሊታሽ የማይችል፣ ማገ…	negative
ሕግ አዋጅ ቁጥር 378/96 አንቀጽ 8 መሰረት በቀላሉ ኢትዮጵያዊ ማድረግ እየተቻለ ኢትዮጵያዊ ዜጋ አይደለም ብሎ እሱን ከሀገሪቱ ፖለቲካ ውስጥ ለመባረር መሞከር ክህደት ነው።	negative
ገንዘብ ያለው ሰው ሃይል አለው። የአአ ዙሪያ ገበሬ እንዴት መሬቱን ተነጥቆ እንደተበተነ ታቃለህ! ሊያውም መሬት የብሔረሰቦች ነው በሚበልበት ሀገር!!	negative
ማን ብዬ ልጥራህ አንተ ጉማሬ ፊት	negative
ገዳዮች፡  ስንት ትከፍሉናላቹ አስገዳዮች ፡ ሙሉ የትምህርት እዳቹን  ገዳዮች ፡  ውለታቹን ገድለን አንከፍለውም ??	negative
በፈሳሞች ላይ ቢጀመር ጥሩ ነበር	negative
ህዋሃት ልክ እንደ አሮጌ የመኪና ጎማ ነው። ምንም የማይጠቅም። የልብስ ማጠቢያ ሳፋ የሚቀመጥበት።	negative
እሱማ አዎ። ችግሩ አምና የፖሊስ ልብስ ለብሰው ጓደኛዬን ሊዘርፉት ነበር።	negative
ታድያ ምን ይጠበስ እናንተን አይመለከትም:: ደግሞ ዓብይ እኮ የውያኔ  መድሃኒት ነው:: የቡዳ መድሃኒት ሲሉም አልስማሽ??????	negative
«እኛ ድሆች ነን፤ ገንዘብ ከየት እናመጣለን እያልን ስንደራደር ነበር» በጠገዴ ታግቶ የተገደለው ታዳጊ አባት	negative
ውሻ ዘረኛ ዘረኛ ዘረኛ ባዶ ዲቃላ	negative
አንትሾ ሰው መስሎሻል!?????? ሰይጣን እራሱ ስጋ ለበሶ ነውኮ	negative
ተነገረህው ሞተሀል አስመሳይ	negative
ሀሳቡን መሸከም ከበዶህ ነው ማጅራትህን የተመታህ የመሰለህ? አይዞህ ወንድማችን ረጋ ብለህ አስበውና ለውጡ ለአንተም በዘላቂነት እንደሚበጅ…	negative
ጨረቃ ወደ ላይ ስትወጣ ደም ይፈስሳል	negative
ኦሮሞ ከ5000ባላይ ወጣት የተገደለበት ድገም በገዥ መደቦች እንድጨፈለቅ እናበአዳባበይ እኔነኝ ነፍጠኛ ከላ ቡድን ጋር ምንም አይነት ህብረት አይፈጥርም ለሱ አምች ስለሆኑ ራሱ ይወሃድ	negative
ለምንድነው ግን እሱ ያላረገዘው? ??	negative
ራሳቸው የሚሠሩት ሕጋዊ ሌላው የሚያደርገው ሕገወጥ ጥር ሁለት ማፍረስ እንጀምራለን ብለዋል አይደል?	negative
ፅንፈኞች እንኳን ሲሰባሰቡ ለምን እናንተ ተመሳሳይ አላማ ካላቸው ፖርቲዎች ጋር በጋራ ሰርታችሁ ለምርጫ አትዘጋጁም? በተለይ ኢዜማና እናንተ መካከል  አአ ላይ…	negative
እርስዎ እና ቤተሰብዎ በሲኦል ውስጥ ለዘላለም እንደሚሰቃዩ ተስፋ አደርጋለሁ።	negative
ወደ እኔ youtube ይመዝገቡ ፣ ወይም ሰይጣን ነፍስዎን በገሃነም ለዘላለም ይጥለዋል። ከቁጣው ማምለጥ አይችሉም። ማስጠንቀቂያ ተሰጥቶዎታል	negative
ስድብ መንደርተኛም ይሳደባል እኮ!!	negative
ታላቅ ሥቃይ ትሠቃያለህ ፡፡ ቤተሰብዎ ይወድቃል እናም ያለብዎት ህመም እና ስቃይ ነው ፡፡ እናቶች በእንባዎ ደስተኞች ይሆናሉ።	negative
ባደረከው ነገር ምክንያት ቤተሰቦችዎ ደም ይፈስሳሉ ፡፡  ለካርማህ ዘላለማዊ ሥቃይ ይሰማቸዋል ፡፡  ያፈሰሱ እንባዎች ወደ ደም ይለወጣሉ ፣ የሚሰማቸው…	negative
Nocomment ግን እኛ ነን የደነዘዝ ነው ወይስ መንግስት ማለት ፒፒ ነው ሥራውን መስራት ያቃተው?	negative
ወጣቶች ለሰብአዊ መብት ቁሙ ??? እያፈራሽ ያለሽው ተውልድ ምን ያክል የሰብአዊመብት በሐገሪቱላይ ቦታ እንደሌለው ነው።…	negative
የተረገመ የፍየል ሥጋ ከሞተ ቀይ ሻማዎች ጋር የሙታን ደም በጨለማ መጥፎ መጥፎ ካርማ ይከተልሃል አንተ የአውሬ ጨለማ	negative
ኡኡቴ ወግ ወጉስ ተይዟል ጃል አንተ በምን ሞራልህ ነው ግን ስለ ትራምፕ ምታወራ?? አፍንጫህ ስር ንፁሀን የደሀ ልጅ ተማሪዎች ዘመን በሰጠው ወንበዴ ሲታፈኑ ዝም ብለህ ዛሬ ስለ Trum…	negative
ሞኝ	negative
ምን አለብህ ? ጠባቂ መንግስት የሌላቸው ሺዎች ግን በየቀኑ እየሞቱ ነው	negative
የአምባገነን መጀመሪያ ከኔ ውጪ ላሳር ማለቱ የአንተ አገዛዝ በ2 አመቱ ውስጥ በደንብ አሳይተህናል ዘረኛ ዘራፊ ቀማኛ ውሸታም ፀረ አማራ ፀረ አዲስአበባ ፀረ ኦርቶዶክስ ነህ አይደለም5…	negative
በመጨረሻ ጊዜው ነው ፡፡ ወንድሞቻችን ቀሰቀሱ። እኛ እንደ ወረርሽኝ በምድር ላይ እንወርዳለን። አምላክ ቁጣችንን መገንዘብ አይችልም	negative
መረጃውም የላቸውም፣ ሰምተውም አልጠየቁም።	negative
ሞቶ ተቀብሯል እኮ:: አሁን መቃብሩን በኮንክሪት ስለመስራት ነው የምናወራው:: ከትህነግ አሽከርነት ነፃ የወጣች ሃገር የማንም አሽከ…	negative
በአማራ ሥም  ተደራጀን  አማራ አማራ የሚሉት ለአማራ መዳከም ከፍተኛ አስተዋፅዖ እያደረጉ ነው አማራ በማዕከላዊ መንግሥት የነበረው ድርሻ በማዳከም ላይ ይገኛሉ የተወሰኑትን በመግደል…	negative
????ስለሆንኩ ነዋ። ከደበረሽ ግን ይቀራል	negative
በዛሬው እለት ባቻ አርማጭሆ ውስጥ 5 ህፃናት እንደታገቱ የተረጋገጠ መረጃ ደርሶኛል።  ከታጋቾቹ መካከል አንዱ የካህን ልጂ ነው።	negative
አማራው ብአዴን የአማራ ወጣቶች ማህበርን ከስሱዋል።የብአዴን ተላላኪ ሆኖ የቆዬው የወጣቶች ሊግ እኔ እያለሁ አዲሱ ማህበር መመስረት የለበትም ብሎዋል። ብአዴን የአማራ ህዝብ ጠላት! htt…	negative
ችግር በቅቤ ያስበላል ይላል ሐበሻ ሲቸግረው ??	negative
በኦሮሚያና አዲስ አበባ የሚኖረውን አብሮ አደጉን አማራ፣ንቆና አግልሎ ባህርዳር ሄዶ ኢትዮጵያነት ሱስ ነው ያለው አስመሳይ ይኸውላችሁ! ፍትህ ለኦሮሚያ አማሮችና ሌሎች ብሄረሰቦች!!!!!	negative
ጠንካራ ፓርቲ የመሰረታችሁ እያስመሰላችሁ ህዝቡን አታዘናጉ። ሁሉን ነገር በአንዴ እናሳካለን የሚል ቀቢፀ ተስፋችሁን ተው እና ወደ ህብረብሄር ፓ…	negative
ነፍጠኛ አስተሳሰብ ነው፣ ሥነልቦና ነው፤ መሰረቱ በጉልበት መቀማት መጨፍለቅ ሲሆን እኩልነት ውርደቱ የሆነ ሥነልቦና ነው::   “ነፍጠኛ ብሔር የለውም አስተሳሰብና ሥነልቦና ነው::“	negative
የመኪናዎችን ዋጋ አይቀመሴ የሚያደርገዉ ኤክሳይስ ታክስ  ??	negative
የ OMN ኦርቶዶክስ ላይ ያለው ጥላቻ፣   ጣብያው የተከበሩ አባታችንን በአለማዊ ስማቸው ነው  መጥራት ነው የመረጠው	negative
የምታሳዝን ሰው ነህ ለነገሩ በምርጫ አፈር ስለምናስገባህ ተወው	negative
በሕልምም እራሱ አላየሁም እሄን አይነት ሕልም ያስብላል: ተሽከርካሪ ወንበር ተቀምጦማ የድሃ ልጅ ለማስጨፍጨፍ ይቻላል 100 ሺ ወታደር ይረሳል?	negative
ታከለ ኡማ  እራሱ መታወቂያ አድሎ፣ ክፍት ቦታ እጠሩ ብሎ ስም ዝርዝራቸውን ወደ ክ/ከተማ ልኮ ካርታ አሰርቶ ሲያበቃ አሁን የሌሎች ሰዎችን ቤት ለማፍረስ ግብረ ሀይል ከኦሮሚያ ፖሊስ…	negative
እብድ አሸባሪ በለው	negative
እኔ የልገባግ እቺ ኦቦ ለማ መገርሳን የቀነሰች የአብይ ውስጥ ያለው ኢትዮጵያዊነት ነው ?	negative
???????? ገዳይ	negative
ሀገር እያፈረሱ የእግርኳስ ክለብ ደግፉ ማለት ምን ማለት ነው።በቦንብ በክላሽ ይጫወቱ ለማለት ነው። በመጀመሪያ ሰከን በሉ 360.   እናንተ ባትሉም እየደገፍን ነው!	negative
ኡስታዝ አህመዲን አንተ አረመኔ (የእስልምና ምናምን)  እናትህ ትበዳ  አክሱም ላይ ሙስሊሞች እየታረዱልህ   ቤቲ ኤልቲቪ እናትሽም እንቺም.. ተበዱ...	negative
በመካከላችን ማንም የለም ፣ በገዛ እጄ ከገደለው ፍጥረት ሁሉ ጋር እኖራለሁ ምንም እንኳን ከእንግዲህ ከእኛ ጋር ባይሆንም	negative
ዘረኛ በሙሉ ይውደም:: ከዝንጀሮቆንጆ  .... ሁሉም ዘርኛ ዝንጅሮ ነው ለኔ	negative
በድቅድቅ ጨለማ ሀይለኛ ዶፍ ዝናብ እየዘነበ፥ያላችሁበትን ቦታ እንዲሁም የምትሄዱበትን መንገድ ሳታውቁ ፥ ብቻችሁን በጥቅጥቅ ጫካ ውስጥ እየተወላከፋችሁ ስትሄዱ የምትሰሙት የሚንኮሻኮሽ…	negative
ደግሞ መስማት(ማንበብ)  የምትፈልጉትን ብቻ የምትሰሙ ብሽቆች!	negative
ዘር የለሹ ወረኛ	negative
እግዚያብሄር ለፈጠራቸው ነገር ቀብቶ በስሩ ደስተኛና ጤነኛ አርጎ ያሳድግልን ለወላጅ መልካም ምክር	negative
በትክክል የ ኦሮምያ ህዝብ የኢትዪጲያ ጠላት አይደለም ከዛ ይልቅ መንግስት ያደረጃቸው አሸባሪ ቡድኖች የሚያደርጉት ድርጊት መጥፎ ጠባሳ እየጣለ ነው	negative
ዠልጥ?? ገገማ	negative
የ28 ዓመቱ ከፋፋይ ፣ ጨቋኝና አፋኝና የውክልና ስርዓት ከዛሬ ጀምሮ ላይመለስ ተቀበረ!! እነሆ በህዋህት ምክንያት በኢትዮጵያ…	negative
ምን አገባህ በሰው እምነት ?????♀️ወረኛ ጥፋ ከዚህ	negative
11ቢልየን ብር ያላቸው ባለሀብቶች እንዳሉን ዛሬ ነው ያወኩት ትላለህ እንዴ? አፋር ውስጥ ቢያንስ 1 የነዳጅ ማደያ የሌለው የወረዳ አስተዳዳሪ አለ እንዴ?	negative
ኢች አብይ እንዴት ለማን እንኳን አይሰማም?! አይነት አስተያየት ተደጋገመችሳ። ለማንኛውም ቁልፉ የአቶ ለማ ሃሳብ ተቀባይነት ማግኘት አለመቻሉ ላይ ነው። የአዞ እንባው ግን ለትዝብት እንዳይዳርግ።	negative
ለ27 አመታት ስትዘርፉ እንዲዝህ አይነት አንድ ሰው ከመካከላችሁ ቢኖር ኖሮ: እንደዚህ ስማችሁ ከሌብነት ጋር አይነሳም ነበር:: ዘረፋን አንድ የስራ መስክ አድርጋችሁት…	negative
የዘመዶችህ የተረገምክ ሁላችሁም የተተነተነ የኮሪያ ጩኸት ናችሁ እናም ሁላችሁም ደም መፋጠጥ እና ህመም ሁላችሁን ሁላችሁም ሊሞቱ ይችላሉ	negative
አቶ ለማ መገርሳን ያገለለ ፓረቲ አይደለም ኢትዮፒያን ሊያስተደድር ቀበሌን ባያስብ ነዉ የሚሸለዉ፡፡	negative
ከግራኝ ወረራ ብሁላ የተነሱት አረመኔዎቹ እና አሕዛቦች ለስላምም ጭምር ማይመለሱ ነበሩ። ታዋቂው ጎብኚ ጃምስ ብሩስ እንደውም በአልም ላይ እንደንሱ ጨጋኝ የለም ነው ያለው።…	negative
መልስ  1 ሰማይ ከፍ እንዲል አንተም ክብርህ ከፍከፍ ያለ ለማለት ነው መ.ቅ  ሀያላንን በሰማይ ይመስላል ለምሳሌ ሰማያት ስሙ ሲል ሰማይ እሚሰማ ሳይሆን ሀያላን ስሙ ይላል።  ሌላው…	negative
ኢትዮጵያን ናት የሚሉ ስላሉ፣ አከራካሪ ነው። በመሰረቱ አፍሪካ በረጅም ታሪኳ ሄደት በጉልበተኛ መንግስት ታምናለች። ችግሩ ከሰውው ነው። ረግጦ የሚገ…	negative
ብቻህን አይደለህም ፤ የሁለቱ አለመስማማት ወደ ምንፈራዉ ነገር ዉስጥ እንዳይከተን ፈርቻለሁ።	negative
አንድ የድሮ ኮኳ እኔን ማግኘት ከባድ ነው	negative
እኛ አንዴ ሳይደርሰን ሁለቴ የታገደም አለ???♂️ፌይር አይደለም እውነት	negative
የደረስብን ግፍ የመስጅድ ቃጠሎ እና የወንድሞቻቻችን ንብረቶች በደቂቃዎች መውደም ትልቅ ዋጋ ያስከፍላችዋል	negative
አሁን እንግዴ የውርስ ክፍፍል ጭቅጭቅ ሊነሳ ነው	negative
ለካ አሁንም ህወሓት ራሷን ታከስማለች ብሎ የሚጠብቅ ሰው አለ። ደሞኮ bazinga ይሉኛል ብዬ ስጠብቅ ፊታቸውን ኮስተር አድርገው ነው የጠየቁኝ። :)  ለካ የዚህ አገር ሰው በደንብ አይተዋወ…	negative
አቢቹ አማካሪዊን እስካለወጠ ድረስ ምርጫ የማሸነፍ እድሉ የመነመነ ነዉ።  የአብይ አማካሪ ጀዌ ነበር መሆን ያለበት	negative
አልቀረብህም። አዲስ ነገር ላይ እያለህ በሰዎች ትከሻ ላይ ተንጠልጥለህ እንደነበር በደንብ እያሳየኸን ነው	negative
ኢትዮጵያ የግጭት ስጋት ካለባቸው አገራት መካከል ትገኛለች	negative
በፍፁም እንዲዝህ የሚል የምርጫ ህግ የለም	negative
አስተሳሰብ ነው የተባልከው ፓርቲ አይደለም ወያኔ ሲላዝን የነበረው አውራ ፓርቲ ነኝ ሲል ነው ok bro	negative
ታከለ ዶማ መች ነው ሰው የሆነው ፐ ከባድ ሰው ተጠርቶ ተሞቷል ????????	negative
ካል ተማሬ ህዝብጋ መኖር እንዴት ይከብዳል ስሚ የመንገድና የዎታደር በጀት የተለየዬ ነወ ደነዝ፡፡	negative
እራሱ ትዊተርም የዚህ ሸፍጥ ተባባሪ ነው :)	negative
አስቸኳይ ጉባኤ አንዋሃድም ብለዉን ነበር አሁንም በመቶኛዉ አስቸኳይ ጉባኤ አንዋሃድም ይሉናል እንዴ?	negative
በከበቡሽ ምክንያት 86 ንፁሃን ሲቀጠፉ የህግ አስከባሪ ሃይሎች  ቆመው እንዳስፈፀሙት እዬታወቀ አንድም  ሰው ግን ተጠርጥሮ ተያዘ ሲባል አልሰማንም አማራው…	negative
ሲጀመር ሸካራ ነገር ሽሽታቸው ይገርማል። እንደ ኤግል ሂልስ፣ ችግኝ ተከላ፣ ፓርክ የመሳሰሉት ልስልስ ጉዳዮች ላይ ነፍስ ያለው ካሜራ ማን ደግነው ከፊት ይገኛሉ።	negative
የህውሓት ስብሰባ አላልቅ አለ፡፡ አሁን በየስብሰባው ለሚታደልው አንገልብስ የሚባክነው ጨርቅ ልብስ ተሰፍቶ እርቃኑን ለሚሄድ የትግራይ ወገናችን ቢታደል ምናለበት? እባካ…	negative
አንዳንድ ሰው ሲያደናቅፍህ ቀስ በል እንጂ እያየህ አትሄድም? ሲል ያስቀኛል:: ምናለ እሱ ከ2 ደቂቃ በፊት ቢነግረኝ? ?? የሱ ምክር ምን ይሰራል ካደናቀፈኝ በሗላ?	negative
ebc አና fana ከኣሁን ወድያ ስለ ትግራይና ኣፋር ገንቢና ጥሩ ወሬ እንዳይዘግቡ ከጠቅላይ ሚኒስቴር ቢሮ ማስጠንቂያ ተሰጣቸው።	negative
አገር በእንደዚህ ዓይነት heartless አረመኔዎች እጅ ትግባ የፖለቲክ ትርፍ ፍለጋ ያለው መንግስት እንጂ innocent  ተማሪዎች አይደሉም እነሱ ለራሳቸውና ለቤተሰቦቻቸው እንዲበቁ…	negative
አሜን ኣሜን ኣሜን ።	negative
አይደለም ከህወሃት ጋር መዋሃድ በቀለ ገርባ ከጣፈጠው ደብሪፅንም ቢያገባው I dont give a fuck!	negative
እኔ አማራን ነኝ አንተ ደግሞ አማራን ለማጥፋት የምትሰራ ነህ ስለዚህ አንተ እንጂ እኔ ስለ ህዝቤ ያገባኛል በአብይ ፀረ አማራ መ…	negative
Joye ይሄ አይደል ያልገባኝ ???♂️ ምን ነው እንዲህ ሚያደርገው?	negative
ሀገር እንዲህ የወንበዴዎች ማላገጫ ሆና ማየት በጣም ያናድዳል ????	negative
የ60ዎቹ የሴራፓለቲከኞች መቼ ነው ሞተው የሚያልቁት እና ሰላም የምንሆነው	negative
ደነዝ	negative
ዓወት ንሓፋሽ ማለት  ምንጋስ ማሕበራዊ ፍትሒ፡ ምድልዳል ሃገራዊ ስኒት፡ ምሕያል ሽርክነት፡ምርግጋጽ ፖለቲካዊ ተሳትፎ፡ ቁጠባዊ ምዕባለ፡ ባህላዊ ትንሳኤዩ።  ምርግጋጽዚ ራኢ ዋጋ ዝሓትት መስ…	negative
ፓርቲዎች በብሄር ተደራጅተው ክልሎችን ካላስተዳደሩ ፌደራሊዝሙ ፈርሶ አሃዳዊስርዕት ይመጣል የሚል ትርክት አንድም የድንቁርና ሌላም የድርቅና ብቻ ነው።ሕዝብን ቀጥተኛ የስልጣን ባለቤት…	negative
ደሞ የት እያፈረሱ ነው?	negative
ካድሬዎቻችን: ለአናሳ ትግሬ አይላላኩ እንጂ: ለሌላ ቢላላኩ ችግር የለውም:: በአንድ አመት 27 አመት ያልሰራች…	negative
ዛሬያችን በጣም ያሳስበኛል፤ ነጋችን ደግሞ እጅግ በጣም ያስፈራኛል ያስደነግጠኛል። ኢትዮጵያ አንድም ተማሪ የማይሞትባት አንድም ተማሪ የማይታገትባት ሀገር ሆና ስለመቀጠሏ እርግጠኛ አይ…	negative
አማራ መጀመሪያ ከበሰበሰ የማደንዘዣ አንስቴዢያ የሞተ ኢትዮጵያዊነት አስተሳሰብ መላቀቅ አለበት በተለይ በውጪ ያለው አማራ ሆዳም እና ግድ የለሽ ነው ለራሱ ወገን ።	negative
በመንደር ደረጃ ብቻ ማሰብ የሚችሉ እብሪተኛች መመለስ የሚጠሉት ጥያቄ ይህ ነው! ይህ በውል የመለሰ ስለ መቻቻል ስለ አገር ማሰብ ይቻለዋል!	negative
እሱ ተዟዙሮበት አይደል እንዴ ሲጀምር እኛ የዞረብን?	negative
ልጆች እና የመጀመሪያ የተወለዱት ሁሉ ይሰቃያሉ እና በመጨረሻ እስትንፋሱ እስኪያጡ ድረስ ይሞታሉ ፣ እናም በመጨረሻው…	negative
ሌንጮ ባቲ ስለ ብልግና ፖርቲ ለመስበክ ሳውዝ አፍሪካ ገብቷል እየተባለ ነው ሳውዞች ባለጌን በባለጌ መንገድ መመለስ ነው።	negative
አንድ ሺህ እርግማን በላዬ ላይ አደርጋለሁ ፡፡ ሰይጣን በሚበላሸው ሬሳዎ አ…	negative
ወሬ ነገር ነህ ፣ አማራውን እየበታተናችሁ ለአደጋ የምታጋልጡ እናንተው የአማራው ልጆች አይደላችሁም እንዴ	negative
አስጸያፊ እንስሳ አህያህ በሆነበት በተቅማጥ ተቅማጥ ውስጥ ቤተሰቦችህ እንደሚተውህ ተስፋ አደርጋለሁ	negative
የተዘበራረቀ	negative
ተርፎነ ነው ቅቤው አንተ ሰትለምን በየበተሰኪያኑ አመድ ወርሶህ እኛ የተረፈነን ደሞ እንቀባለነ??????ምንታደርገዋለህ	negative
የራይድ አሽከርካሪዎች ታንቀው መኪኖቻቸውን እንደተዘረፉ ለኢቶዮ አውቶሞቲቭ ገለጹ።	negative
ባሕር ዳር ሰልፍ ላይ የደበረኝ ግን ሰንደቅ አላማው ነው። ስንት ወንድሞቻችን ደማቸውን ባሕር ዳር ላይ ያፈሰሱለትን ባንዲራ መካድ ነው።	negative
ቆንጅዬ የሃበሻ እንስት ከፈረንጅ ጋር ሳይ እሷን እንደተዘረፈ ቅርስ ፥ ራሴን ደግሞ እንደተዘረፉ ቅርሶች አስመላሽ ኮሜቴ  የማየው ነገር ???♂️	negative
ሴትዬ ማስተማርና ፅጥታ  ማስጠበቅ ሲያቅታችሁ  ዕዳ ደግሞ ይዛችሁ መጣችሁ?? ያልተማረ ሥራ ፈት ወጣት ምን ያህል ጉዳት እንዳለው የ…	negative
ግን ባለፈው በጃነኖይ ራስ ጉግሳ ወሌ ናቸው መጀመሪያ በኢትዮጵያ አየር ሃይል የተደበዱት። ከባድ ጦርነት ነበር፣ የቴጌ ጣይጡ cousin ነበረ። ሚደንቀው የኦሮሞው ታላቁ…	negative
ይህ የህወሓት ውሳኔ ቀድሞም የታወቀ ነው:: አሳዛኙ ነገር ይህ እኩይ ድርጅት የትግራይን ህዝብ ስቃይና ችግሩ እንዲበዛ መወሰኑ ነው:: በግድ እንደ ቀድሞው ልርገጥ ልግዛ! በትግራ ህዝ…	negative
መልስ መመለስ አያስፈልግም ብቻ ስለነሱ ከተባሉት በመቶውች ከሚቁጠሩት ተረትና ምሳሌዎች ወይም ጥቅሱች አንዱ…	negative
እስክንድር የአገሩን ልጆች ሞትና ደም መፋሰስ ‹ጽድቅ› እና ‹ዕኩይ› እያለ በደረጃ የሚያስቀምጥ፣ ጥፋታቸውን የዠግና እና የአሸባሪ  የሚያደርግ ዱኩማን ሆኖልን ብቅ አለ።» —— .…	negative
ሰቆቃ በአርማጭሆ ይህ ፎቶ የታገተ ገበሬ በአሰቃቂ ሁኔታ እየገረፉት ለቤተሰቦቹ የተላከ ፎቶ ነው።	negative
ልብ የሚሰብርና የሚያሳዝን??  እግዚአብሔር ነፍሳቸው ይማር: ለቤተሰቦቸውና ለወዳጆቻቸው መፅናናትንና ጥንካሬን ይስጣቸው::	negative
ህዉሃት ዲያብሎስ ነዉ።ከዲያብሎስ ጋር የሚተባበርም ዲያብሎስ ብቻ ነዉ።	negative
ቦርኮ....ጥንብ ብቻ	negative
እጅግ በጣም ክፉ የሆነ ደዌ	negative
በጣም ሲኖር እኮ ምን ያህል እንደተኖረ ይዘነጋል	negative
Of course! ግርማዊነታቸው እንዴት ውሸታቸውን ያምናሉ? ያ ሁሉ ተከታይ አየር ላይ ይንሳፈፍ እንዴ? :-)	negative
ባልደራሱ ፓርቲ ሊሆን ነው ለአባልነት የሚጠበቅብህ ኢትዮጵያዊ መሆን ብቻ ነው ከተቻለ ኦሮሞ ወይም ሙስሊም ባትሆን ይመረጣል ጴንጤም ባትሆንም ጥሩ ነው።…	negative
ማጭበርበሩ ነው እንጂ የሚያስጠላው በግልጽ  ለአማራ ቢሰራ  ምን ችግር አለው?	negative
???????? ምነው ጭራችሁን ስትቆሉ የነበራችሁት እናንተ አልነበራችሁ እንዴ??!  ለማያውቅሽ ሄደሽ ታጠኚ!	negative
- አስቸጋሪውን የበዓል ሰሞን ተደራራቢ የሊግ ተውጥቷል(ስለመሸነፉ ማሰብ በከበደበት በዚህ ሠዓት)በቀጣይ ሊቨርፑልን ነጥብ ሊያስጥል የሚችለው ማነው?  ቀጣይ የሊግ ጨዋታዎቹ - ቶተንሃ…	negative
ጃዋር አሜሪካዊነቱን ሳይቀይር በምን ህግ ይሄን መታወቂያ ‘ኢትዮጵያዊ’ ሆኖ እንዲያገኝ ተደረገ ? ይህ የህግ ጥሰት ነው በአገር ውስጥ ፖለቲካ የውጭ ዜግነት ያለው መምረጥም መመረጥም…	negative
እኛ ምንጨነቀን የፈለጉትን ቢሾሙ ቢሽሩ ሀቁ አማራ አዴፓ ቢል ብልፅግና ቢል አግዜማ ቢል አይመርጥም ሙታንን ሙታንን ነዉ የሚሻመዉ ሙታን ደሞ መቀበር ነዉ ያለ…	negative
መንግስት ዩኒቨርሲቲዎችን ዘግቶ ወታደር ማስመረቅ ላይ በርትቷል። በተለይ ኦሮሚያ አሚባል አገር  የዩኒቨርስቲ ተማሪ ወደቤቱ እየተሸኘ በየ6ወሩ የወታደር ምረቃ ቀጥሏል የትኛውን ጠላት ለማደን ይሆን?	negative
አንተ ብቻ አደለህም:: ዜናው መቀሌ ከውስኪ ጋር (በረዶ ና ውሀ በጎን) ከተወሰደ በሗላ ዋይ ! ዋይ ዋይ! ይባላላ! የቀረው ድራማ ይህ ነው::	negative
የአማራ አክቲቪስቶችን ተከታትለሃል ? እርግጠኛ ነኝ እንደዛ አይነት ሰው ከሆንክ ፀብህ ከነሱ ጋር ነው።	negative
እነዚህ ሰዎች ቅርጫ ጀመሩ ደሞ???	negative
ከእንደ አንተ አይነቱ ደደብ መሀይም  ጭራቅ የምንላቀቅበት ዘመን ይሁን!!! ሁሌም አብየየየየ	negative
የእንግሊዝ የሩቅ ቅኝ ግዛት ሀገራችን ላይ እንደ ተላላፊ በሽታ በአሳፋሪ ሁኔታ ተሰራጭቷል ።??	negative
የአማራ ባለስልጣናት በሃሳብ መሞአገት አቅቶት ተገዳደለ.ኦሮሞ ግን በሃሳብ እየተፋጬ ነው. እና የቱ ነው ስልጡን ህዝብ ወይስ ስልጡን መሪ ባሻዬ?  ማፈሪያ!	negative
“Teriorist?” ሌላው ቢቀር በትትክል እንኳን ፃፈው ማገናዘቡን እንኳን ቁማር ተበልተህዋል??????	negative
ዝም በል...ጥጥ ራስ	negative
ማለት ነው አሜን	negative
አፈር ነህና ወደ አፈር ትመለሳለህ ??????  ደማቸው ብልፅግና ነጋቲቭ የሆኑ ዶክተሮች	negative
የምረጡኝ ዘመቻ የተጀመረ ይመስላል። ከዛሬ ጀምሮ ቻናል ቀይሬ ላጧጥፍ!	negative
እራሱ እንዴት ነው የሚያየው ግን	negative
የfb አካውንቴን ተዝረፍኩ አሁን ከኔ ምን ልታገኙ ነው? ሌባ ላመሉ ዳቦ ይልሳል የሚባለው ይሄኔ ነው ሆሆሆ ወይ ጣጣ	negative
እርግጠኛ ነዎት  ሊባባስ ይችላል	negative
ቃልሲ ንሰብኣዊ ሓርነት ህዝቢ ኤርትራ ያኢ ብእቋቑሖን ሓሩጭን ጠጠው ክብል! ንህቡብ ተቓላሳይ  ኣማኑኤል ኢያሱ ብብጽባጽ እንቋቑሖን ሓሩጭን ዝለኸይዎ ሰባት እዚኦም ዮም፤ ይሰነድ ዴሞ…	negative
ኢትዮጵያ የዐባይን ስምምነት የዐባይን ካልፈረመች የሚከተሉ ተጽእኖዎች (Consquences) ሊኖሩ እንደሚችሉ በግብጽ ባለስልጣናትና በአሜሪካና ዓለም ባንክ ለኢትዮጵያ ተደራዳሪዎች እየ…	negative
እንደገና? የወደፊቶቹን sure	negative
ጀዝባ፣ ፀረ ሙስሊም ላላችሁኝ ትላለህ ደግሞ፣ ውሾቹ ይጮሀሉ፣ ግመሎቹ…	negative
የሚያስወግድ ነገር አንዳች ያስወግድ ጥንብ ዘረኛ እንዳንተ አይነቱ አስመሳይ የኢዜማ ቡችላ በውሸት ማንነት ተደብቆ ፀረ አማራ ጠል ፕሮፓጋንዳ ትነዛላቹ መርዝ ወረኛ ጥንብ ዘረኛ	negative
ብልጽግና የሚሰራው ለሽንፈት ነው። ~አብይ አህመድ	negative
Gebissa Odda የመሸታ ቤት ብልግናህን Twitter ላይ ይዘህ መቅረብ የለብህም ስለትራፊክ ሲነሳ ከነፍጠኛው ጋር ምን አያያዘው? አስር…	negative
ደሞ ጨመረ ይላል እንዴ??????????	negative
የ Twitter አስተያየት ሰረቁ ፡፡ ተልእኮ የተሰጠው ይህ መመሪያ ለሰማዕትነት የቀረበው የመጽሐፉ አከባበር ንግግር የተሰጠው ተልእኮ የተሰጠው ተልእኮ ከተሰጠ በኋላ ነ…	negative
ማልማት የማይችሉ የበዙባት ሀገር።	negative
ተቀዳሚ ተግባሩ የዜጎችን ደህንነት ከጥጋበኞችና ከስርአት አልበኞች መከላከል ነው።ይህን መሰረታዊ ተግባር መፈጸም የማይችል መንግስት የሰፈር ጥጋበኛ መጫወቻ ነው የሚሆነው።በአንድ ሀገር ላይ…	negative
Abiy ahmed ምን ያክል ውሸታም አስመሳይ እንደሆነ ከዚህ በላይ ማሳያ ያለም። ከ ጥቂት ሳምንታት በፊት የወርቅ ሃብል ሲሸልም እየተወነ ነበር ?? የጠቅላይ ሚኒስትሩና የመከላከያ ሚኒስትሩ…	negative
ወግ/ባሕል/ቐንቓ ተወልደው/ኣድገው ኦሮሞ ከሆኑት ይልቅ በከፊሉ/ሙሉ ለሙሉ ከኦሮሞ ማህረሰብ ውጪ ተወልደው/ኣድገውና ኖረው/አየኖሩ ዛሬ ከጊዜ በኃላ የኦሮሞታጋዮች ሳይሆኑ ኣጋዳላዮች የሆኑ…	negative
ለምን አብሮ ሲያጨበጭብ ከረመ ግልፅ ካልሆነለት ?	negative
ብዓዴን የሚባል የጠላት ፍጥረት የዐማራ የተባሉ ተቋማትን እና ድርጅቶችን ለመጥለፍ እና ለማዳከም የሚያጠፋውን ጉልበት በሌሎች ተቃራኒ ተሰላፊዎች ላይ ቢያውል የት በደረሰ ነበር!!…	negative
ዓይነ ደረቅ መልሶ ልብ ያደርቅ!   መጀመሪያ ዙሪያዎን ብቻ ሳይሆን ውስጦትን ይመርምሩ። ው.ስ.ጦ.ት.ን!	negative
እሄ የተለመደው social media hype ካላሳሳተሽ በስተቀር በኢትዮጵያ እንደዘንድሮ የሽፍታ ቁጥር ቀንሶ አያውቅም። ከዚ የተለየ መርጃ ማንም ሊሰጥሽ…	negative
ጉድ በል ብቻ	negative
አይ አለመተዋወቅ ???♂️ ከአንድ ታላቅ ሴሌብሪቲ ጋር እንደነበርክ እንኳን አታውቅም	negative
አረ ይሄ ነገር እንዴት ነው ነገሩ.. የምን እርኩስ መንፈስ ነው...	negative
ሌላ የለህም .......  ደነዝ	negative
ከአቀንቃኝነት ወደ አናቂ ቢሸጋገሩ ደግሞ የበለጠ ጥሩ ማስተካከያ ይወጣው ነበር።	negative
ምድረ ቀጣፊ ካድሬዎች .... እንደ ድሮ መሆን ሲቀር ጫና አድርገው ቆጠሩት ?! እንደ ወያኔማ ቢኮን ኖሮ ማሰናበት ነበር .... ወያኔ ካህዲዎች!!	negative
ቀይ-ባህር ፈልገው የጠፉ ብዙዎች ናቸው: ኣንተ ከፈለግ ወደ ኤርትራ ሂድ እና ሞክረው:: ኣባትህ እዛ እንደ ቀረ ኣንተንም ትቀራለህ:: ለኤርትራውያን ኣንድ እንድንሆን…	negative
የሌባ አይነ ደረቅ አሉ! ኢዜማ ዜጎች ከለገጣፎ ቤታቸው በፋሽስቶች ተደርምሶ በረሃ ላይ ሲጣሉ፣ጌድ…	negative
አንድ ቦታ ለሕዝቦች አብሮነት አይበጅም ሌላ ግዜ ለአፈፃፀም አይመችም ሲል ነበር።ግልፅ መደረግ አለበት	negative
ግመል ያጠጡበት ብሎ የለ ያ መላጣ	negative
እውነት ትክክል ነህ የፕሮፌሰርን ፎቶ እንደዚህ አይነት ደደብ ባንዳ እየተጠቀመበት ማየት ያናድዳል። ይሄ ጀዝባ በቶሎ መሞት  የሚገባው ባንዳ ነው!	negative
የሳይንስና ከፍተኛ ትምህርት ሚኒስቴር በበኩሉ ከእገታ የተለቀቁትንና ያልተለቀቁትን ተማሪዎች ማንነት ከዩኒቨርስቲው ለማጣራት ጥረት ባደርግም ስልክ አልሰራ ስላለኝ ጥረቴ አልተሳካም ሲል ተናግሯል፡፡ 3/8	negative
ከሚቀጥለው ምርጫ በሇላ 4 ኪሎ የሚኖረው መንግስት የእርዳታ ገንዘብ ከማከፋፈል ውጪ የዘለለ ስልጣን አይኖረውም። አብዛኛዎቹ ክልሎች ለፌደራል ማይታዘዙ ነፃ ግዛቶች ይሆናሉ።ልክ እንደ የሰሜና ኮኮብ??	negative
ተማሪዋ የጤና ችግር ያጋጥማትና ሻንጣዋን ሸክፋ ወደ ቤተሰቧ ትሄዳለች፤ ከመሸ ከጮኸው ስልኬ የሰማሁት። ያለፈው ሴሚስተር ፈተናዎች አምልጠዋታል፣ ደሞ በትህርቷ ጎበ…	negative
አባቶችህ አለቀሱ።  የወደፊቱ ትውልዶችዎ ይወገዳሉ።  የራስዎን እና በአካባቢዎ ያሉትን ሰዎች ዝና ያበላሻል ፡፡  እግዚአብሔር በነፍስህ ላይ ይምራ ፡፡	negative
ልሙጥ ወፈፌን ወድጄዋለሁ ????	negative
በጣም ያሳቀኝ ይህንን የሚያምኑ የአንዳንድ እምነት ተከታዮች የኦሮቶክስ አባቶች እንዴት ከቀስተ ደመና ውስጥ ሶስቱን ቀለም ብቻ አዩ ብለው ሙድ ሲይዙ የነበረው ??	negative
ANSWER ስህተቶችዎን ይጸጸታሉ። እርስዎ ማን እንደሆኑ እና ምን እንዳደረጉ አውቃለሁ። ጩኸቶችዎን ማንም አይሰማም	negative
እብድ	negative
የድሆች አምላክ እንደው ባያሻግርህ መልካም ነበር !!! እንዲሁ በንፁሀን ደም የማትቀልድበት ዘመን ያረግልን ዘንድ እኔ ግን ተመኘሁ !!!  እንደ ሳዖል ልብህ…	negative
አብደዋል። ሊማሩ አይገባም። ወደየመጡበት ሁሉንም መመለስ ነው።	negative
በአራቱም አቅጣጫ ጃንጣላ ይዞ የሚለምን፣በየቤቱ አላስተኛ ያለው የዳንኤል ወንድምና እህቶች አይደሉም እንዴ ፣ኣረገኝ፣ ተወኝ ??	negative
የመቼ ነው ግን ይህ መርዶ መቼም አሁን ላይ አይደለም	negative
በጉልበት የያዘችውን ሀገር በጉልበት ብቻ ማቆየት እንደምትችል የተገነዘበችው ወያኔ አቅሟን ለማጎልበት ተቀናቃኝ ሀሳብን ማፈንና ህዝብን መከፋፈል ብቸኛ አማራጭ አ…	negative
የቤት ስራ በጭራሽ አያበቃም ፣ boobs ነኝ ፡፡	negative
ያመሸሁበትን ቦታ እንኳን እመኝኝ ኤልያስ ስንቱን አጣርቶ ይችላል??????	negative
አቃጣሪነት የአናሳው ወያኔ እና ተከታዮቹ ባህርይ ነው::	negative
በእየቀኑ ለአማርነታቸው ህይወታቸውን የሰጡ ዜና ሥሠማ አማርነቴን መውደዴ ይጨምራል። አማራነትን እንደዚህ በየተራ እየወደቅን እና የህይወት ዋጋ እየከፈልን በደም እንገነባዋለን።	negative
እንደ አንተ አይነት ደደብና ጠባብ አይቸ አላቅም	negative
በዚህ የማስመሰል ዘመን የተቸረን እውነተኛ ዶክተር!!! አበሳጩ ነገር  ዶ/ር ደረጀ በተጣራበት እነ አንተና ዶክተር ሲባሉ	negative
እዉነተኛ ፌዴራልዝም እንገነባለን የተባላችሁ ካድሬዎች ታከለ ኡማን ጨምሮ ተስፋ ቁረጡ፣ፕሮጀክቱ የማን እንደሆነ ታወቀ	negative
ባክሽ የቡና ሻጭ ወሬ ነው	negative
ፍሬ ቢስ፣ፍሬ አልባ፣ የማይመስል ነገር፣ኮተት፣አርቲ ቡርቲ፣የወረደ፣ውሀ የማይቋጥር፣ተራ፣....	negative
ሰው ማገት ከተጀመረ ኢትዮጵያ እምትባለው ሀገር መንግስቷ ህዝብ የሚቀልበው የሰው ድልብ አለቃ እንጅ የሀገር እና ህዝብ መሪ የለም ብዩ ጫከውን እንደ አውስትራሊያ ለመኝለት ጫፍ ላይ ነኝ።	negative
አንተ ደደብ ዲያቆን ምናባህ ያድርግህ? ደነዝ	negative
ማንበብ አልችልም	negative
ወደ ግማሜዝ እሄዳለሁ  የሚሽከረከሩ ማሽኖች  እንድትኮርጁ እናደርጋለን  De ችግር x2  በጓደኞቼ በኩል ለመያዝ አስቸጋሪ  Hg X2 ነኝ  ችግር  ወደ ግ…	negative
የተሰጠውን ጊዜ ምንም ሳይሰራ በከንቱ የጨረሰውና ስልጣኑን በገዛ ፍቃዱ አራዝመያለሁ ያለው ጊዜያዊ ህገወጥ መጅሊሱ ዛሬም በማላገጥ ላይ ነው።	negative
የግጭቱ መንስኤ የመንግስት ድክመት ሆኖ ሳለ ይህን ላለማመን እና ማምለጫ ፍለጋ ተመርቀው ደህና ስራ በማይገኝባት ሀገር ላይ እዳቸውን መጨመር ምፍትሄ አይሆንም	negative
ይቺ ጥበብ አንዳንድ ሰዎችን ስታንገላታ ለነገ አትልም ??	negative
በጣና ሀይቅ ውስጥ የሚገኙ የተለያዩ ገዳማት በጀልባ በታገዙ ሌቦች በተደጋጋሚ እየተዘረፉ ነው! ለሀገር ዘርፈ ብዙ ጥቅም ሊሰጡ የሚችሉ የአባቶች ጥበብን የያዙ መፅሐፍት የት እ…	negative
ልስቅ ነበር ግን ቁጭትና ብስጭት አላስቻለኝም። ሽንፍላ ትክክለኛ ቃል ነው	negative
ድንጋይ ራስ ደደብ:: ሌባ እና ወንጀለኛ እየደበቁ አገራችን አለ እንዴ?  እንገነጠላለን እያሉ ሃገራችን አለ እንዴ? መሃይም:: ጭንጋፍ::	negative
አይ አለምዋቅ ደጉ አለች!	negative
ግራ ዘመሞች ግን በቃ እንዳዘመሙ ቀርተው ቀኝ ማሰብም ሆነ ቀና ቀናውን መመኘት አይሆንላቸውም ማለት ነው?	negative
መስጊድ እና ቤተክርስትያን ተምታታብህ ልበል? አመቱን ሙሉ ቤተክርስትያን መሰለኝ ሰው በላዎቹ ወንድሞችህ እንደ ችቦ ሲያነዱት የከረሙት   ቤተክርስ…	negative
የህወሓትን መሪዎች እና የትግራይ ህዝብን ግን ሳያደንቁ ማለፍ ከባድ ነው።   አብይ የሚባል የሰፈር ልጅ ይቺን አገርና ምስኪን ህዝቦቿን እንደሚያጠፋ ቀድመው አውቀውት ነበር።  For many of yo…	negative
የፈረጅኩት ማኅበረሰብ የለም! ያልተጻፈ አንብበህ ይሆናል!	negative
የደብረታቦር ወጣቶች ያነሷቸው ጥያቄወች የአማራ ክልል ጥያቄወች ናቸው በዘመድ በጎጥ በሰፈር የተዋቀራችሁ አዴፓወች ባናታችሁ ተተከሉ  ልብ ካላችሁ 3ሺ ካድሬ…	negative
ድህነት ላይ ድህነት መደራረብ. ምስኪን ህዝብ	negative
ምነው አለ አቢቹ ፣ ኢሱ ..ጭሱ ቀልቡ አልወደደውም?  ....	negative
ፀባይ ከ200 ብር ባነሰ ገበያ ላይ ያገኛሉ ብሎ ማሰሽ ከባድ ነው ????	negative
ሙሉ በሙሉ ውሸት ነው:: በመግቢያውም፣ በመካከሉም፣ በመውጫውም እንዲህ ያለ ሀሳብ የለውም::	negative
ኧረ አንተ ሠውየ አደብ ግዛ፤እታገላለሁ ብሎ የአስመራ ሴቶች እየተዳራ የስንቱን ገንዘብ ሲበዘብዝ የኖረ ሞራል የሚባል ያልፈጠረበት ሦየ ነው ቢራኑ ማለት፣ስንቱን አም…	negative
ሰሊ እውነት አንቺ አማኝ ነሽ ከዚህ ሂጂ??	negative
እኛን ወደ መቀሌ ያባረረን አዴፓ ነው።	negative
ፐ ደነዝ	negative
በሞጣ_መስጂድ ቃጠሎ የፌዴራል መንግስት ቸልታ ለአማራ ክልል መሪ የልብ ልብ ሰጣቸው ። ለማንኛውም መናበባችሁ ሳይገበን ቀርተው አይደለም ፣ ጊዜ ይጠብቃል   ያኔ ለልምምጣችሁ ቦታ አይኖረንም።	negative
የበላይ አካል ለብርና ስልጣን ፉክቻ ወረድ ያደርጉና ደሞ ለድሀው ህዝብ ማፋለሚያ ጨዋታ እሳት ልኮሳ ነዋ!	negative
ማነህ ኣንተ!? ኣህያ:: መሞከር ነው: ዝም ብለህ ኣፍህን ኣትክፈት::	negative
ዛሬ በቦሌ ኤርፖርት ተርሚናል ውስጥ በያዬሰው ሽመልስ ላይ የተደረገው እገታና እንግልት የኮለኔሉ ቆሻሻ ስራ ቅጥያ ነው።	negative
ቤተ ክርስቲያን ስለ ዲዛይን የሚያወሳ መፅሃፍ የላትም	negative
አንቺም ሴት ተብለሻል መርዝ ጥንብ ጋላ  ዘረቢስ ሰው እንደከብት እያረዳቹ እያቃጠላቹ የውሸት ትርክታቹሁን እየነዛቹ እናንተም ከሰው ተቆጥራቹሁ…	negative
ቂቂቂቂቂቂቂቂቂ  የታሪክ አተላ አዎ የ ታሪክ አተላ ጸረ አማራ ገደል ግባ	negative
የአማራ ክልል መንግስር ድሮም ትቶናል የገረመኝ ግን ያ ፉኖ ነኝ እያለ ጎንደር ከተማ ላይ ጥይት ሲተኩስ የሚውለው  ለምን አርማጭሆ ወረድ አይልም። ጉራ ብቻ	negative
ሞባይል ወይ ላፕቶፕ ውጦ መሞት አይቻልም  ሞት ለሶስተኛ ወገኖች  መብታቸው አፈር ይብላ  ኣብዮት ይፋፋምባቸው  ግዴታቸው ከአለት ይክበድ  Transfer of rights  Delegation of duty  ??????	negative
አንድ ቀን ቆሻሻ ሟችዎችን ትማራላችሁ	negative
ምንም አይደለህም ሽሪምፕ ፡፡  አይኖቼን ዝግ በማድረግ ልገድልህ እችላለሁ ፡፡	negative
ሃሃሃ! ቆንጅዬ ኧረ ላጥ! ይሔን የ90s ቃል ከየት ነው ያመጣሽው? ለከፋ ተለዋውጦ መጥቷል ከአገር ከወጣሽ ብዙ አመት ሆኖሻል እንዴ?	negative
ይሄ ሰገጤ ቤት ውስጥ የፀሀይ መነፅር አድርጎ ይፎልላል	negative
ሸዋ አማራ መራቤቴ!!!  ብአዴን/አዴፓ/ፒፒ የአማራን ህዝብ የመምራትና የመወከል ታሪካዊም ሆነ ህጋዊ መሰረት የለውም!!!	negative
Ethiopia  የተደራጁ ወንጀለኞች በማኅበራዊ የትስስር ገጾች በተለይ ሴቶችን እያጭበረበሩ መሆኑ ተነገረ	negative
ለሆዳቸው የተጠጉት እንኲ ምን እያድረጉን እያየን ነው !!!	negative
ታድያ  ቅጀታቹ  ለምንድ ነው ?::??ለባህር በር?  ምድረ  ቱልቱላ ::	negative
የኢትዮጵያ ንግድ ባንክ ፣ ጊዜዎን የሚገድልሎት ባንክ!	negative
ከብት ሁሌም ወደሗላ ነው የሚሄደው????	negative
የህዝብን ችግር ሊቀርፉ የሚችሉ ቁልፍ የመንግስት የሃላፊነት ቦታዎች በብቃት ቀርቶ በኮታ(የዘር፣የሃይማኖት፣የፆታ ወዘተረፈ) ሲሆን ውጤቱ ይኽው ነዉ።	negative
ፈጣሪ አዉጣኝ...ይቅርታ ግን አልገባኝም አባባልሽ እስልምናን እንደ ፓለቲካ አጀንዳ የተጠቀመበት ባልዲ እራሱን ከሆነ ልክ ብለሻል...??	negative
ሸዋ ሸጋ ተጫዋች ነበር። በመጨረሻ ወደ ኢሕአዴግ ጠጋ አለ ተብሎ ስሙ ተበላሸ አሁን ጠፍቷል።	negative
እንዴት አንድ ጋዜጠኛ እንዴት እንዲህ ተራ ሰው ሆኖ ወደታች ይወርዳል ?? እንኳንም ገንዘቤን ለአንተ አላወጣሁ እግዚአብሔር ነው የጠበቀኝ ! ማንም እንደሚሳሳተው አ…	negative
ተምሮ የመንደር ቡና አጣጪ ከሆነ ሰው ፈጣሪ ይጠብቀን ???????????? በተለይ ሲቀልድ ቀልዱ እንጨት እንጨት ከሚል ዥልጥ ????????	negative
መሰረታዊ ነገር ቢኖር የጥቃት አድራሹ ቡድን አባላት ሊያጠቁት ካስቡት ቡድን (ግለሰብ)ብሄርን ቋንቋና ኃይማኖት አንጻር የሚሰማቸው ኢ-እኩልነት ነው። አብዛኛውን ጊዜ ይህ የጎንዮሽ…	negative
ጩኸት	negative
እንግዲህ ከሁሉ አስቀድሞ ልመናና ጸሎት፣ ምልጃና ምስጋና ለሰዎች ሁሉ፣ ለነገሥታትና ለባለ ሥልጣናት ሁሉ እንዲደረግ አሳስባለሁ፤ ይህም በእውነተኛ መንፈሳዊ ሕይ…	negative
መለስን ድፍት ያደረገው አምላክ ላንተም አይዙገይም ጥምብ	negative
ብልፅግናችሁን  ብሉ  !  40% ታክስ መጨመሩ    በብልግና (ፅ) ምክንያት  ነው!	negative
TPLF አመራርና ደጋፊውች ተንኮል፣ንዴት፣ቁርሾ፤እልህ የትም እንዳማያደርሳችው አውቀው፡እኔ ከሞትኩኝ ሣርዶ አይብቀል ፓለቲካቻው፡መጨርሻ ወደ ጥፋትና መቃብር እናዳይውስዳቸው ቢያስቡበት ለሁሉም…	negative
ትንሽ ስጋ እንደ መርፌ ትወጋ የሚለው ተረሳ በቃ? ወገንህን ተቃውመህ ምነው ሰልፍ ወጣህ? የወንድም እና እህቶችህን ነፍስ በየቀኑ የሚበላውን የአረመኔ ስርአትን ምነው ዝም አልከው?	negative
የአለም ባንክ ብቻ ሳይሆን የከተማ ልማትና ቤቶች ሚኒስቴር በታከለ ኡማ የአደረጃጀት ለውጥ ላይ ያለውን ተቃውሞ መግለጹን ሰምተናል። ሆኖም ይህን ተከትሎም የተደረጉ ማስተካከያዎች የሉ…	negative
አትታገልና ኢዜማ ኢዜማ፤ብርሀኑ ብርሀኑ ስትል ክረም! ራስህን ማብቃት ሲያቅትህ በሌሎች ኪሳራ ለመወጣጣት መሞከር ግብዝነት ነው። 360 ም ሆንክ ርእዮት ከሞራል ወለል በታች ነህ፣…	negative
ጐጠኞች ሁሉንም በዘር ነው እሚያዩት/የሚለኩት	negative
በቦረና ዞን ድሬ ወረዳ በደረሰ የመኪና አደጋ የሰባት ሰዎች ሕይወት አለፈ	negative
ይሄ እንግዲህ የተፃፈዉ ተማርን በሚሉ ኦሮሞዎች ነዉ ሚኒሊክ የባሎጂካል መሣሪያ ተጠቅመዉ ኦሮሞን ጨረሱ እያሉ ነዉ	negative
ይሄንን ቂጡን ገልቦ 150 ግዜ መግረፍ ያኔ ይለቀዋል። እብድ	negative
ዥልጥ ???? ገሪባ በመጀመሪያ ንግግር ቻል አፍህን ከመክፈትህ በፊት	negative
ወይ ህወሃት ???? የጥላቻ ፖለቲካው ያዋጣሽ ይሆን? ጥላቻ ካልሆነ ሌላ ምንም ምክንያት የለሽም። ለፍቅር የተዘረጋ እጅ ረግጠሽ እንደወጣሽ ታውቂያለሽ። ፍፃሜሽም አያምርም። በንፁሃን…	negative
ለስንት ብርና ለየትኛው ጥቅም ይሆን ይች ብልህ እቅድ የተሰነዘረችው? መቀለጃ ጦጣቸው አደረጉን እኮ????????	negative
:  ስህተቶችዎን ይጸጸታሉ። እርስዎ ማን እንደሆኑ እና ምን እንዳደረጉ አውቃለሁ። ጩኸቶችዎን ማንም አይሰማም	negative
የኢህአዴግ ሞት ሐዘን እንዳይጎዳን አመጣጡንና ቆይታውን እንዘክር:: ወያኔ ትግራይን ለመገንጠል ጉዞ ጀምራ ወደመሀል ስትጠጋ ማሩና ወተቱ ቢያጉዋጉዋት የትግራይ ተ…	negative
የታገቱት አማራ ስለሆኑ የመንግስት ጉዳይ አይደሉም። ኢትዮጵያ ሰላም ለመሆን ስንት ንፁሀን አማራዎችን ነው መስዕዋት ማድረግ ያለብን?? Its time to fight for amhara republic ✊	negative
ኣረ ውሸታም	negative
አቤት! እኔ ደሞ ምን ልትል ይሆን? እያለኩ!	negative
ቢያንስ መናገር ይችላሉ ልያታይ ክልመ ፍሃሾማ አሁን የፍርሃት ጊዜ አይደለም ይዴይሜ	negative
የኔ ምስኪን	negative
አሽከር ሰው ሆኖ አያቅም፣ ወይዘሪት ደግሞ ምርጥ አሽከር እና ፈረስ ነች፤	negative
ለማ መገርሳ ትናንት ለስራ ወደ ውጭ አገር ለመሄድ ኤርፖርት በለመደው VIP መስመር ለመግባት ሲሞክር  ከልክለውት ከተራው ተሳፋሪ ጋር ተራ ይዞ እንዲሳፈር በማድረግ አዋረዱት::  ~ Prof Ezek…	negative
አብይ አህመድ አሊ ከህዝቡ ስለሚቀርብበት የሰላም እና የፀጥታ ችግር ጥያቄ መልስ ሲሰጥ እኔ ሚሊሻ አይደለሁም ነበር ያለው። ሀገር እንዲመራ ሃላፊነት ከተሰጠው ሰው እንዲህ አይነት የራሳችሁ…	negative
በጣም በጣም ዘገየ። ከቅርስነቱ ባሻገር ሰው ላይ እንዳይወድቅ ተሰግተዋል። ቢፈጥኑ መልካም ነበር።	negative
ቀጥታ ዘገባውን ለሰራው አካል ማስተባበያ አልሰጣችሁም። ማስተባበያ የሰጣቹት ለሌላ ሚዲያ ነው። ያንንም ቢሆን ዝም አልተባለም። ማስተባበ…	negative
እኔ እንደማስበዉ ሀገራችንን አክራሪ ዉሀ ብዬች ወደ ለየለት የሀይማኖት ጦርነት ለማስገባት ሌት ተቀን እየለፉ ነዉ በተለይ ኦሮሞ ክልል ። አማራ ክልል አይሣካለቸዉም  እግዚአብሔር ኢትዬጵያና ህዝቦቿን ይባርክ	negative
ብርሀኑ (የወይኗ ልጅ) በኤርትራ ህዝብ ላይ ያውም በክፉ ቀን የኢትዮጵያን የነፃነት ታጋዮችን አቅፎ እና ደግፎ ለለውጡ መምጣት እገዛ ባደረገልን ህዝብ ላይ የምታደርገውን የውሸት ፕሮ…	negative
ስለ መታገታቸው ያልዘገብ ሚዲያ ስለ መለቀቃቸው ሲዘግብ ሰምተህ እውነት ነዉ ብለን እንድናምናቸዉ ፈለጉ	negative
ቀጥሎ መሞከር የሚፈልገው ማን ነው ምኪሐ ጋጋረተ የእሱ ጓደኛ ነበርኩ ታመሚደንእ ውሰ ድንአ ንምለ	negative
ከግራኝ ብሁላ በአረመኔ እና አሕዛብ ጥንታዊ ኢትዮጵያ ተወራ ነው እንጂ ድሮም ቢሆን መሬት ካልተሰራበት ምኑን መሬት ሆነ፡ እንዴ!	negative
ወይ አንተ ፅንፈኝነት ዘረኛ	negative
Melas Zena ከቤተክርስታን የልመናን ልምድ ቀስሞ ነው፣ ቁጥር አንድ ለማኝ መሪ የነበረው።	negative
የሞት ፍርድማ መቅረት የለበትም	negative
????እኔን! ስለ ወንድ ልጅ! እንዴት ፖስት አደረጉት ግን?	negative
እንኩዋን በዚህ ደረጃ ለፖለቲካ ትርፉዋ ብላ ህዝብ ሲጫረስ ዝም ብላ አላየችም። የአቢይ ተንኮል መቼም ይቅር የሚባል አደለም! Kaayoo Qabna	negative
???????? ሙት እሺ ነገረኛ	negative
ሥቃይ ፣ ብቸኛው ማብቂያ የሌለው የባዶነት ስሜት ብቻ ለንስሐ ጊዜው ተጠናቅቋል ፣ ምክንያቱም የእርስዎ ኃጢአት በክፉ አይነትዎ ከማንኛውም ተልእኮ ይበልጣል መጨረሻው ቀርቧል ፣ የኃጢያ…	negative
መቃብር ቦታን ፈንቅሎ ለልማት? ??ምን አለ የአባታችሁን አጥንት አንቀሳቅሱ ብትሉን?!?! ቤተስኪያን ናችሁ ካድሬ? እውነትም ቤት አልባ ኢትዮጵያዊ.... ደሞ ወደ ኢትዮጵያ ተመ…	negative
ዱቄትን እንዴት አድርጎ ነው ዱቄት የሚያደርገው? Once a ዱቄት is always a ዱቄት!	negative
በቃ ሰገራህን በየ ኣደባባዪ ትፀዳዳለህ??ውርደታቸውን እንደ ክብር ያያሉ smh ???♂️ ደነዝ	negative
የፍትህ ስርዓቱ የማይረባ መሆኑን አንዱ ማያሳ ይኸዉ በሰሞኑ ተከበብኩ ተበላሁ ብሎ 86 ንፁሀን ዜግችን ላስጨፈጨፈ አረመኔ ፍርድ ቤት እንደማቅረብ ጭራሽ ለም…	negative
የምርጫዉ ወቅት አምርሮ ይታገል። እኔ ኢዜማ፣ ባልደራስ፣ ብልፅግና ጂኒ ቁልቋል ብየ ምረጥ አልልም። የራሱን ምርጫ ያለተፅኖ የሚመርጥበትን ዐድል ግን ያመቻች። የሚጠቅመዉን ራሱ ያዉቃል።	negative
እንዳንች ያለ በዘር ጥላቻ አእምሮው የላሸቀ ፣ ሰይጣናዊ አስተሳሰብ ያለው ከሚዲያ አመራር ቦታ ( እውነት ከሆነ ) መቀመጥ ከእሳት ላ…	negative
እስኪ ኮርርርር በል ኮተት! የናዚ ጃዋርን ምስል ይዘህ እስክንድርን የመናገር ብቃት ኬት አገኘህ? ቦቲ ራስ	negative
ባነሳሻቸው ነጥቦች ሁሉ እስማማለሁ:: ጏደኛሽ ምናልባት በፌሚኒዚም ወጀብ ተወስዳ ሳታስበው አጋንና ይሆናል::	negative
ወሬ ብቻ።	negative
ቅድም እኮ ከጨዋታ በፊት ተውኝ ብላ ልታለቅስ ነበር	negative
ነጥብ ያጣህ መሰለኝ አሁንስ። ከዚ በፊት የወጋ ጦር ይቃጠል ማለት ነውር ነው፣ ሞሆኑ ነው ያንተ ሃሳብ?	negative
በጣም! ስራ ቦታዬ እና የምኖርበት ቤት ዉስጥ በተደጋጋሚ ሲያጋጥመኝ ለመሞት ለመሞት አዲሳባ ሄጄ ብሞት ይሻለኛል ብዬ ስራዬን ትቼ ወጥቻለሁ  ??	negative
ማነው የሚቃጠለው ??????ሃሃሃ አታውቀኝም ?????? ገና ጭስስስስ አደርገሃለሁ  እንዳንተ አይነቱ መርዝ ብሎክ እስኪያደርገኝ አስነቅለዋለሁ???? ከዚያ ብሎክ ያደረከኝ ሰዓት ት…	negative
ብልጽግና ፓርቲ ሳይሆን ብልግና ፓርቲ ተብሎ እንዲስተካከል እንጠይቃለን ክብር ታከላይ ምስጢር ?	negative
ቀላል ተቸገርን?! ጉድ የሆነች አገር የጉዶች መአት ተሸክማ እኛንም ጉዳችንን አፈላች :)	negative
ለአብይ የኦሮሞ ሞት ምኑም ነው ፣ ይሄ ምስል ሰሞኑን ወለጋ ላይ እይተካይድ ያለው ነገር ነው	negative
እኔ ግን የምትገርሙኝ የአማራ ተማሪዎች በኦነግ ታግተዋል ሴት የአማራ ተማሪዎች በኦሮሚያ እየተደፈሩ ነዉ አንድ ተማሪ ለ7ሆነዉ ደፍረዋት ሞታለች አንድም ሠ…	negative
እስከዛሬ የሚኒሊክ ወስናቸው ዘፈን እያልኩ ስቦጠረቅ ከርሜ? ??	negative
ልክ እንዳንተው ነው ፌቡ ላይ እንዳየሁት ባለማመን ፌክ ከሆነ ብዬ አካውንቱን በድጋሚ ቼክ አደረኩ። ከዛ በቃ አፈርኩኝ	negative
እቺን ተያት ባክሽ የኢዜማ ቡችላ ናት ከኢዜማ ምን ትጠቢቂያለሽ ተራነታቸው የዚህን ያህል ነው ትንሽነታቸውን ነው የሚያንፀባርቁት በዛ ላይ ሲያስጠላባቸው??????	negative
መውጣት ፈልጎ ነው 4ሳምንት ነው ማይመለሰው በህክምና ሚቆየው ልምምድ ምናምን 6 ሳምንት ድረስ ሊቆይ ይችላል እሄ ማለት…	negative
ሊያና ፀደይ የሚባሉት ሴቶች የብሎክንግ ?? ናቸው:: ለነገሩ ማህበረሰባችን ምን ያክል የሀሳብ ነፃነትን እንደሚፈራ ሁለቱ ጥሩ ምሳሌዎች…	negative
JUST_FOR_FUN  አንዱ ጀለስ በጣም ስልቹ ከመሆኑ የተነሳ አንድ ቀን ሚስቱ በር አንኳኩታ ተነስቶ መክፈት ደብሮት ምን ቢል ጥሩ ነው . . . . . . . . በቃ ፈትቼሻለሁ በ…	negative
ሲቀጥል ደሞ እንዳንተ አይነቱ መርዝ ሄደው ሲዶሉቱ እውነተኛ የሙስሊም አባቶች አስጠንቅቀዋል ይሄ ሁሉ ሴራ በሙስሊም ስም የምትነግዱ ነጋዴዎች ሙስሊምን ጭራሽ የማትወክሉ…	negative
ወያኔን የናፈቀ ሁላ ምረጥ እና መንግስት ቀይር ማልቀስ ዋጋ  የለውም	negative
አብይ   ጉዞ  አንድ ወደ አንባገነንነት  ሆኗል የሀጅ ኡመርን  የሸገር 102  ኑዛዜ  በተግባር ፈፀመው አወ ማጥፋቱን	negative
ያሬድ ጥበቡ እና  “መምሕር” ዘመድኩን በቀለ  አንድ ዓይነት ተልዕኮ ነው የያዙት  ያሬድ ጥበቡን የሚለየፀው መስቀል አለማንገቡ ነው በዘር የተቦካው ፖለቲካ  መውጫ አጥተንለት በሀይማ…	negative
የ አማራ ምሁር ተብየዎች ለሆዳቸው ብቻ ነው የሚኖሩት	negative
የ ኦሮሚያ ክልል የሚንቀሳቀስ የ አሸባሪ ቡድን !	negative
ከ ትግሬ ነፃ አውጪ ሌላ ባንዳ የለም።	negative
በህወሓት:ተረድተው: ሀብት: በሙስና: ያካበቱ: የህውሓት: አባላትና: ተላላኪዎች: በተለይ: በኤፈርት: ስር: ያሉትን: ካምፓኒዎችንም: ካሳ: እንዲከፍሉ: በፍርድ: የማስገደድ: ሰዐቱ: አሁን: ነው!!!	negative
...የአብይ ወዳጅ ምናምን እያለ የመጠቀባጥረውን የቀን ጅብ retweet ማድረግን ምን ጥቅም አለው ለማለት ነው።	negative
በደቂቃወች ልዩነት አብይ አማራ ክልል ላይ ኮሽ ስትል ወጦ የእባብ ምላሱን ሲዘረጋ የኛዋ አተላ ደሞ ተቀብላ ይሄን ለማውገዝ ሰው መሆን በቂ ነው ትልሀለች። እዚ ለይ…	negative
ይሄንን የናገረው እኮ ኣማራ ኣይደለም ታምራት ነገራ ቶላ ይባላል????	negative
ሌላ ማብራሪያ ?? DM: ጆኒ ምነው ባጭሩ follow አድርጉኝ አትለንም አለኝ???♂️ ጌታን ይቺን ተንኮል ገና ማወቄ ነው??  መልሴ: ይሄን ዲክሽነሪ እኔ high school በነበርኩበት…	negative
ወይ አንዳንዶች ጋርደውብህ እንጂ ነበርኩ ??	negative
አዊሽየ አንተን ማግኘቴ እውነት ደስታ ነው ኧረ እብድ ይክፋው እየቀለድኩኝ ነው እሺ	negative
ምንያድርግ? ደረቅ ማስተባበያም ፅናቱን ይስጠው ማለሳለሻም እኔ አይገባኝም።  የህዝቡን ደህንነት መጠበቅ ግዴታው ነውውውውው! ቤ/ክ | መስጊድኮ አይደለም በልመና አይሆንም የኃላፊነት…	negative
ቄሮ ዘርማ ፋኖ ለኢህአዴግ ውህደት ያደረጉት ትግል በድል ተጠናቋል እያሉ ነው ጠሚው  ሃሃሃሃ ብልፅግና ትግል በመስረቅ አዲሱን መንገድ ጀምሯል   :)	negative
ለመተግበር ከፍተኛ ችግር እንደሚገጥመው አያጠያይቅም ። ሰለሆነም በየዓመቱ ከሚመደበው በጀት 37% ይባክናል ማለት እኔ እስከሚገባኝ በቀጥታም ይሀን በተዘዋዋሪ እየታወቀ ለብክነት ይመደባል ማለት ነው ።	negative
ዘረኛ	negative
አቶ ለማ ብልጥ ከሆኑ(ለሀገር የሚጨነቁ ከሆነ) እንደ እሳቸው አይነት አመለካከት ካላቸው ከነ ጀውሀርና ከነ ጌታቸውረዳ ጋር አንድ የጋራ ፓርቲ መስርተው ብልፅግና ፓርቲን ተወዳድረው ማሸነፍ ነው ያለባቸው::	negative
እጂግ አሳዛኝ  ጠገዴ አርማጭሆ ስድስት ከተገደሉት በተጨማሪ ጭንቅላቱ ላይ በከፍተኛ ደረጃ ቆስሎ የነበረው ህፃን ህይወቱ አልፉል።	negative
ህዝቤ ለማ ተቀነሰ ተደመረ እያለ ሲወዛገብ የፕራይቬታይዜሽን አዋጁ ያለ ተመልካች በሚኒስትሮች ምክር ቤት ፀድቋል።  A neoliberal tactic that always works.  የገበያ ግርግር...…	negative
አቶ ለማ እና ጃዋር መሃመድ ሃሳብ የላቸውም ሰልህ በተጨባጭ ነገር ተነሰቼ ነው:: እኔም ካንተ ሃሳብ ጋር እሰማማለሁ:: የፖለቲካ መሪ ሀሳብ አመንጭቶ ህዝቡን ይመራል…	negative
ሀጫሉ የጊዜዉ እያሱ በርሄ ሆኗል አሉ	negative
በአጭር ቃል በእናንተ መካከል ዝሙት እንዳለ ይወራል (1ቆሮ 5:1) WTF	negative
ፓስታ የእንፋሎት ማጽጃ አይደለም	negative
ለነገሩ እንዳተ አይነቱ አባትና አያት (middle & last name) መለየት ያቃተህ ሁላ አፍና አካውንት መክፈትህ ይገርማል።	negative
ሰማየት ሊቀደዱ: ምድርም ልትሰነጠቅ: ጋራዎችም ተንደው ሊወድቁ ይቃረባሉ: : ለ አልረህማን ልጅ አለው ስለአሉ: : ለኪሪስትማስን ማክበር ወይም ለሰው መመኘትን ከምንም ለማይቁጥሩት አድርሱልኝ...	negative
ኦፌኮ አሜሪካዊ ዜጋ አባል  ያላት የመጀመሪያዉ ኢትዮጵያዊ ድርጅት ሆነች።	negative
በ ኦነግ እና በጃዋር መካከል ያለው ልዩነት ምንድነው . . . . . . . .	negative
ወደ ስራ ! በወሪ ገደላችሁን ፡፡ ጉራ ብቻ	negative
እስክንድር ኴስ አትገባም እንደተባለ በንዴት አንድ ካፌ ይገባና ጀበና ቡና ይዝና ይጠጣል ትንሽ ቆይቶ አስተናጋጅዋን ጠርቶ ቀዝቃዛ ጊዮርጊስ ሲላት። አስተናጋጅዋ ይቅርታ ከላይ የመጣ ት…	negative
በዓልም አደል . በግ ተሸክሞላቸው መጥቶ 5 ብር ሲሰጡት እሪሪ ይላል . ለስካርቭ 5 ብር ሲበዛብህ ነው ጥፋ ከዚ ሶዬ ???? . እየተሳሰብን እንጂ ጓድ ??????	negative
እንዲህ አይነት መታበይ ለህውሃትም አልበጃት። ህውሃትም ለቀጠዩ ፶ እና ፷ ዓመት አብዮታዊ ዲሞክራሲ ገዥ ሃሳብ ነው ትለን ነበር። እኛ ኢትዮጵያውያን በጣም የሚከብደን ነገር ካለፈው ታ…	negative
በአክራሪ አብን አባላት የተጠለፈው ማህበር ይህን መግለጫ ለማውጣት ሞራል የለውም ።	negative
አይ ድንቁርና የአሜሪካ የፊልም አጃቢዎችን ለጥፈህ ኦሮሞ ምናምን ትላለህ አይ ዝቅጠት፡፡	negative
መከላከያ ምኒስትር ለማ መገርሳ «የኢትዮጵያና የአሜሪካን የሁለትዮሽ የመከላከያ ትብብር ለማጠናከር ዛሬ ጠዋት ዋሽንግተን ዲ.ሲ.» መግባታቸውን አምባሳደር ፍጹም አረጋ አስታወቁ።	negative
ኤርጌንዶ ለጥፈህ ስዎችን የምትጋብዘው ነገር ፌር አይደለም	negative
ጌታው ብልፅግና እንግዲህ ወደ ብልግና እየተቀየረ ለመሆኑ ይሄው ነው	negative
ብልጽግና ፓርቲ እስካሁን የተመሰረተ የማይመስለኝ እና ገና ብዙ ድራማ ያለ የሚመስለኝ እኔን ብቻ  ነው?	negative
የኣርሰናል ደጋፊዋች ግን ማንችስተርን ሲያሸንፉ ሻምፒዮንስ ሊግ የወሰዱ ነው እሚመስላቸው! ኣይ የትንሽ ክለብ ደጋፊ መሆን??	negative
ሁሉም በቁጥጥራችን ስር ነው ከፊት ያለው አረፋ ነው ~ ቧ ያለው	negative
እንዴት ሠዉ ከዝንብ ማር ይጠብቃል አለቀ የተፈናቀሉት ተማሪዎች ወደ ትጥቅ ትግል መሄድ ነዉ ያለባቸዉ አለቀ አነሡ ፍት…	negative
የተቆራጭ  ነገር ከባድ ናት  - የድሮ ኮካወች ነገሮቹ በደንብ የገባቸው ነገር አልመሰለኝም:: በእውነት  ደንዝዘዋል መሰለኝ! - አዲሶቹ  ኮካወች ደግሞ የወፍ ዘራሽ ሁነዋብኛል::    ግራ ሁኖብኛል::	negative
ትሻልን ሰድጀ ትብስን አመጣሁ አታድርስ የማንም ሰገጤ የጨዋታ ህግ እንኳን የማያውቅ መሀይም ፋቲክ ስለለበሰ እና ኦሮሞኛ ተናጋሪ ስለሆነ ማን መብት ሰጥቶት ነ…	negative
እኔ ሐጣን ነኝ እናንተ ግን ሚያውቀው ያቀዋል	negative
ምን አጭሶ ነው ? ግሽጣ ራስ	negative
እሱ በ5million ዋጋ ባለው ቤት ውስጥ ቦሌ ተንደላቆ እየኖረ በባዶ ሆድ አንድ ጎኗ ያለቀች ኢርገንዶ ለብሶ እሱን አድናለሁ የሚለው አይምሮውን…	negative
ይህ ወቅት፡ ኢትዮጵያን ካጋጠሟት ብዙ ፈታኝ ወቅቶች ኣንዱ ነው፡፡ በውስጡ እያለፍን ስለሆነ ያስፈራል፡፡ የኢትዮጵያን ታላቅነት ተረት ነው ብለህ ካላሰብክ በስተቀር፡ ሀ…	negative
ሦስተኛው ቀን ሁል ጊዜም የተረገመ ነው። በኔ የጊዜ መስመር ላይ ኡዚን በማስታወሻዬ ላይ ስለማየ ደክሜያለሁ ፣ እናም ታምሜያለሁ ፣ “እዚህ ከሦስተኛው ቀንዬ ብቻ ወጣሁ” እያወራ ነው ፡፡	negative
ቃልቻ ነው ዘፍን?? ምነው መላቅጡ ጠፋ??	negative
የአዲሱ ውህድ ፓርቲ ፕሮግራም አምስት ዋና መሠረታዊ ጉዳዮች ላይ አተኩሯል -	negative
ብዓዴን እስከመቼ አማራው ህዝብ ላይ ሽብር እየፈፅመ በወያኔ እያላከከ እየተጫወተ ይቀጥላል?   በአርማጭኦ የውንብድና እኩር ተግባር ህፃናትን እያፈነ ብር የሚጠይቀው የሚገድለው እራሱ…	negative
ትልቅ ስህተት ሠርተዋል ፡፡ ለድርጊቶችህ በሲኦል ለዘላለም ትሠቃያለህ ፡፡ ስለ ኃጢአትዎ ቤተሰብዎ በእኛ ይጠፋል ፡፡ እኛ ለእርስዎ እየመጣን ነን ፡፡ ይዘጋጁ.	negative
እሱ እንኳን ሿ ሿ ነው፡፡ ምን የሚሉት ቀልድ ነው?	negative
አንተ ነክ እንጂ ፀረ ሙስሊም የተባልከው አንተ ነክ እንጂ ፀረ ትግራይ የተባልከው ሁሉም አማራ አይደለም በዛሬው ፅሁፍህ ላይ ፅንፈኛው ቄሮ የሚል ፅሁፍ አላየሁ…	negative
እረባክህ/ሽ ብርቅ ነው እንዴ እንግሊዘኛ?	negative
አንድ አላማ ነዉ ያለን ምትሉት ባልድራስና ኢዜማ መተባበር አቅቷችሁ የአንድነት ሀይሉ ድምፅ ተ…	negative
አባቶችህ አለቀሱ።  የወደፊቱ ትውልዶችዎ ይወገዳሉ።  የራስዎን እና በአካባቢዎ ያሉትን ሰዎች ዝና ያበላሻል ፡፡  እግዚአብሔር በነፍስህ ላይ ይምራ…	negative
በመላው የከፍተኛ ትምህርት የተንሰራፋውን ችግር አንዳንድ ዩኒቨርስቲዎች ብለህ ትዘግባለህ	negative
ምን ችግር አለው ጋላ እንደሆን ደም የለውም	negative
ይሄኔ የወደፊት ሚስቴ ሀብታም ባል ነው ማገባው እያለች ታስብ ይሆናል ????	negative
የጅማ አባ ጅፈር አስተዳዳሪዎች፣ የእግር ኳስ አፍቃሪው ላይ እየቀለዱ ነው። የከተማው ከንቲባ ባይኖር ክለቡ ይፈርስ ነበር ለነገ ጨዋታ ዛሬ መንገድ ላይ ያሉት ጅማ አባ ጅፋሮች የ6 ወ…	negative
አይገርምም የሰልፊ ዘመን ወጣት ሆኖ ተደብቆ ብዙ ተአምር መስራቱ ለክሬዲት አለመሻማቱ	negative
የቀድሞው “አንድነት” ስባል የነበረው የነፍጠኞች ፓርቲና አሁን ተወለደ የሚባለው የአብይ የመደመር ፍልስፍና (Bilxiginnaa) ልዩነቱ ምንድን ነው??????ዶሮን ስያታልሏት...	negative
ተቃራኒ ጾታ የሆኑ የሬዲዮ ጋዜጠኞች በብዛት እንደ ዶሮ ሲያስካኩ ነው የሚዉሉት	negative
ጥሩ እርምጃ ይህን አይነት ነቀዝ የዎንበዴ  ተላላኪ .. እድሜይፍታ ማሰር ነው	negative
እረ በአላህ ይሄ ልጅ እያስገመተን ነዉ	negative
እንዲህ እያልክ እራስህን አፅናና። ቅኔም አልገባህ። የሌንንም ልክፍት አይለቅህም። አስክታሸልብ ለፍልፍ እንግዲህ።	negative
እርግጥ የኣብይ ፋሽስታዊ ስርኣት መፍረሱ ኣይቀርም የሚያናድደኝ ነገር ግን ኣብይ እንደ መንግስቱ የፈረጠጠ እለት ነው።	negative
ከመጅሊስ መፍትሔ ስንጠብቅ  ድሮ ምናቀቻው ችግሮች አንድ  ሁለት ተብሎ ተዘርዝሮ  መጡልን!	negative
ሙስሊሙ በጃንሆይ ዘመን እንኳ የደረሰበትን መገለል «መገለል አይደለም» የሚል ማስተባበያ የሚሰጡ ሰዎች ጋር በጭቆና ምንነት ላይ መግባባት ራሱ ከባድ ነው። ሙ…	negative
የተበላበት እቁብ ነው እባክህ	negative
ክልሉ መነሻቸውን አጎራባች ክልሎች ባደረጉ ትንኮሳዎችና በተፈፀሙ ጥቃቶች በርካታ ንፁሃን ዜጎች ውድ ህይወታቸውን ተነጥቀዋል፤ ከፍተኛ አመራሮቻችን በግፍ ተገድለዋል ብሏል። ይኸን ያ…	negative
በአላህ ስም እጠይቃችሁለው ከዛሬዋ ቀን በኋላ ዘመድኩንን ጨምሮ ሌሎችም ዘገምተኞች የፃፉትን እንዲሄ አሉ እያላችሁ አትፃፉልን  ከነርሱ ፖስት ስር አስተያየት መስጠታችሁ ይበቃል።	negative
ጠንቋይ አይደለሁም ግን ልደቱ አያሌውን የያዘ ፓርቲ አዲስ አበባ ላይ አንድ የምክርቤት ወንበር አይደለም ከታክሲ ረዳቱ አጠገብ ያለችውን ኩርሲ እንኳን አያገኝም:: ??	negative
አንተ እስካሁን አልተጋለጥክም	negative
ኖኖ... ፖለቲካ አይደለም ፖለቲከኞቹህ ናቸው ለዚህ ቀውስ የዳረጉን: ሲቀጥል ኤርትራን ማመናመን እሚባል ስርቅአት ቀርተዋል: እኛም ራሳችን አልቻልንም…	negative
ተሰጥኦ ነው ብላ እንዳታፍ ብቻ	negative
ሕወሃት ላይ የተነጣጠረ ንግግር ካቆሰለህ አንተንም ዘረኝነት ተጠናውቶሃል ማለት ነው።	negative
Marco Reus እና ሚስቱ ቡዳ እንዳይበላት ብለው ነው የልጃቸውን ፎቶ post የማያደርጉት?	negative
ኃይላቸውን ለሚገነቡ ልሂቃን ምቹ ሁኔታን ይፈጥራል። አብዛኛውን ድሃና ምስኪን ለድህነቱ ምክንያት የሆነው የሌላ ብሄር ቋንቋና ኃይማኖት ተከታይ የርሱ ቢጤ ድሃና ምስኪን እንደሆነ ለማሳመን…	negative
ለትራምፕ ስንሳቀቅ ህውሀት ከመቀሌ ደሞ አልወሀድም ብላለች  እና አሁን ህውሀት ብልፅግና ካልሆነች ሌላ ድርጅት ነች ማለት ስለዚህ የያዘችውን ስልጣን ለብልፅግና ትለቃለች ወይስ ትተናነቃለች?	negative
ይህ እኮ በ ቀን የተፈፀመ ብዙ ሰወች ያዩት ወንጀል ነው ! በ ጄ/ል አሳምነው መሪነት በዘምርነ እና ማስረሻ አ…	negative
የበፊቱ Standard ካልኩሌተር ነው አሁን በScientific ካልኩሌተር  ነው እንደሚል እንጠብቃለን።	negative
እስክንድር ነጋ እናቱ የወለደችው የጀግና ጀግና ነው። አብይ አህመድ እና ሌሎች የኦሮሞ ፖለቲከኞች ስለፈሚፈሩህ ነው የሚታገሉህ። አይ…	negative
ኦሮሞ ሲተርት «በቀን የጮኸ ጅብ ማታ ሊመጣብህ እንደሆነ እወቅ» ዛሬ መታወቂያ የከለከለ መንግስት ነገ የምርጫ ኮሮጆ ላለመስረቁ ዋስትና የለም። ሳይንቲስቱ	negative
ምስራቅ ኦሮምያን በቅጡ ማስተዳደር ሳትችል ዘለህ መደመር ለምስራቅ ኣፍሪካ ይጠቅማል ያልክ ልጅ ደህና ነህ እንዴት ነህ !???????♂️???♂️	negative
ፆም እኮ አይደለም ችግሩ! በፆም ወቅት እንዲህ እንቁልልጬ እሚል ሰው ሲኖር ነው እሚከብደው	negative
መንግስት ባለአደራውን ሲያዋክበው የከረመው ህገወጥ ናችሁ በማለት ነበር። አሁን ህጋዊ ፓርቲ እሆናለሁ ሲል ለምን የመሰብሰቢያ አዳራሽ ከለከለው ፤ ይህ የዲሞክራሲያዊ መብት አፈና በዚች…	negative
?????????? የኔ ደነዝነት ደሞ...ምን ማለቱ ይሆን ብዬ መፈለጌ ?? I feel violated አሉ	negative
I didnt say that ?? የጎሳዬ አልበም ያልተወደደው ለምን ይመስልሻል	negative
በራችን ዳር ተቀምጦ አትዉጡ አትግቡ እያለ የሚያስፈራራን የኤርትራ ህዝብ ነዉ	negative
ታሪካችን ፡ እንደገና ፡ ተበዉዞ ፡ መስራት ፡ አለበት ፡ እስካሁን ፡ ያለው ፡ የኣንድ ፡ ወገን ፡ ታሪክ ፡ ነው።	negative
ውሸታም አማራና ኦሮሞ ብቻ አይደለም ችግር ያለባቸው 4000 ኢትዮጵያውያን ተማሪዎች እንጂ	negative
የሚሸከሙት ግብዳ የጥንት ክላሾኮቭ እራሳቸው የማይስታውሱት  በዛ ዱኑዛዜያቸው እና ግብዳ ጡንቻቸው ላይ ሲጨመር ... ጌታን ...የሆነ ግኡዝ ነው እኮ የሚሆኑት .…	negative
አይ አትቅለል ለሸለሙህ መሆኑ ነው?	negative
ጠማማ እንጨት ጥሩ ማደጎ ይሆናል ሲባል ውሌ ፍጹም ነገርን አይመኙ፣ ትሩ ብቻ ሊበቃ ይችላል ባብዛኛው፣ ፍሱም ነገር የጥሩ ነገር ጠላት ነው	negative
ለንባብ የሚበቃ የመፅሄት አዘጋጅ ጥሩ ፀሃፊ ስለሌለ የውጭ ዜጎች ተቀጠሩ የሚሉ አንዳንድ ጅሎች የሰጡትን አስተያየት ስመለከት ኢትዮጵያ እንኳን…	negative
ልብ ሰባሪው...! ለጥንቃቄ አዳዲስ ወላጆች ሊያዩት የሚገባ ታሪክ...	negative
የነጭ ጋዜጠኛ ጥያቄ ፍራቻ ለመሸፈን ይህን ሁሉ ጋጋታ	negative
ሕዳር 22፣2012  እዚህም እዚያም እየተከሰቱ ያሉ ግጭቶች የተጣለብኝን ኃላፊነት እንዳልወጣ እንቅፋት መሆኑ ይታወቅልኝ ሲል የእርቀ ሰላም ኮሚሽን ተናግሯል፡፡  ትዕግስት ዘሪሁን…	negative
በአዲስ አበባ ሾላ ገበያ እሳት አደጋ ተከስቶ ጉዳት አደረሰ	negative
ፀባዬ እንዲህም ነው እንዲያም ነው ብዬ ወለም ዘለም ሳልል ትልክ እንደሆነ ላክ! አለዚያ ማደርገውን እማቅ እኔ ነኝ። መሬማን አልምርህም።   ለማንኛውም በርሶ መጀን ጆን!!!	negative
ጥያቄ 1 እግዚያብሄር በሁሉ ቦታ ካለ ለምን በሰማይ የምትኖር እያልን እንጸልያለን? 2 እግዚያብሔር በሁሉ ቦታ የሚገኝ ከሆነ ለምን ቤተ መቅደስ እንሰራለታለን።	negative
ሀትሪክ ስፖርት  ሀትሪክ ስፖርት ሀትሪክ ስፖርት ተወዳጅ ጋዜጣዎ ሀትሪክ በነገው እትምዋ ምርጥ እና የሚወዱትን ዘገባ ይዛሎት ብቅ ትላለች።	negative
ነጭ ጥቁር ብዙ አይረዳም! የIMF Africa የበላይ ኢትዮጵያዊ ነው (ጥቁር አደል)! አሁን በቅርብም 121 äታዋቂ ኢኮኖሚስቶች የካፒታሊዝም ሥርዓት ኪሣ…	negative
እኔ በቀን ከ30 ጊዜ በላይ ከማስነጠሴ ይልቅ የሚያሰለቸኝ አለቃዬ ባስነጠስኩ ቁጥር bless you ሲል  thank you ማለቱ ነው!	negative
መቶ ሺ ኢትዮጵያ ባድሜ የሞቶ የAmaraha ነው፣ አንተ! እንዴት ክፉ ንግግር አሰመሃኝ ግን። እሄ እኮ ከክህደት እኮ ማይተናነስ ወሬ ነው።	negative
ይህ ኣህያ የነበረ ነው ወይስ ውርንጭላ ለነገሩ ኣንድ ናቸው።	negative
ነፈዝ የትግራይን ህዝብ አታቂውም ከማን ጎን እንደቆመ ።	negative
ወለጋ ዩኒቭርስቲ ተማሪዎች በመንገድ ያላሰቡት ገጠማቸው	negative
አጋዥ ሚኖርህ ጠንካራ ስትሆን እንጂ ስትፈራርስ ሁሉም ይከዳሃል። ከጎናችን የነበረችው ሱዳን ከግብጽ ጎን ሆነችና አረፈችው??	negative
ኧረ ምንድነው ጉዱ???? መፍቻ የሌለው እንቆቅልሽ!! ያሳዝናል	negative
ደንቆሮዎች ሀገር ከዜሮ ገንብታ አንፃ፣ ነፃ አውጥታ ከመሃይምነት አላቅቃ  የሰጠቻቸውን ቤተክርስቲያን የሚያቃጥሉት የነዚን ፈረንጆች motto ማንበብ ቢችሉ ጥሩ ነበር። ፩ ስታቃጥሉ ፼…	negative
መደመር ሰው ሰራሽና መዋቅራዊ ጭቆናን ማስወገድ ብሔራዊ መግባባትን ማምጣት ዕርቀ ሰላምን መፍጠርና ፍትህና ርትዕን የማስፈን ዓላማ አለው ብለዋል።	negative
በአዲስ አበባ ከተማ በዓመት በአማካይ ከ20 በላይ ሰዎች በእብድ ውሻ በሽታ ህይወታቸውን እንደሚያጡ የኢትዮጵያ ሕብረተሰብ ጤና ኢንስቲትዩት አስታወቀ፡፡ በተጨማሪም በዓመት በአማካይ 1…	negative
እኔ ብሩክታዊት አክሊሉ  ካሳደገኝ ከእናት ቤቴ ጥጋብ ልቤን ንፍት አድርጎት  መቻል ስላልቻልኩ  በገዛ ፍቃዴ ተማሪነቴን ለቅቄአለሁ	negative
የአማራ ክልል ፕሬዝዳንት በአፋር ክልል ከባድ ተቃውሞ ና ጥያቄ ቀረበባቸው ወደ አፋር ደውለናል ልዩ ዝግጅት ሼር ያድርጉ	negative
በየቀኑ ልብን የሚሠብር የሰው ሞት! ወይ ኃጢአታችን ከልክ አልፏል ወይ እዚህ ሀገር የገባ ደም የጠማው ጋኔን አለ! ንስሀ እና ፀሎቱ ነው የሚያዋጣን! በእግዜር ፊት መንበርከክ! ??????…	negative
ላስኪት(Laskit) ከሚል የመንግሥት ባለስልጣንና ደክስ (Deks) ከሚል ናይጀሪያዊ በላይ የሚያበሳጨኝ ምንም የለም። Lastic and desk	negative
ወንጀለኞችን አሸባሪዎችን በጉያው ደብቆ የሚደግፍ የጥፋት ሃይል እኩይ አላማቸውን በሽብር ለማስፈፀም መንግስታችንን በማስፈራራት የነሱ መጠቀሚያ መሳሪያ ለማድረ…	negative
የኢራን ሁለተኛው ከፍተኛ ባለስልጣን በአሜሪካ ተገደሉ!  የአል- ቁድስ ልዩ ሀይል ዋና አዛዥ የነበሩት ቃሲም ሱሌማኒ ከጥቂት ሰአታት በፊት በአሜሪካ በተወሰደ የአየር ድብደባ የተገደሉ…	negative
አሁን እያየሁት ነው .. ስለ ህገመንግስቱ የተናገረው በፍፁም ውሸት ነው ?????♂️	negative
ይሁዳ ለካ ወደ ሴት ሲቀየር ይሁዲት ~ ዮዲት ነዉ	negative
የቀድሞ የደቡብ ቴሌቪዥን የሥራ ባልደረባዬ ጋዜጠኛ ትዕግስት ገንታ ባደረባት ህመም በህክምና ስትረዳ ቆይታ ታህሳስ 27 ቀን 2012 ዓ.ም. ከዚህ ዓለም በሞት ተለይታለች።  ፈጣሪ የወ…	negative
አንተን ካሳደጉህ የሚበልጡ ሰዎች:: አንተን እና ጨፍጫፊ: ሌባ እና ጨካኝ ስርአት የፈጠሩ አለቆችህን እንደዚህ…	negative
እዉነተኛ የዐብይ ባህርይ እርካብ ና መንበር መፅሐፍ  ላይ ያለው ነው !!!	negative
ሞጣ ላይ በተፈፀመው ሙስሊሞችን የማፅዳት ዘመቻ ከ300ሚ ብር በላይ የሚገመት ንብረት እንደወደመ ወደቦታው ያቀናው አጣሪ ኮሚቴ ይፋ አድርጓል።	negative
ስብሰባ መከልከል ብቻ ሳይሆን የህግ እውቅናውም ሊቀማ ይገባል  ይህ ሀይል ነው ሞጣ ላይ የ ሙስሊሞችን መስጅድ እና ንብረት ያወደመው	negative
አሻግሬ ለዚህ ወንበር ያበቃውን ለማን በተለመደው አሽሙሩ እንዲህ ሲል ዘልፏል   “የማይሰራ እና የማይተጋ ሰነፍ ከእኛ ጋር መቀጠል አይችልም”	negative
ኤረ ከየት ነው የመጣው ይህ ከብት!! በኤርትራ ትምህርት ከመጀመሪያ እስከ ሃይ ለበል ዩኒቨርሲቲ እስከነ ምግቡ  በነጻ መሆኑን ታውቃለህ? ዝም ብለህ ስለማታውቀው…	negative
እንግዲ መቻል ነው! ምን እንበል .....	negative
ዘመኑ የቴክኖሎጂ ነው በማስረጃ እና በመረጃ ነው አንተ ከዕውቀት ነፃ ስለሆንክ አይፈረድብህም የፈለከውን ጋዜጠኛ አምጣለት በሩ ክፍት ነው።	negative
ሸረሪት ቅጥዋ ያልሸፈነች ምድር። ሸፈነች ይላል የሃገሬ ሰው፣ ለሃገር ህዝብ ፍቅርና ሰላምን ኣቅቶህ ለውጮችን ሰላማዊ መምሰል ውሸታምና ኣስመሳይ ነህ	negative
መንግሰት  በሌለበት ሀገር ፍርድ ይገኛል እንዴ	negative
ከባለቤቴ ራቁ ፡፡ ወደኋላ አቆይ ወይም አደርገዋለሁ። ቁጣዬ እና ሥቃይህ ወሰን የለውም ፡፡ ደምህ መንገዶቹን ቀይ ያደርጋቸዋል። ሥቃይ ብቻ አይሰማ…	negative
ጦርነት በአስተዋዬች ሲታቀድ አጀማመሮን ብቻ ሳይሆን አጨራረሶን ጭምር የመወሰን ተጹኖቸወን የበለጠ ያሳስበቸዋል። እባካችሁ ሰለ ጦርነት አትስበኮ። ጦርነት ሕፃና…	negative
መብራት ኃይልማ መንግስት ባለበት ሃገር ይሔን ስሕተት አይሰራም ግን መብራት ኃይል የራሱን መንግስት አቋዋቁሞ ከሆነ 4 እጥፍ አይደለም…	negative
የሚገርም አርቲስት የወጣው ነበር ያለቦታው ገብቶ ሀገሪቷን አጨማለቃት።	negative
በውጭአለምየአለም ፍፃሜ በዚህ ሰሞን ነውበሚል የተሰበከ አባት ልጆቹን ምሽቱንና ራሱን ገደለ፣Yes ለምን ይሳቀቅ።አክራሪ ምእምን ለመፍጠር ይህ ቀቢፀ ተስፋ ስብከት እኛ ጋ አልተተገበረም እንዳትሉኝ ኣ!!	negative
ወሬኛ ወሀቢ! አላማችሁ ኦነጋዊ ፀረ አማራ ፖለቲካ እንደሆነ ተጋልጧል። ሲያምርህ ይቀራል እንጂ የአማራን ሙስሊምና መጅሊስን አንዴ ወሎ መጅሊስ አንዴ ቅብር…	negative
አዎ እሱ ነው ገብያ የዘጋው ??	negative
ወይኔ እነዚህ ሰዎች በቃ ለየላቸው ማለት ነው ?? አንዱ ኤልቲቪ ወቅታዊ ላይ ቀርቦ  የትግራይ ተወላጅ በመሆናቸው ብቻ ብዙዎች ታስረዋል ይልና እንደ ምሳሌ ማንን ቢጠቅስ ጥሩ ነው በ…	negative
እኔ ደግሞ የባርሳን አንተም ከነትርጉሙ እችለዋለው። እንቁልልጭ!  ??	negative
ይህ ውህደት በሩጫ ባይሆን ላሉት ችግሮች ፈጣሪው ራሱ ኢህአዲግ መፍትሄ ሰጥቶባቸው ቢሆን ኖሮ ስኬታማ መሆን እድሉ ትልቅ ነው፤ አሁን ግን ችግሮቹን የማይፈታ የሚሸሽ…	negative
Ethiopia ሀበሻ ማለት ሊማር የመጣ ወንድሙን ከፎቅ ላይ ወርውሮ እየጣለ ለአውስትራሊያ ካንጋሮ የሚያዝንና ፀሎት የሚያደርግ ድንቅዬ ህዝብ ነው።	negative
በጠዋት እንደሚንቀረፈፍ ታክሲ ሹፌር የሚስጠላ ነገር የለም::  እኔ በሰዓቴ መድረስ ወይም መሞተ ነው የምፈልገው!	negative
ታክሲ ውስጥ በጉ ወንበር ላይ ቁጭ ብሎ የገዛው ሰውዬ መሬት ላይ ነው!! ????	negative
አንተም ሠው ነህ አሁን? በክት ከዚህም የፖለቲካ ትርፍ ትፈልጋለህ? ቆሻሻ ካንተ ጋር እኩል መቆጠር ያማል!! እንከፍ; የሠው ውዳቂ....አረ ጨምሩለት::	negative
ትሻልን ሰድጄ ትብስን አመጣሁ/ጠፍር በሊታዋ ስትሄድ ልጓም በሊታዋ መጣች አይነት አዙሪት አይጠናወት። አንድ በገሀድ ሊሆን የሚችልን ሀቅ ነው ለማኮላሸት እየተሞከረ ያለው- የእኬውን አ…	negative
ታዋቂዋ የአል-ሃዳዝ እና የአል-አረቢያ ቴሌቪዥን የዜና ፕሮግራም አቅራቢ ናጅዋ ካሴም በ52 አመቷ ዛሬ ጠዋት ከዚህ አለም በሞት ተለየች፡፡	negative
የ1923ቱ የኢትዮጵያ የንጉሰ ነገስት መንግስቱ ህገመንገስት መግቢያው ላይ ኢትዮጵያ በታሪኳ በአረመኔዎችና በእስላሞች ስትጨነቅ እንደኖረች እያለ ነው…	negative
ስራ ፈት ???????♂️	negative
በጃነሆይ ጊዜም እኮ ቢዪሆን የአየር ድብደባ ነበር፣ ለምሳሌ የበጌምድሩ ራስ ጉግሳ ወሌ፣ ታላቁ ጉግሳ ዘር፣ በአሮፕላን ተ…	negative
ሌባ እኮ ሰረቁ አይልም ሲገረፍ ነው እንደሰረቀ የሚናገረው ቤተሰብ እሄ ጠፍቶሽ ነው እንዴ  አብይ ዲሞክራሲ ባይል ኑሮ ቢገርፉት እንደ ሰረቀ ይናገር ነበ…	negative
አትለማመጥ!! አቅም ካለህ ናና ተጋፈጥ። እንዴ አሁን ምን እያደረገ እንደሆነ ጠፍቶህ ነዉ?	negative
አልለቅ ያለ በሽታ	negative
በተመሳሳይ ቃል ፣ አሁን ያሉት ሰማያትና ምድር ለእሳት ተከማችተዋል። ፈሪሃ አምላክ ያላቸው ሰዎች እስከሚጠፉበት የፍርድ ቀን ድረስ ተጠብቀዋል። 2 ኛ ጴጥሮስ 3.7	negative
ከፖለቲከኞች የምንጠብቀውን ዘላቂ ታማኝነት አንዳንዱ ሕልም ብቻ ሲያደርግብን ለጋራ አላማ ከፍተኛ የግል መስዋዕትነት እየከፈሉ ያሉ መኖራቸውም ግልፅ እየሆነ ነው:: እኛ ል…	negative
እንጀራ በወጡን በእጅ እያተራመሱ chicken wings ሲመጣ በቢላ መፈትፈት?  ነውር	negative
ጠይቄው ነበር:: ይሄን ቆማል አጋመ ማየት አልፈልግም አለኝ::	negative
ጭራሽ አልሰማሁትም። እዚ ሰፈር ሲካበድለት ነው የሰማሁት።	negative
አንተ ዶማ እስክንድር ማንንም አያስፈልገው ብቻውን ያርበደብድሀል። ይልቁንስ አብይ ፕሮፌሰሩን ሳያስረው ንቃ። ዥልጥ	negative
ጥንብ ዘረኛ ይሄ የናንተ ስራ ነው ሌላ የማንም አይደለም  ሲቀጥል ደሞ የአማራን ሙስሊምና ክርስቲያንን ለማባላት ያሰባቹሁት ሴራ ከሽፏል ምድረ ዘረኛ	negative
ሙስሊሙ ፡ የራሱ ፡ ሚዲያ ፡ ተቋም ፡ ያስፈልገዋል ፡ የሙስሊም ፡ ያልሆኑ ፡ ሚዲያዎች ፡ ከጀርባቸው ፡ ማህበር ፡ እርኩሳን ፡ ነው ፡ የሚመራቸው ፡ ለዚህ ፡ ነው ፡ የራሳችን  ፡…	negative
እውነት እንነጋገር ከተባለ ሹመት ከምንለው ሹፈት ብንልው አይሻልም? አንድ በወታደራዊ ሳይንስ ከፍተኛ ጀነራልን እንዲሁ ከመጣል ካልሆነ በክብር በጡረታ ማግለ…	negative
የመስጊዶቹን መቃጠል ስላወገዛችሁ ከምስጋና ውጭ ሌላ ግብረ መልስ አልሰጠሁም። መረዳት የምትችል ከሆነ እኔ ለማስረዳት የሞከርኩት አጋጣሚውን በመጠቀም የአማራ ክልል ማህበረሰብን ለማጠል…	negative
ምን ይደረግ ብለሽ ነዉ የራሷ አሮባት የሠዉ ድስት ታማስላለች ሆኖባቸዉ ነዉ አትፍረጂባቸዉ የሚሰሩትንና የሚያረጉትን አያቁም	negative
isis 6 ህፃናትን በጥይት ደብድቦ ገደለ ሲባል ሰምቼ አላውቅም፡፡ የእነዚህ ጭካኔ ወደር የማይገኝለት ነው፡፡ ሰው ግን እንዴት ነው እንደዚ አውሬ የሆነው፡፡	negative
ይህ  ሰው ምን ነው ማን ላከው አላማው ምንድን ነው ብለን እንጠይቅ ወያኔ ልካው እንደሆነ እንደት እናውቃለን እመኑኝ እውነተኛ ኢትዮጵያዊ ይህን አይልም…	negative
ያንተን መልካም ምኞት ቀቅለህ ብላው ወረኛ ጥንብ ዘረኛ ጥፋ ከዚህ መርዝ	negative
ለኛ በቂ ውሃ ሳናገኝ ለጠላት አረብ የምናጠጣበት ጎዳይ ሊቆም ይገባል።  እኛ የምንጠጣው አተን፣ ሰውነታችን የምንጣጠብበት ውሃ አተን እየገማን እየኖርን! በኛ ውሃ አረቦች በቀን ከ5…	negative
የእኔን የ Twitter አስተያየት ሰረቁ ፡፡ ተልእኮ የተሰጠው ይህ መመሪያ ለሰማዕትነት የቀረበው የመጽሐፉ አከባበር ንግግር የተሰጠው ተልእኮ የተሰጠው ተልእኮ ከተሰጠ…	negative
ሉቃስ 12 (Luke) 12፤ መንፈስ ቅዱስ በዚያች ሰዓት ልትናገሩ የሚገባችሁን ያስተምራችኋልና።	negative
እንደ ግመል ሳየው ሚያስቀኝ እንሰሳ የለም?????? ዘው ዘው እያለች ስትሄድ	negative
አዳሪው ሳይበቃን ሀገሪቱን ትርፍን ብቻ ለሚያሳድድ ድንበር የለሽ ካፒታል አሳልፈው የሰጡት የዛሬ የቤተ መንግስት ሰዎች አንድ ያመቻቹት ነገር ቢኖር እያንዳንዷ የጎንዮሽ ኢ-እኩልነት መ…	negative
ሆን ተብሎ የአማራና የኦሮሞን ሕዝቦችን ለማጣላት በወያኔው ካድሬ በአሉላ ሰለሞን በድብቅ የተምሰረትውና በእውሩ ትግራዋይ ቴዎድሮ…	negative
የእኛን ለእኛ ተወውና ይልቅ አትፍዘዙ	negative
ይገርማል እኔም ለአንድ ወገን እየሰራ እንዳለ ስነግረው ወዲያው ብሎክ አደረገኝ	negative
ከዓመታት በፊት ይሰራበት የነበረው አጠቃላይ አስመጪ የሚል ፈቃድ እንዲቀር ተደርጓል፡፡ የንግድ እና ኢንዱስትሪ ሚኒስቴር እንደሚለው የንግድ ሥርዓቱ ችግር እንዳለበት በመረዳት ማስተካከ…	negative
ይነስም ይብዛ ሁሉም ፓርቲ ማለት ይቻላል አማራነትን መጥላት ኢትዮጵያዊነትን እንደ መውደድ አይነት የሞኝ አባዜ ተጠናውቷቸዋል::…	negative
ሰርድ ሃንድ ካድሬ እንላቸዋለን እነዚህኞቹን ደግሞ :) ለሰከንድ ሃንድነት የሚሆን እንኳን ንቃተ-ኅሊና የላቸውም።	negative
እዚህ ላይ ነው ትልቁ ድራማ ይሄ የህወሀት ካድሬ በሙስሊምና በአማራ ሊጫወት የፈለገው ቁማር ሁሉም ይንቃ እስላሙ ክርስቲያኑ ከዚህ በታች ያለውን አንብብ አይተህ ፍረድ	negative
ቆንጆ መሆንና ቆንጆ ነኝ ብሎ ማመን ይለያያል በልዋት  የአስቀያሚ ቁጥር አንድ ናት  ከመልክ መልክ ያላት  ከስራ ስርአት ስርአት ያላት  ገምጭ	negative
ነብሰ ገዳይ አንድ  ቀን በእግዚብሔር ፍት ለፍርድ ትቀርባለህ	negative
ሰውዬ ችግር ውስጥ አታስገባኝ??	negative
እነ ጃዋር እንደ ልብ እንዲንቀሳቀሱ እየፈቀደ፣ እነ እስክንድር አዳራሽ እንኳ እንዳይጠቀሙ የሚከለክል መንግስት ባይኖረን ምንኛ መልካም በሆነ ነበር ??	negative
ዌል እንግዲህ ከሜሞሪ ሎስ እና ከስኳር በሽታ መምረጥ ነው እያሉን ነው ???♀️	negative
የመጨረሻ እስትንፋሳ እስኪያደርጉ ድረስ ከፍተኛ ሥቃይ ይሰማዎታል ፣ የደምዎ መስመር ይሰቃያል እናም ከሞተ በኋላ ወደ ሲኦል ዋሻዎች ይገባል። ከሠራው ኃጢአት	negative
ሚያሳዝነኝ ኦሮሚያ ውስጥ ስንት የተማረ ከነዚህ ሰዎች በተሻለ ሃገርን ከፍ ማረግ ህዝቡንም ከፍ ማረግ ሚችል ሰው እያለ በጥላቻና ባረጀ ሃሳብ ውስጥ ያሉ ሰዎችን ይዞ መቶ እዚህ ህዝብ ላይ ማላገጥ ያሳዝናል በጣም!	negative
??የሰይጣን ቁራጮቹ እናንተ አይደላችሁም እንዴ አተራማሾቹ የማትቆፍሩትጉድጏድ ምን ቀረ የዘረፋችሁት ገንዘብ ምን ይስራ? የ27አመት መርዛችሁስ?…	negative
ለሠራኸው ክፍያ ትከፍላለህ ፡፡ አደባባዮች ጅምላ ጨራሽ ነፍስዎን ይይዛሉ እና በእሳት ያኖራሉ ፡፡	negative
ሰው ካጣሽ ከኤርትራ አስመጪያ እንግዲህ	negative
ዘው ዘው ስትል ስታስፈራ ከላይ ከተቀመጥሽባት እንደዚህ። ያዙን ልቀቁኝ ብዬ ነበር። ጠቀምጣ ስትነሳ ደሞ አይጣል ነው!	negative
“አቶ ለማ መገርሣ መድረክ ላይ ሆነው ውህደቱ አስፈላጊ አይደለም፤ የመደመር ዕሳቤው አያስኬድም አላሉም። አማራጭም አላቀረቡም።” - ታየ ደንደአ) -…	negative
አንተ ልጀ ግን በጤናህ ነው ወይስ ላማና አብይ የሚባሉ ሰይጣናት ለከፉህ? ደሞ ስለራስህ ብቻ ለምን ነው የማታወራው? እናከብርሀለን!!! ???? ከነማን ጋር ነው የምታከብረው?	negative
የለም! የፓርቲው አቋምማ አቋማቸው ነው።በፓርቲው ውስጥ አንድ ሰው አንድ ድምጽ አይደል? ሌላው ነገር በፓርቲው በኩል ያለው አላፊነትና አገር አቀፍ በሆነ የስራ ምድብ ላይ ያለው ችግር…	negative
ለሀገር ሰላም ስንል መስጂዶቻችን ተቃጥሎብን እንዲያልቁ አንፈቅድም ። ለእምነቴ ክብር ያልሰጠ መሪ ነገ የተሻለ ነገር ያመጥልኛል ብዬ አልጠብቅም ።	negative
አንተም ከሰው ተቆጥርህ ምድረ ታጣብባለህ ዲያቢሎስ ምን ይመስላል ሴይጣናም ??????	negative
??።ሲጀመር ከሌላ ብሔር ጓደኛ አለኝ ብሎ የሚናገር ሰው አላምንም።	negative
የሰገጤ ትርጉሙ ስለገባሽ ነዋ መልሰሽ ጥቅም ላይ ያዋልሽው አንቺ ዥልጥ	negative
አጭበርባሪ ሌባ ውሸታም በጥራቃ  አንተን ብሎ አማራ የኦነግ ቡችላ ጥፋ ከዚህ መርዝ	negative
ይኼንስ ታዝበህልናል? አዲስ የትራፊክ መብራት በተከሉ ቁጥር ገመድ ለመቅበር በ4ቱም አቅጣጫ ይቆፍሩና ሁሌም ሳይደፍኑ ይተዉታል መብራቱ ሲጀምር መኪኖች ባልተደፈኑ…	negative
የበለጠ መስማማት አልቻልኩም	negative
እያሰማራ እማ ነው። ቹኮ ባትሆን ጥሩ ነው። ሃሳብ ካለ አበርክት እንጂ ምን ዝም ብሎ የቢበልትህን መተቸት ነው።	negative
ብልፅግና ለኢሌክሽን ሳይሆን ለጄኔሬሽን ነው አለ አብያችን   ቆይ ነገርየው የኩፍኝ ክትባት ወይ ORS ነው እንዴ? አይ የልጅ ነገር!	negative
ነገረኛ	negative
ምን ይደረግ መርህ የሌለው መደዴ ፖለቲከኛ በዛ የሃገሩን ጥቅም በኢጎ ቅርጫት ውሰጥ ከቶ የሚያላዝን የውስጥ ጉዳይን ከሃገረዊ ጥቅም የማይለይ 120 ሚሊዮን ህዝብ ተሸክሞ Compassi…	negative
የሞጣውን የመስጊዶች ቃጠሎ አዘጋገብ ሲታከልበት ደግሞ ፍጹም ስነ ስርአት የጎደለው ሆኖ በግልጽ ይታያል። አሁን እየሰሩ ያሉትን ስህተት ላለመስራት ሙያ ሳይሆን ጨዋነት ብቻ ይበቃው ነበር።	negative
መሬቱማ ድነጋይ ነው ውሀውን ማለትህ ይሆን?አሱም ለግመልም አልሆነም እኮ።??	negative
በአክሱም ከተማ የሚገኙ ጥንታዊ ህንጻዎች ለከፍተኛ ጉዳት እየተዳረጉ ነው ተባለ	negative
ነፍሳችሁን መልሰህ ለማግኘት የሚወጣው መጽሔት ቀላል አይደለም። ስለሆነም እነሱን ለማግኘት የሚደረጉት ጥረቶች እና ሌሎቹ ሙሉ በሙሉ እና ሙሉ በሙሉ ትርጉም የለሽ ይሆናሉ ፡፡ እርስዎ…	negative
አፃፃፍክ በሞጣው የተደሰትክ ትመስላለክ .. ንፅፅርክም  ወንጀል ወንጀል ነው  ላንተ አይነቱ ሙታንታ ሳይታጠቅ ላደገ ጀዝባ አይገባውም  ፍየል ፊት  ሰላም ነሽ ግን ፈንዳዴ እንዴነሽ	negative
እኔን ከመረጣችሁ በቧንቧ ወተት እስከ ቤት ድርስ ያልከው ተፎካካሪ ግን ምን አስበህ ነው እድሜ ላንታ ራሴን ከመራጭነት አግልያለው ውሸትና ቃል ብቻ አራ ሰለቸኝ እህህህ  ፈየ ህንደሩ የባድ ወልድ ይሴማን	negative
የአማራ ክልል መንግስት መግለጫ ኢጅነር ስመኘው እራሱን አጥፍቶ ነው የሚለውን ቀልድ ሙስሊሙ  መስጅዱን  ያቃጠለው ከሚለው ጋር አንድ ነው ።	negative
እውነት  ነፍጠኛ ይህ ማለት ነው ❤️??????❤️	negative
ትዕግስት ማለት ትዕግስት ማለት ብቻ አይደለም	negative
?? በኛ መጠን የሃበሻን ሴቶች የሚረዳ ልብ የላቸውም ብዬ እንዲሁ በልማድ የማስበው ነገር አለኝ መሰለኝ።	negative
እና የትኛው ሸውራራ የዞረበት አሳ ይጠበስ ሊሉ ይሆን ዘረኛ ወግ ደረስ፣ ፖለቲከኛ አዋቂ ተብዬዋቻችን!? የሁሉ አለም አቀፍ ከተማ እንዲህ ያድጋል ግን ገና…	negative
እየተወሰደ ያለውንም እርምጃ ብታደንቅ ነው የሚሻልህ። አሁንስ ሲበዛ አሳዘንከኝ። ያንተስ አናትህ ላይ በኮንክሪት ነው የሰራብህ ?? ልትሞት ነው እንዴ?	negative
ማቶስቶሱን ረስተህለት ፊልሙን ብቻ ካየህ ምንም አይልህም ፋሶ	negative
እኔ እከተልሃለሁ እና ባገኘሁህ ጊዜ እገድለዋለሁ እና ውሾችንም እመግብሃለሁ ፡፡ አሳማህ ቤተሰቦችህ ይጠሉሃል እነዚህ ሸረሪዎች በክፍልህ ውስጥ እንዲዘዋወሩ እና በሕይ…	negative
ጤናማ ያልሆነ ትዳር ኣይደለም ዉበት ሞራልን ይበላል ??	negative
ይህ በታርክ ማህደር ላይ ይቅመጣል!!  ግን ለምን???	negative
በግፍ የተወሰደውን የኢትዮጵያን የባህር በር እናስመልስ  ባለ ዲንጋይ ራስ	negative
ትዊተር እንደ ዛሬ ደባሪ ሆኖ አያውቅም።ህዝቤ ወጥሮ ጭራውን እየቆላ ነው።	negative
ጫት ሃራራ ይዞሻል እንዴ አንቺ?  መጀመሪያ 200 ሺህ ህዝብሽን ውሰጂልንና ከዛ አፍ እንካፈታለን	negative
የመንግስት ቃል አቀባይ አቶ ንጉሱ ጥላሁን ከስራቸው በገዛ ፍቃዳቸው መልቀቅ አለባቸው! ህዝብን መዋሸት እንደ መግደል ወንጀል ይቆጠራል። በዜጎቻችን ላይ በውሸት አጀንዳ መቀለድ ይቁም…	negative
ቀን ይቅርታን የምትለምኑበት እና ህመም እና ተስፋ መቁረጥ እንጂ ሌላ ምንም ያልተተዉበት ቀን የሚመጣው ክፉ ይመጣል እናም ሕይወትዎን በመጨረሻ በቀስታ እና በአሳዛኝ ሁኔ…	negative
መብራት ሳይኖር ምኑን ነው ሚቆጥሩት?	negative
....... እንዴ እንቺ ፋራ .... እስኪ ስለዚ ካምፓኒ ሂጂና አጎቶችሽን ስዩም መስፍንን እና ገ/ሚካኤል እና አክስትሽ አዜብን መስፍንን ጠይቂ ... እንዴት እንደጋጡ ከነ ልጅ ልጆቻቸው ...	negative
ለወደፊቱ ይህንን በመናገር ይጸጸታሉ ፡፡ እዚያ ብርድ ብርድና ብቻውን ትኖራለህ ፣ እናም ወደዚህ ጊዜ ሊያደርስ ስለሚችለው ነገር ያስባሉ ፡፡ እና ከዚያ ያስታውሳሉ።…	negative
ምቀኛ	negative
በቤቴክርስቲያን አሁንም የቅስቀሳ ቪዲዮ እየታየ ነው ነዋሪዎች ይናገራሉ መንግስት ለምን አያስቆምም	negative
የምትጠብቅ እናት በሠላም የላከችው ልጇ ሬሳው በሳጥን ተጭኖ ሲመጣላት የሚሰማትን የሀዘን ስሜት ከባድ ነው ስለዚህ እማራለሁ ብለሁ ብለው ሄደው እሬሳቸው ለቤተ…	negative
በጣም ከሚያገርሙኝ ሰዎች ውስጥ ከፊሎቹ፤ አቻምየለህ ታምሩ፣ ብሩክ አበጋዝና ስዩም ተሾመ ስለ አሕመዲን ጀበል ትችት ሲጽፉ ከጎናቸው ሁነው የሚያሽቃብጡና የሚያጨበጭቡ ሱፍዮችና አሕባሾች ናቸው።	negative
አክሱም  ፅዮን ማርያም እናታችን ሀገራችንን ትባርክልን አሜን	negative
አረ ጨካኝ	negative
ከአንድ ጊዜ በላይ አይቻለሁ ፣ መፍራት አለብኝ?	negative
ምናገባን ታድያ እኛን	negative
ክርስትያን  ታደለን  የቁጭ  በሉ  ላታላችሁ  ፕለቲክኞች  ሁሉ ይፈሩታል !  የአብይ  አህመድ  አይነቱን  የጫት  ተራ  ኡስታዞችን  በፓለቲካ  ጢባ  ጢቤ  እንደሚጫወትባቸው  አጥብቀው  ያቃሉ! PMOEthiopia	negative
ትግራዋይ በ ግፍ ሲታሰር ሁሉም ድምፁ ቢያሰማ ነግበኔ ብንል ኖሮ	negative
ወዬዬ  ያውም እሱ የሰራውን ነገር እየተጠቀሙ ?????? ቴክኖሎጂ የሰይጣነው በሚለው ??	negative
እነዚህ በሙሉ ኢ-ህገመንግስታዊ ናቸው የሚል ድምዳሜ ለመስጠት ሳይሆን፥ ጥያቄ ግን እንደሚያስነሱ ግልጽ ነው። ሌሎች ጥያቄ የሚያስነሱ ጉዳዮችስ? 7/7	negative
ፍትህ ተጓደለ!! ግፈኛ እና አንባገነን ተደላደለ በሹመት ላይ ሹመት ተዳበለ፡፡ የበደለ ከተሾመ የለውጡ ደጋፊ ተጎሸመ ገዳይ ተሸለመ	negative
ኢትዮጵያ አፈጣጠሯም አካሄዷም ልክ አልነበረም ፤ ለመስተካከልም ፍቃደኛ ሆና አታውቅም ፤ ስለዚህ መፍረሷ ምክንያታዊ ውጤቷ ነው !!!	negative
እናንተ ልጆች ግን መንገድ ላይ ብጋጭ ተጠያቂ ናችሁ???? እስክስታችሁን እያየሁ ልሞት ነው	negative
መንግስት እንደኛው ዞሮበታል ? ????	negative
ሚጋልብ ይጋልብህ እንደሱ ሚባል ነገር በአማርኛ የለም	negative
ይሄ ስድብ ሳይሆን ለእንዳንቺ አይነቱ ደደብ ሚሰጥ መልስ ነው።	negative
ኢሳትን በመቃወም የተቃውሞ ሰልፍ እጠራለው ያልከው ሰው እንዴት ነህ ደህና ነህ ?	negative
በማንነቱ የሚያፍር ግም። ባለፈው ጊዜ ጉራጌነቱን ለመሸፈን ብርሃኑ ነጋ የተማርኩት ቢሾፍቱና ናዝሬት ነው ሲል የት እንደተወለደ ለመደበቅ ያረገው ጥረት ስልጤዎች እንዴት ተመልክተውት ይሆን? ለውጥማ ኣለ	negative
የአሜሪካ ውጭ ጉዳይ ቢሮ (State Department) በኢትዮጵያ ያሉ ዜጎቹን ፓስፖርታችሁን እንዳትሰረቁ ተጠንቀቁ ብሏል!	negative
ያገኙ የመሰላቸውን ክፍተት በሙሉ እንደ ጥሩ እድል ተጠቅመው እሳት ከማቀበል ወደሗላ አይሉም።	negative
በፊትም ከመሬት ወረራው ነፃ ነበር ራሱ የ ኦሮምያ አመራር ነበር የሚዘርፋት አሁንም ያው ነው	negative
ቁም-ነገር የሌለው፥ ዝም ብሎ የሚያወራ፥ ከንቱ ውዕቱ ወ ዘ ተ	negative
ዳዊት አንድ ነገር ልጠይቅህ ኦሮሞ ይህን ያህል ሰራዊት ያሰለጠነው በአብይ  የአማራን ገንዘብ ተጠቅሞ ነው ነገ ወሎን ለመውረር አሰበዋል ምን ትነግረኛለህ	negative
ደምቢ ዶሎ ያለው ማህበረሰብ ራሱ አውሬና ጨካኝ ነው:ምስኪን የድሃ ተማሪዎች ለታክሲና ለሸቀጥ መግዣ እጥፍ እንዲከፍሉ ይደረግ እንደነበር ከተማሪዎች ከራሳቸው የሰ…	negative
የእምቢተኝንት  ትግሉ  በአስቸኳይ  ይጀመር !  ሲፈጠር  የከሸፈውን  የአብይ  ስርአትን  ለማፍረስ  የሚደረገው  ትግል   ተጠናክሮ  ይቀጥላል!	negative
አሁን እየተደረገ ያለው ግልፅ የዘር ማጥፋት ዘመቻ ነው። የዘር ማጥፋት አንድን ግለሠብ በማንነቱ ምክንያት መግደል ሲጀመር ነው። ( ኮፊ አናን)	negative
ትንታኔ ያስጠላሃል። ደጋግመው እንደጸሎት የሚደግሙትን አንዱን ቃል መዘህ ምን ማለት ነው ብትላቸው አይመልሱም :-)	negative
ያው በክልሉ ምክር ቤት እና በምርጫ ቦርድ በኩል አሻችዋለሁ ነው??????	negative
አንተ የለጠፍከው እና እዚህ ላይ ያለው ፈፅሞ አይገናኝም፡፡ እስቲ በሰፊው ብታብራራልን፡፡	negative
አብረን እንሠራለን ነዉ ያለዉ አሁን ራሡ ዩኒቨርስቲ ዉስጥ ያለዉ ግድያ መንግስት ከለላ ሠቶአቸዉ ነዉ እያረጉ ያሉት እስቲ ንገረኝ በኢ…	negative
እና አለመግባባቱ ምን ሆነና!?  ነፃ ጋዜጠኛ አይደለም የሚለውስ?  ለመጀመርታ ጋዜጠኛ ሳትሆን ነፃ አለ እንዴ?	negative
ኦቦ ዳውድ ኢብሳ ኦነግ ላይ ኢህአዴግ በነዛው ፕሮፓጋንዳ የኢትዮጵያ ህዝብ ስለ ድርጅቱ የተሳሳተ ግንዛቤ እንዲኖረው በመደረጉ ጋዜጠኞች ጭምር እንደሚፈሩዋቸው ገለጹ ::  ሙሉውን ????…	negative
ባህልን መሰረት ያደረጉ መገለጫዎች አሉት። መገለጫዎቹም መደበኛና ኢ-መደበኛ በሆኑ ስርዓታት ስር ሰደውና ጎልተው ሊይታዩ ይችላሉ። የጎንዮሽ ኢ-እኩልነት አብላጫውን የፖለቲካ ንቅናቄ ሂ…	negative
ዶክተር በፓርላማው ፊት ለፊት ቃለ መኃላ የምትፈፅም መሠልከኝሳ! በሠላም ነው? 24/7 የአንድን ብሔር የበላይነት፤ ጀግንነት እንዲሁም ፍቅር እየተገለፀ ሃገርን መምራት ማሰብ ግን ቂልነት ነው።	negative
ካገር ውጭ ያሉትሳ?እንደውም እነሱ ናቸው የባሰባቸው።እርስ በእርስ በሰፈር የተከፋፈሉት!	negative
... ይሄ አጋሰስ ... የራሷ መከላከያ የሌላት ኤርትራ፣ ከአርሲ ከምንትስ የማትሻል ኤርትራ ፣ ... እያለ ግም አፉን ሲከፍት፣ ለመሆኑ በንጹህ አ…	negative
ያልከውን ጣት ለራስህ ምከረው ሰው ክልል መጥተህ ለማበጣበጥ ለምትሞክረው ወረኛ ሴረኛ የአማራ ሙስሊም ክርስቲያኑ ሴራቹ ገብቶታል አስመሳይ ለዛሬ አልተሳካም ጥፉ ከዚህ መርዝ	negative
እረ ማሰብም አልፈልግም ????.   የእኔ ጥያቄ ምንም ሚመክረው አንድም ወዳጅ አልነበረውም እንዴ	negative
ሞት የቀን ተቀን ዜና ሚሆንብሽ ሀገር ነገስ ማን ይሆን የሚሞተው? ????	negative
ኢትዮጵያውያን ወገኖች ሁሉ ልብ እናድርግ! መቀሌ የመሸጉት ወያኔዎች እንደተጠበቀው ጮቤ ረግጠዋል፣ ሰርግና ምላሽ ሆኖላቸዋል። የሰሞኑን የአቶ ለማ መገረሳ የፓለቲካ እርምጃ እስከመጨረ…	negative
መሰብሰብ አትችሉም!!!  ይሄ የበላይ አካል የሚባለዉ አቶ ጌታቸዉ አሰፋ ሳይሆን አይቀርም።	negative
በጨለማ ነፍሳችን ውስጥ ፣ ይህ ሰው በመንጽሔ ጉድጓዶች ውስጥ ዘላለማዊ ተስፋ መቁረጥን ለመቅጣት “ቴይለር ስዊፍ” ጋኔን እንጸልያለን።…	negative
ሰው በላ አውሬ  መርዝ ደሞ አፍ አለኝ ብለህ ታወራላህ ጭራቅ ዲያቢሎስ ሴይጣናም	negative
የጠሚው ብሄራዊ ደህንነት አማካሪ ማን መሆኑ ጠይቅ Mr እንዘጥ??	negative
ኤጄቶ: ያለ ወንጀላቸው ታስረው የሚገኙ ምሁራንን ጥየቃ ወደ ሀዋሳ ማረምያ ሲሄዱ የነበሩ ልጆች በመከላከያና በከተማ ፖሊስ በመደብደብ በመነሀሪያ ፖሊስ ጣቢያ ይገኛሉ።…	negative
በኃላቪን ፣ በኢየን እና በማይኪ ኃይል ፣ ወደ ዘላለማዊ የቅጣት ፍርድ እረገምሃለሁ ፡፡ መቼም አይተው የማያውቁ ልጆች ከአንቺ በተሻለ ሁኔታ ይህንን ትዕይንት ሊጽፉ ይችላሉ ፣ እንዴት…	negative
በነ ስዬ አብረሃ ጊዜ እንደተደረገው ተራ በቀል ሹፌርና ቁልፍ መቀማት ቢሮ ማሸግና የውሸት ህግ በአንድ ሌሊት አውጥቶ እስር ቤት መወርወር…	negative
የጀዋር እና የአብይ ደጋፊዎች እውቀታቹ ስድብ ነው የሚገረመኝ	negative
ያ ሁሉ ዲስኩር የት ደረሰ ውድ ዶር ቴድሮስ አዳኖም።	negative
ነፍስ ከስጋህ ይላቀቅ። የአዱ ገነት ልጅ መሆን ብርቅ ነው እንዴ? ደግሞስ አዱ ገነትን ወክላ ነው እንዴ ሚንስትር የሆነችው የተሳለቀችበትን የአማራን ህዝብ ወክላ እንጅ?	negative
ለፉቶ መና	negative
የኦነግጦር ያገታቸው የደንቢዶሎ ዩንቨርስቲ አማራ ተማሪዎች ዝርዝር ተገልጿል። እንኳን መንግስት ተብዬው ቀርቶ የአማራ አክቲቪስቶችም ረስተዋቸውል!??	negative
|| አቤል ብርሀኑ (የወይኗ ልጅ) ዛሬ አስቸኳይ ማስጠንቀቂያ  ተሰጠኝ - የባህርዳሩ አስገራሚ ታማኝ...	negative
ውስጡ አቅም የሌለው ስድብ ይቀናዋል ሲል አልሰማሽውም	negative
ዛሬ በአማራ ክልል እንፆክያ ወረዳ በደረሰ የመኪና አደጋ 2 ሰዎች ላይ የሞት አደጋ ሲደርስ በ14 ሰዎች ላይ ደግሞ ከባድና ቀላል ጉዳት ደርሷል።  በመኪና አደጋ እጅግ በጣም ተበራክቷ…	negative
ደደቦች ንፍጥ ጭንቅላት ብቻ	negative
ጀዋር የኦሮሞ  ነፃ ኣውጪ የቄሮ መሪ ነኝ እያልክ ቡፋህን በጠራራ ፀሃይ ደለቅክ ሃቁ ግን ለኦሮሞ  ህዝብ መጮህ የነበረብህ ኣሁን ነበር። ከኣሁን ወድያ ተኩላ ብየሃለሁ።	negative
ጥርሳም	negative
ግንቦት7 ያሁኑ ኢዜማ ፖርቲ ና ኢህአዴግ ያሁኑ ብልፅግና ፖርቲ  ሁለቱም ፀረ አዲስ አበባ ፀረ ኦርቶዶክስ ፀረ አማራ ናቸው ይሄ ሃቅ ነው ባለቀ ሰዓት ስም እየቀያያሩ  ቢመጡ አላማቸው…	negative
ተራ ስዎች :: ዋ!	negative
ኣይሰለቻችሁም ግን ፡ ዲሞክራሲ ዲሞክራሲ እያሉ ሰው ኣገር ማልቀስ? ለዛውም፡ የፊረ…	negative
በጣም ደደብ ነኝ ፡፡  ይቅርታ	negative
እሺ ሼፉ ....ከኮመንትህ ተነስቼ ስላንተ ብገምት just like u did አስረድቶ ወይንም ተከራክሮ ማሳመን ሲያቅተው በስድብ ሚደበቅ ጭንጋፍ ሽል እንደሆንክ ነው ምገምተወ ...just guessing	negative
2/2 የነ ጥያቄ ግን ከዚ ሁሉ መወቃቀስ የ4ቱ የደርጅቶቹ ተወካዮች በተገኙበት ግልጽ መድረክ መዘጋጀት ለምን እንዳልተፈለገ ነው...	negative
በተለያየ ጊዜ የምጠይቃቸው ሠወችን  ተከታትየዋለሁ በጣም የወረደ የጋዜጠኝነት ሙያ ያለው የተቀጠረበትን እንጅ ሌላ የማይታየው ሆዳም ጋዜጠኝ	negative
ያ እንዲሆን በፍፁም መፍቀድ የለብንም። ስልጣን ሳይዙ በለው፣ ቁረጠው ፍለጠው ያሉ ስልጣን ላይ ቢወጡ ወደለየለት ትርምስ እንደሚከቱን አያጠራጥርም።	negative
የ110 ሚሊዮን ህዝብ እጣ ፈንታ በጥቂት ውር ውር በሚሉ የጎሳ አክራሪዎች እብደት አይወሰንም።ኦ ኤም ኤን-ሸኔ የደፈጣ ውጊያ በኦሮሚያ ሲኢያደርግ እነ ጃዋር ለውጡ ባመጣው ነጻነት በከተማ ሆነው ያግዛ…	negative
ሀ-meme ስጋውን ተዘልዝለው ጨረሰዋል። አሁን ተራው በየቲቪው እየቀረበ ቅሌት መከናነብ	negative
ጥፋተኛና በዳይ ተቀምጦ ተበዳዮች ቄስ ሽማግሌና ፓስተር ጭምር እየተላከባቸዉ ይቅርታ ጠይቁ የሚባልባት አገር ኢትዮጵያ ብቻ መሆን አለባት!ትናንት ይህንን አሳይቶናል ዛሬም እያየንነው-አስተዋዮችና መል…	negative
የአብይ ተላላኪ መንግስት በአለቆቹ ባፍንጫው ካልተገደደ፣ ምርጫ የማካሄድ ፍላጎት የለውም። ፍትሀዊና አሳታፊ ምርጫ ከተደረገ ወጤቱ ከሁኑ ይታወቃልና።  ግዜ ለመግዛት እንጂ ፣ በዙ አከ…	negative
ኢሳያስ ኣፈወርቅ የጀነራል ሰዓረን ገዳይ በኣስቸኲይ እንዲፈታ ለኣብይ ኣህመድ ትእዛዝ ሰጠ። ከጌታቸው ኣሰፋ ማህደር ቁ/9የተወሰደ።	negative
ኢምፔሪያሊስቱ ታሜ። ምንም ማድበስበስ የለ፣ ሃቅ ሃቋን ቁጭ ???? ብዙ ሰዎች የታሜን ትክክለኛነት ዘግይተው ነው የሚረዱት።	negative
ለኢትዮጱያ ህዝብ ብሎ facebook ተጥዶ እሚያድር መሪ ኣለን እና እልል በሉ። እንደውም reply እያለ ሁላ ለህዝቡ ክብር ሲል ይኮምታል	negative
ኔቱ ግን ምንድነው እየሆነ ያለው ...ደውለህ ለማውራትም ስቃይ ሆኖል	negative
አማርኛ ግን ስለምን እንዲህ ለስድብ ብቻ ጥቅም ላይ ዋለች? መች ይሆን ሞራል የምትላበሰው?	negative
ሊጠፋዎት ከሆነ መሞትን ትሞታላችሁ ልሳሰመደይ ውዶረበ መነም. እኔ ምንም አልተናገረም ርበነ ቅውአ ንትንዴ ይቬርሃ	negative
ትምህርቴን አጠናቅቄ ጥሩ ደረጃ እደርሳለሁ በሚል የነገ ተስፋ ሰንቆ ዩኒቨርሲቲ የገባ ተማሪ  ድንገት ተጠልፎ ራሱን ጫካ ውስጥ ሲያገኘው የሚሰማውን ስሜት ጠቅላይ ሚኒስትሩ ጨካኝ ነውና…	negative
ያ የምትጽፉት ታሪክ የህጻናት ት/ቤትን ከአንዴም ሁለቴ ተመላልሶ በክላስተር ቦምብ ከደበደበ መሪ እና ድርጊቱ እንኳን ሊያወግዙ ተጨማሪ ክላስተር ቦምብ መግዣ ሲያዋጡ ከ…	negative
እሺ ባክህ Mr. ቀመሬ! እነሱ ገና ሲሸልሉ ወላፈኑ ይበላሀል። ??	negative
ታካብዳለህ እንዴ እያለች ነው	negative
ከራስሽ ጋር የተጣላሽ እንዲህ ያለ አስነዋሪ ንግግር እንዴት ካፍሽ ይወጣል?	negative
ለራሱ በቀን 24  ጊዜ ምክር የሚያስፈልገው ፉዞ በቀን 3 ጊዜ ካልመከርኳችሁ ሲል ምን ይባላል?	negative
በሠሯቸው እርምጃዎች ምክንያት ቤተሰቦችዎ ደምን ያፈሳሉ ፡፡ ለድርጊቶችዎ የዘላለም ሥቃይ ይሰማቸዋል ፡፡ ያፈሰሱ እንባዎች ወደ ደም ይለወጣሉ ፣ የሚሰማቸው…	negative
☝??አንድ መሠረታዊ ጥያቄ! እስካርፉ ስንት ብር አውጥቶ ይሆን?	negative
“አቶ ለማ መገርሣ መድረክ ላይ ሆነው ውህደቱ አስፈላጊ አይደለም፤ የመደመር ዕሳቤው አያስኬድም አላሉም። አማራጭም አላቀረቡም።” አቶ ታየ ደንደአ (SBS -Radio)	negative
ውይ ቻይና ውይ!! መቼ ነው ግን ካንቺ ደህና ነገር ሚገኘው??	negative
ከኢዜማ የተሻለ ፖሊሲ ያለው የለም ስትል ከኢትዮጵያ የተሻለ ህገመንስት ያለው ሐገር የለም ሲሉ የነበሩትን የወያኔ ካድሬዎች ነው የምታስታውሰኝ	negative
ለሌዎች የማይመነዘር ህይወት ትርጉም አልባ ነው...!! Angelina Jolie	negative
የለማ መገርሳ ነገር ግራ የሚያጋባና ድርጂታዊ አካሄድን ያልተከተለ መሆኑ ከጀርባ ያለውን ለማዎቅ ያጋጋል በትንሺም ቢሆን የፌደራሊስቶችን ቀልብ ገዝቷል  ለማንኛውም ሁሉንም በትገስትና…	negative
ውሸት ነው አባቴ	negative
አንተ መርዝ	negative
እነርሱም ሽልማችሁን ለመያዝ እየሞከሩ ነበር ልያታይ ጥስው ዶረበ ጽርቅ ድንአ እሱ በጣም ጥሩ አልነበረም ውሰ ውቀበደተየ	negative
የኦሮሞ ህዝብ ጥያቄ የፍትህ አይደለም እንዴ? የአማራስ የተለየነው እንዴ?  የእኩል ተጠቃሚነት አይደለም እንዴ?  የዲሞክራሲ ጥያቄ አይደለም እንዴ?  አኝዋኩም፣ሀመሩም ፣ሱርሚውም ተመ…	negative
የ27 ዐመት ግፍ ድርጊት በዛና ያለአንድ ጥይት  ስልጣናችሁን ተቀማችሁ አሁን ደግሞ እነኚህን የድሀ ገበሬ ህፃናት በየሜዳው እየገደላችሁ መ…	negative
የኢዜማን ቴሌግራም ቻናል እከታተላለሁ። በፖሊሲ በደንብ የተዘጋጀ እና በእውቀት ላይ የተመሰረተ ነው። የሃገሪቷ ችግር በስሜት በመነዳት እንደማይፈታም ገብቷ…	negative
የሴቶች ደህንነት እንደ ዜጋ ቅድሚያ ይልተሰጠ... የችግኝን ያህል ግድ ያልሰጠው፤ከአሸባሪ እና አጋች መጠበቅ የማይችል መንግስት ምን አይነት አሳታፊ ኢኮኖሚያዊ ብልጽግና ነው የሚፈጥረ…	negative
4.ወለጋ ላይ አስፓልት መስራት ለኦነግ ጫማ ገዝቶ ማጫመት ነው። ~ መለስ ዜናዊ	negative
እሱም ያጥወለውላቸዋል... አፄዎቹ (የድሮ ስርአትን) አምረው ከዙፋንቸው ተከስተው ሲያዩ... ልባቸው ቀጥ ብትልስ...	negative
በደንብ እንጂ. ዘረኛ ነህ!	negative
ኣማራና ሽንፊላ ታጥቦ ኣይጠራም ተብሎ ነበር...እኛ ግን እኮ ዘፍዝፈን ነበር ያጠብናችሁ። this time በበረኪና እስክትበጣተሱ	negative
ኃጢአትህ አልተስተካከለም ፡፡ የዘለአለም ዕድል ከእውቀት ግዛት ባሻገር ወደሚያልፈው ማለቂያ ባዶነት ይመጣል። እውነትን ፈልጉ ወይም በእብደት ተያዙ የመጨረሻው ፈራጅ ይሆናል ፡፡…	negative
ዜና!  በኢትዮጵያ ግብጽ እና ሱዳን መካከል በኅዳሴው ግድብ ዙሪያ ሲካሔድ የቆየው ስብሰባ በአመዛኙ መግባባት ላይ ሳይደረስ ቀረ	negative
እውነታ አይደለም	negative
ውይ የኔጌታ ይቅርታ ስድብ ከመሰለብኝ  ሽሮን በአስር ደቂቃ ውስጥ ፎሮፎር እንዲሆን አድርጎ በጥብጦ የሚያወጣው ሙያ ባይኖረው ነው ብዬ እኮ ነው	negative
በደሀ እምባ፡~?? ስንቱ በደሃ ደም፣ ሰርክ እየታጠበ  ለፍርድ ይቅረብ ያለነው ፣ለምርጫ ቀረበ!!!??     ~በላይ በቀለ ወያ~   ዜግነት??ኢትዮጵያ????❤   የቆዬ ከሚስቱ ይወልዳል አለ…	negative
አይደለም አይ አይ አይ ልላችይ ንሆሊ ሚራገስአ ሱእ ትባልናም ደህ ውነ ንማ ውገልፈሚየ ርከሞመ ሎጥቀ	negative
ምንም አዝግ ብቻ	negative
በ3 ቀን ውስጥ እንዲህ ያለ ስነምግባር የጎደለው የዜና ርዕስ ሲጠቀሙ ለሁለተኛው ጊዜ መሆኑ ነው። ጠለምት ላይ በአጋቾች የተገደሉ 6 ህጻናትን እንደ አንድ ተራ የ…	negative
ድንግልናችሁን አፍርሳችሁ ስትባረሩ እዚ እኛ ሃጣን ጋር ተሰዳደቡ	negative
አልገባው ላለ አናቱ ላይ ትምህርት ቤት አትሰራበት።	negative
???????? እውነት የሆነውን ነገር አትካድ እንጂ ተው	negative
ምን እንደምትል አላውቅም	negative
ጉድለትን ቢያወሩት፣ ለምን ይሄ አልሆነም እያሉ ቢጠይቁ ማለቂያም መልስም አይገኝም። እኔ ምን ላድርግ ብሎ መነሳትን የመሰለ የእርካታ ምንጭ ግን ፍጹም የለም። በርታ ወዳጄ። ተሳካ…	negative
በአዋልድ ስም ፣ “ጄኒ ክሩሴ” ፣ አሥራ ሦስቱ አጋንንት ፣ ይህንን ሰው በዘለፋ ስቃይ ውስጥ በመንጽሔ ነበልባል እንረግማለን። ሰይጣን መስማት ወይም መጸለይ ይ…	negative
እኔም እንዳንቺው እርግብ ኩሷን ስትጥልብህ ሐብት ነው የሚሉት ነገር እውነት ቢሆን ኖሮ እኔም የሌለ ልጥጥ ነበርኩ ?? Im not joking ??	negative
ኦቦ ለማን ገፍተን ፅንፈኛ ያደረግነው እኛው ነን  ኢትዮ ዊኪሊክሶች ??   እቺ ትንታኔ አሁንም ፈገግ እንዳሰኘችኝ አለች ??	negative
እንዲህ እቅጭ እቅጩን ግልጽ ባደባባይ እስካልተነጋገርን የውሸት መደመር፣ ብልጥግና ምና ምን እያልን ቃላት መደርደር ችግሩን ከማባባስ ውጪ መፍትሔም የመፍትሔም አካል ከቶ ልሆን አይችል…	negative
ብልፅግና በስልጤ ህዝብ ላይ እየሰራው የለ ብልግና።	negative
ለሁሉም የአረብ ሀገራት መሻሻል እና ብልጽግና እንዲቀጥሉ እንመኛለን	negative
ወራሪ አይጠረቃ የዘር ነው። ድሮም በዚህች እናት ሀገር ላይ ተምች ነው የለቀቀባት።	negative
ጠቅላይ ሚኒስትር ዐቢይ ያልደመሩት የኢትዮጵያ ሴቶች የሰላም ጥያቄ  በሕሊና ብርሃኑ	negative
በዘመኑ ወረተኞችና ጎጠኞች ያለ ስም ስም ተስጧችሁ ለተገፋችሁት ወንድሞቸ እንኳን ለብርሃነ ልደቱ አደረሳችሁ።  እውነት ነጻ ያውጣል!!	negative
በሌላ ሃገር ቢሆን ኖሮ ደመቀ መኮንን አብይን ጨምሮ ስልጣን መልቀቅ ነበረባቸው።  ሃገርን እና ህዝብን መጠበቅ አቅም የላቸውም።	negative
የሚያመሳስላቸው መሰረታዊ ነገር ቢኖር የጥቃት አድራሹ ቡድን አባላት ሊያጠቁት ካስቡት ቡድን (ግለሰብ)ብሄርን ቋንቋና ኃይማኖት አንጻር የሚሰማቸው ኢ-እኩልነት ነው። አብዛኛውን ጊዜ ይ…	negative
ግን የቤት እመቤት ሆኖው ዝም ብለው ቤት ሚዜፈዘፉ ሴቶች አስተውህ እንዳናይሆን። ሴት እኮ ነጻ ከወጣች እንሱ ናቸው እንደተጎዱ ሚሰማቸው።	negative
ጠ/ሚ አቢይ አህመድ የኦሮሞን ህዝብ አደራ የበላ መሪ ነው:: የህዝባችንን አደራ የበላ መሪ ዛሬ ወይንም ነገ የኦሮሞ ህዝብ መሪዎችን ላለመብላቱ ምንም ዋስትና የለም:: ጠንካራ የሚባሉትን የኦዲፒ መ…	negative
የፈጣሪ ያለህ! ግን እንዴት ነዉ እንደነሱ ማሰብ የሚቻለው?	negative
ስድቡን ምን አመጣው?? አድበስብሼ አላውቅም!! መረጃ ያቀረብኩልህ መሰለኝ፡፡ ያለመረጃ አውርቼ አላውቅም!	negative
ሽንታሞ የአማራን መጥላት የትም አያደርስህም ግም	negative
ግቢ የሸሹት ሞት መንገድ ላይ አገኛቸው?! ??????  ኧረ የመፍትሄ ያለህ!!!  እስከመቼ ሟቾች ቁጥር ብቻ እየሆኑ እንዘልቃለን?  ዘላቂ መፍትሄ የሚኖረው መቼ ነው?	negative
ስንት አማራ ስንት ኦሮሞ ... እያሉ በሞታችን ሙድ ሊይዙብን ነው ዛሬም???	negative
የኔ ጥያቄ እኮ ነብስ እረክሷል መሰለኝ አማራው እንደ ሰላም ሀገር እነዚህ አራጆች ሀገር የሚሔደው ዮንቨርስቲ መማር ገነት ያስገባል የተባለ ነው የሚመስለው ያሳዝናል ።	negative
ተመጫለሽ ብየ መንገዱን አላምነው  የሚመላለሰው ሌላው ሌላው ሰው ነው	negative
ከተገኘ ቆዳውን ነው እንጂ ....ለምን ስጋውን ብቻ .... LoL ! ?????? ??????	negative
ስትሮክ ውስጥ የገባ አገር ላይ ስቶክ ይላሉ ለዛውም ግንቦት ላይ።	negative
እዛው ቡዳ	negative
ብዙ የሱንና ሰዎችን ሲያስጨፈጭፍ ስለነበር፤ አሁን ላይ የርሱ አለመኖር ለሱንና ሰዎች እረፍት ነው።  አል-ሐመዱ ሊላህ!	negative
የታሪክ አዋቂው አህመዲን  ጀበል   እስልምና  ወደ  ኢትዮጵያ  የገባው   በ16ኛው  ክፍለ  ዘመን  ነው  ብሎ  ይበጠረቃል! ስለመንግስት  እና ስለታሪክ ያለው  አስተሳሰብ  መሳቂ…	negative
ልክ ነሽ! ከአይኑ በስተጀርባ ነገር ያዘለ ይመስላል::	negative
ሰብሰብ አርገህ መውቀጥ ነው ያኔ ግፋ ቢል ወያኔ ብትባል ኖ ??	negative
መከራን ሰንቃ በ1983 አ. አበባ የከተመችው ህወሃት ንብረቶቼን በህግ አስመልሳለሁ የሚል ባዶ ቀረርቶ እንዳቀረበች ሰማን ። የህወሃት ንብረት የሆኑት የጥፍር መንቀያ ፒንሳዎቿና የ…	negative
እሺ አዲሱ ቅንጅት መሆኑ ነው እረ ላሽ በል በለው አዲስ አበባ ላይ የሚያሸንፍ የለም የአራዳ ልጅ እኮ አይመርጥም ከእንጅባራና ከነቀምት አስመጥተው ይመራረጡ ሁለቱም	negative
እሱም ይሄን ብሎ	negative
ወንበዴዎቹ ይዋል ይደር እንጂ ለፍርድ መቅረባቸው አይቀርም።	negative
ለነፍጠኛ የመኪናአደጋ እንጂ የሃይማኖትግጭት አገር እንደሚያፈርስ የሚገባውሥነልቦና የለውም፣ሥነልቦናው ሌላውንበሽብር ረግጦለመግዛት…	negative
የአማራክልል አመራሮች እንዲ ጭንጋፍ ሆነው totaly dysfunctional የሆኑት ከመቼ ወዲነው? ብልህነቱም ጥንካሬም ህግ ማስከበሩም ማስትዳደሩ ተሳናቸው?	negative
መንግስታችን የዝሆን ጆሮ ያለው ፣ በአጨብጫቢዎች የተሞላ እና ህግ እንኳን ማስከበር የማይችል በተረኝነት ስሜት የናወዘ ስብስብ ቢሆንም  ዛሬ ለታገቱ እህቶቻችን ድምፅ የሆናችሁ ሁሉ ም…	negative
ማምታታት :) ይሄ የለጠፍከውን ዶክመንት መቼ እና በማን እንደታተመ የሚግልፅ የፊት ገፅ አለው:: ለጥፌልሃለው:: አይ ካልክ የፊት ገፁን ቁጭ እዚችው ?????♂️	negative
አውራ ጣቱ ጫማውን እየተሰናበተ ያለውን ነው	negative
ወጣቱ ተማሪ በ ሁሉም የ ኢትዮጵያ ጥጎች እጅጉን ባዘነ።	negative
ታህሳስ_፳፬ የጻድቁ አባታችን አቡነ ተክለ ሃይማኖት ልደታቸው አመታዊ ክብረ በዓል እንኳን  በሰላም አደረስን/ረሳችሁ።  እግዚአብሔር በጻድቁ እንደተመሰገነ እወቁ ። {መዝሙር ዳዊት…	negative
የኢራን መንግስት በቀል ምን አልበት በስህተት የተመታው አዉሮፕላን እንዳይሆን።   ➜የተፈጠረው ህዝባዊ ቁጣ የሚቀለብስበት መንገድም matter ያደርጋል።  በፋርስ ይህን ልል ወደድኩ…	negative
የአማራ ህዝብ ችግር አስተሳሰብ ድክመት ነው መንግስት ሳይሆን ቅኝ ገዢ ነው ያለን ለቅኝ ገዢ ደግሞ ትግል እንጂ ልምና አይሰራም ።	negative
እንደ ኤርትራ ህዝብ ያክል ብዛት ያለው የጎዳና ተዳዳሪ ህዝብ ይዛቹ: እርስ በራሳቹ እንደ እንስሳ እየታራረዳቹ: መሃይም እና…	negative
የገንዲ መድሐኒት እንደ ተወጋ በሬ ፈዘናል።ተስፋችንን ለኢዜማ አስረክበን ከህወሓት የባሰውን ዘመን በቁዘማ እየጠበቅን ነው	negative
ለከት ባጣ አልጠግብ ባይነት አስፈሪ ዘረኝነት ትዕቢት እና ድንቁርና የተደራጀው ቡድን ከዛሬው የከፋ ክፉ ቀን ቢመጣ (ከዚህ የከፋስ ይመጣ ይሆን?) ነጋችንን እንዴት ያረገው ይሆን ወዴ…	negative
ውይ በቃ ሃላል ቡና እናደርገዋለን ላንቺ ሲባል??	negative
ሞትን ከዩኒቨርስቲ አመለጥነው ሲሉ መንገድ ላይ አስቀራቸው???? የወገኖቻችን ሞት የማያስደነግጠን ደረጃ ላይ ደረስን ????	negative
በሕወሃት አገዛዝ ዘመን እነዚህ የኦሮሞ ልጆች እንኳን በሀገራቸው አብረው ሊቀመጡ በስደት ሀገር እንኳን አብረው ቢታዩ በሽብር ተከሰው በተገኙበት ይታደኑ ነበር። ዛሬ ደግሞ ሕወሃትን ይናፍቃሉ አጃኢብ!	negative
ለወደፊቱ ይህንን በመናገር ይጸጸታሉ ፡፡ እዚያ ብርድ ብርድና ብቻውን ትኖራለህ ፣ እናም ወደዚህ ጊዜ ሊያደርስ ስለሚችለው ነገር ያስባሉ ፡፡ እና ከዚያ ያስታውሳሉ። እናም…	negative
የስዩም ተሾመን እብሪት ስታይ የጉዳዩን ውስብስብነት ትገነዘብበታለህ። ደርሳችሁ መካከለኛ ፣ሚዛነኛ የምትጫወቱ ተውን። ፍየልንኳ ባትችልም ስትታሓለል መጮኋ ፌር ነው።	negative
ነዚ ናይ ብልጽግና ፓርቲ ነገር ብኽመይ ትግልጽዎ? - ማንቲለ ዘሊላ ዘሊላ ናብ መሬታ - ቆልዓ ይጎይሞ ኣይቅድምን ብምስላ ትግርኛ ኣቢልኩም ግምትኩም ኣቕምጡ...	negative
አሁን እጅግ በጣም በምሬት መንግስት አለ ወይ የሚያሰኝ ነው!	negative
የሰው ውለታ ከአላማ በጣሙን ያዘገያል እንዲያውም አዳክሞ ይገላል በተለይ በተለይ እንደ ጠሚዶ አብቹ ከልጅነቱ ጀምሮ ለአገሩ ራይስ ላለው መሪ። በርታ መሪያችን እ…	negative
(ትንቢተ አብድዩ ምዕ. 1) ---------- 9፤ ቴማን ሆይ፥ ሰዎች ሁሉ ከዔሳው ተራራ በመገደል ይጠፉ ዘንድ ኃያላንህ ይደነግጣሉ።   10፤ በወንድምህ በያዕቆብ ላይ ስለ ተደረገ ግ…	negative
እኔን ደሞ የመጨረሻ እድሏን እየተጠቀመች ይመስለኛል??	negative
የሰው ደም መጣጮች አይደሉ? የስራ system እንዲዘረጋ አይፈልጉም አሳሞች	negative
እንደአማራ ጥገኛ የሆነ ህዝብ ስለነፃነት የማውራት ተስፋ የለውም	negative
ይህ የተሳሳተ አመለካከት ነው፡፡	negative
ምክር ቤቱም ሆነ የካቢኔ አባላት ባላቸው ስልጣንና ሀላፊነት ሁኔታውን ለማስተካከልና ለመጠየቅ ሲጥሩ አልታዩም። ም/ከንቲባው ያለ ምንም ህግ ተወርዋሪ ፖሊስ ሲያቋቁሙም ሁለቱ አካላት…	negative
ልክአደላችሁም ንብረታችንን የምርምር ስራ ከነፓተንቱ አይሸጥም ስንል ኦሮሞ ስለሆናችሁ ነው ይሉናል።እኛ ዶ/አብይ እስካሉ አንናገርም ንብረታችንን መሸጥ ቀርቶ ይረዱን ብልፅግና ከሚደናቀ…	negative
ለንደዚህ ድንቁርና፣ ጥላቻና የደም ማፍሰስ አራራ ያለው ግለሰብም ሆነ የተደራጀ ቡድን ወይን ፓርቲ የዲያቢሎስ መጫወቻ ከመሆኑ ውጭ ሞት ብቻ ነው የሚሰጠው ትርጉሙ!!	negative
እና እነዚህን ይዘው እንገነጠላለን ቢሉ ማን ይሰማቸዋል	negative
192 205 244 91  43 78 222 234 በጥቂቱ እንዚህን ቁጥሮች ትርጉም ካለወቅ እንኩዋን ጥብቅና በፍርድቤት ደጃፍ አትለፍ፡፡ ይህ ማለት እኮ ለኢንጂንር ላይቭ ሎድ እና ዴድ…	negative
መስጂድ አቃጥለው የጨፈሩት ቁጭት ሊሆን ይችላል እያለ እኮ ነው ይሄ ጎበዝ፤ ምን ያህል እርቀት ሄዶ ይህን አስነዋሪ ድርጊት justify ለማድረግ ሲሞክር ተመልከቱ! አሳዛኝ ነው፤…	negative
አንተ ላይ ኧረ በፍፁም ??	negative
ያየሰው ሽመልስ ትናንት ምሽት ወደ መቀለ ለመጓዝ ወደ ቦሌ ኤርፖርት ቢያመራም በመንግስት ጉዞ እንዳያደርግ መከልከሉንና ለሰዐታት መታሰሩን ተናግሯል።	negative
እሳቸው ቢዚነሳቸውን እንጂ ለሀገር ግድ አይሰጣቸውም ተሸውደናል በአቋም ደረጃ ከፅነፍኞቹ እኩል ናቸው	negative
የእኔ ገሃነም በጣም የእኔን ክፉ የሚያሰቃየው	negative
ጌታቸው የዘመኑ ማሞ ቂሎ ነው::	negative
ጓደኞቼ አይደሉም ትዎነ ውሰ ቅልት አሁን የፍርሃት ጊዜ አይደለም ልዋቸሻይ ንምለ ናእ	negative
BBC News አማርኛ - በኬንያ በአውቶብስ ላይ በተፈፀመ ጥቃት የሦስት ሰዎች ሕይወት አለፈ	negative
ለምን አይወገዱም ባለቤት የላላቸው?	negative
አባትህ ኤርትራን ለማጥፋት ቆቦሮ ጉድጋድ ውስጥ ቅዘኑን ቀዝኖ እዛው ተቀበረ አንተም ሻንቅላ ጋላ ምስኪኑ የኢትዬጵያ ህዝብ ድጋሚ እሳት ውስጥ ልትከተው ስለፈለክ ይ…	negative
በስማም! ቡቱቱ እብድ	negative
የሀገሪቱን ከፍተኛ ስልጣን ይዞ ሴቶች ሰደፈሩና ሲገደሉ ጆሮ ዳባ ልበስ ካለ ይልቅ አንድን ሴት ወፈርሽ፣ ተስማምቶሻል ያለ ሰው ይበልጥ ይወገዛል	negative
እድል ገጥሞ የመጨረሻ ዘንጠህ ከሀፍታም ልጆች ጋር ተቀላቅለህ ስትዝናና ዝንቦች የሚወሩ አንተን ነው።	negative
ቅናታም	negative
ሰለዚህ ሀይማኖቱንና ክብሩን ሸጦ ይኑር ነው? ለምን ተጮከንን ተላላቹ ማለት በራሱኮ ጭኮና ነው! መሰልጠን የሚባለው ነገር ግን መቼ ይሆን ንፋሱንኳ የሚነካቹ።	negative
የጉራጌ ህዝብ በራሱ እንዳይተማመን ተደርጓል አሃዳዊነትን ስለጫኑበት ስሙን ጭምር ሙራጋ የነበረ አ.አ ሲመጣ ሙሉጌታ ነኝ ብሎ ይናገራል...	negative
የብልጽግናን ፓርቲ ፊርማ ከፈረሙት መካከል የኦርቶዶክስ ተዋህዶ አማኞች የሉበትም የሚለው ክርክር ውሃ የሚያነሳ አይሆንም። ተቋም ውስጥ መስዋእትነት ለመክፈል በመዘጋጀትና ሶፋ ላይ ተቀ…	negative
... ምን ያለበት ዝላይ አይችልም	negative
የምን ብልጽግና ነዉ  አንፈልግም: አንእቦራጨቅም: በድጋሚ ብለናል ::የህውሃት 13ኛ ጉባኤ	negative
ይሄ ጽንፈኛ አመለካከትህ ከብልጥግና አስተምሮ ውጭ ስለሆነ ከካድሬ ስራህ ለጊዜው ታግደሃል።	negative
ህም።  በሱ፡ ዘመን ያየነውን ሆድ ይፍጀው።	negative
ፍቅር አላውቅም ብለህ የሰው መኪና አታቃጥል ??	negative
እብድ መጽሐፍ ጠቅሶ ሲያብድ አንተ የመጀመሪያው ነህ	negative
አንዳንድ ሰዎች እንደ ደመና ናቸው። ልክ ሲሄዱ ቀኑ ብሩህ ይሆናል።	negative
ማህበረ ቅዱሳን- እየደረሰ ባለው ሙስሊሙንና ሃገርን የማዉደም ዘመቻ የድርጅቱ ሚና	negative
እንችስ ስትቀባጥሪ አልነበረም? ሰው አልወድም፣ አይናፋር ነኝ ገለመሌ ስትይ አልነበርም	negative
የኢትዮጵያ ህዝብ ሾርት ሚሞሪ ነው ያለው ብሎ በግልፅ ያሳወቀን አብይ ወንበዴ ነው  የንቀቱ ጥግ የትየሌሌ ነው	negative
Spare some clout or else   ቀን ይቅርታን የምትለምኑበት እና ህመም እና ተስፋ መቁረጥ እንጂ ሌላ ምንም ያልተተዉበት ቀን የሚመጣው ክፉ ይመጣል እናም ሕይወትዎን በመጨረ…	negative
ለምን ደሞ የአዋቂ ዳይፐር ላይ ደሞ አትሰሪም ለአንድ ሶስት ወር በዛች ሴትዮ መሸለም ትንሽ ቅር ተጽተሽ ነበር አሉ ምነው ግን አይደበርም?	negative
እኛ ቀበሌ እንደዛ ነው። አሁን እያካበዳቹ መርፌ መወጋቴን የበለጠ እንድፀፀት አታርጉኝ??	negative
ይህ ሁሉ ሟርት ዳጊ ብርቅዬ የአዱ ገነት ልጅ ናት ስላልኩ ነው?  ግርም የሚለኝ ስለሸገር ልጆች ሲወራ የምትንጨረጨሩት ነገር ነው?	negative
ፖለቲካችን የእውቀት ደሃ እና አድርባዮች መሰባሰቢያ ሆኖ ለዘመናት ለመቆየቱ የገዥው ፓርቲ ሚና እጅጉን ከፍተኛ ነው። በኢትዮጵያ ሆን ተብሎ የፍትህ ፣ ትምህርት ፣ ፖለቲካ እና የሚድያ…	negative
ሌባ የሚጣለው ሲካፈል ነው የሚለው አነጋገር ተፈፃሚ እንዳይሆን ተግተህ ፀልይ	negative
ቀን ይቅርታን የምትለምኑበት እና ህመም እና ተስፋ መቁረጥ እንጂ ሌላ ምንም ያልተተዉበት ቀን የሚመጣው ክፉ ይመጣል እናም ሕይወትዎን በመጨረሻ በቀስታ እና በ…	negative
የኢዜማ ካድሬዎች ከኛ በላይ ፖለቲካ ሚገባው የለም ምትሉት ነገር ግን የምር ለትዝብት እየጣላችሁ ነው። ኧረ ቀስ??	negative
እን ደ  ራስህ አይድልም መጀመሪያ  እንደ ስው ውደድ ውሽታም	negative
ልክ ነው ግን አሸባሪ መንግስት የፈለገውን ማድረግ ይችላል ህገመንግስቱ እነሱ ጋር አይሰራም	negative
ወገኖቻችን የንግድ  ሱቃቸው ተቃጥሎ ባዶ እጃቸውን ሜዳ ላይ ቀርተዋል :: መንግስትም እነሱን ማቋቋም ሲገባው ዝም ብሏል :: መፍትሄው ምንድን ነው ?	negative
የማንረዳውን መገልበጥ ይበጠብጣል፤ አብሮን የኖረ ባህልም እየበጠበጠን ነው፡፡ ያን መጣል አብሮ የማያኗኑረንን ከሆነ ጭራሽ መሰረት የለንም ማለት ነው::  እንዳ…	negative
እኔ ምን አገባኝ የራሳችሁ ጉዳይ ??	negative
እኔ የሚገርመኝ የጋሎቹ መንጫጫት እንዴ ኢትዬጲያን እኮ የናንተ ብቻ የግል ንብረት አረጋችሆት ግን ላንቺ አይነቷ ዝንብ መልሴ ጨዋታዉ ገና መጀመሩ ነዉ	negative
ግራ የገባቸው፣ የተታለሉ፣ ቅልጥ ያሉ ዘረኞችና መሀይሙ ሊመርጣቸው ይችላል ብዬ አስባለው። አ.እ. ልዩ አዋጅ ካልወጣላት እንደ ፩ክልል የ…	negative
ሽማግሌ ሌባ የኢሓፓ ኪሳራ አለቆችህ ከኤርትራ ፓላስ ወደ አሜሪካ ሽርብትን ሲሉ አልነበር እንዴ? ??  ኦነግስ ልክ እንደናንተ ሕዝብ ሲታገል ግብፅና ኤርትራ አልነበር? ኦ…	negative
Yonatan TR ሰውዬው ስውዬው ብሎ ትንሽ አጥንት ተጥሎለታል	negative
የለየለት ጎጠኛውን አስራት ወልደየስ ፎቶ ፕሮፋይል አድርገህ አቶ ቡልቻን በጎጠኝነት ስትቸት ትንሽ አታፍርም!?	negative
በሶሻል ሚዲያ ሃላፊነት በጎደለው ሁኔታ የምንጸፈው የጥላቻና ሴድብ ውሎ አድሮ አገር አሸናፊና ተሸናፊ የሌለበት አፍራሽ እልቂት እንደሚያስከትል ደግመን ደጋግመን ብንገልጽም ሰሚ ጠፍቶ ይኸ…	negative
የሀገር ደህንነት እንዲጠብቅ የተቋቋመው ኢንሳ እንዴት ለራሱ ተጠለፈ!!! በኤመሪካ MIT የሳይበር ባለ ሞያ ዶ/ር ተ/ማርያም	negative
...እናንተ እዛ በበዓል ጠላ እና ጠጅ እሽኮለለ ትላላችሁ ???? ... እኔ እዚህ ከ7 ዓመት በኋላ ዶሮ ወጥ ስለበላሁ አኩርፎኝ ነዉ መሠለኝ አጥንቱ ጉሮሮዬ ላይ ቁጭ ብሎ ድምፄ ሁሉ የተበላሸበት ሁኔታ ነዉ የተፈጠረዉ ????????	negative
Dodorant ም ይጨምራል በዚህ አይነት! ከባድ ነው ብቻ	negative
ጋሽ ትራንፕ ቀስ ብለው ፣   ለውጡን ያመጣሁትም እኔ ነኝ ፣ እኔ ከምመራ አብይ ይምራ ብዬ ነው።  ማለታቸው አይቀሬ ነው። ወይ የስልጣን ፍቅር ድራግ ማለት አይደል እንዴ ፣ ስንቱን ያዘላብደዋል?	negative
አይይይ ሱሪውን አበላሽቶ ነው የሚገባው ????	negative
ማን ይጠይቃቸዋል እንደፈለጉ አይደል የሚፈነጩት!	negative
Loool ዝም በይው አንደኛ አአወዛጋቢውእሱ ነው	negative
እዛ ሄዶ ጠፋ እሱም	negative
ቀላል ፀረ ሙስሊም ነህ ቀላል ፀረ ትግራይ ነህ የድድብና ጥግ ማለት አንተ ነህ ሲጀመር አንተ ፖለቲከኛ መሆን አትችልም።	negative
Politics 101: የትግራይ ህዝብ አጋር እንጂ ጠላት አይደለም	negative
እኔ ከማን  ዘልዛላ ጋር ንግግር  የለኝም :: እግዚአብሔር ይባርክሽ :: ከስድብ ግን ምንም  ትምህርት አይገኝም!!!!	negative
ወ/ሮ ዳግማዊት ሞገስ፤ ባሉበት።  ከአዲስ አበባ-ጎሃፅዮን ያለው መንገድ በሚገባ ስለተነዳደለ እና ስለተገባበጠ የኢትዮጵያ የባህል ስፖርቶች ፌስቲቫል ሲካሄድ ለገበጣ ማጫዎቻ እንዲያቀ…	negative
እነዛ  በደርግ ግዜ በ4 ኪሎ ቤተመንግሰት የነበሩ ቅልብ የሚባሉ የት ገቡ? እነዚህም ታማኝ እንዲሆኑ  በደምብ መቀለብ ነው።	negative
3. በጣም እያስቸገሩን ስለሆነ ወለጋ እና ወያኔ መጥፋት አለባቸው። ~ መንግስቱ ኃ/ማርያም	negative
ሃሃሃሃ ቀበሌዉ እንኳንም ትዊተር የሌለው። ከፀብ አጫሪ ቆጥረዉህ መታወቂያ እንዳይኖርህ ነዉ የሚያደርጉት። ??	negative
ሀዋሳ፡ ጥር 21/2012 ዓ.ም (ደሬቴድ) በአስር መኪና የተጫነ 1650 ኩንታል አዮዲን የሌለው ጨው ወደ ተለያዩ የሀገሪቱ ክፍል ሊሰራጭ ሲል መያዙን የኢትዮጵያ የምግብና መድኃኒት ቁ…	negative
???????? እኔ እንኳን አልደረሰብኝም ዋናው ነገር እንጀራ እንዲ ተበጣጥሶ ይከብዳል ውበቱም ሞገስም የለውም ነው ፍሬ ሃሳቡ።	negative
ነፃነትን የሚከለክል መንግስት ስለ ብልፅግና ቢያወራህ እንኳን ፅን ከመሀል እያወጣህ ስማው። ትክክለኛ ማንነቱ ያ ነው!	negative
ጀለሴ ነገሩ ጠምዝዙኝ አይደለም! ወዶ የራቀ ሊመለስ አይሻም????	negative
እንዴ ደሞ ምን አልኩ?	negative
አልተሰማኝም። ምነው ካለፈው ቀለልክ?	negative
me: :(   animal crossing villagers: በአዋልድ ስም በአስራ ሦስተኛው አጋንንት “ቴይለር ስዊፍ” ፣ ይህን ሰው በመንጽሔ ነበልባል ውስጥ በዘላለማዊ ሥቃይ እንረግማለ…	negative
የት ነው ሒሳብ የተማረው ደደቢት	negative
አዋ! አልሰማህም እንዴ?? ሰው መሆናቸውን ማረጋገጫ የማይፈልጉ ህዝብ ነዋ	negative
ዝም ብሎ ነው የሚቀባጥረው	negative
Here for it! ???? ጋሼ ዘመኑ coffee ሲል ያው ጃምቦ ማለቱ ነው ብዬ አስባለሁ :-)	negative
?? ብሽሽቅ ይመችሻል መሰለኝ! ?? «መስጊድ ማቃጠሉን ተዉ እንጂ ግዴለም እኔ ቅጥል ልበል» ብዬ ልቀልድ? ??	negative
የሞኝ ለቅሶ መልሶ መላልሶ አሉ ወያኔ ያስተማረቸውን ምን ይበል በሌላ ቋንቋ የኦሮሞን የበላይነት የሚነቀንቀው የለም እያለህ ነው። ሲምበርባዳ ምን ማለት ነበር	negative
እውነተኛ ዲሞክራሲ ስለተመሠረተ እንደግፍ ያለ ተፎካካሪ ድርጅት የለም	negative
ጋሞ ዞን ክልል ለመሆን ያቀረበው ጥያቄ በደቡብ ክልል ምክር ቤት ምላሽ በመነፈጉ ፌዴሬሽን ምክር ቤት ጣልቃ እንዲገባ በደብዳቤ ጠየቀ። የዞኑ ምክር ቤት የጋሞ ክልል ምሥረታ ጥያቄውን…	negative
ከአክራሪዎቹ ያልተናነሰ የታሪክ ማጣመም እዬሰራ ያለው እኮ የዚህ ድርጅት የበላይ ጠባቂና ድርጅቱ ነው  እንደጎንደሩና እንደዴሴው ዱቄት አርጎ ማሰናበት ነው	negative
የእስራኤል መንግሥት መሠረት እና የሚያስከትለው መዘዝ በሰው ዘር ላይ ጥፋት አስከትሏል ፡፡	negative
ጎንደር ዩኒቨ የሚቀበላት ከሆበ መቱ ዩኒቨ መሸኛ እንደሚሰጣት ቃል ቢገባላትም ጎንደር ዩኒቨ ፈቃደኛ አልሆነም  45ሺ የአማራ ተማሪዎች በተመሳሳይ ሁኔታ ውስጥ ይገኛሉ	negative
አርባ ጉጉ በደኖ እኔ በዓይኔ ያየሁት የልጅነት መጥፎ ትዝታዬ እንዲሁም ኦነጎች ሰው ስለመሆናቸው ዛሬም ብዙ እጠራጠራለሁ።ነብሰጡር የዓማራ  እናቶች ሳይቀሩ ሆዳቸው በጩቤ እየተቀደደ ወደ ገደል ተጥለዋል።	negative
እሱ በጣም ጥሩ አልነበረም ይአ ሲ ኢ ምኤ	negative
አሁን የፓርቲ ስም ይዘሀል  / ነገ ምርጫ ቦርድ እዉቅና ይሰጥሀል  / እራስን ግልፅ በሆነ ሁኔታ ለህዝብ ማቅረብ መልካም ነው። / ባለአደራ እያልክ ስታደነቁረን ከረምክ	negative
ጌታን ምለምነው በህይወት ዘመኔ አይኑን አታሳየኝ ብዬ ነው...disgusting!	negative
ከምርጫ በፊት ልዩ ሃይል እና ሚሊሺያን እልባት መስጠት	negative
የኦሮሞን ህዝብ ትግል ከግብ እናደርሳለን ብለው ለህዝቡ ቃል ከገቡ 2 አመት ሳይሞላቸው ህዝባችንን ከካዱ I can’t help it. ለህዝቡ ቃል ከገ…	negative
እንዴ ታውቆሀል they cannot resist አልክ እኮ ሰውዬው ምነው እድሪስ አልባ ነኝ ተጫወትክሳ ??	negative
መንግስት ተብየውስ ምን ይወጣለታ   መልክ ታጥቦ አይጠጣ መና ነው እንጂ!	negative
አንዱ ዘራፊ አንተ ነበርክ። ንገሩኝ ባይ	negative
ምን ባለሙያ አላችሁ ብለህ ነው። ዱኩላ	negative
ለኃጢያትዎ ይከፍላሉ ፡፡ ከኋላዎ እየተሽከረከሩ እና ድንቁርናዎን እንደሚሰርቁ ከኋላዎ ይመልከቱ ፡፡ ለድርጊቶችዎ ትጮኻላችሁ ፡፡	negative
ዛዲያ ድርጅታችኹ መታገታቸውን ከሰማ ጀምሮ ምን ሲያደርግ ነበር?  ከሕዝብ እኩል እዚህ ላይ ስትጠይቁ አታፍሩም? ነገ ብልጽግና ምናምን እያላችኹ ታወራላችኹ ልሳናችኹ ሳይታሠር?	negative
ለአማራ ህዝብ ተስፋ የሚባሉት ተቋማት ለማፈረስ ተግቶ የሚሰራ፣ አውርጃዊ አስተሳሰብ ያለው ለህዝባችን አንድነት ጸር የሆነ ድርጅት ነው። አዴፓን ከአማራ ህዝብ ትክሻ ላይ ማውረድ የክ/ዘመኑ የአማራ ህዝብ ረፍት ነው።	negative
እውነት ሊሆን ይችላል። እናንተ እኮ ከመስራት ይልቅ ሌላውን ማማት እና መጣል ላይ ታተኩራላችሁ??	negative
ድጋፍ መሆኑ ነው?	negative
በሚልዬን የሚቆጠር ሕዝብ የጃዋር ተከታይ ከድንጋይ በታች ማለት ነዉ?  አይ የናንተ ምላስ!! ብቻ አብቅተዋል. ብዙ ማለት ትችላላችሁ. ሌላው የተስፉ መቆረጥ ምልክታቹ ነዉ	negative
አሁን ሁለት ሰዎች በኢትዮጵያ ታሪክ እንደ ዐቢይ ያለ ቅን መሪ አልነበረም የሚል ሀሰት ወሬ ሲያሰራጩ ተገኝተው ከገፄ በBlock ተባረዋል።  ተመሳሳይ እርምጃዎች ተጠናክረው ይቀጥላሉ??	negative
2.እኚህ ወለጋዎች ሸዋ ሳይገቡ፣በሕዝብ ፊት ስቀሏቸው እና እርም አስብሏቸው። ~ ቀ/አፄ ኃይለስላሴ	negative
የድሮ ኬዝ ይሆናል እንጂ መቼም ከኔ ጋር አይገናኝም ኣ ሳጅን?	negative
የቁም ቅዥት እያለማችሁ እንዳይመሽባችሁ ስሩ እውነት ተናገሩ ከቅዥት...000000	negative
ምን አይቶ ነው ግን?!????????	negative
ህወሓትን የሚጠሉ ሰዎች ህወሓት ብልፅግናን ባለመቀላቀሏ የሚናደዱት ነገር ነው አልገባህ ያለኝ። ??	negative
ድሮም ጠርጥሬ ነበር ቀልቃላ ቢጤ ነች ????	negative
ህውሀት አልዋህድም አለች ተብሎ በተለይ ደግሞ በአዴፓ ደጋፊዎች መደናገጥ እየታየ ነው ምረቱን ያውርድላቹሁ፡፡	negative
አይንህ roll ለማድረግ አይመችም	negative
ለውጥ ከሚባለው ነገር የሚያበሳጨኝ በህዝብ ላይ ግፍ የፈፀሙ ሰዎች ምንም እንዳልሰራ አሁንም የመንግስትን ስልጣን ይዘው መቀመጣቸው ነው የግፉአን ደም ይጮሀል ።	negative
ችግሩ ኦነግ ከነትጥቁ መግባቱ አይደለም። ችግሩ ፍትሃዊ የሆነውን የወለጋን ክልል የመሆን ጥያቄ ለማፈን መሞከሩ ነው። የወለጋ ክልል የመሆን ጥያቄ በአፋጣኝ መልስ ማግኘት አለበት።	negative
ምክንያቱም በዚህ ወቅት ቀላጺነት ብቻ ትርጉም አልባ እንደሆነ ስላየን	negative
ዐቢይ ግልጽ ልሁንና ከዚህ የከፋ ኢትዮጵያዊነትን የሚያጥላላና ዝቅ አድራጊ ሥራና ጉዳይ ስለሌ፣ የውጭ ጓደኞቼ መንግሥት እንዴት ይህ ሥልጣን ይኖረዋል ጥያቄያቸው፣ ያለኝ መልስ እኔኑ ያ…	negative
ሃገር አይገዳቸውም ሃብት እንጂ !! ምን አይነት ልክፍት ነው???	negative
አንቺ ዱቄታም መቼ ያነበብሽው ታሪክ አለና ነው 615 ያሽው ደብተራ የነገረሽን እንጂ። እስክንድር ደሞ ወያኔ ጥፍሩን እና ፀጉሩን ሲነቅለው ማንነው ያስፈታው?	negative
የሳተላይቷ ሚና !!! ~~~~~~~~~ በደንቢ ዶሎ ለታገቱት ወገኖቻችን የኛዋ ሳተላይት ሚና ምን ይሆን፣ ይሰራባት እንጂ ??	negative
ሰይፉ ግን ዛሬ በጣም አመሸ ቤት ሚስቱ አትቆጣውም እንዴ? ??????	negative
ህወሀት ከብልፅግና ልማትን መርጣለች :)  ኢዜማ በአሯሯጭነት ከብልፅግና ጋር እንደቀጠለ ነው :p	negative
2/2 የስብሰባ ዝግጅት ቢኖረም ከላይ በመጣ ትህዛዝ በሚል በቅድመ ስምምነት የተከፈለ አዳራሽ ከህግ አግባብ ዉጪ  በመንግስት ጥብቅ መመሪያ ተሰብሳቢዉ በመግቢያ በር ላይ ለመሰብሰብ ተ…	negative
ብጀምር እኔ አንተን እደብቅሃለሁ? ??	negative
በሐገሪቱ በሚፈጠሩ ችግሮች ላይ እየመረጡ ያወግዛሉ፣አንድ ህዝብ ላይ ጥላሸት ይቀበሉ ሌላውን ባላየ ያልፋሉ	negative
ኢዜማ ዋነኛ መንገድ የተበደለን መውቀስ፣የተከራየውን ሆቴል ከከለከሉት የት ይግባ?	negative
ይሄ ቅዠታም ገና ምን የማይለው አለ ብለህ ነው ። ምረጡኝ ለማለት የሰራው መልካም ነገር ስለሌለ መቼም በኢትዮጵያ ያልተነሳ የለም ዘንድሮ ወደ እኛው ዞሩ ፈያመካ በልልኝ	negative
ህወሓትን የሚጠሉ ሰዎች ህወሓት ብልፅግናን ባለመቀላቀሏ የሚናደዱት ነገር ነው አልገባህ ያለኝ። ?? ህወሃትም ብልፅግናንም ገደል ይግቡ	negative
አመት ሙሉ ፓርቲና መንግስትን ደባልቀዉ የተጠቀሙበትን በቢሊዮኖች የሚቆጠር የግብር ከፋይ ገንዘብ ከነወለዱ 4ቱም ድርጅቶች መክፈል አለባቸዉ! በተለይህ ህወሓት! እንዴት…	negative
አንድን የጦር ጀነራል በመንገድ እና ውሃ ስራዎች ላይ መድበህ በተመደብክበት ስራ ስትል ትንሽ አታፍርም። ወንድም አድርባይነትም ልክ አለው።	negative
የተናቀ እንደተባለው ነው...	negative
ከብሔርተኝነትና  ያልፀዳ ምርጫ ፍትሀዊ ሊሆን አይችልም ።	negative
እስከው አንተ ጎጥ ራስ በቁጭት ተገፋፍተህ እንኳን አደረሳችሁ ስላልን እኛም በቁጭት እንኳን አደረሰህ ብለነሃል። እናም ከእብደትህ ፈጣሪ ያድንህ	negative
ረዳቶቹ ሴት ቢሆኑ ኖሮ ፓርቲ ትቀይራለህ	negative
ይህ ነው እንግዴ ማንም እየገባ የሚባርቅበት ሚድያ።ሱራፌል??	negative
ምርጫውን ይኸው በአፈና ጀምረናል... / ሆኖም፣ ባልደራስ ለእዉነተኛ ዲሞክራሲ ፓርቲ  በመንግሥት ተፅእኖ አዳራሽ ቢከለከልም ሜዳ ላይ ተወልዷል... / ከፊት ለፊታችን መራራ ትግል ይጠ…	negative
የሰይፉ ቀልድ አላዋቂነት እና በሁሉም ሰው መቀለድ እንዳለ ሆኖ በሰብአዊነት ለመርዳት ስላደረጋቸው ተግባሮቹ ግን ምስጋና እንጂ እንዲህ ማንጓጠጥ አይገባውም::	negative
ኢምፔሪያሊዝም የሚለውን ሀሳብ ለመትከል የፈለግክ ዘር ነህ	negative
ህዳር 21/2012 በዕለተ አክሱም ፅዮን ማርያም የአድዋው ሰይጣን ህወሃት ግብዓተ መሬት ተፈፀመ። RIP ህወሃት!	negative
ንቅል?? መጀመሪያ በመፅሃፉና በመፅሃፉ ቅዱስ ያለውን ለውጥ እወቅ ሲቀጥል ዥልጥ ሰው አይመቸውም ??????	negative
ምነው ቀልዱን ንፁሀን ላይ ባናረገው	negative
ዝባዝንኬ ነው ያወራው። ሽፍቶቹ አንድም ፖለቲካዊ ግብ ይዘው ጫካ እንዳልገቡ ሁሉም ያውቃሉ። ከመነጠል ይልቅ ለክፉ ቀን መጠባበቂያ እንዲሆኑ እያባበሉም እያሰታጠቁም ማቆየቱን የመረጡት እነርሱው ናቸው።	negative
አባቶችህ አለቀሱ።  የወደፊቱ ትውልዶችዎ ይወገዳሉ።  የራስዎን እና በአካባቢዎ ያሉትን ሰዎች ዝና ያበላሻል ፡፡  እግዚአብሔር በነፍስህ ላይ ይምራ ፡፡	negative
እኔን ብቻ ነው ዶሮ ?? ለሊቱን አላስተኛም ያስባለው?	negative
1923 ህገመንግስት ላይ አለ የለም የሚለውን ዛዛታ ተውትና   አረመኔው እስላሙ ፈላሻው  ማንን ነበር???	negative
Terrible! ሰው አንዴት በሁሉም ነገር ከእዉቀት ነፃ ይሆናል!	negative
አንተ ቆሻሻ ስው	negative
አሉታዊ አስተያየት የምትሰጡ ሰወችን፣ ስማችሁ ብቻ አጋልጧችኋል! በመንጋ ብዛት በሚለካው ቦለቲካችን፣ አንድ ጠንካራ ሰው ሙስሊም ካልሆነ - ፀረ ሙሊም፤ ወረሞ…	negative
ኢ/ ኣፍሪቃ ኣትበሉ ኤርትራ የሉም በሆዳሚች ሀገር ብቻ ነው እየታየ ያለው	negative
**ትንግርት** ሚኒስቴር ጭራሽ Cost sharing ይቅር አለ ነው የምትሉኝ? ከምር ይሄ አቃጣሪ መንግስት በድሃ ነፍስ መጫወቱን ቀጥሏል።	negative
Playboi Carti on Magnolia: በኒው ዮርክ ውስጥ እኔ ወፍጮ ዐለት መደበቅ ነው በ የእኔ ሶክ መሮጥ ከ ተቃዋሚ ከዚያ መተኮስ በ ተቃዋሚ	negative
እንደውም ትክክለኛ ማስታወቂያ ሁሉ አይመስልም። ስህተት አይደለም እያልኩ እየተከራከርኩላቸው አይደለም እኮ- የዛኛውን ቅዠት እያወራሁ እንጂ :-)	negative
የቴፒ ከተማ ሰላምና ፀጥታ ስጋት	negative
ህግ እና ስርአትን የሚያስከብር መንግስት አለ ብለው ደህንነታችን ይጠበቃል ብለው አምነው ለትምህርት ከቤታቸው የወጡ ተማሪዎች ለምን ታገቱ? ይህን ያህል ጊዜ መንግስት የት ነበር?…	negative
ኖ በኬንያውያን ላይ ነው ያለው	negative
እምዬ ኢትዮጵያ ጉድሽን አላየሽ ክትክታ የማያውቅ ትውልድ አለልሽ.....????????	negative
ጎጃሜዎች እንዲህ የሚል ስድብ አላቸው   እንጭቅ!  ምን ማለት እንደሆነ ግን አላውቅም	negative
የሆነ ነገር መጥፎ ነገር ተናግሬያለሁ?!	neutral
ልዩ የተፈጥሮ ገፅታ   *****  የምስራቅ አፍሪካ የውሃ ማማ ጮቄ	neutral
ብ/ጄ አሳምነው ጽጌ ከምክትል ጠ/ሚ ደመቀ ጋር በሱዳን ጉብኝት አልበሽር ያሉትን ለተመስገን እንደነገረው....  ኢትዮጵያ ለእኛ ጥሩ ጎረቤታችን ናት፤ ከህወሓት ጋር ግን ቤተሰብ ነን።	neutral
?? እሺ ወንድሜ እተከላለሁ ማኛ እኮ ናት ወዳታለሁ በጣም ደሞ  ቅና አሉህ ??	neutral
ይቺን አውቆ ነው ዶ/ር አብይ ክርስቲያን የሆነዋ.......ኧረ ጀንፈሉ ይህ እንጣጥ እንጣጥ ዋዋዋ!	neutral
1፣2012  የህወሃት ንብረት አካፍሉኝ ጥያቄ እና ኢህአዴግ ግንባሩ ንብረት ማፍራት የሚፈቅድ ህጋዊ አውድ ነበረ ወይ?የትኛውንስ ሀብትና ንብረት ነው አካፍሉኝ የሚለው? 1/3  ትዕግስት ዘሪሁን…	neutral
ሰው የፈለገውን የመሆን መብት ቢኖረውም መብቱ የሚወሰነው ግን በሚኖርበት ሀገር ውስጥ ህጉ ማኖር ሲችል ብቻ ነው። ይህ ከመብት እና ከእኩልነት ጋር አይገናኝም፣ ከህግ ጋር እንጂ	neutral
Global citizenንነቴ እና ኢትዮጵያዊነቴ ተምታተውብኝ አያውቁም የሚል ይታከልበት ??	neutral
ለቅዳሚታችሁ  ????❤          አሁን በምትሰሩት ማንኛውም ነገር ምሉእነትና እርካታ ይሰማችሁ!  የአሁንነት ሀይል -ለመንፈሳዊ የእውቀት ብርሃን መመሪያ በኤክሀርት ቶሌየተዘጋጀ መጽ…	neutral
ስንታየሁም ሆነ ኤልያስ ፓርላማ ለመግባት ምን ያንሳቸዋል??? ደግሞ ሁለት ሰው ብቻ ይዞ ፓርቲ ይመሰረታል ያለህ ማነው? መቸም በእስክንድር ላይ በየምክኒያቱ ዱላ የማ…	neutral
አሜሪካ ሱሌይማኒን በመግደል ቀይ መስመሩን ሳታልፍ አይቀርም። ዜጎቿ አገሪቱን ለቀው እንዲወጡ አዝዛለች። ጀለሶቿ ደግሞ restrain እና de-escalate እያሉ መለማመጥ ጀምረዋል።	neutral
ትንሽ ቆይተህ ዶ/ርብርሀኑና በዶ/ር አብይ መካከል ምንም ልዩነት የለም እንዳትለን ነው ምፈራው	neutral
መንግስት ሆይ ሀገሪቷን የማፍያ መፈንጫ እንድትሆን አትተዋት - ሰላም አልፈልግም ብሎ ጉልበት ለመረጠ በእቅፍ አበባ ሳይሆን በሚደቁስ ጠንካራ ክንድ መቀበሉ የግድ ነው።	neutral
ታቦተ ሕጉ ለእግዚአብሔር በካህናታ ሕጽርት ወበመንፈስቅዱስ ክልልት ንጉሥኪ ጽዮን ኢይትመዋዕ ለፀር ወኢየኃድጋ ለሀገር። በካህናት የተከበብሽ በመንፈስ ቅዱስ የተከለልሽ የእግዚአብሔር ታ…	neutral
... እናማ ልሙጡ ባንዴራን ለቤተክርስትያኒቷ አስረክባቹ፣ secular በመሆን በተሻለ መንገደ ሰለማዊና የተረጋጋ ክልል በመፍጠር ሰርታቹ አሳዩን ና ተዛ…	neutral
ሳያችሁ ግን ሶስተኛው የአለም ጦርነት ጉዳይን ከመጤፍም አልቆጠራችሁትም።	neutral
ብድር በምድር መሆኑ ከሆነ ተገቢ አይደለም ከዚህ በፊት ስንቃወም የነበረው ይህንንም አልነበር ታድያ ጉልቻ ቢቀየር ሆኗል ነገሩ ማለት ነዋ ..…	neutral
ለውጡን ያለመው የኦሮሚያ ባለሃብቶች ውይይት	neutral
በኋላ ፣ በደቡባዊ ሥርወ መንግሥት ያያትጋሱ የተባለ ሠራዊት አለ ፡፡  ምናልባት ኢሉሚናቲ ሴራ ሊሆን ይችላል ፡፡	neutral
በጣም ስውር ህዝብም ጭምር:: እኔ የሰዉ ሂሉን እሺ ብሎ መቻል በጣም ነው ሚገርመኝ::	neutral
ሪፖርት | ፈረሰኞቹ ምዓም አናብስትን በመርታት ወደ አሸናፊነት ተመልሰዋል	neutral
አይ ካሳዬ ስምንተኛ ክፍልን ዘልቋል ብለን ነው የሾምነው ???? መልሱ እኮ እዛው በቀይ ያሰመርከው ላይ አለ ... ከጊዜው ነባራዊ ሁኔታ ጋ ሊያራምዳቸው .... አለቀ።	neutral
ልጅ ጠ/ሚ/ር ዶር አብይ አህመድ በጉጂ አባገዳ ተመርቀዉ ካላቻ አስረዋል። ዶር  እንኳን ደስ አለህ።	neutral
... የገዛ ጓደኞቻቸውን ከመግደል ወደኋላ የማይሉበት ስሜት ላይ ነው ያሉት። ይሄ ደሞ በየትኛውም የተማሪዎች ዘመን ታይቶ የማይታወቅ ግልብነት/ግልፍተኝነት ነው።…	neutral
የሰኔ 16ቱን ፍንዳታ በተመለከተ ወደአሜሪካ(FBI) የተላከውን የተጠርጣሪዎች አሻራ ውጤት ጤና ጥበቃ ሚንስቴር በነካ እጁ ቢገልፅልን።...ግራ ቢገባኝ እኮ ነው ??	neutral
በኤክሳይዝ ታክስ ሰበብ የታየው የዋጋ ንረት መነሻው የተዛባ የገበያ ሥርዓት ነው ሲል መንግሥት አስተባበለ	neutral
ልክ ጋን ዉስጥ እንዳለች እንቁራሪት ነዉ በለኝ ትንሽዬ ብርሀን ስታይ ኖራ ከጋኑ ስትወጣ በቃ አልተቻለችም እን…	neutral
ሰዓቱ በእኛ ላይ ነው ፣ ሶሳውን ስጠኝ ፡፡  ተጣባቂ ሩዝ አምጡልኝ ፡፡	neutral
ሰለቸኝ ጌታን ሰው ወደ አውሬነት እየተለወጠ ነው ደከመኝ ደከመኝ ጌታ ሆይ አረ ምን አይነት ዘመን ነው ሰው ፔጅ ላይ ሄዶ ያንን ሰው ሙሉጭ አርጎ መስደብ ምን ይሉታል መሳደብ ይቀላል ወይስ ያንን ፔጅ አለማየት?	neutral
ልክ ነህ! ከምትላቸው ቃላት ያንተ ቅንነት ለመገመት ችያለሁ፡፡  ቅንማ ባትሆን ኪራይ ሰብሳቢነኝ ስትል፣ በኢትቪ ነበር ቀርፀው፣ ዶክሞንተሪ የሚሰርቡህ፡፡	neutral
ተፎካካሪ ፓርቲዎች ተሰባስበው እና አንድ ቡድን አዋቅረው ፋና ፥ ዋልታ እና ኢቲቪ አጠቃላይ የህዝብ ሀብት የሆኑ ሚዲያዎች የባለቤትነት እና አጠቃቀም ላይ ጥርት እና ፅድት ያለ መስመር…	neutral
እየሱስ ክርስቶስ ከድንግል ማርያም የተወለደ  ወይም በስጋ ከዳዊት ዘር  የተወለደው ስለሰው ልጆች ኀጢአት እዳለመክፈል ነው የምትሉ በዚህ ፔድ መወያየት እንችላለን	neutral
የጌታዬ እናት፦ ንፂህተ ንፁሀን፤ ቅድስተ ቅዱሳን ድንግል ማርያም ምንም አኔ ሀጢያተኛ ልጅሽ መሆን የማይገባኝን አስቢኝ ።ከሰራሁት ይልቅ የልጅሽ ቃልኪዳን ይበልጣልና አሳስቢልኝ ። ሰዐ…	neutral
እኔ tetemን ነው የሰማሁት መገመት ነው የት እንደነበርኩ	neutral
ምን ማለት ነው? ኦሮምኛ እስክንለምድ ድረስ ኦሮሚኛ የምትችሉ ተርጉሙልን እስቲ  ፎቶው አንደኛ ነው! ፓ! ሰላም ፍቅር ደስታ ፈገግታ በሁሉም ላይ ሰፍኗል። ከነሱ…	neutral
ሃሃሃሃ ቀልጅ ከአንድ ዓመት በኃላ መሬት በሚሊዮኖች ሆኖ የመገበያያው unit ዶላር ሲሆን ቡልልልልል ማለታችን እንደማይቀር እወቂ ????	neutral
ነበር እድሜ ላንተ	neutral
አሉ ከፋ እና ቦረና፤ ሰላም አይደሉም ወይ እነራስ ጎበና?!  የሚሰጡት ቢያጡ ከድፍን አበሻ፤ ለኡራኤል ሰጡት የጎበናን ጋሻ።  ተብሎ የተዘፈነላቸው ስመጥሩ ጀግና ራስ ጎበና ይህን ይ…	neutral
በተለይ ምዕራብ ወለጋ ግዛቱ ሆነ። ሁለት ዓመት (ድፍን ሁለት ዓመታት) ሙሉ ኦነግ ነጻ መንግሥት ኾኖ ልጆችን ለወታደርነት ሲመለምል፣ ትምህርት ቤቶችን ጭምር የወታ…	neutral
እረ እረፍት አርግ ይሄ ደግሞ የአንተ ስራ አይደለም	neutral
የህዳሴ ግድብ የሶስትዮሽ ውይይት በካይሮ እየተካሄደ ነው	neutral
ባየሽው ፡ የኔን ፡ መቼ ፡ ቀሎኛል፣ በታመምሽው ፡ ልክ ፡ እኔም ፡ አሞኛል፡፡	neutral
በግሌ ዑስታዝ አቡበክር አህመድ የት ሆኖ ለ ም/ጠ ሚኒስትሩ ስልክ እንደደወለላቸው ጭምር ትዝ ይለኛል።	neutral
እማማ ዘርፌማ ጂም ከርመው ነው የመጡት። የስኳቲንግ ምናምኑ ውጤት ????	neutral
ይሄ ዜና ነው? ስብሰባው ከመደረጉ  በፊት ማለት ትችሉ ነበር!	neutral
በአማራ ክልል አሁን ሊሰሩ ነው የሚባሉት መንገዶች ከ2008 ጀምሮ ሲንጠባጠቡ እና ሲራዘሙ የቆዩ እንጂ ፍትሀዊነትን ለማስፈን እስካሁን በአማራ ክልል ምንም አይነት የመንገድ ፕሮጀክት…	neutral
እኔም እሱን ብዬ ነው	neutral
የጎንደር ዩኒቨርሲቲ እንደሚለው ቅጣት የተጣለባቸው ግለሰቦች ኹከት እንዲስፋፋ ተማሪዎች ክፍል እንዳይገቡ መከልከል፤ ትምህርት እንዳይጀመር ተማሪዎችን፣ መምህራንን በማስፈራራት፣ ስለት…	neutral
ኢትዮጵያን በሰላም እና በወጣቶች ስራ አጥነት ምክንያት እጦት እየተሰቃየች መሪ ነኝ ባይ ግን  ልማት ከማምጣት ይልቅ መዝናናት እና ድግስ በማድረግ የህዝብ በጀት…	neutral
የወለጋ ጉዳይ “አለባብሰው ቢያራሱ...” ዓይነት ነው። “በመንግሥት” እና በኦነግ መካከል የተረገው ድርድር ግልጽ አልነበረም። ሁለቱ አካላት መስማማት አልቻሉም።…	neutral
እንተዋወቃለን ወይ የሐበሻ ወንዶች ሐበሻ ሴቶችን ምን ያህል ያዉቃሉ  ??	neutral
Ethiopia : አሁን ላይ ከዳር ቆመን የምናይበት ጊዜ አይደለም ፡፡ከዳር ቆሞ ማየት መብትን አሳልፎ መስጠት ነው ፡፡ የኢዜማ መሪ  ብርሃኑ ነጋ (ፕሮፌሰር) ዛሬ እሁድ በነጋ ቦን…	neutral
ከበቂ መረጃ በላይ አለ ነገር ግን ለእንዳንተ አይነቱ ሰው አብይ እራሱ ወጥቶእኔ ነኝ የገደልኩት ቢል ከማጨብጨብ ውጪ ምንም አታደርግም ወይም ምክንያት እየፈጠርክ የሱን…	neutral
የአዋሽ ባንክ የባለአክሲዮኖች 24ኛ መደበኛና 16ኛ ድንገተኛ ጠቅላላ ጉባዔ ላይ ወሳኝ የሚባሉ ውሳኔዎቸ ተላልፏል:: በዚህ መሰረት: --የባንኩ ካፒታል ከ6 ቢሊዮን ብር ወደ 12 ቢሊ…	neutral
ብልፅግና ወደ ብልግና?	neutral
ሽሮ ፍትፍት ????      ለሚያስፈልገው ሁሉ????	neutral
አቡነ_መርቆሪዎስ ከ28 አመት በኋላ ለመጀመሪያ ጊዜ ተናገሩ ።   ለሃያ ስምንት አመታት  አንዳችም ቃል ከአፋቸው ሳይወጣ የቆዩት አቡነ መርቆሪዎስ የገናን በአል ምክንያት በማድረግ…	neutral
እንዲህም ማለት ይቻላል:             ጔደኛየ አብርሃም ቢያይህ  አንተን ተጨቁነህ ያልነበርከውን ጨቌኘህ ለካስ ጭቁን ነበርኩ ብለህ እንድታስብ ያደረገህ መሆኑን ያብራራልህ ነበር!!	neutral
እኛ ሁሉንም ነገር ሰበብ እናደርጋለን ፤ ጎረቤቶች ውስጥ ፣ ምንም; ውድ ሆነን ለመሸጥ እና ርካሽ ለመግዛት እንፈልጋለን ፡፡ ሳን ፍራንሲስኮ ዴ ሽያጭ	neutral
ኣይይይ: መሬት ያለው ሰው ኣለ ይላሉ ኣማራ:: ኣዲስ-ኣበባ ያለ መንግሥት ከኣሥመራ ትእዛዝ እንደሚቀበል እስቲ ንገሩት ለዚህ ሰውየ:: ለክፋት ከሆነ እማ: ሻዕብያ…	neutral
????የምር ግን መጽሀፍ ቅዱሱን እንክዋን ብዙ ቤተሰቦች የኔን አያት ጨምሮ እንደ አስፈሪና ሚባላ ነገር ስለውብን ተራ ሰው አያነበው…	neutral
እሱንስ ይበሉ እሺ ግን ቤታቸው ውስጥ ገብተው ደምእንባ ሚያስለቅሱት ነገር ?? ሰው መርዳት ካለብን ዲግኒቲያቸውን መጠበቅ። ስንሰጥ ከመለፍለፍ መቆጠብ፣ በሚስኪኖች mise…	neutral
እንኳን እነሱ: ትግሬዎች መላላክ እንደጀመሩ አልሰማህም እንዴ? ???????? ሚንስትር ዴኤታው: ጎበዛይ ምን አለ? የ…	neutral
እንደዚህ ሰው ትራምፕን ጥብጥቢ የተጫወተበት የለም	neutral
የወላይታ ሊቃውንት እና አክቲቪስት ነን ባዮች ከህወሓት ጋር የሚያደርጉትን ግኑኝነት ባልደግፈውም አልቃወምም። ምክኒያቱም ዋስትና ፍለጋ ሰው ሴጣን ጋር ሌሄድ ይችላልና።	neutral
ቤሄሩን ስደግፍ ሌላዉን ጥሎ አይደለም  ሁሉን ባንድ ማየት ከቻለ ብቻ ነዉ	neutral
“ጉራጌን ስትፍቀው ብትውል ጠንካራና ታታሪ ኢትዮጵያዊ ነው የሚወጣው”  ????❤️	neutral
ነጻ ለመሆን መጀመርያ የነጻነት ትርጉምን መረዳት ወሳኝ ነው	neutral
ቆይ ወንዶች ለበዓል ምንድነው የሚለብሱት? አቦ አስቀናችሁኝ... እኔም ሀበሻ ቀሚስ ልግዛ እንዴ?	neutral
በኤርትራ ጉዳይ በጠበጣችሁኝ ብሎ እንደቀልድ ለ3 ወር ዩኒቨርስቲ የዘጋ መንግስት / አልጋወራሹ  ተማሪ አንድ አንድ እያለ እስኪጫረስ ነውንዴ የሚጠብቀው? ትምህርቱ ከደበራቸው እነሱም ይረፉ እስቲ	neutral
ይቅርታ መቀሌ ያለክ መስሎኝ ነው??	neutral
መረጃ ለመንጋው የመጀመሪያውን የሻሪያ ፍርድ ቤት በአዋጅ ያቋቋሙት ቀዳማዊ ኃይለ ሥላሴ ናቸው መረጃውን ጉልጉሎ ያወጣል አቻም ነው.	neutral
ከምርጫ በፊት ልክ ነው የማይታሰብ ነው።እንበልና የነጃዎር ፖርቲ መንግስት ለመመስረት ወንበሮች ካጠሩት እንደአሁኑ ተንከትክቶ ከሳቀ እናየለን።	neutral
የዘንድሮ የብሄር ክልል ስራት የኢትዮጵያውያን genome sovereignty ወይንም ከዘር ሃረግ የሚመንጭ ታሪካዊ ባለቤት ነትን ይጨፈልቃል።	neutral
ሦስተኛው ቀንዬ ነው። እኔ አላውቅም	neutral
በጠገዴ ከታዳጊዎቹ ግድያ ጋር በተያያዘ የተጠረጠሩ ተይዘዋል፤ ክትትሉ ቀጥሏል- የወረዳው ፖሊስ	neutral
ሁለት አመታት መፍታታት ቢታይም፣ ኢትዮዽያን ለተከታታይ ያስተዳደሩ መንግስታት ተችወቻቸውን በማዋከብ ይታወቃሉ።	neutral
የሞጣ ሙስሊሞችን ጉዳይ አስመልክቶ በኮምቦልቻ ታላቅ ሰላማዊ ሰልፍ እየተካሔደ ይገኛል።	neutral
ዛሬ አርማጭሆ ህፃን የታገተባቸው ቤተሰቦች እንደነገሩኝ ከሆነ ከለሊት ጀምረው ለመንግስት ስልክ ቢደውሉም እስካሁን አንድም የመንግስት የፀጥታ አካል አልደረሰላቸውም።	neutral
ይሄ የምታዩት ተራራና ሸለቆ በሙሉ እርሻቸው ነው፡፡ እህል ተሰብስቦ ጎተራ በገባበትና መሬቱ ረፍት ላይ በነበረበት ወቅት ነበር የሄድኩት…የአካባቢው ሰው በመንገድ ሲያልፍ ነዋሪውን ሰላ…	neutral
ገላችንን በዚህ መልክ አልታጠብንም ነው ምትሉኝ?	neutral
ኑ እኛ ሰፈር እና እቺን አስገራሚ መኪና ወ ቤት ላሳያችሁ	neutral
ይሁን ከተባለማ የብሄር ፌደራሊዝምን ማጥፋት ነው። ያሬድ ያለው ነገር አሁን ያለውን ህገ መንግስት በማክበር ረገድ የአማራን ክልል የሚያክል የ…	neutral
እንኳን አደረሰህ ከነመላው ቤተሰብህ እሴኬው ውድ የኢትዬጲያ ልጅ!!	neutral
አይዞሽ ገለቴ ምንም ልናደርግልሽ አንችልም ??	neutral
ወይኔ ቁርጭምጭሚቱ ሲያምር በጌታ የምትል ልብ አድርቅ ትጥፋ?!	neutral
በምን ይገለፃል የትውልዴ አበሳ  ከመንበርከክ ብዛት መራመድ የረሳ  ያልፋል ተለጉሞ  ያልፋል ተከርችሞ  የጉልበቱን ኮቴ ምድር ላይ አትሞ                                ~  በ.ሥ	neutral
ኤክሳይስዝ ታክስኤክሳይዝስታክስ ፡ ምን ማለት ፡ ነው?አማርኛውን በወጉ ለማይናገር ሕዝብ???	neutral
ለቤት ተቆራጭ ብዙ ታማኝነት ነው ሉላችይ ርገናመ ስንያቢ ደህ ምኙገላአ ትነይባቀተ ፍገደመበ ታጦስ ንተንአየ ልቭፓ ርተክዶ	neutral
አደጋን ለመከላከል አዲስ እይታና አቀራረብ ያስፈልገናል!   የመኪና አደጋ ዜጎቻችንን እየበላ ነው። ዛሬ በደህና ከቤታችን ወጠን በጤና ስለመመለሳችን አብዝተን የምንጨነቅበት ወቅት…	neutral
ሀገራችን ለዚህ መብቃቶ  በጣም ያሰደሰታል  እግዚአብሔር ይመሰገን  አሜን	neutral
ቢኒ በድፍኑ አደረግሽቅው እኮ የተናገረው ምንድነው?	neutral
እኔ የሚገርመኝ ኣቢ ንጹህ ሰብኣዊና ደሞክራስያዊ ሰው እንደሆነ ነው የሚናገረው።ታድያ ለኢሳይያስ ምኑን ወዶለት ነው ይህን ያክል ፍቅርን ኣክብሮት የሚያሳየው።ኢሳይያስኮ ደሞክራሲ የማይፈልግ ኣምባገነን ጨቋኝ መሪ ነው።	neutral
ግዜ አርብ የሚመስል ሰኞ ዛሬ አየሁ!!??	neutral
የመጀመሪያ ትግል ሲጠንቀቅ በሰላም ወደ ቤቱ የገባ “ቄሮ” አለ የሚባለው በምክንያት ነው። ዛሬ በምትነግሰው አክሱም ጺዮን ማሪያም ክብረ-በአል ላይ እየጨፈረ ታቦት ያስገባ ደጉና ሃገሩ…	neutral
የገዛ ሃገሩን እንደ ጠላት የሚያጠቃን መደዴ እንደ ጀግና ሲያንቆለጳጵስ እየዋለ ፤ የ country X ሉዓላዊነት እንዴት ይነካል! ብሎ ሊመፃደቅ ይዳዳዋል። ስለሃገርህ ሉዓላዊነት እ…	neutral
ሐይማኖት የምትባል ልጅ ያላቸው ወላጆች በእምነታቸው ተስፋ የቆረጡ (atheist) ቢሆን ኖሮ ስሙ የበለጠ ትርጉም ይኖረው ነበር። አሁን እኮ ኦርቶዶክስ ፣ ጴንጤ ፣ ሙስሊም ...…	neutral
የእምዬ ነኝ ! እንኳን ጣይቱዬን  የምድሪቷን አፈር የማላስነካ  የአሉላ መንፈስ የሰረጸኝ  ዘራፍ የምል ለሀገሬ ልጅ  የገብርዬ ነኝ…	neutral
እንኳን ደስ አለዎት ውድ ጠቅላይ ሚኒስትሪያችን!!! እግዚአብሔር በመገኘቱ ይባርክዎት!!! ነገዎትን በብርሃኑ ያብራው !!! በሰለሞን ጥበብ ይባርክዎት!!!  አሜን ????	neutral
በመጭው ምርጫ 2012 በአማራ ክልል ማን ያሸንፋል ?  ሸር በማደግ የተሻለ ድምፅ ያጋሩ	neutral
ከረዩ፣ አርጎባና አፋር ለነብሥ ነው የሚፈላለጉት! አቅም ያለው ላጥ ያደርጋል፣ የተመቸው አጋጣሚውን ተጠቅሞ ይድጣል! ከረዩ አጉል አሥቸጋሪ ሆነ ! ፈታ ብሎ አርጎባ ድረሥ እየሔደ እየ…	neutral
የከተማው የጸጥታ ሰዎች አሳወቅን፣ ልጁም መፈለጉን አውቆ ከከተማው ኮብልሎ ሌላ ከተማ አንዳለ ሰማን።  በዚህ መሃል ነበር ከግቢው የጀንደር ኦፊስ ሃላፊ አስደንጋጭ ዜና የሰመሁ…	neutral
እየዋሸ እንደሆነ ግልጽ ነው። ጥያቄው ምን ያክል የሚለው ነው።	neutral
ወልቂጤ ከተማ የስድስተኛ ሳምንት ጨዋታውን በሜዳው ያከናውናል	neutral
የድሬዳዋ ሀገረ ስብከት እና የጅቡቲ አብያተ ክርስቲያናት ሊቀ ጳጳስ ብፁዕ አቡነ ዳንኤል ዐረፉ	neutral
ኢዜማ  በታክሲ  አካባቢ  የሚደርጉ  የሴቶች  ለከፉ  አሳስቦኛል  እያለ  መሆኑ  ተነገር !   አክሎም  ብልፅግና  ፓርቲ  ለከፋው  እንዲሻሻል  የሚያደርገውን  ጥረት  ማድነቁን…	neutral
የሕይወት ታሪክ አንዳንድ ሰዎች  ባለማወቅና በመሳሳት  ወይም በምቀኝነት  እውነት አስመስለው ጽፈው ፤ ሌሎችን እንዲመስላቸው ለማድረግ ቢፈትኑ ፤ የውነተኛውን ነገር ከስፍራው ሊ…	neutral
ይኸ የስኳርና የግፊት መደሃኒት ሲበዛ እንዲህ ነው የሚያደርጋቸው ...አይ ዳኒ ምስኪን	neutral
«የኢትዮጵያ ቴአትር እና ሥነፅሑፍ ታሪክ ከልደቱ እስከ ዕድገቱ - ቅጽ ፩» መፅሐፍ ምርቃት፡፡  ኢትዮጵያ ሆቴል  አዲስ አበባ  የመፅሐፉ የፊት ሽፋን (ዓመተ ምኅረቱን ልብ ይሏል) ፳…	neutral
ኤክሳይስ ታክስ ከውጭ በሚገቡ መኪኖች ላይ ከ100%-500% ለመጣል አቅዷል  ከ0 - 1 ዓመት ያገለገሉ = 100% ከ1 -2 ዓመት ያገለገሉ = 150% ከ2 - 4 ዓመት ያገለገሉ = 200%…	neutral
ህወሓት ከ90%በላይ በእግዚአብሔር በሚያምን ማኅበረሰብ ውስጥ ሆና ግራ እጃቸውን በሚያወጡ ብሔርተኛ ግራ አክራሪዎች መመራቷ እስከሙዜም ድረስ ከማድረስ ውጪ የት ያደርሳታል?	neutral
የምስራቅ ጎጃም ዞን ገቢዎች መምሪያ የገቢ አሰባሰብ	neutral
ጀንጅኜ አሳምኛታለው ብለህ . .በቃ ይቺንማ ለትዳር ነው .ብለህ ባለህ ሁሉ ስትንከባከባት ቆይተህ መሃል ላይ አንድ ቀን እንዲህ ትልሀለች ቆይ ከሁለታችን ማን ቀድሞ የሚያገባ ይመስልሀል?????????	neutral
እኔ ምንም አልገረመኝም ፖለቲካ ፓለቲካ ነዉ ግን እምነቱን ጌእዝን ኦሮሞዎቹ ሲኮንኑ ቤተክርስቲያን ሲያቃጥሉ ከሀናት ሲታረዱ የትግሬ አክቲቪስትነ ን የሚሉት እኩል ከኦ…	neutral
የወላይታ ሶዶ ዩኒቨርሲቲ ማስተማሪያና ሪፌራል ሆስፒታል አጠቃላይ ( Comprehensive ) ሆስፒታል ግንባታ ዲዛይን ምክክር መድረክ	neutral
አንተ እኛ ስንጃጃል ያኔ ትፅፍልኝ ኖሯል ኣ	neutral
ትራምፕን ሁኗል ቡሉና ቦንገር ሆቴል የማን ነው ..?  ፕሮፌሰር ትራምፕ ነጋ	neutral
መተማና ሶሮቃ በየትና በየት ተገናኝተው ነው ወዳጄ አራንባና ቆቦ የሆነ መረጃ ነው ያቀረብከው፡፡ አገሪቱ ካለችበት አንፃር እንዲህ አይነት ነገር አይፈጠርም…	neutral
2- የማንነትና ወሰን ጉዳዮች ኮሚሽን - ይህም ጉዳይ ብዙ ተብሎበታል። በተለይም በህገመንግስቱ በግልጽ ለፌደሬሽን ምክር ቤት የተሰጠ ስልጣን ከመሆኑ አንጻር 3/7	neutral
እንደኳስ እየጠለዝክ ነው እንዴ የምትጠቀመው	neutral
እስካሁን ብዙ ጉዳዮች ላይ መክረናል፣ ነገር ግን ስምምነት ላይ እስክንደርስ ድረስ ሁሉም ነገር ክፍት ነው ብለው ፅፈዋል።   ዛሬ እና ነገ አዲስ አበባ የሚካሄደው ውይይት በቴክኒክ…	neutral
ኢትዮጵያን ከልማት ሥራ ለማዘናጋት ጦርነት መፍትሄ ነው ብላ ስለምታስብ ሰላም እንዲኖረን አትሻም ግብፅ:: በተለይ አሁን ደግሞ በዳይ እሷው ሁና እያ…	neutral
ኧረ lotion ነገርም ጣል ቢያረጉበት ጥሩ ነበር። ከነ አሻቡዋም እግሩ አጭር ካልሲውን ገድግዶ TV Show Host የሚያረግም አለ። ሊያውም ብሔራዊ TV Station ላይ ??????	neutral
ዘፍጥረት 5  27፤ ማቱሳላም የኖረበት ዘመን ሁሉ ዘጠኝ መቶ ስድሳ ዘጠኝ ዓመት ሆነ፤ ሞተም። 28፤ ላሜሕም መቶ ሰማንያ ሁለት ዓመት ኖረ፥ ልጅንም ወለደ። 31፤ ላሜሕ የኖረበት ዘመ…	neutral
ከየትኛው ዩንቨርስቲ ነው የተማረከው ምንስ ተማርክ የብሔር ግጭት እና ገንዘብ ምን አገናኛቸው ከፈልክም አልከፈልክም የብሔር ፖለቲካ እስካለ ድረስ መገዳደል አይቆምም ከ…	neutral
ምስክር የሌለው ሰው ይሄንን መፅሐፍ ሊያገኝ አይችልም ወይ???  እኔ ከሳቴ ብርሃን ተሰማ የፃፉትን የ1951ዱን የአማርኛ መዝገበ ቃላት 1000 ብር ገዝቼ አውቃለሁ በብላክ ከመርካቶ አሮጌ ተራ።	neutral
ከሚያዝያ 01/2012 ጀምሮ በየዕለቱ ሀፒ በርዝደይ እልሀለው አይከብደኝም!  ኡኡኡኡ እንዳትል ብቻ????	neutral
እኔ ምልክ ስንት ምልዮን ይሆን ዋጋው?	neutral
ወሬው መለስ ብለህ እየው...???? ግን ሰሙ የደረት አጥንት ስትዬ ስለሌላት መስሎኝ ነበር ????	neutral
መውደቅ የሚባለው ግን እንዴት ነው	neutral
ይህ የምትመለከቱት ተኣምር በደብረ ሊባኖስ ኣካባቢ የምትገኘው ቀፀባ ማርያም ቤ/ክ ላይ ግራኝ ኣሕመድ በግራ እጁ የወረወረው ሲኖትራክ እንኳን የማይችለው ግዙፍ ቋጥኝ ድንጋይ ሲሆን ደብ…	neutral
በደም ገንዳ ውስጥ አጥንቶች እስከሆንክ ድረስ ህያው ስሆን ቆዳህ ላይ በምመገብበት ጊዜ ህመምህ የማይታሰብ ይሆናል ብዬ ተስፋ አደርጋለሁ ፡፡	neutral
እንደሱ ያለ ሰው እንዲህ ያለ ደረቅ ውሸት ይናገራል ብሎ ማሰብ ከባድ ነው። ምንአልባት ሊጠቅሰው ያሰበው ህገመንግስት ቀጥሎ የተሻሻለውን እንዳይሆን።	neutral
ኮሌኔል አለበል አማራ የክልሉ የመብራት ሀይል ዋና ስራ አስፈፃሚ ሆኖ ይሾምልን ይሾምልን !!	neutral
የእግዚአብሔር እንጂ  የሁኔታም ሆነ የጠላት አይደለም፡፡   ዛሬ የምትሰሙትን ድምፅ ምረጡ!	neutral
??አሀ ሁለት ሆናችሁብኛ!?  ለየብቻም አልቻልኳችሁም እንኳን ተደምራችሁብኝ!	neutral
ልትበጣጠስ አንድ የተቃረነ አረፍተነገር ከመሪው እየጠበቀን የነበረን ህዝብ - አሁንም እንደሀገር መመራቱ አያስገርምም?? እኔ ተአምር ነው ባይ ነኝ!!	neutral
እባክሽ ቻይንዬ ከብድር ጋር አንድ ላይ ይቺን ስልጠና ለብሔር ብሔረሰቦች ስጭልን +	neutral
ብዙዎች ከመብራት ክፍያ ጋር  በተያያዘ ቅሬታቸውን ሲያሰሙ ታዝቤያለሁ። የሚመለከተውን መስሪያ ቤት ሲጠይቁ አጥጋቢ ምላሽ አያገኙም። አገልግሎቱ ከሚቋረጥ ብለው የሚጠየቁትን ይከፍላሉ።…	neutral
እባካችሁ የመምህሩን ስልክ  ስጡኝ  የኢትዮጵያ  መገኛቸውን	neutral
መቼ ነው የሚደገመው?	neutral
አላኖር ያለው ማን ነበር ?	neutral
የቱርክ ምክር ቤት ራቺብ ጣይብ ኤርዶኻን ወደ ሊቢያ ወታደር ለማዝመት ያቀረቡትን ጥያቄ አጽድቋል። የግብጽ ውጭ ጉዳይ መሥሪያ ቤት ከተ.መ. የጸጥታ ምክር ቤት የውሳኔ ሐሳብ የሚቃረን…	neutral
የጨርቦሌ ህዝብ ነፃ አውጭ ግንባር የሚል ፖለቲካል ፓርቲ ለመመሥረት የሚያስችል ገቢ ማሰባሰቢያ ... ቢሆን ኖሮ ይሄኔ ከጠየከው መጠን ከ6 እጥፍ በላይ ይሰ…	neutral
በኦሮሚያ ክልል ምዕራብ ወለጋ ዞን ጊዳሚ ወረዳ በደረሰ የመኪና አደጋ 12 ሰዎች ሞቱ (ኤፍ ቢ ሲ)	neutral
ሰላማዊ ሰልፍ የማድረግ ጉዳይ ጊዜ የሚሰጠው አይደለም። አማራ አንድ ሆኖ ታግተው በችግር ላይ ላሉ ወገኖቹ ድምፁን የሚያሰማበት ሰዓቱ ዛሬ ነው። በአማራ ህዝብ ላይ እየደረሰ ባለው ሞት…	neutral
17ቱን ታጋቾች መንግስት ተደራድሮም ቢሆን ማስለቀቅ አለበት። ወንዶቹም ታጋች ናቸው።	neutral
ሕወሓት-ከፕሮፌሰር መረራ ጋር ሊሠራ? ወይም ፕ/ር መረራ ከሕወሓት ጋር ሊሠሩ? (የዕለቱን ወሬ ያዳምጡ)	neutral
ጥበብ ቤተሰቡን ጠርታ እሰቃየችን እያልኩ እንዳይሆንብን እንጂ ከአብርሽ ጋር ዝምድና አለን ????	neutral
ይሄ አይን ግን ምን ይሻለዋል?	neutral
ቆይ ካለ ፋንድ ተኮርንተ ለምሆኑ ስራ ይሰራል። ደሞስ የትኛው የfeminist ስራ በመሰራቱ ነው አንተ የተቃረንከው?	neutral
እኔ ይሄን የማውቀው በቤተክርስቲያን አጥር ስር እግር ጥሎኝ ሳልፍ ነው	neutral
3)ሊላው ከደጋው ወልቃይት ጠገዲ የሚነሣው የካዛ ወንዝ ከአንገረብ ጋር ተገድቦ ቁልቁል የወልቃይት ጠገዲን ሠሊጥ የሠለቸ መሪት ለፍራፍሪ እና በቆሎ ልማት እየዋለ ለሐገራችን የምግብ ዋ…	neutral
እግዚአብሔርንም ለሚወዱት እንደ አሳቡም ለተጠሩት ነገር ሁሉ ለበጎ እንዲደረግ እናውቃለን። Romans 8:28	neutral
ገና አንዲት ፍሬ ነሽ።	neutral
እረ ደግሜ እናገራለው ማንቼ መስማት አቁሞዋል እንዲህ አይነት ነገር! እንደውም በጣም የናፈቀኝ ከሊቨፑል ጋር ምናረገውን 2nd round ነው???? ??????????.....	neutral
Ethiopia  ጠቅላይ ሚኒስትሩ በሚሊኒየም አዳራሽ ሴቶችን ሰብስቦ ብልፅግና የሚባሀው ፓርቲ ሴቶችን ለማበልፀግ እንደሚሰሩ በሚምሉበተሰ በዚህ ከዓት ሴት ተማሪዎች በኦሮሞ ፅንፈኞች…	neutral
በ ፈረንጅ 77 ድንቁ ኦሮሞ ጉግሳ  ይለዋል እንግዲ ሪሻርድ ፓንከርስት።   ዛሬ እንደሆነ አልቅህ እኔ፡፡ ሙግት አምጣ ወይ እመን ፣ ሚቆጭህን…	neutral
“ህወሓት ወደ ብልፅግናው ፓርቲ ተዋህዳ ብትከስምልን ኖሮ የትግራይ ህዝብ መሪ ድርጅት ዓረና ይሆን ነበር፡፡ ዶ በለ ሲያምርህ ይቀራል።	neutral
የኢትዮጵያ  ኤምባሲም  በዋሽንግተን ታላቅ  የሙዚቃ ድግስ ነበረው  እናስ ታጋቾቹ ተለቀቁ ወይ ለማለት ያክል ነው! ??	neutral
ማስመሰል እና አንዱን የበላይ አንዱን የበታች ማድረግ ሲቀር ነዋ አገር ወዳድና ለልማት ለአንድነት ለስኬት ተግተን ልንሰራ የምንችለው።	neutral
ካስየ አማራ አምሳለ ፈጣሪ ነው፤ በአማራ ዘንድ ፍትህ አትጓደልም ብየህ ነበር። በፍርድ በቅሎየን ከወሰዳት ያለ ፍርድ ጭብጦየን የቀማኝ ቆጨኝ ባይ ነው። ይሄው ነው!	neutral
ህገ ወጥ ከሆኑ ታዲያ እንደለመዱት ሰብስበው አያስሩም የብልፅግና ፖርቲ አባላትን	neutral
በጣም አሪፍ:  ግን ይህን አረም ወደ ሌላ ጥቅም ሊቀይር የሚችል ጥናትስ የላችሁም ? ውድ አብኖች	neutral
ማብራሪያ ???? በሰዓቱ ውድና ትልቅ ስለነበር ምሳሌአዊ አባባል ሁሉ እየተጠቀም ስለሚያብራራ እንጂ የተለየ አይደለም:: በሰዓቱ ብላክ ማርኬት ውስጥ ነበር ሚሸጡት ሌላው…	neutral
ዛሬ የመሬት ጀባ ማያ ቀን ነው እንዴ... ትደብቁናላችሁ አይደል ??	neutral
አንተ ደሞ «ውዱእ» በል ወይ ይቅርብህ! ከአሁኑ ጋር ስንቴ «ኡዱ» እያልክ አጣመምከው! ?? ??	neutral
መጀመሪያ ትምህርት ሚኒስቴር ሥርነቀል ተቋማዊ ለውጥ ቢካሄድበት አይሻልም? የዕውቀትም የምግባርም ችግር ያለበት የተማረ ትውልድ ያፈራ ተቋም ራሱ ሳይለወጥ አዲስ ሥርዐተ ትምህርት ቀርፆ…	neutral
የሙስሊሞች የውጭ ጠላት ከየ አቅጣጫው በበዛ ቁጥር፤  የእርስ በርሳቸው የውስጥ አንድነት ይበልጥ ይጠናክራል። ጠላትንም በጋራ ዲል ያድርጋሉ።	neutral
የኔ ውሻ! ...የኔ 6 ኪሎ! የኔ 3 ቁጥር! ...የኔ ፊክሪ!  እንዴት ሆኜ የወለድኩትን ልጅ እናቱ ውሻ ትለው? የእለት መጣያ ሰበብ አታሳጣኝ። በቁንጥጫ ለምዝጌ አሁን በ4ኛ ማርሽ ወደቢሮ እየቆስኩት ያ.ሁ.ነ.ያ.	neutral
ከግድቡ ግንባታ መጀመር ጀመሮ ሲሳካ በእርስ በእርስ ድርድር ካልሆነ ባሸማጋይ ያም ካልተሳካ በአለማቀፍ ፍርድቤት ሊዳኝ የሚችል ጉዳይ እንደነበር ለማንም ግልጽ ነው።…	neutral
አንቺ ከሴቶች ሁሉ የተባረክሽ ነሽ የማህፀንሽም ፍሬ የተባረከ ነው      ፀጋን የተመላሽ ድንግል ሆይ                 ደስ ይበልሽ	neutral
ዶ/ር አብይ አህመድ ኦሮሞ እና አማራን አጋድሎ ወደስልጣን መምጣት ቆሻሻ ተግባር ነዉ  ??	neutral
የኤርትራ ህዝብ ለነፃነቱ የከፈለውን ዋጋ እና ተዓምራዊ ጀግንነት አለማወቅ ለእንደዚህ ዓይነት የተሳሳተ ድምዳሜ ያጋልጥሃል።	neutral
አቤት! የመካሪው ብዛት እና የምክሮቹ ዓይነት ገራሚ ነው! ጥሩ ነው!	neutral
Ruth በጣም ነው ማከብርሽ ለዚህም ነው የመለስኩልሽ ከትልቅ ይቅርታ ጋር ከዚህ በሗላ እንደፈለጋችሁ እዛው አጀንዳችሁን ይዛችሁ ቀጥሉ በቻልኩት ሁሉ በዚህ አርእስት ዙሪያ ምንም ቃል ላለመናገር እሞክራለሁ::	neutral
ማንነታቸው በግልጽ ለህዝብ ይፋ መደረግ አለበት።	neutral
ብሬ ሰኞ Thread  1.ጉዳዮቻችንን፣ የተረጋጋ ሀገር ሰላምና ብልጽግና ከማምጣት እንጂ ከአይዲዮሎጂ አንጻር እንደማይመለከት  2.አጀንዳዎቹን በድርድርና ሲወርድ እንደ ህዝቡ አውድ…	neutral
3- ቢሊሱማ አባቱ ኦነግ ነህ ተብሎ ከስራ እንደተባረሩና ታስረው እንደወጡ: እናቱ በዚህ የኑሮ ጫና ምክንያት ጥላው እንደጠፋች ከዚያም አዲስ አበባ መሆኗን ሰምተን ቅዳሜና እሁድ በጋራ ስንፈልጋት ከርመናል::	neutral
ኢዜማና ብልፅግና ብዙ የሚመሳሰሉት በሽግግሩ ወቅት ቅድሚያ ለመጫወቻ ሜዳው መስተካከል መስጠታቸውና ለሥልጣን ብለን ደም አፋሳሽ ግጭት የሚቀሰቅሱ አቀሳሳሪ አተካሮዎች ውስጥ አንገባም ማለታቸው ነው።	neutral
እንዳይገባው የገባው ሰው ይምስለኛል ??	neutral
አረ ፍቅር በፍቅር መሆን	neutral
ኢዜማ የገዥዉ ፓርቲ ቲፎዞ ሆኖ እያለ እንደ opposite party መሆን ለምን አስፈለገዉ? ገዥ ፓርቲን እየደገፈ እንደተቃዋሚ የሚወ…	neutral
እውነትም አንተን የጨቆኑህ አልተጨቆንኩም ብለህ እስክታምን ድረስ ነው??	neutral
የ2019 ዓ/ም የሳይንስ ዝግጅቶቻችን ቅኝት በከፊል	neutral
አመት በፊት ትልቅ ፈተና ገጥሞን ነበር፤ አሁን ከሱ ትንሽ ጠንከር ያለ ፈተና ገጠሞናል የተጋረጠብንን ፈተና መወጣት የዚህ ትውልድ ሀላፊነት ነው ብ/ጀነራል አሳምነው ፅጌ ????❤️…	neutral
የእግዚያብሔር ትግስት ሞልቶ ፈሷል ወዳጄ ግብረ ሶዶምን ጋብቻ ባጸደቀችው መባቻ ነው ይህ የተፈጠረው	neutral
አንድ አንዴ እንዲህ ነው ።	neutral
ነባሩ ሥርዓተ ትምህርት በ2017 ዓ.ም ሙሉ ለሙሉ በአዲስ ሥርዓተ-ትምህርት እንደሚተካ ተገለጸ	neutral
አማረቸዎች ምነዉ ተኛችሁ? ጀዋር ሊመራሽ ደፋ ቀና እያለ ነዉ።  ምርጫችሁን እና ፀሎታችሁን ለአቢቹ	neutral
ማንኛውንም የቧንቧ ስራ የሚሰራሎት ሰራተኛ እየፈለጉ ነው። 8191 ላይ አሁን ይደውሉ? ትዛዞን ለመቀበል ዝግጅ ነን	neutral
በተከሰተው እሳት የተጠረጠሩ 24 ሰዎች ላይ ክስ ተመሰረተ፡፡ ኒው ሳውዝ ዌልስ ግዛት የአደጋው ዋነኛ ተጠቂ ስትሆን 24 ሰዎችና ግማሽ ቢሊዮን የሚጠጉ እንስሳት ህይወታቸውን አጥተ…	neutral
ብሎክ ማድርግ መሸነፍ ነው  ለማንኛው ናይ ናይ ጤና አዳሜ የሚለውን ዘፈን   እያዳመጥሁ ነው	neutral
እኔ እምለው ኢትዩጵያ መቸ ነው ሠላም ሚኖራት	neutral
አሁን ባለው ሁኔታ ተልባው የሚያስፈልጋቸው የ ማንቼ ደጋፊዎች መሆናቸውን ለመረዳት ችለናል::	neutral
ዲያቆናትና ጳጳስ መሆን የሚሹ ብቻ ናቸው ኑፋቄ ምን ማለት እንደሆነ ሚያውቁት	neutral
ፓለቲካ እንዲህ ጸያፍ ነች።  ትምህት ይሄን ያህል ነው።	neutral
እቤት : ሰፈር ተመልሰው ቢገቡ የበለጠ: ጥላቻ ሰንቀው ይመለሳሉ ብለህ አታስብም?	neutral
ብልጽግና ፓርቲ የመወዳደሪያ አርማውን መቼ ነው የቀየረ?	neutral
የሆነ ክትክታ የሚመስለው በስተኋላ ያለው።	neutral
Agaw people colonized by Amhara የአማራ ፖለቲከኞች የአገው ህዝብ ላይ ያደረሱት እና እያደረሱ ያሉት በደል ይቅር የሚባል አይደለም የአገው አክቲቪስ...…	neutral
ህዝባዊ ግንባር ክንደይ ምዑታት ጀጋኑ ታንኪ ዘቃጽሉ ብእምኒ ጀነራል ዝማርኹ ኣፍርዩ፣ ህግደፍ ናይ ኣረግቶት ውድብ ዘፍርዮም ዘሎ ሕልኩሳት ክኣ ከም ሰበይቲ ሓርጭ…	neutral
ሳይጣን የሚወደው የቤተ እቃ አግድም ወንበር ነው።  በጀርመን አግድም ወንበር ብሎ ማለት አንድን ነገር ለሌላ ጊዜ ማዘግየት ነው።	neutral
ኣቢይ ለማና  ደመቀ	neutral
መቐለ 70 እንደርታ ከ ሀዲያ ሆሳዕና - ቀጥታ የውጤት መግለጫ	neutral
ብልጽግና ፓርቲ የምስረታ ፊርማውን በመስራቾች አስቀምጧል፡፡	neutral
ቀላል አስተኝቷል! ሰልፉ እስኪደር ጥላው እንደምቴድ ገምቶ እኮ ነው????	neutral
ካንሰር ከሰሃራ በታች ባሉ የአፍሪካ ሀገራት በዚህ አከባቢ ላይ ያሉት የካንሰር ዓይነቶች ሌላ ቦታ ላይ እየታዩ ካሉት የካንሰር ዓይነቶች የተለዩ በመሆናቸው አከባቢውን መሰረት ያደረገ…	neutral
(ጥፋተኝነት፣ክስ፣ሀፍረት) ሰይጣን ይነግረው እንደነበር፡ ራቁትነት እየሰማን ነው?  አንዳንድ ግዜ እኔም የድካም ድምፆችን ስሰማ ራሴን አገኘዋለሁ፡፡  ዳዊት ግን እግዚአብሔር አንድ ግ…	neutral
እንኳን ለየሡሥ ክርስቶስ የልደት በአል በሠላም አደረሳችሁ ።                                        በአሉ የሠላም:የጤና:የብልጽግና:ይሁንልን።	neutral
ዳቦ ስጭኝ ስልሽ ደፍተሽ ያመጣሽው  እግዜር የደፋውን ወዴት አደረግሽው  ????	neutral
True !!! እነሱ??መላክ ነው የሚያምርባቸው.	neutral
ሌላ አሳዛኝ ዜና! የዩክሬን አየር መንገድ ንብረት የሆነ ቦይንግ 737 አውሮፕላን 180 ሰው እንደያዘ ተከሰከሰ። ይሄመወ ልክ እንደ ኢትዮጵያውያን አየር መንገድ አውሮፕላን ገና ከቴህራን እንደተነሳ ነበር የተከሰከሰው።	neutral
በኢትዮጵያ ቴሌቭዥን እምበር ተጋደላይን ማስጮህ ድሮ ቀረ:: ካልተመቻቸው ወደ መቀሌ ይንኩት::	neutral
ባንድ ቀን ትውውቅ ሴትን ልጅ አልጋ ላይ መጣያ 10 ጥበቦች የሚለውን የዶ/ር አቡሽ መጽሀፍ ከማንበቤ በፊት እኔም እንዲያ ነበርኩ ??????	neutral
በሠሯቸው እርምጃዎች ምክንያት ቤተሰቦችዎ ደምን ያፈሳሉ ፡፡ ለድርጊቶችዎ የዘላለም ሥቃይ ይሰማቸዋል ፡፡ ያፈሰሱ እንባዎች ወደ ደም ይለወጣሉ ፣ የሚሰማቸው ህመም ሊቋቋሙት የማይችሉት…	neutral
ፖሊሲ መቀየሩ መልካም ሊሆን ይችላል፡ የተሰጠው ምክንያት ውነት ከሆነ ግን የወረደና ኋላ ቀር ነው፡፡ ግጭት በምን መመዘኛ ከነጻ ትምህ…	neutral
ወንጀሎች ተጠርጥሮ ፍርድ ቤት ቀርቧል።  ተጠርጣሪው ታህሳስ 23 ቀን 2012 ዓ.ም የመጀመሪያ ደረጃ ፍርድ ቤት ንፋስ ስልክ ላፍቶ ምድብ ችሎት እንደቀረበ፣ የኢትዮ ኦንላይን የዜና ም…	neutral
ኢሳያስ እኮ ነው ያለህ:: ንገረው:: ????????	neutral
ጠቅላይ ሚኒስትር   ዐቢይ አህመድ (ዶ/ር) በደ/አፍሪካ ከቀናት በኋላ የስራ ጉብኝት ያደርጋሉ፡፡ በሀገሪቱ እና አጎራባች ሀገራት ከሚኖሩ ኢትዮጵያውያን ጋርም ይወያያሉ (የውጭ ጉዳይ…	neutral
Instagram እና YouTube በmobile data የምጠቀምበት ድፍረት የመጣው ለ27 ዓመታት ሲነዛ በነበረው የብሄር ፖለቲካ ሳይሆን አይቀርም ብላቹ ነው???	neutral
አምላክ አይረሳም ስለ እነዚህ የዱር እንስሳት ሲል አውስትራሊያ ላይ ዝናብ ከ 15 ሰአታት በፊት ጀምሮ እየጣለ ነው!	neutral
በክርስቶስ???♂️ የባሰው መጣ::  የቤተ ክርስቲያን ስልጣን ነው እንደ መሪ ጌታ ወይስ የ PMO አዲሱ title?	neutral
እኔ የበግ፣ የፍዬልና የበሬ ወጥ ለይቼ አላውቅም። ስጋ ወጥ is ስጋ ወጥ	neutral
ግን ከእናንተ ወገን ብቻ ነው ውወተ ሜይዴይ	neutral
የዶክተር ዓቢይ መንግሥት ለብሄራዊ መግባባትና ብሄራዊ ዕርቅ ቅድሚያ ትኩረት ሊሰጥ ይገባል። እንደ ሀገር አብረን መቀጠልና ምን እንደምንፈለግ ሳንግባባ  ወደ ምርጫ መግባት ለሀገርና ሕዝብ አደገኛ ነው።	neutral
ሀይልሻ ይቺን ብቻ ስፖንሰር አድርገኝ	neutral
እስራኤል የኒውክሌር ጦር መሳሪያ ባለቤት መሆኗን ቤንያሚን ኔታንያሁ  በድንገት ገለጹ፡፡ ከዚህ ቀደም ሀገሪቱ ከባድ የሚሳየል መሳሪያ እንዳላት ቢታወቅም፣ ኒውክሌር እንዳላት ግን ይፋ…	neutral
ወኔ ያለው ነው የሌለው?	neutral
endoቻናልመጥፎ አይደለም	neutral
??ቀጣዩን 4 ሳምንት ፕሮግራሞን ያቅዱ?? ??የአንድ ወር የስልክ ስክሪን ሴቨር ትሁናቹ ??	neutral
በጣም ቀላል ነው ለምሳሌ ያህል የለማን ቅራኔ አራጋቢዋች፣ አብይ አለቀለት የሚሉትን ጋዜጣዋች መመልከት ይበቃል።  ቆየ እኮ የማን ቡድን ደጋፊ መሆኑን…	neutral
...ክብሬ በእግዚአብሔር ነው             መዝ ፷፪፥፯	neutral
ደግሞኮ በዚህ ቀን ካልገባችሁ ትባረራላችሁ ፒሪረም ፓራራም እያሉ ምስኪኑ ላይ የሚቀልዱት ነገር ነው ደሜን የሚያፈላው፤ አንድ ባለስልጣን ልጅ በነ…	neutral
ተብድረው መክፈል ባይችሉ ባንኩ ከተማውን ሊወርሰው ነው?	neutral
ምን እንደጠየከኝ ባላውቅም ብዙ አይቻለሁ :-)	neutral
ምን ተስኖት ጌታቸው is capable of anything ...አስለቃሽነት ላይ እንኳን invest ብታረግ ካለጥርጥር ይሳካልሃል ። የመጀመሪያውን ነጠላውን በኔ ተወው	neutral
ለዚህ ነው ለካ የማልወፍረው ?? ሶሲ የት ነሽ? በይ እንግዲህ ምግቡን ተክዢበት ነበር ያልሽኝ? ??	neutral
የአጋንንት አለቃ ፣ በእሷ ላይየሚነሱት ሁሉ ነፍሳት ያወግዛቸዋል። በአስሦስቱአጋንንት ስም ነፍስህን በገሃነ እሳት ነበልባልውስጥ ለዘለአለም ሥቃይ ብትኮንንይህን ሰው እንረ…	neutral
ጎረቤቴ ጋሽ በድሩ ትክክል ነበሩ፣  ቆጣሪው እንደሚሸቅብ ይነግሩን ነበር!	neutral
የዚህ አስተሳሰብ ተከታይ የሆኑ ታሪክ ጸሃፊወችም ታሪክ የሚጽፉት ማን ማንን ገደለ የሚለውን የጦርነት ማስረጃ በመፈለግ ብቻ ነው። ለምሳሌ የዛጉዬን ዘመንን የጨለማው ዘመን የሚሉት…	neutral
እግዚአብሄር  ትልቅ ነገር አደረገ አሜን	neutral
በስውር አሰሩንና ዘረፉን ብለው ያዘን ልቀቁን ሲሉ ቆይተው አሁን ሁሉም ባደባባይ ሲሆን ህሊናቸው ምን ይል ይሆን ።	neutral
You mean እነ ከበቡሽ ፣ እነ አሸብር እና ጋሻ ጃግሬዎቻቸው .....already ቀጣካቸው?	neutral
የሆነ የማላውቀው ቦታ ይወስደኛል ይሄንን ዘፈን ስሰማ...	neutral
ይህ ማነው? በተከታታይ በ 10 ውስጥ ወጣሁ	neutral
የደረጃ ሠንጠረዥ ከዛሬው ጨዋታ በኋላ	neutral
እብሪት ገደብ እንደሌለው ማሳያ ናቸው	neutral
ከወተት የሚል ምርጫ ለምን የለም?	neutral
... ጎዳና ማለፊያ እንጂ መኖሪያ አይደለምና።   አሜን	neutral
ዛሬም በዚህ ዘመን ከ75 ሚሊዮን በላይ የሀገራችን ህዝብ ንሮው ይሄው ነው! ተረስተዋል	neutral
ደግነቱ የኢትዮጵያ ህዝብ በዚም ይስቃል።  እነሱ ግን ትንሽ ሀሪፍ የሆኑብን አልመሰላቸውም?	neutral
ሶቅራጥስ ሁሉ ፍልስፍና ትቶ ያገባበን ጀመር ሃሃ	neutral
የኢ/መ/ድ/  ከ95 ሚሊዮን ብር በላይ ካሳ ከፈለ  የኢትዮጵያ መድን ድርጅት ከቅርብ ጊዜ ወዲህ ከከፈለው የካሳ ክፍያ በከፍተኛነቱ ሊጠቀስ የሚችለውን የ95.14 ሚሊዮን ብር የጉዳት…	neutral
አልተከለከለም፤  የታክሲ አገልግሎት እንዲሰጡ የተደረገው ኮድ 1 እና ኮድ 3 ብቻ ነው።   ኮድ 2 አልተፈቀደም።  አገልግሎትቱን መስጠት ከፈለጉ ግን ኮድ 1 ወይም ኮድ 3 ማድረግና መሥራት…	neutral
ባንድ ወቅት ቦረና ከሚያዋስነው ገሪ ጎሳ ጋር በግጦሽና ውሃ ቦታ (ኤላ) ይጋጩና ቦርና አሽንፎ የገሪን ቦታ ይይዛል፡፡ እናም ለዕርቅ ተቀመጡ፡፡ አስታራቂዎቹም ለ…	neutral
ምንም ነገር “እጅግ” እንዲህ ሆኗል፣“እጅግ” ብዙ ነው፣ወዘተ የሚባለው በምን መለኪያ ነው?ከጋዜጠኞች ሲሆንስ?“እጅግ በርክቷል”በምን መነሻ? በሪፖርቶች ቁጥር?የ…	neutral
ጤና የሌለ ሀብት አይደል?	neutral
የሰው የሚለየው ከዚህ ወረፋውን እና ፈረቃውን ያውቃል።	neutral
በሕገወጥ ክልሎች የሚደገፉ የሚመለመሉ አገር በቀል አሸባሪዎች ቅድሚያ የሚሰጠው ጉዳይ ቢሆን።	neutral
በህግ ዙሪያ ላይ ያላቹ ሰዎች እባካቹ? በህጉ ዙሪያም ባትሆኑ ምታቁ ካላቹ?????	neutral
6ቀን ሙሉ ያለክፍያ ማሰራት ምንም የማይገባ ና መቅረት ያለበት ነገር ነው:: ስልካችን ካርድ ሳይሞላበት አይቀርም፣ ትራንስፖርት በነፃ አያገለግሉንም፣ መብራት መስከረም ላይ ማካካሳቸው…	neutral
ታህሳስ 23፣ 2012/  ከሚቀጥለው ዓመት ጀምሮ አዲስ ስርዓተ ትምህርት ስራ ላይ እንደሚውል እየተጠበቀ ነው	neutral
በሌላ መልኩ እንመልከተው ይህ ሰው ማን ነው?ማን ላከው?ለምን ይህን አለ?የተላከው የሚስራው ለኢትዮጵያ ጠላቶች ቢሆንስ ቆም ብለን እናስብ የሳንቲሙን ሌላ ገፅታ እንየው። ጨዋታው ብዙ ነው	neutral
በለስላሳው ዋጋ እድሜውን ቁጭ እዚሁ።??	neutral
እች ደሞ ዲንፕሏ ሁሉ ሂዩማን ዲንፕል ነው????	neutral
በነገራችን ላይ የሰው ሀሳብ ሼር የማደርገው በምክንያት ነው የኔ ፖስት ..... እያለፈ አይደለም	neutral
ብለምንሽ ኮራሽ እኮ እንጂ በቅርቡ ሂያጅ ነኝ	neutral
አንተ ምናልባት የዜግነትህን/የብሄርህን አግኝተህ ይሆናል:: አብዛኛው ወጣት ግን እነታከለ ኡማን ተስፋ አድርጎ ወሬያቸውን…	neutral
እዚ አገር አስተማማኝ ነገር ጠፋ እኮ	neutral
እና ማ አስገደደህ ሸገር ባስ፣ ባቡር፣ አንበሳ ባስ፣ እግር ባሉበት ታክሲ የምትጠቀም? ??	neutral
ዲሻችን ስክራች እያረገ ነው አላለኝም ደውሎ  እና ሲዲውን ጠረግ ጠረግ አርገህ አስገባዋ ??????	neutral
ግን ወደ ጠማማ መንገዶች ዞረው (ይመለሳሉ)     እግዚአብሔር ከክፉ አድራጊዎች ጋር ይወዳል ፡፡ ሰላም በእስራኤል ላይ ይሁን ፡፡ መዝ .5.5	neutral
አሁንም ወዲህ ወዲያ ሳይባል መፍትሄ ባጭር ጊዜ የሚጠይቀው: በተግባር ውጤት ሊኖረው የሚገባው ጉዳይ በዩኒቨርሲቲዎች የሰላም መስፈን ነው!	neutral
...በሚመለከት ኢትዮጵያ የሚያስፈልጋት አብዮት ሳይሆን ዝግመታዊ ለዉጥ፤ የነጣ ካፒታሊዝምና ነጻ ገበያ ሳየሆን…	neutral
የኔ ብቻ	neutral
በልዩ መልክ ኋላ የተጨመሩ አስተዳደራዊ መዋቅሮች በ2/3 ጎሳ/ብሄር መሀል በግጦሽና መሰል ለሚነሱ ግጭቶች ለመግታት፤ ክልሎች ለመደራጀት ስራ…	neutral
ክርስቶስ ልደቱን ላከበሩ ምን ያህል በጎ ሽልማት ይሸልማቸው ይሆን?	neutral
ለዛ ነዋ ድሮም ግጭት የነበረው	neutral
በሬ ከአራጁ ይውላል። የሚባለው እንዲህ ያለው ነው	neutral
ዘበኛ ታዲያ እሁድ ላይሰራ ነው ሆሆ የጉድ አገር እያደር አሉ እማማ ማሚቴ	neutral
በወሎ ዩኒቨርሲቲ ደሴ ካምፓስ ዛሬ ረፋድ ላይ የተፈጠረውን የጸጥታ ችግር ለማረጋጋት በቅንጅት እየተሰራ መሆኑን የዩንቨርሲቲው ፕሬዝዳንት ዶክተር አባተ ጌታሁን ገለጹ።…	neutral
እንኳን ለኢየሱስ ክርስቶስ የልደት ብዓል አደረሳችሁ ዉድ ክርስቲያኖች  27/04/7512 ዓ/ዓ ::	neutral
በለው የአቋም መግለጫ	neutral
ኢትዮጵያውያን ወገኖች ደም የሚረሳ ምንም አይነት ህሊና ያለዉ ወገን የለም ።   ሁሉም ዜጋ ከእንቶ ፈንቶዉ መልስ እፎይታዉ በዘወትር ፀሎቱ  ንፁሃኖቹን በህሊና…	neutral
ከኮፍያ ወደ እስካርፕ እንኳን በስላም አሽጋገርን.. እሱ ምን ይሳነዋል ደግሞ ዝቅ!!..ወደታቺ...አድርጎ	neutral
ምን ልትል? አሪፍ ናት። ዘና ፈታ ብላ ነው ምታቀርበው።	neutral
ግብጽና የህወሃት ኮካዎች የሚመሠሉብኝ እኔን ብቻ ነው?	neutral
ከተማ አስተዳደር ፖሊስ ጽሕፈት ቤት ኃላፊ፣ የፖሊስ ወንጀል መከላከል ኃላፊ ፣ የሚሊሻ ጽሕፈት ቤት ኃላፊ እና የሚሊሻ ስምሪት ኃላፊ ኃላፊነታቸውን በአግባቡ ባለመወጣታቸው ተጠርጥረው በ…	neutral
አላህ በሕዝቦች ዘንድ ያለውን ጸጋ በነፍሶቻቸው ያለውን （ኹኔታ）እስከሚለውጡ ድረስ አይለውጥም። አር-ረዕድ፡ 11 --- አፍሪካ ቲቪ / Africa TV1 የሕይወት ጎዳና እዩቴልሳት|12…	neutral
[ግባ በለው ሸዋ] በድምፃዊ አስራት ቦሰና (ኧረ ና ጎበዙ) እና ተሾመ አየለ (ባለሐገሩ) | New Ethiopian Music 2020	neutral
አሁን ችግራችንን የሚረዳ 1 ደሃ አገኘን ብለው ቪ6 ይሸልሙህ በቃ ??	neutral
ለአለፉት 30 አመታት ነዋሪነታቸው በምድረ አሜሪካ፣ በኤሊኖዊስ ግዛት፣  በችካጎ ከተማ የነበረ፣ የ66 ዓመቷ፣ ኢትዮጵያዊቷ እናት ወ/ሮ ገርጊስ ደበሳይ፣  በነጮቹ አዲስ ዓመት፣ ጃንዋ…	neutral
ተስፋ መቁረጥ የህይወትህ የመጨረሻዉ አማራጭ መሆን አለበት    ~ጣሊያናዊያን~	neutral
መካሪ ያጣው እንደ አንተ አይነቱ ነው። አንድ ፓርቲ የሚወዳደርበትን ምርጫ አሸንፋለው ብሎ እንጅ እሸነፋለው ብሎ አይወዳደርም። እስክንድር ራሱን ችሎ የሚቆም የመርህ ሰው ነው።	neutral
ወለጋ የደም መሬት (አኬልዳማ) አይደለችምና፣ ማንም የታጠቀ ኃይል ወለጋን ይልቀቅ!	neutral
ምንቴ የዛሬውና ያኛው ይለያያሉ። ሌላውን ትተን ኦሌ ቢያንስ አንድ የዝውውር መስኮት አግኝቷል . . ዛሬ ያየሁት ተዓምር ነው።	neutral
clavicle ከትከሻ ወደ አንገት የሚያገናኙ ሁለት አጥንቶች	neutral
ሺት ነገ ለንደን ዝናባማ ሆኖ ነው ሚውለው????	neutral
እውነት ለመናገር ይህን ሰውየ አለማድነቅ አይቻልም:: የመጀመሪያው የአሜሪካ መሪ መሆን አለበት እንደዚህ በአፍሪካ ጉዳይ ገብቶ ለማወያየት የሞከረ:: ሁሉም የአሜሪካ መሪዎች  ከእስራኤል ጉዳይ ውጭ ምንም ውስጥ አይደርሱም	neutral
ኸረ ፈጣሪ ተመልከተን እንደወጡ መቅረት በረከት!!! ?? እናት ምንኛ ታዝን? ፊታችን ላይ ድካም አይታ የሚጨንቃት እናት ሞታችንን ስትሰማ እምንኛ ታዝን?????	neutral
የኦሮሞሰራዊት የመጀመሪያ ስራውን የአዲስ አበቤን ቤት በማፍረስ በይፋ ይጀምራል። እስከዛሬ ስትነገር ያልሰማህ ዘርለገበሬ ስትል የከረምክ አዲስአበቤ ዘርህ እየተመ…	neutral
ለአንተ አይደለም በለኝ አምላኬ ይቺ ልጅ ????	neutral
መገጨቱን ፍራ! ?? የ snip ጉዳይ እህታችን ታብራራልን ?? ደሞ ነጭ ሽንኩርት አንገትህ ላይ አንጠልጥለህ ሂድ አሉህ ????	neutral
እንደ ተራ ዜጋ ሰትይ ምን ለማለት ነዉ? ነብሶች ይበላለጣሉ እንዴ?	neutral
ቅኝ ያልተገዛ ኢትዮጵያዊ ሰውነት ነዋ????	neutral
የሕዝብ ተወካዩች ምክር ቤት ታኅሣሥ 23 ቀን 2012 ዓ.ም ስብሰባው ተሻሽሎ በቀረበለት የሽብር ወንጀል የመከላከልና መቆጣጠር ረቂቅ አዋጅ ላይ ከተወያየበት በኃላ በመጨረሻም በአንድ…	neutral
የመቅዳት ጊዜ በእኛ ላይ ነው። የመጨረሻው balls የእርስዎ አዲሱ ማስተርስ። ከበግ ጠቦት ደም አጥቡ coochie እና እና በየግዜው እንቆቅልሽ ይሆናል	neutral
አስቂኝ ነገሮችን ሲናገር！！ 　 　　 (´･_･`) 　 ＿|　⊃／(＿＿_ ／　└-(＿＿＿_／ ￣￣￣￣￣￣￣  የወደፊቱ ጊዜ ፈነዳ.… 　 ⌒／ヽ-､_＿_ ／ _/＿＿＿＿／ ￣￣￣￣￣￣￣  ＿人人人人人人人人人人人…	neutral
እንዴት ነው አለአዎን በጥሩ መንገድ ለማንም የሚያደርገን ክፊያ እንዲሰጦ ምታሳምኑት?	neutral
ከ የታንጉት ሚስጥር በስተቀር	neutral
ነገሮችን ሲናገር！！ 　 　　 (´･_･`) 　 ＿|　⊃／(＿＿_ ／　└-(＿＿＿_／ ￣￣￣￣￣￣￣  የወደፊቱ ጊዜ ፈነዳ.… 　 ⌒／ヽ-､_＿_ ／ _/＿＿＿＿／ ￣￣￣￣￣￣￣  ＿人人人人人人人人人人人人人＿…	neutral
እውነተኛው ኢትዮጵያዊው ንጉስ ወ ዘ አፍሪካ !!!	neutral
ህገመንስትና፣ህብረ ብሔራዊ ፌደራላዊ ስርአት የማዳን ሐገር አቀፍ መድረክ ነገ በመቀሌ ይጀመራል፣እንደ መፍቴ ይቀርባሉ ተብለው የሚጠበቁት 1)አብይና ደመቀ ይታሰሩ በአየለ ጭሚሶ 2)…	neutral
እና የበግ ወጥ በሬ ብሬ እንዲልልሽ ነበር የፈለግሽው	neutral
ጥር 12 ጎንደር በጃኖ ኮንሰርት ላይ እንገናኝ !!! ትኬቶን በሁሉም የዳሸን ባንክ ብራንቾች እና  በቴሌግራም	neutral
እንግዲህ ሀቂቃው ይሄው ነው‼ ዝም ብላቹ አትደናበሩ!	neutral
በአሁን ሰአት የኢትዮጵያን ማደግ የማይፈልጉ ብዙ ሀገሮች አሉ መጠንቀቁ ጥሩ ሳይሆን አይቀርም መስር ኢትዮጵያን መቆጣጠር ትፈልጋለች ችግሩ ይሄ ነው ቼር ያሰማን ??	neutral
በቀደመው አዋጅ 30 በመቶ ኤክሳይዝ ታክስ ይከፈልበት የነበረው የመመገቢያ ሰሃን ማጠቢያ ማሽንም በተመሳሳይ ከኤክሳይዝ ታክስ ነፃ ተደርጓል፡፡ 3/3	neutral
ስልጣን ጥማት መጥፎ ነው	neutral
ክብር ለእግዚአብሔር በአርያም ይሁን ሰላምም በምድር ለሰውም በጎ ፈቃድ!  የሉቃስ ወንጌል 2:14 እንኳን አደረሳችሁ::	neutral
ምን እንዳልክ አልገባኝም አቤላ??	neutral
የተሽከርካሪ አስመጪዎች በኤክሳይዝ ታክስ ረቂቅ ላይ አቤቱታ አሰሙ	neutral
የባህርይ ልጁም ብልፅግና ይባላል። እሱም ብዙ ዓመት ለመኖር ተስፋ ሰንቆ በእግሩ በመቆም ላይ ይገኛል።	neutral
የወያኔ  ጭንጋፎች  የፈጠሩት  ዘረኝነት  መጀመሪያ  እነሱን  ይበላል   ቀጥሎ  ደግሞ  አሽከሮቻቸውን!	neutral
ለምትመራው ህዝብ  ያለህ  ከበረታ  ሊስተካከል ይገባዋል	neutral
5ሚልዮን  ሶስቱን መስጊድ 1መስጊድ ፎቶ አለገኘውም ለአራት መስጅድ ሙሉ ለሙሉ ለተቀጠሉ ይህ ቤ/ክርስቲያን ፪ሚሊየን ድርሻ ወስደለች። ለመስጅዶቹ መቀጠል ድርሻዋን በነ ዘመድኩን በኩል…	neutral
እኔ ማን ነበርኩ የሚል ማንም አልነበረም ትዎለአ ስደ ንኳንእ	neutral
አቤ ቆይ ብቻ የሚለውን የነዋይን ዘፈን ጋብዤሀለው??	neutral
የትዊተር አርበኞች የfb ጀግኖች የአማራ ወንዶች ጀግኖች የአፄ ዘሮች የቴዎድሮስ ጀግና  ልጆች ለኢ/ያ ተቆርቋሪዎች አገርን እዚህ የደረሰችው በናንተ ነች እምየ እ/ያ እጆችዋን ወደ አ…	neutral
አምባሳደር ሬድዋን ሁሴን የውጭ ጉዳይ ሚኒስትር  ዴኤታ ሆነው ተሾሙ	neutral
አዳዲስ ግምገማዎች አሁን ማህበር  የትየሌሌ እኔም ማሰብ የሚሰጡዋቸውን	neutral
እኔ በዓመት የማላገኘውን የደሞዝ መጥን (153	neutral
እረ ለቀቅ አርጉት! እንዴ ሆ! ብሎ እንደ ግሪሳ የሚጮህለት ብሄር የለዉም ብላቹ ነዉ አደል?!	neutral
ሲሳይ አጌና ነዉ?	neutral
ጌታ ሆይ በመንጋ ተሰብስበው ነው የበሉት በለኝ። ????	neutral
«የገና በዓል ገበያ» በዓለም ሸማች ታህሳስ 23/2012 የተላለፈ	neutral
ጃዋር - ሂሳቡን ሰርቼዋለሁ፣ የፌደራሊስት ሀይሎች ገና በጠዋቱ 350 ወንበር ያገኛሉ  እስክንድር - ከአዲስ አበባ ምክርቤት አንድ ወንበር ካጣን ህዝቡን ይቅርታ እጠይቃለሁ…	neutral
በገጣሚዎች እና ግና በሚለው ቃል መካከል ያለው ግንኙነት ግን....	neutral
የሞት ዜና የውሻ ሞት እንኳን የማያስደነግጥበት ዘመን ላይ ደረስን ማለት ነው። ተረግምናል!	neutral
ሰሞኑን የመጣ የዘረፋ አይነት!   እየተጓዙ ያሉ መኪኖች ላይ የድንጋይ ናዳ ማውረድ፣ ከዚያም ሹፌሩ ከመኪናው በመደናገጥ ሲወርድ ዘረፋ መፈፀም ወይም መኪናውን ይዞ መጥፋት!	neutral
2:30 ይተላለፋል ተብሎ የነበረው ዝግጅት ወደሰኞ ምሽት መተላለፉን አውቀናል። ለፈጠረው የመረጃ ክፍተት ይቅርታ እንጠይቃለን።	neutral
ኢዜማ በማ ተመርጦ? የአብይስ አጭበርብሮ የማሸነፍ ቅዠት ይዞት ነው .... ሲጀመር ምርጫው ለመደረጉ ምን ማረጋገጫ አለ	neutral
አረ me too. ስንት ነገር ስታወራ ይሄን ትተህ። ኤስ  ኤም ኤች	neutral
Breaking: ከ10-15 ድርጅቶች የራስን እድል በራስ የመወሰን ሉአላዊ መብትና ስልጣን የሚቀበሉ የፌዴራሊስት ኃይሎች ያቀፈ ታላቅ ሀገራዊ ድርጅት እንደሚመሰረት የኦነግ ቃል አቀባይ አስታወቀ!…	neutral
ማታ ቢሆን ኖሮ እንዲህ ፈካ ብሎ ታገኚው ነበ!	neutral
የቀጠናው ሀገራት ከወትሮው በተለየ ሊኖር የሚችለው ለዉጥ መከታተል አለባቸው  ኢትዮጵያ ልትወስደው የሚገባ ጥንቃቄ  ➜ማሪንታይም ሲኩሪቲ ➜በሱማሊያ ያለዉ ጦር ንቁ መሆን ➜የአሸባሪዎች…	neutral
ስራን አለማወቅ ይባላል	neutral
ብላችሁ አንድ ሰው ላይ እምትሰፍሯትን ነገር ጃ ይንቀልላችሁ	neutral
በጣም ከሚያሳዝኑኝ ነገሮች ከመከራ መከራ የምናወዳድረው ነገር ነው የመከራ ትንሽ ትልቅ የለው ጎበዝ ግፍ ግፍ ነው የዛሬ ግፍ መብዛት አለያ ማነስ የትላንቱን አይሽረውም አለያ አያሳንሰ…	neutral
ወራጅ ወራጅ ሽንቴ መቷል??ደርሰናልኮ ኧረ አውርደኝ ባክህ ሌላ ታክሲ በ3ብር ይዛለው??  የኩላሊትን ወጭ አልችለውም??????	neutral
Thread  የያሬድ ሹመቴ «የሰብዓዊ ድጋፍ ጥምረት» መቼ ነው ሰብዓዊ የሚሆነው?  ያሬድ ሹመቴ ከቅርብ ዓመታት ወዲህ ሰብዓዊ ድጋፍ በማስተባበርና የተፈናቀሉ ዜጎችን በመርዳት ይታወቃል። አልባሳትና…	neutral
ማጭን ይኾነን ዘንድ ምንሽር ቀለጠ ዳሩ ብረት እንጂ ልብ መች ተለወጠ ለሳር ያልነው ስለት፣ እልፍ አንገት ቆረጠ	neutral
ኢራን በርካታ ባለስቲክ ሚሳኤሎችን ኢራቅ የሚገኙ ሁለት የአሜሪካ የጦር ሰፈሮች ላይ ተኮሰች!  ሚሊተሪ ታይምስ እንደዘገበው እስካሁን ጥቃቱ ያደረሰው ጉዳት እየተጠና ሲሆን የሞተ የአሜ…	neutral
የኣሪ ዞን ጥያቄ ቶሎ ምላሽ ልሰጠን ይገባል።	neutral
በኢሰፖ: በብልፅግና እና በኢዜማ መካከል ያለው የአይዲዮሎጂ ልዩነት ምንድነው? | | | | | | | | | | | | | | | | | | | | | | | | | | | ምንም	neutral
የአሜሪካንን የሁለትዮሽ የመከላከያ ትብብር ለማጠናከር ዛሬ ጠዋት አቶ ለማ መገርሳ ዋሽንግተን ዲ.ሲ. ገብተዋል::	neutral
የታምራት ነገራ ብቸኛ  ጥፋት ቂል አለመሆኑ ነው!!	neutral
በሐበሻ ፍልስፍና የስራ ፍቅር ትርጉም እንደሌለው: በቡድን መሰባሰብ እንጂ የግለሰባዊ ፆታዊ ፍቅር እንደማይታወቅ ይህ የዐብዱኪያር ዘፈን በደንብ ያብራራል::   ለእንጀራንጂ ፈረንጂኛ…	neutral
ሃሃሃ አይይይ ባል አላት ወይ ብዬ ልጠይቅ ነበረ ??	neutral
ይሄን አስነዋሪ ሥራ የሰሩትን በላኤሰቦች መንግሥት በአስቸኳይ ርምጃ ይወሰድባቸው። ቦኩሃራም !	neutral
አማራ የሰውነት መለኪያ የውሃ ልክ ነው ስንል ዝም ብለን አይደለም። አማራን በሙስሊም ጠልነት የፈረጁት እነ አህመዲን ጀበል ይቺን የሶሪያ ሲረዱ አይታዩ። አዛኙ አማራ የተቻለውን እያደ…	neutral
ይህንን አለች የተባለው ከዚህ ወሬ ላይ ይሁን? በቀጥታ ይህን ማለቷን ቀጥተኛ መረጃ አላየሁም...	neutral
Where is the video? የኢትዮጵያኢን ብልፅግና ተይው ባክሽ: ለ አይንብቻ ነው	neutral
በኢትዮጵያ በሲሚንቶ ምርቶቹ የሚታወቀው ዳንጎቴ ኢንዱስትሪስ፣ መንግሥት ለሽያጭ ካቀረባቸው የስኳር ፋብሪካዎች መካከል ቢያንስ ሁለቱን ለመግዛት ፍላጎት እንዳለው የዳንጎቴ ግሩፕ ወኪል…	neutral
ለማንኛውም እንደ አቶ ተመስገን ጥሩነህ መግለጫ ከሆነ በሞጣ ከተማ መስጊድ መቃጠል ጀርባ መጅሊሱ አይመቸንም የሚሉ የእስልምና እምነት ተከታዮች የአንበሳው ድርሻ እንደነበራቸው ታውቋ…	neutral
አማራ ክልል ተወልጀ ያደኩ እና አሁንም በክልሉ በመኖር ላይ ያለሁ ሙስሊም ኢትዮጲያዊ ነኝ። እውነት ለመናገር እስካሁን በእምነቴ ምክንያት ከማህበረሰቡም ይሁን ከክልሉ ባለስልጣናት ከክርስቲያ…	neutral
አይፍሩ Buni ፣ ወደ የዊካ ጎኑ ወደዚህኛው ፣ ወደ የሱፍ ሶስተኛው መጨረሻ ይምጡ	neutral
ሐዲስ ሐዋርያ ፤ዘደብረ ሊባኖስ፤                ዘኢትዮጵያ                 ????❤	neutral
ለአማራ ብሔርተኛ ግን እምቢልታ የሚነፋበት ጊዜ እንዳለፈ አሁን ለእሱ እምቢልታ መንፋት ፀያፍ እንደሆነ እየተናገርኩ መሰለኝ።	neutral
ጃዋር ምን ይላል በዚህ አሳብ	neutral
ግለሰቦቹ አደንዛዥ እፆችን በመጠቀምና ይዘው በመገኘት፣ ኃላፊነትን ባለመወጣት በሥራ ቦታቸው ባለመገኘት፣ ችግሩ ሲከሰት ሪፖርት ባለማድረግ ተከሰዋል።የዩኒቨርሲቲው ሴኔት ታኅሳስ 22…	neutral
ዶ/ር አቢ አህመድ ኢትዮጵያውያን እርስ በእርሳቹ ስትባሉ	neutral
86 ንፁሀን ሲገደሉ ለቄሮ ድጋፍ ሲያደርግ የነበረው የኦሮሚያ ፖሊስ ግን አሁንም ደረቱን ገልብጦ ይፎልላል።  ADP is a dump	neutral
ፓስተር መሀሪ ታደሰ ወልደ ጊዎርጊስ የባህርዳር ከንቲባ ሆነ።  ????????????????	neutral
ይህንን ህግ  እንዲወጣ ከጥናቱ ጀምሮ ረቂቅ ህጉን በማዘጋጀት የህግና ፍትህ ጉዳዮች አማካሪ ጉባዔ (Legal and Justice Affairs Advisory Council) እና የሰራ ቡ…	neutral
በጊምቢ ወረዳ በተሽከርካሪ አደጋ የ13 ሰዎች ህይወት አለፈ!  በምዕራብ ወለጋ ዞን ጊምቢ ወረዳ ዛሬ ከረፋዱ አምስት ሰዓት አካባቢ በደረሰ የተሽከርካሪ አደጋ የ13 ሰዎች ሕይወት ማለ…	neutral
አብይን ለመደገፍ ስናቅማማ አገር ልናጣ ነው። ጎበዝ ንቃ... እንንቃ!	neutral
ለዘመናት በዚህ የተሳሳተ መንገድ ሄደው ስህተት መሆኑን ተረድተው ብዙ ፖለቲከኞች ተመልሰው የህዝባችን ችግር የኢትዮጵያ ችግር ሲፈታ ይፈታል በሚሉበት ጊዜ የኔ ችግር ቅድምያ ካልተመለሰ…	neutral
እኛ አንበሳነታችንን ልንፍቀው ስለማንችል ያው አንች አንበሳ እንዳልሆን አስቢና ቻይው። ??	neutral
ማን ነው ነፃ አውጪ ማንስ ነው ነፃ ተወጪ?! ?????? እንዲህ ብሎ ነገረ የለም አራት ነጥብ	neutral
እንዴ እምቧእ ያደግኩበት ዘፈንኮ ነው። አስታየቴ ደግሞ ዘፈኑ ላይ አልነብረም። አሁን ህንፃን ለማናደድ አጀንደው ያነሳሽው። በስማም	neutral
ስለ ኃጢአትዎ ንስሐ ለመግባት በጣም ዘግይቷል ፡፡ አማልክቱን ከላይ ወድቀሃቸዋል። ተመልከት. ከፍ ላሉት መጸለይ መጀመር ይጀምሩ ወይም ራስዎን ከዚህ በታች ያገኛሉ	neutral
✍አሜሪካ አይ ኤስን ስታነደው በቀሉ የናይጀሪያ ክርስቲያኖችን በማረድ ነበር	neutral
ተገን ተደርጎ የሚደረግ የፖለቲካ ጫወታ ይቁም !!	neutral
በወቅቱ ዶ/ር አረጋ ይርዳው ባደረጉት ንግግር ይሄ ግንባታ ዩኒቨርስቲው ለአዳማ ህዝብና ወጣቶች የበኩሉን ማህበራዊ ኃላፊነት ለመወጣት የተደረገ ነው ብለዋል፡፡(2/4)	neutral
ለኢትዮጵያ ከ20 ዓመት በታች ሴቶች ብሔራዊ ቡድን 23 ተጫዋቾች ጥሪ ተደረገላቸው	neutral
አሁን፦  «የኢትዮጵያ ቴአትር እና ሥነፅሑፍ ታሪክ ከልደቱ እስከ ዕድገቱ - ቅጽ ፩» መፅሐፍ ምርቃት፡፡  ኢትዮጵያ ሆቴል  አዲስ አበባ	neutral
አማራ ክልል ያሉት ባህርዳር፣ጎንደር፣ወልድያና ወሎ ዩንቨርስቲዎች ወይ በከፊል ወይም ሙሉ ለሙሉ መዘጋት አለባቸው።የሐገር ማፈሪያዎች	neutral
የመንግሥት ፕሮጀክቶች በታቀደላቸው ጊዜ እና በተሰፈረላቸው በጀት መጠናቀቅ ባለመቻላቸው ከፍተኛ የሐብት ብክነት እንዳስከተሉ ይነገራል፡፡2/2	neutral
ከፍተኛ የትምህርት ተቋማትን በተልዕኮና በልህቀት ለማደራጀት የተጠናው ጥናት ይፋ ሆነ	neutral
የብዙዎቻችን የዩኒቨርሲቲ ህይወት እዚህ እንደተጠቀሰው ነበር። ዛሬ ምን አዲስ ነገር ተፈጥሮ ነው የሚጋደሉት? ለምንስ በአማራና በኦሮሚያ ክልል በሚገኙ ዩኒቨርሲቲዎች ላይ ችግሩ ባሰ?	neutral
News አማርኛ - ጃዋር መሃመድ ኦሮሞ ፌደራሊስት ኮንግረስን መቀላቀሉን ፓርቲው አረጋገጠ	neutral
መጀመሪያ ትዊት ሁሉ አላደርግም ነበር ለብዙ ግዜ 2 ተከታዮቼን ይዤ እዚህ እየመጣሁ ዞር ዞር ብየ ብቻ ነበር የምመለሰው	neutral
ፓ!  አናመሰግንም እኮ እኛ ሰዎች ስንባል። ቪቫ መንግስታችን!!!	neutral
ቤተ መንግስት ከ1898 በፊት የነበረው ገፅታ	neutral
አሰቃቂ እስርቤት ዉስጥ ከ24 አመታት በላይ በእግር ብረት ታስረው ሲማቅቁ የኖሩት የሊቁ መምህር እንደስራቸው አግማሴ ጉዳይ ግን የተ ደረሰ? ያንድ ወቅት ጫጫታ ብቻ ሁኖ ቀረ??? ታላቁ…	neutral
በእናንተ ጥቆማ መሰረት 12 መፅሐፍትን መርጠናል!!!   የመጀመሪያ መፅሐፋችን የማያ አንጅሎ ሌተርስ ቱ ማይ ዶተር ነው:: መፅሐፉን ማግኛት ካልቻላችሁ የግል መልዕክት በመላክ ንገ…	neutral
ስልጡን ህዝቦች ነን ስንል በምክንያት ነውለማ በሀሳብ ይሞግታል አሳምነው በጥይት ይቆላል።	neutral
ደም ተወስOMል ደምዎ ተገፍEDል ጥፋተኛ ሆኖ ካልተገደለ እርስዎ አይሞቱም ካላደረጉ ሞትዎን ካላሟሉ እርስዎ ይጠፋሉ ፣ ሁሉም ተስፋዎች ቢኖሩም ለደምዎ ቢያስቸግር የእርስዎ ሆም ወደ ውስጡ…	neutral
በመቀሌ አሰቃቂ እስርቤት ዉስጥ ከ24 አመታት በላይ በእግር ብረት ታስረው ሲማቅቁ የኖሩት የሊቁ መምህር እንደስራቸው አግማሴ ጉዳይ ግን የተ ደረሰ? ያንድ ወቅት ጫጫታ ብቻ ሁኖ ቀረ?…	neutral
ሱስ አልባው ብልጽግና ፓርቲ ከኢህአዴግ ቀይ ወንበር ወደ ሰማያዊ ተሸጋግሯል።  ሁልጊዜም የአቀማመጥ ዝብርቅርቅነት ይገርመኛል።	neutral
ነጻ! አላሉም! ሣቅሥ ! አንድም ነጻ እና ገለልተኛ ጋዜጠኛ የለም ሁሉም ወገንተኛ ነው!	neutral
ከዚህ ቀደም በነበረው አዋጅ 80 በመቶ ኤክሳይዝ ታክስ ይከፈልበት የነበረው የልብስ ማጠቢያ ማሽን በተሻሻለው ረቂቅ አዋጅ ከኤክሳይዝ ታክስ ነፃ እንዲሆን ተደርጓል ተብሏል፡፡ 2/3	neutral
አበባ ባለአደራ ምክር ቤት›› ሰብሳቢ እስክንድር ነጋ ጥር 03/2012 በኢንተር ኮንቲኔንታል ሆቴል በር ላይ ከሰጡት ጋዜጣዊ መግለጫ በከፊል፡-	neutral
የአሁን ቴክኒክ ውይይት ላይ ግብጽ ቅንነት እና ጭዋነት የጎደለው ጥያቄ በማቅረቧ የኢትዮጵያ ታላቁ መሪ የደቡብ አፍሪካን ሽምግልና ተየቁ	neutral
ትላንትና ከሴት ወዳጆቼ ጋር ሻይ_ ቡና እያለን ሳለ ጨዋታችን ወደ ወቅታዊ የኢትዮጵያ ፖለቲካ ትኩሳት ወስዶን... መረቅ የሆነ ትንተና ሰምቼ ... አለሁ  በምክንያት|በመረጃ|በማስረጃ…	neutral
?????? ሸፍጡ የበዛው ባሉካው እዚህ ደርሶ ከተመለሰ ነው?	neutral
ይሄን የመሰለ ልጅ በመንግስት ትመስይው ሰላምዬ??	neutral
ኑዛዜው አባቴ መለስ ዜናዊ ጎን ቅበሩኝ ነው:: እውነት አቸነፈ!	neutral
አረ ተው እስክንድር እንደዛ ያለ ሰው የለም። ምናልባት በተሳሳተ መንገድ ተረድተኸው እንዳይሆን?	neutral
1:50  ተነስቼ  እንዴት 2:00 ሲል ታክሲ ውስጥ እንደምገኝ ጠቢባን ለማወቅ እየተጠበቡ ነው::	neutral
አብይና ትራምፕ በምን ተስማምታችሁ ነበር አገር ያዳናችሁ? ??ምስጢርማ አለ! (ትራምፕ ትላንት ሲናገር ውል ነበረን ብሏል) ስለ ኖቤሉ እንመጣበታለን!	neutral
ጊቶንያት ቤተ ደሙን ሊቋቋሙት የማይችሉት ይሆናሉ ፡፡ በቅርቡ ለብቻዎ ትሆናላች	neutral
ብዙ እናውቅላችኇለን ባዮችና ሁሉንም አንድ ላይ ጨፍልቀው ተሳዳቢዎች ባሉበት - ስራ የሚሰሩት ሰዎች ቢሳደቡ አይገርመኝም። አንዳችሁም ስ…	neutral
???? በቅርቡ በሬ አርደው በድጋሚ አብረን ለመስራት ተስማማን ይሉናል::	neutral
ባህር ዛፍ ? ደግሞ ችግኜን ነቀልክ ብሎ በውሃ ማጠጫ መኪና እንዳይገጨኝ ??btw ሰው ሁሉ snip snip ይላል - ሼር አላችሁ እንዴ? L…	neutral
እኔ የማይረባ ጭቅጭቅ አልወድም። ኪራይ ሰብሳቢ ነኝ እሱንም በርትቼ እታገላለሁ እልና ምድረ-ካድሬ ሳይጨቀጭቀኝ በቀላሉ እገላገላለሁ። አንዴ እንደው…	neutral
ለምን እንደምትጎርር አሁን ገባኝ ጌታው ??????	neutral
-የክልል ክለቦችን ጥንካሬ ለመቋቋምና ወደ ሊጉ ቁንጮነት ለመመለስ ፈረሰኞቹ የቡድን ግንባታ አካሄዳቸውን ከቀደመው በተለየ ማሻሻል አለባቸው? ወይስ ችግሩ ያለው በሂደቱ ላይ ሳይሆን በአፈፃፀሙ ላይ ነው?2/2	neutral
አዲሱ ተቃዋሚ ፓርቲ ሳልሳይ ወያነ ትግራይ (ሳወት) ከነገ ጀምሮ የመጀመሪያው ጠቅላይ ጉባኤው ያደርጋል፡፡ሳወት በጉባኤው ፕሮግራሙ ያፀድቃል፣አመራሮቹ ይመርጣል ተብሏል፡፡ሳወት የኢፌዲሪ…	neutral
መምሪያው የወጣበት ቀን not የፀናበት (ሥራ) ላይ የዋለበት አይደለም	neutral
ኧረ ስለ በግ ነው ወሬው አንቀላቅል	neutral
በአዲስ አበባ ከተማ ውስጥ የክልል መንግስታት በክልላቸው ዉስጥ ያሉትን የተለያዩ ባህሎች የሚያስተዋዉቁበት የባህል ማህከል ሊያቋቁሙ ይገባል። አዲስ አበባ የአዲስ አበቤዎችና የኢትዮጵያ ህዝብ ዋና ከተማ ነች።	neutral
ምፅ...ከባድ ስህተት	neutral
የሰላም ሚስትሯ የሞጣ ጥቃት አይመለከታት ይሆን?	neutral
የገና በአል ከግዜ በኅላ አብዛኞቻችን ከተጠናወተን የዘረኝነት በሽታ ወጥተን በድጋሚ ተወልደን ታላቅ የነበረችውን ሀገራችንን በዘመናችን ታላቅ ለማድረግ ለራሳችን ቃል የምነገባበትና የራ…	neutral
BBC News አማርኛ - ልጃችንን እንደ ክርስቲያንም እንደ ሙስሊምም ነው የምናሳድጋት	neutral
ኢሰፓ ከ ኢሰፓኮ ሲወለድ የነበረው ፍንደቃ እንዲሁ ነበር:: የአመሰራረቱ ችግር  ሲጠፋም ከነአካቴው ነው የጠፋው:: የብልፅግና ፓርቲ ከዚህ ትምህርት አልቀሰመም::  የኢሰፓ ፓርቲ አባ…	neutral
አሜን  !	neutral
ማንን ለማሳሳት ታስቦ ነው? ማንን አቋም ለማስቀየር እየተሴረ ነው? ??	neutral
ዱንያ ብላሽ ማለት ያለበት ሰው ተገኘ ??	neutral
የኮሌራ ክትባት ዘመቻ በደቡብ	neutral
የምርጫ ውጤት ሰርፕራይዝ ሲሆን ይጥማል።	neutral
ሰማይም ምድርም የተቀበለውን መሪ አልቀበልም ብትል ያነተን ጤናማ አለመሆን ይገርማል እኛ ከአቢይ ጋር መቀጠል ብቻ ነው በቃ ምንም አታመጣም::	neutral
ይች ልጅ ስትሄድ እምነቷን አታቀውም፣ የብሄር ማነቷን አላሳወቀችም፣ አንድ ነገር ብቻ ነች እሱም ሰው በቃ በሰውነቷ ደጋግ ለጋስ ሰዎች ተቀላቅላ የእራሷን ማንነት አገኘች እሱም ሰውነቷ…	neutral
እና እኔም ለዝንኑ ሺቲ( ድርያ) ለጠሚያችን ደግሞ ሽርጥ ይዤ ከሰሞኑ እዛው ነኝ!	neutral
የገና በአል ልዩ የበጎ አድራጎት አሁኑኑ ይሳተፍ ። ዛሬም ለበጎነት አልረፈደም ። የእግርኳስ  ጨዋታ	neutral
አለ በጅምላ!?? እንዲ ልክ ልካችንን ንገሩን እንጂ አሉ ጃንሆይ??	neutral
በደፈናው ነገሩን ለማድበስበስ ከመሞከር ለምን በግልጽ አታብራራውም።እስኪ አለበት የምትለውን ችግር አብራራው።	neutral
ድምፀ ወያነም፣ ህወሀትም ጋር ይህን መረጃ ለማጣራት ሞክሬ ነበር!  ሁለቱም የሀሰት እና ያልተባለ ነገር ነው ብለዋል።	neutral
3ኛው የዓለም ጦርነት መቀስቀሱ አይቀሬ እየሆነ ነው! ንፁሀን ተጋሩን ያለሀጥያታቸው የወነጀላችሁ እና ያሳደዳችሁ ሁሉ ንሰሃ ግቡ	neutral
ዕለታዊ የኑሮ ውጣ ውረድና ትምህርት በብርግነትና አካባቢዋ	neutral
ሞጣ ላይ ጋይተው ስለ ወደሙት ሃብት ንብረቶቻችን ጉዳይ ምላሹን እንዲሰጠው መጅሊሳችን የጠየቀው የመንግሥት አካል፤ ስለ ሞጣ ጉዳይ፦ አልሰማሁም፣ አልናገርም፣ አላየሁም፡፡ እያለ ነው ማ…	neutral
32 አመቴ ነው አላለችም   ??እንዴ ሶስት ሳራ ቲ... ????	neutral
እሷ ማናት?፡ የምሥራቅ አፍሪካ ማይክሮሶፍት ቢሮን የምትመራው ወጣት ኢትዮጵያዊት	neutral
እራን በ አሜርካ ላይ አሳፋር እርምጃ እወስዳለሁ እየለች ነዉ፣ አሜርካም ጥቃት ልሰነዘር ይችላል በሚል ምክንያት ጥንቃቄ እንድደረግ ለዜጎቿ ትዛዝ ተላልፈዋል። -ቢቢሲ። ወይ ይች ምድር…	neutral
ባክህ ፊሽ ዘንድሮ ማንቼ ትንሽ ቲም ጋር ችግር አለበት ለዛ ነው እንጂ አርሴና ተስፋ ኖሮት አይደለም አይመስልህም።	neutral
ነገ ማክሰኞ ነው ዋዜማ ሲሆን የቀኖች ስም ኦቨራይድ ይደረጋል...ዛሬ ዋዜማ እንጂ ሰኞ አይደለም።	neutral
የኢትዮጵያስፖርትፌዴሬሽን ሊያየው የሚገባ የአመቱ ምርጥ ትርኢት ??????	neutral
እናት እንጀራ የሚለዉ ቅር ቅር፣ ፍቅር መስፈሪያ አገር ግዳን እንዴት ይቅር”	neutral
1)ቦታ ጠይቀው ካሣ ከፍለው ኢንቨሥትመነት የጠየቁ መሪቱን በመንግሥት የካሣ ሂሳብ በመክፈል መሪት መያዝ በራሡ ትርፍ ሊሆን ሥለሚችል?አንደኛ ኢንቨሥትመንቱ ቅድሚያ ተፈላገነት ከአዋጭነ…	neutral
ታምራት ነገራ ከአብይ እኩል በኤርትራዊያን ታውቋል??	neutral
ቀን እየተቆጣ ዝም የማይል ማን ነው!!	neutral
ክቡር ጠ/ሚ ዶ.ር አብይ አህመድ በቅድማያ የከበራ ሠላምታዬን ላቀርብሎት ፈልጋለሁ፡፡ በመቀጠል ራሴን ማስተዋወቅ ስላለብኝ ለስታዉቅ እኔ በሀዋሳ ዩንቨርሲቲ የሁለ…	neutral
[የማቴዎስ ወንጌል  24:42]  ጌታችሁ በምን ሰዓት እንዲመጣ አታውቁምና እንግዲህ ንቁ።	neutral
ዶክተር ፓቭል የአንተን ስጦታ በመደገፍ ተቀባይነት አላገኙም ልላችይ ንሆሊ ሚራገስአ ሱእ ትባልናም እነሱን ያቅርቡ. እደውልበታለሁ ርበነ ዬኛደጓ ኔእ	neutral
በሀይማኖት ሽፋን ያወራሁት የለም ቀጥተኛ ጥያቄ ነው የጠየቅኩህ ሲጀመር በእምነትም ሆነ በአካባቢ አማራን ለመከፋፈል የሚሰራ ከኦነ…	neutral
ይሄ ሴቶችን ካለማክበር ጉዳይ ጋር በፍፁም አይገናኝም ከዚህ ሙያጋር እንደማትተዋወቂ የበለጠ ያስረዳል ፤ ይልቅ ኳሱ በሌለበት ያለአግ…	neutral
ያዳነን በቅዱስም አጠራር የጠራን እግዚአብሔር ነውና፥ ይህም እንደ ራሱ አሳብና ጸጋ መጠን ነው እንጂ እንደ ሥራችን መጠን አይደለም፤ ይህም ጸጋ ከዘላለም ዘመናት በፊት በክርስቶስ ኢየሱስ ተሰጠን፥(2ኛ ጢሞ 1:9)	neutral
የዛሬውን የኢትዮጵያን ፖለቲካ ዝም ብዬ ስታዘብ የቡድን ማንነትን በሚያራምዱት ፖለቲከኞች አስተሳሰብ በአገሪቱ ውስጥ የአገራዊ ማንነት መስፋፋት እንደ ትልቅ ሥጋት ሆኖ የሚታያቸው ይመስለኛል።	neutral
ለእርስዎ ምንም ቀላል ምግብ የለም	neutral
እሁድን እንኳን ለቤተሰብህ ስጥ። አለመታደል ሆኖ እኛ እንደሆንን 95% ጥሩ ብትሰራልን እና 5% ስተት ብናይ 95ቱን ጥሩ ትተን 5 ቱን ስተት ነው ምንተቸው።…	neutral
አስመሳይ ጥፋ ከዚህ ዘባራቂ መርዝ	neutral
ካለፈው መርጠን የምናስታውስበትና ለመጭው ትውልድም ማንነታችንን የምናስተላልፍበት ነው። ጦርነትን ብቻ በመምረጥ ታሪክን የምንጽፍ ከሆነ የምንጽፈውን ታሪክ እንደጦር መሳሪያ ተጠቅመን የዛሬን…	neutral
የመኪና አደጋው ይሰመርበት   ስንቱ እንደ ወጣ ቀረ ????	neutral
እግዚአብሄር ይላል - “ልጄ ሆይ ልብህን ስጠኝ ፡፡     ምሳሌዎች 23.26	neutral
ለሃገራችን የሚበጃትን እና ከጥፋት ሊታደጋት አቅም ያለውን ፖርቲ፣ከግለሰብ ጋር ባለህ ቁርሾ ምክንያት እንቅፋት አትሁንበት። ከራስ በላይ ሃገር!!!	neutral
<<ለማ ለማ ሲሉኝ አረሙን መስሎኛል>> ብለህ የዘፈንከው ደህና ነህ እንዴት ነህ? ደህና ነህ እንዴት ነህ?	neutral
ግቢ እያለን 2020 ኦፕን ኮሌጂ በሚለው የአሊ ቢራ እና ሲንደሬላ ምቾቱ በሚል የሙሉብርሃን የማስታወቅያ ዘፈን ተጣልታችሁ ያስታረቋችሁ ኦሮማራ ጓደኞቼ ግን ደህና ናችሁ?	neutral
ሀሳቦች የሚመነጩት ሁሌም ከህዝብ ነው፡፡ የመሪዎች ሀላፊነት ሀሳቦች የሚመነጩበትን ነባራው ሁኔታ መፍጠርና ማበረታታና እና ተፈጻሚነት እንዲያገኙ ማድ…	neutral
አዎ ቢጠና ጥሩ ነበር። ሁለቱም ቡድኖች ራሳቸውን ከአንደኛው እንለየበታለን የሚሉት ነገር አላቸው ግን ያም ኢንተሴክት ሲያደርግ ይታያል	neutral
እነዚህ ሰዎች የተሻለ ኢትዮጵያን  ይመስላሉ ። ከነዚ የበለጠ ሃሳብ ያለው ደሞ ሰርቶ ያሳየንና እነሱን እንመርጣለን።  ለማ ባልደራስ ደብረፂ ጃዋር ተቅናጅተው ቢመጡ ደሞ ምርጥ ሃሳብ…	neutral
የተ.መ.ድ ሐሳብን የመግለፅ መብት ልዩ መልዕክተኛ ዴቪድ ካይ የሳምንት የኢትዮጵያ ጉብኝታቸውን ጀምረዋል። መንግሥት በተመሳሳይ ሥልጣን ላይ የነበሩ ወደ አገሪቱ እንዳይጓዙ ከልክሎ በመ…	neutral
ዕሮብ በመሆኑ   አፕል ቁርጥ ላይ ፊት??     ??ምን ትወጣላችሁ ተከሰቱ??     ??????	neutral
ትራስ ጨርቅ ቀይሩ እስኪ	neutral
ሃሃሃ ባላያቸው ደስታዬ ነው...እኔንም ጨምሮ??	neutral
አይ ዎንት ላይ የሆነ ግዜ ንድድ አድርጎኝ አንፎሎው አድርጌው አውቃለሁ ገብርኤልን ! ጨስስስስ ብዬበት ነበር :)	neutral
«የእኔንም የሕይወት ታሪክ አንዳንድ ሰዎች ባለማወቅና በመሳሳት ፡ ወይም በምቀኝነት ፡ እውነት አስመስለው ጽፈው ፤ ሌሎችን እንዲመስላቸው ለማድረግ ቢፈትኑ ፤ የውነተኛውን ነገር ከስ…	neutral
የከተማ ወጣት ሰብስብክ መፎከር እኔም አላንስም  እስኪ መንግስት ምሰል በየቦታው እሚቀጠፈውን ህይወት ታደግ ፣ሰላም ይስፈን ከሁሉ በፊት ህፃናት ከብት ከሚያግዱበት ታግተው ሲገደሉ ፣ተ…	neutral
የልማት ድርጅቶችን ድርሻ የመሸጥ ጉዞና ውዝግቡ - አሐዱ ትንታኔ	neutral
ዶ/ር አብይ፦ እግዚአብሔር እድሜና ጤና ይስጥልኝ።	neutral
እኔ ገለልተኛ ሜዳ ለማፈላለግ እስማማለሁ :-)	neutral
የጎጥ ፓርቲዎች ይዘውት የሚመጡት ፕሮግራም በከፊል -በ17 አመታት እልህ አስጨራሽ ትግል አምባገነን ስርዓት ንደን.... - አፄ እገሌ ባርያ አድርጎ ሲሸጥህ፣ ጡጥህን ሲቆርጥ.... -…	neutral
የንጉሱ ቤተሰቦች በውቧ አርባምንጭ የነበራቸውን ቆይታ አጠናቅቀው ከመመለሳቸው በፊት የቴዲ አፍሮ ባለቤት አምለሰት ሙጬ ለአርባምንጭ የኒቨርስቲ ሴት ተማሪዎች የንፅህና መጠበቂያ ቁሳቁስ…	neutral
11 ለጥር 3 ዝግጅቱ ተጀምሯል‼ ????❤ ጥር 3 ላይ በአዲስ አበባ ስብሰባ ማእከል አዳራሽ የወረዳ 11 የኢዜማ ደጋፊዎችን እና ነዋሪውን ለህዝባዊ ውይይት ለመጥራት ቅድመ ዝግጅት ተጠናቋል። ኢዜ…	neutral
እንደ አዲስ የሰራችው ላይ	neutral
የሚገርም የብሔር ትርጓሜና ሌሎችም አሉበት። መደመጥ ያለበት።	neutral
የእርስዎን Tweet ሰርዝ። አለበለዚያ መዘዞች ይኖራሉ።	neutral
ዝክረ - ሞርከታ 1   አማራ አሁን የሚታዘንለት እንጂ የሚታገሉት ህዝብ አይደለም”  የሰኔ 15ቱን ክስተት ተከትሎ ወዳጄ ሞርከታ የመከረኝ ምክር ነበር።  ይህ አባባል አሁን ባይሰራ…	neutral
አቤን ስለ ፍቅር ምን አለ??	neutral
ውዴ፣ ለምን ልዩነታችንን ለጊዜው አስወግደን እና  ተዋህደን አትራፊ የፖለቲካ ፓርቲ መስርተን ቶምቦላ ሎተሪ አንቆርጥም? ማለቴ ምርጫ...????	neutral
ሁሉን ነገር ከችሎታ ከእውቀት ፥ ከተፈጥሮ እና ከሚታየው ነገር ጋር ብቻ ለምናያይዝ ሰዎች ኤርምያስ በምእራፍ 46 ቁጥር 6 (አመት) ላይ እንደዚህ ይለናል ፈጣኑ መሸሽ አይችልም ብርቱውም አያመልጥም!!!!	neutral
‹‹ግብፅ የህዳሴ ግድቡ ለኢትዮጵያ አያስፈልጋትም የሚል ፍላጎት እንዳላት ነው ለእኛ የሚገባን››  ስለሺ በቀለ (ዶ/ር)፣ የውኃ መስኖና ኢነርጂ ሚኒስትር	neutral
ትላልቅ ከሚባሉት ነው እንዴ	neutral
የገና በዓል ገበያ በአዲስ አበባ	neutral
የእሱ ጓደኛ ነበርኩ ውወተ ምን እንደነገራችሁ ማወቅ ነበረብን ይላ ጥበልገመበ ንላፕሮውአ ንህይ	neutral
ነገ ቅዳሜ መሆኑ ትዝ ሲል☺☺☺	neutral
አነ ጉንጉን፣ ሳቤላ፣ ቆንጆዎቹ፣ ብርቅርቅታ፣ እፎይታ እና ሌሎችም	neutral
እውነት ነበር ግን እስርቤት ጨክናበታለች!	neutral
ከባለቤቱ ያወቀ ቡዳ ነው ወይስ ከባለቤቱ ያወቀ ጥሩ መረጃ አለው  ነበር የሚለው ተረቱ?	neutral
ብልፅግና የሚያመጣ ጠቃሚ ፖሊሲ ፅፈው ለምርጫ ያቅርቡ፣ ቅን ይሁኑ ፣ ለውጣቸውን ስርሰደድ ያድርጉ ፣ በሌባ የተሞላ የካድሬ መዋቅራቸውን ያፅዱ ፣ ለፍትህ ይቁሙ ፣ ተጠ…	neutral
አቶ ተገኔ ጌታነህ የቀድሞው የፌዴራል ጠቅላይ ፍርድ ቤት ፕሬዝደንት ባደረባቸው ህመም ሕዳር 22 ቀን 2012 ዓ.ም አርፈዋል፡፡ የተሰማኝን መራር ሐዘን እየገለፅኩኝ ለቤተሰቦቻቸው ና ለወዳጅ…	neutral
YEAR OF REVIVAL!!????????  ሶምሶንም ስለ ሁለቱ ዓይኖቼ ፍልስጥኤማውያንን አሁን እንድበቀል፥ እግዚአብሔር አምላክ ሆይ፥ እባክህ፥ አስበኝ፤ አምላክ ሆይ፥ ይህን አንድ ጊዜ…	neutral
ይሄን አላየሁትም !! ተናድጄብህ ነበር እውነት ቢኒ::  ስለማላውቀው ነገር ስጠይቅህ ሙድ እየያዝክ መስሎኝ ስሜታዊ ሆኜ ነበር::	neutral
የእኛ ፖለቲካ ማጥቂያ እየሆነ ነው፤ እንደርግማን ሆኖ በቁሙ ያለውን አማራ እየረዳነው አይደለም ዋና ሳጅን አበበ ይትባረክ	neutral
በዓሉን የፍቅር የሰላም ያድርግልን	neutral
የትራንስፖርት ዋጋ ብቻ ሳይሆን ስልኬ ተወስዶብኛል እያለች ከታጋቾቹ አንዷ ጓደኛዋ መጀመሪያ አካባቢ በአጋቾቹ ስልክ ትደውልልኝ ነበር ማለቷስ አይጋጭም?	neutral
Ethiopia : ‘’ከሚወዱኝ ይልቅ የሚጡሉኝ የእኔ ሀሳብ ገብቷቸዋል። በአቋራጭ ስልጣን መያዝ የሚፈልጉ ብልፅግና ለኢትዮጵያ ሲባል አይመቻቸውም።   ጠ/ሚር ዐቢይ አህመድ…	neutral
በግእዝ ፊደላት ውስጥ ያለውን እውቀት መረ…	neutral
ብሄራችሁ በደሙ የተሸፈነ ይሁን!??	neutral
ጉድህን ስማ የአዲስ አበባ ነዋሪ ኤርሚያስ ለገሰ የተናገረውን እሄን ሰምተህ ተረዳ አላልኩም እንዳይል በአንድበቱ የተናገረውን ከነማስረጃው	neutral
ከአብ ወጥቼ ወደ ዓለም መጥቻለሁ ፡፡ እኔ ደግሞ ዓለምን እተወዋለሁ ወደ አብም እሄዳለሁ። አሁን ታምነኛለህ?	neutral
ትልልቆቹ ዘፋኞች እኮ ያለ ምክንያት ዘፈን አይዘፍኑም??  ኦቦ ለማ ከባለሃብቶች ጋር ያረጉት ስብሰባ የተናገሩትን እንዲህ ቀነጣጥቤዋለው??  ዶ/ር ዐብይ ዛሬ እየሰሙት ያለው ዘፈን??????  እሞት…	neutral
ሞጣ ውስጥ የተቃጠለው ቤ/ክርስቲያን	neutral
የፊርማ ስነ ስርአቱ ህጉንና ደቡን ጠብቆ በአስተማማኝ ይቀጥላል ክቡር  ጠ/ሚ ዶ/ር አብይ አህመድ።	neutral
አሁን ባለው ሁኔታ በደቡብ ክልል ካሉት Ethnic group ብሔረሰቦች በቁጥር 1ኛ የወላይታ ህዝብ ሆኖ እያለ ነገር ግን ከድርጅታዊም ከመንግስታዊም አሜራርነት ተገልሏል፤ከሕገመንግስት ውጭ በብዙ ቁጥር በሚያንሱት ይመራል።	neutral
ሁሉም ሰው በሚጠቀምባቸው ቻርጅ ማድረጊያዎች ስልኮትን ወይም ታብሌቶችን ቻርጅ ማድረግ ለተለያዩ ስልክ ጠላፊዎችና ጥቃቶች ሊያጋልጥ ይችላል። bbc	neutral
እራሱ ነው አጀንዳውን የጠመዘዘው እርሱን ተከትላ ሃናም ስለፍትወት ማውራት ጀመረች ????????	neutral
እኔ የበለጠ እጨምራለሁ እናም እርስዎ ከምወደው በላይ GDL ከምወዳቸው የበለጠ ነው	neutral
ኤፍሬም ያሬድን ከቁም ነገር ወስደህ ከሆነ የዋህ ነህ ማለት ነው ያሬድ ማለት ከሰብሃዊነት ይልቅ ጓደኝነት የሚበልጥበት ሚዛኑን የሳተ ሰው ነው! እሱ እኮ ለበረከት ያለቀሰ ሰው ነው አስታውስ!	neutral
የእንግሊዝን የጦር ካምፕ ሰብረው ሊገቡ ነበር የተባሉ 3 ሰዎች ተያዙ	neutral
ባህር ዳር ከተማ ከ ኢትዮጵያ ቡና - ቀጥታ የውጤት መግለጫ	neutral
ጠብቂ!! ግን እገዛዋለሁ ይመስለኛል ዛሬ ነው ሚለቀቀው	neutral
Tikvah-Ethiopia ከቴሌግራም ውጭ የፌስቡክ ገፅ እንዲሁም የትዊተር አካውንት እንደሌለው ልብ ይበሉ።	neutral
በአማራ ክልሉ እየሰሩ ሌላ ክልል ግብር የሚከፍሉ ድርጅቶች ግብራቸውን እንዲያዞሩ የክልሉ ገቢዎች ቢሮ ጠየቀ	neutral
አንተም ማክሰኞ ማክሰኞ ከሬድዮ ጣቢያ ሆነክ የበረራ እንግዳ እያልክ ታበር ነበር ያ ማለት ግን ፓይለት ነበርክ እያልን አይደለም	neutral
ወቅታዊ የአገሪቱ ፖለቲካዊ ችግር ከመቼውም ጊዜ ይበልጥ ገዝፎኖ አሥጊ ሆኖ እንደሚታይ የገለጸው ኦነግ፣የአብረን እንሥራ ጥሪውን ለሁለም የፖለቲካ ኃይሎች አስተላልፏል፡፡	neutral
ከልቤ አልወጣም አልረሳም አለኝ እኮ አይ አንቺ ምድር ፍትህ የተዛባብሽ ??????	neutral
የህንድ ፀጉር በሚል ይስተካከል	neutral
ኤፔሬስትሪያል ላይ ፒልስ ዶን ፓስ የምትለዋን ሴትዮ ወዴት ወሰዷት?	neutral
እናንተ እኮ የዋህ ናችሁ እስኪ አንድ ሁለት አማካኝ ልቀቁብን	neutral
አጎቴ  ዛሬ የኢራንን የተጀርባ አጥንት ስብርሃል በለው።	neutral
አሻግሬ ለማ መግርሳን እንደ ማንኛው ተራ ግለሰብ ቀበቶና ጫማ አውልቆ ተፈትሾ  ከሀገር እንዲወጣ ካደረገ በኃላ ለማ ሥራ ላይ ነው ለማለት የዜና ሽፋን እየስጠ ነው  አላደረግንም ምትክ ከሄነ ማስተባበያ ትሰጡ ነበረ	neutral
እዚህ ምንም ችግር የለም ቁልፎቹ	neutral
አንተ እንዴት ነው ትምህርት የተማርከው? መግቢያው ላይ የተጠቀሰው በድሮ አማረኛ ሃገሪቱን ስለወረሯት ሃገሮች እንጂ ስለ ኢትዮጵያውያን ሙስሊሞች አይደለም ተባልክ እኮ!ለ…	neutral
መፅሀፍ ሲጻፍ መጀመሪያውኑ ምእራፍ እና ቁጥር አልነበረውም:: ስለዚህ 24 እና 31 አያከራክረንም፡፡	neutral
የአማራ ብሔርተኝነት ያሰጋኛል  በሚል ሰበብ የአማራ ድርጅቶችን በሙሉ እያጠፋ ነው ። በአዴፓ የሚመራውን ልዩ ሀይል መሪውን አሳምነው ጽጌን በመግደል አጥፍተውታል ። ፈኖዎችና የአብን አባሎች…	neutral
ከሳቅ ውጪ ሌላ ምን አማራጭ አለ ብለህ ነው አንትሽ?	neutral
አንተ ማታ አንስተው እደር እነሱ ጥዋት ጎጃም ተሰልፈው የመጣሉ	neutral
????የኛ አባት ሁሌም ትቆጨኛለህ	neutral
የኢህአዴግን መፍረስ ተከትሎ፡ ህወሓት ከሌሎች ፈዴራላዊ ሀይሎች ጋር በፎረም፣በጥምረትና በግንባር እንዲሁም በዉህደት ደረጃ ስትራተጂካዊ ግንኙነት ለመመስረት መወሰኑንም በመግለጫው ገልጿ…	neutral
ቢቀላቀሉ ኖሮ ነበር እኮ የሚገርመው::	neutral
ቄስ ዘመድ ያለው ተኝቶ ይቆርባል አሉ አደይ ሮማን	neutral
??????????????ሲጀመር ብልፅግና እራሱ ትህንግ የያዘውን አጀንዳ የተሸከመ ነው ግን ይሔ ሀሉ ድራማ ምን ያህል ህዝቡን ቢንቁት ነው ኢህአዴጎች የተጣሉ በመምሰል እድሜ የማስቀጥ…	neutral
ቤቶች እንዴት አደራችሁ? The way I s…	neutral
በሚያቀርቡት የተለያዩ የፖሊሲ አማራጮች ታይቶ ተገምግሞ እና ተወዳድሮ ለሀገር አብላጫ ጥቅም የሚያስገኝ ሆኖ ሲገኝ ሊያሸንፋ ይችላሉ ብዬ አስባለሁ ያለበለዚያ ያለፍ…	neutral
ሃሃ! ምን አባቴ ላርግ ብለሽ ነው? ጭንቅ ቢለኝ እኮ ነው። ??	neutral
አደባባይ ላይ ማንነትህን/ምልከታህን ለመግለፅ እንድትችል/እንዳትችል የምትኖርበት ሃገር ህግ ይወስነዋል! የጓዳውን አላውቅም! ሌላው ሰው መብት እንዲኖረው/እንዳይኖረው ደግሞ የሃገረው ህግ ይወስነዋል ክቡር!	neutral
ስብሰባ ለሐዋሳ ከተማ ነዋሪዎች በሙሉ፤  የኢትዮጵያ ዜጎች ለማኅበራዊ ፍትህ (ኢዜማ) በሐዋሳ ከተማ ከሚገኙ አባላት፣ ደጋፊዎች እና የአካባው ነዋሪዎች ጋር ጥር 2 ቀን 2012 ዓ.ም ውይይት…	neutral
‹‹የአገርን ህልውና መታደግ የመጀመርያ ደረጃ የፖለቲካ ሥራ ነው፡፡ ከዚህ አንፃር የፖለቲካ አስተሳሰብና ልዩነት በሁለተኛ ደረጃ የሚመጣ ነገር ነው፡፡ መጀመርያ አገርን መታደግ አለብን…	neutral
በትምርት ቤቶች የተጀመረው የጽዳት መርሃ ግብር አካባቢን ከማጽዳት ባለፈ አገራዊ አንድነትን ከማጠናከር አንጻር ፋይዳው የጎላ ነው ተባለ	neutral
የሸሁ ንግግር በፌደራልእናበአድስ አበባ   ፖሊስ ድጋፍ አለው	neutral
ሰው እያረጀ ስሄድ እየቀለለ ነው እንዴ የሚሄደው? እድሜ ኣስተማሪ መስሎኝ? ምን የሚሉት ቅሌት ነው ይሄ?	neutral
ዳኛ :-ውሣኔ ከመስጠታችን በፊት የፍርድ ማቅለዬ አስተያየት ይኖርሀል?  ተከሳሽ :- የማንቼ ደጋፊ መሆኔን ግምት ውስጥ አስገቡልኝ።	neutral
የህውሃት መጨረሻ ይሄ ነው	neutral
አምባሳደር ሬድዋን በቅርቡ ከስራቸው የተነሱትን አምባሳደር ማርቆስ ተክሌን ይተካሉ ተብሏል።	neutral
የኢትዮጵያ የውጭ አገር የስራ ስምሪት አገናኝ ኤጀንሲ አሰሪዎች ፌዴሬሽን ዛሬ ተመሰረተ	neutral
ተደማሪ ፍላጎቶች ምን ለማለት ነው?!  ለጭቆና አይነቶች ሚዛናዊ ትኩረት የሚሰጥ የመግባባት ዲሞክራሲ እዕዕዕ? ድህነትና ጭቆና የብቸኝነት ጉድለት ምሳሌዎ…	neutral
የጦርነት ዋና መተረቻ ተደርጎ የሚጻፈው አሁን ያለው ከባለፈው የተሻለ እንደሆነ አድርጎ በማቅረብ ሰው ወደጎረቤቱ ሳይሆን ወደባለስልጣናት እጅ እንዲነሳ ለማስቻል ነው፤ ስለዚህም ብዙ ጊዜ የጦ…	neutral
በጉልበት የሚለው ህጋዊ እንዲሆን በትግል በሚለው ይተካ::	neutral
ምኞት እና ስሜት፣ አማራጭ ሃሳብ የሌለው ነው ያለው መሰለኝ... አቤት politics gin yigermal	neutral
ልክ ነው: ነገር ግን: ስንት ሰው እየሞተ ስንት መድረሻቸው እማይታወቁ ልጆች: በባሕር እየጠፉ: እየተሰቃዩ የሚኖረው ህዝብ: ኢሳያስን እንደዛ ስላደረ…	neutral
የበቀደሙ የአዲስ አበባው ስብሰባው ላይ ለተጠየቀው ጥያቄ መልስ ሲሰጥ አልሰማከውም? ስለ ሃማደ (29:22 —30:11)እና ልደቱ (35:50—36:10)ያለውን ስማው ??…	neutral
ሠንጠረዥ ከ6 ሳምንታት በኋላ	neutral
ጥልቁ የተራስው ነገር ኢትጵያን ለ 3000 አመት በንጉስነት ሲገዙ የነበረት የአንድ ቤተሰብ ሰዎች ናቸው ያም ሰለሞናዊ ዳይናስቲ ይባላል። እ…	neutral
የስምምነታቸው ዝርዝር ምን ይላል? በምርጫ እርስ በርስ ላለመፎካከር ተስማምተዋል?	neutral
ጉዳት ላይ ያሉ የወልዋሎ ተጫዋቾች ወቅታዊ ሁኔታ	neutral
በዚያን ቀን በስሜ ትጠይቃላችሁ ፣ እኔም አብን እለምናለሁ ብዬ አልልም ፡፡ እናንተ ስለ ወደዳችሁኝ ከእግዚአብሔርም ዘንድ እኔ እንደ ወጣሁ ስላመናችሁ አብ እርሱ ራሱ ይወዳችኋልና።	neutral
የደረሰ ለደብረፀይን  አቶ ደብረፀዮን  የትግራየን ሐዘብን በመ በደል ወደማየሰፈልግ መሰዋት ባትደ መልካም ነወ	neutral
ኢትዮ ቴሌኮም ድጋፍ ለዩኒቨርሲቲ ተማሪዎች	neutral
ማነህ ርጋ ውሲንጀኤከ በመቃብር ውስጥ ወንድም ሱነይሳ ምንም	neutral
ኢንተርቢ ሲያረጋት...የሄኒ አስተያየት ግን... ብዬ ነገር ልለኩስ እንዴ? ??	neutral
ክልል መንግስት መዋቅር በማህበረ ቅዱሳን መያዙን የክልሉን መንግስት መግለጫና የማህበረ ቅዱሳን ቲቪ የሚናገሩትን በማየት ማረጋገጥ ይቻላል !	neutral
ህወሀት ነግሶበት የነበርው ብሄር ብሄረሰቦች እንግዳ አስተሳሰብ የልሂቃን የስልጣን ጥማት ማርኪያ መሳሪይ እንጂ ለደሀው ያተረፈው/የሚያተርፈው የለም::ተረኝነት በላተኝነት!	neutral
ገዢው የኢትዮጵያ መንግስት ትግራይ ውስጥ ያሉትን የህዝብ ጠላቶች(TPLF) ከስልጣን ማውረድ ይኖርበታል።በጉልበትም ቢሆን።ነገሮች ሳይካረሩ።	neutral
ኢትዮጵያን እወዳለሁ ካልክ/ሽ በእንደዚህ አይነት ትውልድ አዳኝ ፕሮጀክት ተሳተፋ/ፊ ...ሌላው ቱሪናፋ ነው !	neutral
መሪህን ክፉና መሰሪ ሰወች የማይወዱት ከሆነ ይህ ሰው መልካም እንደሆነ እወቅ Wasihune Tesfaye	neutral
የሮሜ መልዕክት ጥናት 2ኛ ሣምንት ክፍል 5  የሮሜ መልዕክት ጥናት በሣምንት ሦስት ጊዜ (ሰኞ፣ ረቡዕ እና አርብ)፣ በፌስ ቡክ ፔጃችን ላይ የሚለቀቅ ሲሆን፣ መግቢያውን አካቶ በዚህ…	neutral
ህፃን ዮዳ ቤተሰብዎን ያበቃል ፡፡ የደምዎ መስመር ከእንግዲህ አይኖርም። ይቅርታ መጠየቅ ወይም እራስዎን ለዘለአለማዊ ጥፋት መስዋእት ማድረግ	neutral
: ዛሬ በባህር ዳር ፅንፈኞችና የጥፋት ሀይሎች እንዲሁም ሚዲያቸው እንዲህ አይነት መፈክሮች አይታያቸውም::	neutral
ከምርጫ በኋላ ስለሚደረግ ሰላማዊ የስልጣን ሽግግር ከአሁኑ ድርድሮች መጀመር አለባቸው።  አሜሪካንም የማይሆን ነገር እንዳትሞክር ያሉት ጥምረቶች እና ስብስቦች ሊመክሯት ያስፈልጋል።	neutral
በአማራ ክልል የተከሰተውን የነዳጅ እጥረት ለመቅረፍ እየተሰራ መሆኑን የክልሉ ንግድና ገበያ ልማት ቢሮ አስታወቀ	neutral
ከማንም ጋር ማወዳደር የሚልፈልገው ሰው።	neutral
?????  ብቻ	neutral
-ፈተና ሶስት፡ ክልሉን የመሸንሸን ዕቅድ -ፈተና አራት፡ በተገኘው አጋጣሚ ሁሉ ክልሉን ማሳጣት	neutral
ወያኔ ሓርነት ትግራይ/ህወሃት/ ከብልጽግና ፓርቲ ጋር እንደማይዋሃድ አስታወቀ፡፡ ህወሓት ከሌሎች ፈዴራላዊ ሀይሎች ጋር በፎረም፣በጥምረትና በግንባር ደረጃ ስትራተጂካዊ ግንኙነት ለመመስረ…	neutral
ሪፖርት | ስሑል ሽረ ከሜዳው ውጪ ጣፋጭ ድል ተቀዳጅቷል	neutral
ወደ ቺሊ አመጣኸው ግን ምንም ሩቅ የለም እወድሻለሁ ምንም እንኳን አስተርጓሚ ከእኔ ጋር ለመነጋገር ቢያስፈልግህም ያ ግን ይከናወናል ፣ አሁን ቀድሞውኑ ሩቅ ነበር…	neutral
ወላይታ ድቻ ከ ሲዳማ ቡና - ቀጥታ የውጤት መግለጫ	neutral
እኛ ዩንቨርስቲ ስንማር ተማሪ  ለተማሪ መደባደብ እራሱ ያስባርር ነብር።  አሁን ያ ሁሉ ቀርቶ በየሳምንቱ ተማሪ ተገደለ የሚል ዜናን ተላምደነዋል። እስከመቼ ለወራት ከዩኒቨርሲቲ ለእና…	neutral
እሱ እና መሰሎቹ ዱቀት  ብቻ  ሳይሆኑ አመድ ናቸው !!!  ሃሳብህ እንደትስ ይግባቸው መሃይምነት ችግር ነው ::	neutral
?????♀️ ይቀጥላል እያለ	neutral
አላስፈላጊ የአገልግሎት ክፍያ እና በህንፃዎች ላይ ይከሰት የነበረውን ውድመትና ተያያዥ ወጭዎችን ማስቀረት የሚችል (በ global water sector) አዲስ እና የ…	neutral
በዓሉ ማክሰኞ መሆኑን አትዘንጋ። በረራው የሚፈለገው ቅዳሜና እሁድ ነው	neutral
ከየትኛውም ክልል የሚመጣ ተማሪ ከሌላው ክልል ተማሪ የተሻለ ህይወት የለውም:: ቢኖረው ኑሮ ሀገር አቋርጦ ሌላ ቦታ አይሄድም ነበር:: በአጠቃላይ ከደህንነት ለመውጣት የሚጥር ድሃ ሌላውን ድሃ…	neutral
?????? ለምን አይሆንም	neutral
በሞጣ መስጅድ  ቃጠሎ  እጃቸው  እንዳለበት የሚጠረጠሩ ፖሊሶች ራሳቸው መያዝ ሲገባቸው ወንጀለኞችን እንዲይዙ  እየተላኩ መሆናቸውን የሀሩን ቲዩብ ምንጮች ገለጹ ሃሩን ቲዩብ መረጃ	neutral
በሽታ ያመጣውን የሞት ጦስ አመለጥኩ የሚል ተማሪ የመኪና አደጋ ይጠብቀዋል...ምንድን ነው ግን የገጠመን ዘንድሮ?   ወዳጅ ቤተሰብን እግዚሐብሔር ሐዘናቹን ያቅልለው መጽናናትም ይስጣቹ!	neutral
የአለም ጦርነት ሊጀመር ይመስላል። አሜሪካ በፈጠርሽ ምርጫውን እስክናደርግ ዙሩን አታክርሪው እኛም መሳተፍ እንፈልጋለን።  ሳተላይት አለንኮ! ??	neutral
የወሎ ዩኒቨርስቲ ተማሪ ዛሬ ረፋድ 5 ሰዐት ተኩል አካባቢ በተፈጸመበት ድብደባ ህይወቱ አልፏል። የ2ኛ ዓመት የማርኬቲግ ተማሪ የነበረው ወጣት ወደ መጸዳጃ ቤት በሄደበት ወቅት ጥቃት…	neutral
ደሞክራሲማለት እየተሳደብክ ኣይደለም ኣስበህ መስራት ጉዳት የለውምማለት ነው ደሞክራሲ	neutral
ይሄ ጀግና ልጅ በወያኔ ታፍኖ የት ተወሰደ ግን?	neutral
ፍዬል ደግሞ ምንድነው?	neutral
አንተ ብቻ ዝምምምምም ብለህ ዘንጥ! አታውራ!	neutral
ፕሬዚዳንት ትራምፕ በኢራን ባለስልጣን ላይ ያደረጉትን ጥቃት በማስመልከት ከዋይትሃውስ ለመላው አለም ያስተላለፉት መልእክት	neutral
ለዶ/ር አብይ አሐመድ፤   5 ወር ሙሉ ያለ ጥፋታቸው ታስሮው የምሰቃዩትን የስዳማ ልጆችን ያውቃሉ ወይ?ያለ ፍትህ አስሮ ማሰቃየት ለነገው ትውልድ መጥፎ ጠባሳ…	neutral
ከዚህ በኃላም ከስህተታችን እንማራለን እንጂ ትምህርት ቤት እንደማንገባ ያ.ሁ.ነ.ያ	neutral
የሚያሳዝነው  ነገር ሕዝቡን ለመከፋፈል የምታደርጉት ነገር ነዉ	neutral
የአፍሪካ ህብረት ያሞካሸውን የጊኒቢሳው ምርጫ  የቀድሞው ጠቅላይ ሚኒስትር ኢምባሎ አሸንፊያለሁ አሉ	neutral
አበባ ከተማ አስተዳደር በሕገ-ወጥ መንገድ የተገነቡ ቤቶች ሊያፈርስ መሆኑን አስታወቀ። «እየተስፋፋ የመጣውን የህገወጥ የመሬት ወረራ ለመከላከል ያለመ» የተባለው የከተማ አስተዳደሩ እርምጃ…	neutral
የ Hyderabadi Biryani ጣዕም በዓለም አቀፍ ደረጃ እውቅና እንዳለው ያውቃሉ?	neutral
እንዳያዉ የአቶ ለማ ነገር ለራሣቸዉም ግራ ሳያጋባቸዉ የቀረ አይመሥለኝም:: ያቺ ለዶር አብይ  ያመቻቿት ሰልጣን ፀፀት ፈጥራባቸው ይሆን? አባ ገዳወች ጣልቃ ግቡና አንድ…	neutral
መድኅኒአለም አቤቱ፥ አንተ ከታናሽነቴ ዠምረኽ መታመኛዬ ነኽ። ከማሕፀን ዠምሮ ባንተ ተደገፍኹ፥ ከእናቴም ሆድ ዠምሮ አንተ መሸሸጊያዬ ነኽ፤ ዅልጊዜም ዝማሬዬ ለአንተ ነው። መዝ. ፸፩፥፭-፮	neutral
ጥያቄ አለኝ ክቡር ጠ/ሚ:  በቅድሚያ ብልፅግና በመሳካቱ እንኳን ደስ አሎት:: ስለፓርቲው ለማወቅ ጥረት አደርጋለሁ::   ጥያቄዬ   አሁን ክልሎችን እያስተዳደረ ያለው ማነው?	neutral
አቢቾ እስክንድር ላይ ያላትን አቋም ሌሎችም ነገሮች ላይ ብታዎለው ምርጥ ጠ/ሚኒስትር ይወጣት ነበር	neutral
የኢትዮጵያ ህዝብ ሆይ  ልህዝብ ሰላማዊ የሚሆነውን መንገድ ምረጥ????	neutral
የሌሊት ወፍ ቅርፅ ኩርበነ ኛደጓ ሱእየ ምን እያደረገልኝ ነው ምኙገላአ ትነይባቀተ ፍገደመበ ታጦስ ንተንአየ ልቭፓ ርተክዶ	neutral
ሀገር ያለው አሰራርስ? ውይይቱ ከመካሄዱ በፊት፣ በውይይቱ ወቅት እንዲሁም ውይይቱ ከተጠናቀቀ በሁዋላ የውሀ እና ኢነርጂ ቢሮው፣ ውጭ ጉዳይ ሚኒስቴር ቢሮው እንዲሁም የፕሬዝደንቱ ፅ/ቤት…	neutral
ጥር 1፣2012  የህወሃት ንብረት አካፍሉኝ ጥያቄ እና ኢህአዴግ ግንባሩ ንብረት ማፍራት የሚፈቅድ ህጋዊ አውድ ነበረ ወይ?የትኛውንስ ሀብትና ንብረት ነው አካፍሉኝ የሚለው? 1/3  ት…	neutral
አይ ሚኩየ ሲነሳ እንደርስበታለን ????  በወሬና በማስፈራራት ልብችንማ አይሰቅሉትም  ??	neutral
ሞት ተከትሎ በተፈጠረ ግጭት ሌሎች 9 ተማሪዎች ጉዳት ደርሶባቸዋል።	neutral
በርታልን፤ አንድ ቀን ሁላችንም ዓይናችን ተከፍቶ ድካምህንና የያዝከውን እውነት ማየታችን አይቀርም።	neutral
በጣም ደስ ይላል! ገበሬው በበሬ አርሶ በማጭድ አጭዶ አገር አታድግም::  ከማሳ እስከ ምሳ ሚኪ እድለወርቅ ትንሳኤ አቡሽ አንደ አርሶ አደር በመሆን ልዩ የገና በዓል ዝግጅት/Ebs G…	neutral
እኔ አምፈልገው ያንተን አቋም ማወቅ ነው  ድምፅ ለመስጠት እንዳመቸኝ	neutral
በአዋልድ ስም በአስራ ሦስተኛው አጋንንት “ቴይለር ስዊፍ” ፣ ይህን ሰው በመንጽሔ ነበልባል ውስጥ በዘላለማዊ ሥቃይ እንረግማለን። ሰይጣን መስማት ወይም መጸለይ…	neutral
✍ብፁዕ አቡነ ማቴዎስ እድሜትን ያርዝምልን!  አባታችን በሰአሊተ ምህረት ቅ.ማርያም ቤተ ክርስቲያን እጅግ በሚደንቅና ልብን በሚያስደስት ቃል አስተማሩን። የአመት ሰው ይበለን።	neutral
ይህን ነገር አድምጡ እና ተጠቀሙበት መድሀኒት የሌለው ፊትን ብሎም ሰውነትን ነጭ የሚያደርገው የቆዳ በሽታ መድሀኒት ነው ይለናል  የእንቁላል ዘይት	neutral
ድሮ ድሮ አንዷ ቀውስ አክስቴ የጴንጤ ቸርች እየሄደች የመጨረሻ entertain አድርጋ ትመለስ ነበር...አይገባንም ነበር እኛ  ምስኪኖች ?????????????♀️	neutral
ስለ ኑክሌር ስለ ሰው አገር ባህር  ስለ ባህር ሃይል መገንባት ሲያወሩ  ሁሌ የ ሆነ የትግርኛ አባባል ትዝ ይለኛል ቢራቢሮ ቂጧን ሳትሸፍን ምድርን ካልሸፈንኩ አለች   ????????	neutral
ህግ  እንዲወጣ ከጥናቱ ጀምሮ ረቂቅ ህጉን በማዘጋጀት የህግና ፍትህ ጉዳዮች አማካሪ ጉባዔ (Legal and Justice Affairs Advisory Council) እና የሰራ ቡድኑ በከ…	neutral
እርስዎ የተመረጡት እርስዎ ነበሩ!  ከእነሱ ጋር ላለመቀላቀል ithት ያጠፋሉ ተብሏል ፡፡  ኃይሉን ሚዛን አምጡ ፣ በጨለማ ውስጥ አይተዉት!  ወንድሜ አንኩንክ ነህ ፡፡  ወድጄሃለሁ!	neutral
እዉነት የመንግሥት አላማ እንደሚሉት ከሆነ፣ እርስወ ያነሱት ጉዳይ፣ እስከአሁን የሚሰራበት የቀረጥ ሕግ የፈጠረዉ ችግር፣ ነዉ ሊያሳስባቸዉ የሚገባዉ።	neutral
ስለ ቻይና ልዑካን የትግራይ ክልል መንግስት ወቀሳ	neutral
ቤቲ፥ ወያኔ ከናንተ ፓርቲ የመግባት ሃሳብ ኣለው። ፓርቲያቹ ይቀበላቸው ይሁን?  ጀዋር፥	neutral
በፈጣሪ ስም ምኑ ደነዝ ነው?!?? እሱ ራሱ አንድ ዱላ ነው!	neutral
ህወሓት አስቸኳይ ድርጅታዊ ጉባኤውን ነገ እና ከነገ በስቲያ ያካሂዳል!  ድርጅቱ በሚያካሂደው ጉባኤ የኢህአዴግን ውህደት በሚመለከት ተወያይቶ ውሳኔ ያሳልፋል ተብሎ ይጠበቃል።   Via…	neutral
ፎርትኒት በኤፒክ ጨዋታዎች የተገነባ እና እ.ኤ.አ. በ 2017 የተለቀቀ የመስመር ላይ የቪዲዮ ጨዋታ ነው ፡፡ እሱ በሶስት የተለያዩ የጨዋታ ሁኔታዎች ስሪቶች ውስጥ ይገኛል ፡፡ ግን ተመሳ	neutral
ኦሮሞ በደንብ ወታደር እያሰለጠነልህ ነው!! ያኔ ትነግረዋለህ ኢ/ያ ነበር ብለህ??????	neutral
ድንጋይ መወራወር ጭምር የታከለበት ግጭት መነሾ በግልፅ አልታወቀም በውነት?	neutral
የሀገራችን የቀረጥ ፓሊሲ አርቃቂዎች ሆይ  ከዘይትና ስኳር ያልተገባ ታክስ ከምትጥሉ ከሲኖ ትራክ ላይ ጫን ያለ የታክስ ብትጥሉ በምድር ከሠዎች በሰማይ ከፈጣሪ ክብር ይሰጣችኋልና አስቡበት !!	neutral
እኔ እከተልሃለሁ እና ባገኘሁህ ጊዜ እገድለዋለሁ እና ውሾችንም እመግብሃለሁ ፡፡ አሳማህ ቤተሰቦችህ ይጠሉሃል እነዚህ ሸረሪዎች በክፍልህ ውስጥ እንዲዘዋወሩ እና በሕይወት እንዲበሉህ ፍ…	neutral
እሷ ማናት? የበለስ ማርማላታ ወደ ውጪ የምትልከው ኢትዮጵያዊት	neutral
✨✨✨“አእምሮንም ሁሉ የሚያልፍ የእግዚአብሔር ሰላም ልባችሁንና አሳባችሁን በክርስቶስ ኢየሱስ ይጠብቃል።” ፊልጵ _4፥7????✨✨✨Good night everyone ??????????	neutral
ሰሞኑን የብዙዎች መነጋገርያ በነበረው አዲሱ የኤክሳይስ ታክስ ረቂቅ መመርያ ዙርያ ውይይት ተደርጓል!  ውይይቱ ላይ ተገኝቼ ስለነበር እቺን መረጃ ላካፍላችሁ:…	neutral
የምትፈልገውን እንዲሆን ለወራት ሲያንስ ሲያልፍም ለዓመት ትፈቅድና አሁን ላይ ትመጣና ቱሪናፋ ትነፋለህ አጉል!	neutral
ለምንድን ነው ግን የኢትዮጵያንና የኤርትራን ጉዳይ በዛሬው ሁኔታ ብቻ የምናዬው፤ በአንድ ወቅት ኢትዮጵያ ወይም ሞት ብለው ለነጻነታቸው የታገሉ ህዝቦ…	neutral
What?  ዝም ያለ ኣፍ ዝምብ ኣይገባበትም!	neutral
የአማራ ክልል ገቢዎች ቢሮ በአምስት ወራት ውስጥ 5 ነጥብ 5 ቢሊየን ብር ገቢ ሰበሰበ	neutral
ጀዋር ከOMN ተሰናብቶ OFCን ተቀላቅሏል። እስክንድርና ኢሳቶችም ጋዘጠኝነትንና ፖለቲካን አንድ ላይ ከማቡካካት ሂሊና ይገዛሉ ተብሎ ይጠበቃል። በዚህ አጋጣሚ OMN ን ለሚመራው የግር…	neutral
ክቡር ጠቅላይ ሚንስትር ዓበይ ስለዛሬው የፊርማ ስነ ሰርዓትበፌስቡክ ገፃቸው ይህንን ጽፈዋል::	neutral
እንኳን ደሳላቹ የሚለውም የምርቃት ግዜ መዝሙር ቀርቶ!   እንዳያልፉት የለም ያ ሁሉ ታለፈ ታጋይ የህዝብ ልጅ በደሙ በላቡ ትልቅ ታሪክ ፃፈ ይሆናል መዝሙሩ??!	neutral
ጓደኞቼ አይደሉም ይአ ሲ ኢ ምኤ	neutral
ጁሀርን የምትጠሉ የሚኒሊክ ሰፋሪ ሁላ ጥጋችሁን ያዙ ከሱ ላይ ውረዱ አፄውን የናፈቀ መቃብር ይውረድ።??????????????????	neutral
ጌታቸው ረዳ ለድምፅ ወያኔ?? በሰጠው ቃለ ??የህውሃት እጣ ፋንታ ከዚህ ቡሃላ ከኦፌኮ ስብስብ ጋር ለመቀላቀል ፍላጎት አለው ካለቡሃላ  ለአቶ በቀለ ገርባና ለፕሮ. መራራ ጉዲና አንዲ…	neutral
ሁሉም አማርኛን በጣም ዝቅተኛ የሚረዳ አይደለምን?	neutral
Profile ፒክቸሩ ከነቀሚሱ ቀውጢ ነው። ያው በዚህ አጋጣሚ አድናቆታችንን ለመግለፅ ያክል… እና መጨረሻቸው ምን ሆነ?	neutral
እንግዲህ ይሄው ነው ነገሩ‼	neutral
ኪሎ አካባቢ ዞር ዞር ስትል የዚችን መፅሀፍ ዋጋ ያልፋቀ አዟሪ አታገኝም . . ጥሪያቸውም ከበድ ያለ ነው። በአሪፍ ዋጋ ከች ብሏል ግዙ! ??	neutral
አብቹ ይመችክ ምርጥ ሰው። ደና አድርገክ የፓለቲካ ጭዌውን ተጫውተካል። ገና ብዙ ነገር ትቀይራለክ።	neutral
የኛ አገሩን አይመስልም። ምናልባት የጅማውን ቡጥሬ?	neutral
ትናንት ጠዋት የፌዴራል ብልፅግና ፅ/ቤት የአዲስ አበባ ብልፅግና ፅ/ቤት አባላትን በአጠቃላይ የለውጥ ሂደት ላይ ለመወያየት ስብሰባ ጠርቷቸው ነበር።…	neutral
ዳንኤል 10 (Daniel) 10፤ እነሆም፥ አንዲት እጅ ዳሰሰችኝ፥ በጕልበቴና በእጄም አቆመችኝ።	neutral
የትግራይ መንግሥት ተቃዋሚዎች ሥጋትና ዉግዘት	neutral
ኣሁን እኮ ቅማሉ የለም	neutral
??የዘወትር ምጤ አይደለም ለክብረት; ለንዋይ ተዳምሮ; አይደለም ለሹመት; ለተጫፍሮ ኑሮ; አይደለም ለዝና; ለጠፊ ውሎ አድሮ; ለትሁት ህይወት ነው; እኔ መሯሯጤ; በዘልማድ መንገድ;…	neutral
ውድ ኦስማን፤ የቴሌኮም አገልግሎት ወርኃዊ ሂሳብ ለመክፈል በይሙሉ፤ በሞባይል ዋሌት (ለሲቢኢ ብር ተጠቃሚ ደንበኞች)፤ ከባንክ ሂሳብ ቀጥታ ተቀናሽ በማድረግ ...	neutral
EthioMuslimCommittee  ሰልፉን አስመልክቶ ከመጅሊስ ጋር የነበሩ ሂደቶችን ለህዝብ ለማሳወቅ ከመፍትሄ አፈላላጊ ኮሚቴው የተሰጠ ማብራሪያ  አርብ ታህሳስ…	neutral
በተሻሻለው ነው በድሮው? የድሮው ህግማ ይስራ ከተባለ አብዛኞቹ ከምርጫ ቦርድ ጋር እየተወያዩ ያሉት ፓርቲዎች ህገወጥ ናቸው!	neutral
ታህሳስ 24፣ 2012/  ከዚህ በኋላ ፕሮጀክቶች እንዲመሩበት እና እንዲተዳደሩበት የታለመ ረቂቅ ሕግ ለሕዝብ እንደራሴዎች ምክር ቤት ቀርቧል	neutral
ዐቢይ ጉዳይ፣       ቁልፍ ነገር፣        ዋልታና ማገር።          ፓስፖርት ከመለስኩ እዚህ አባል ለመሆን ብቻ ነው።	neutral
የአርማጭሆን ወንበዴ እና ቅማንትን ኮሚቴ የፈጠረው እና እሹሩሩ ብሎ ያሳደገው የአማራ ክልል መንግስት (አዴፓ) ነው።	neutral
ይቺ ብቻ ነች እንዴ ያዲስ አበባ ወጣቶች	neutral
አንቺ ካልሽ እሺ	neutral
ክላስ ውስጥ ካላነሳሁባቸው እኔ አይደለሁም። እንሳሳት መብት ምናምን የለም ሰልቅጡት ብለውናል እኮ ????	neutral
ወደ ጋምቤላ ብቅ በይ	neutral
የነጻ ትምህርት ለግጭቶች በር አልከፈተም! እንደለመድት መፍትሄ መፈለግ ስራ ሆኖባቸው! ተመርቆ ስራ አግኝቶ እንጀራ መግዛት ማይችልን ወጣትን ማሰቃየት አልበቃ ብሎ እዳ ማሸከም ነው መ…	neutral
የእኛ አገር «የአንድነት ጠበቃ» ጠዋት ስለዴሞክራሲና እኩልነት የሚያምር ትንተና ይጽፍልህና ማታ የቀኃሥ መንግሥት ምን ያክል በነፃነትና በእኩልነት የደመቀ እንደነበር ሲያስረዳህ ያመሻ…	neutral
የሳሬ 10 ወር ፓስፖርቴን ለማሳደስ ያየሁት አበሳ	neutral
የግጭት ትንተናውና የመፍትሄ አቅጣጫው ለአክራሪ የገበያ ሀይሎችና እዚህ ላሉ ተላላኪዎቻቸው በርግጥም አንጀት አርስ ነው።  በነዚህ ሰዎች እጅ ለምትወድቅ አገር መስዋት ለሆኑት ሀዘኔ…	neutral
እዉነት ነው እግዚአብሔር ይረዳዋል በእርግጥኝነት መናገር የምችለው ዶክተር አብይን የኢትዮጵያ አምላክ አያሳፍረውም ሁሉ ነገር ይሳካለታል አፍራሾቹን ፈጣሪ ያሳፍራ…	neutral
ማርያምን እንዲህ የቸከ፣ ለዛ የሌለው ወሬ እንዴት እንደማይሰለቻቸው ሳስብ ይደንቀኛል!	neutral
ባልደራስ ለእውነተኛ ዴሞክራሲ   ጋዜጠኛ እስክንድር ነጋ ስብሰባ እንዳያደርግ ባለጊዜዎቹ ብልፅግናዎች ቢከለክሉትም አደባባይ ላይ ፓርቲውን በማቋቋም ታሪክ ሰርቷል!። ብርቱ ሃቀኛ ሰ…	neutral
ለክፉ የተሰራ ወደ በጎ ይቀየራል ለግዚው አጥኝ ኮሚቴው የማካለሎን ጉዳይ አቅርቦ የመንግሥት የፖለቲካ ውሣኔ እሥኪያገኝ ከራያም ከወልቃይትም አንዳድ ከተገኘም ከሊላውም ሠው በመምረጥ ተተኪ የክልሎ ፖርቲ ማዘጋጀት ነው ።	neutral
ሲቀጥል ያለሁበት ሩም EXIT sign አለው ግን እንዳለው ያወቀኩት ወር አካባቢ ከቆየው በሗላ ነው	neutral
ዘመን ምልክቶች አንዱ ????	neutral
ይሄ ሰውዬ እውነት መሪ እውን ወይስ ተመሪ ?  በተራክ ለመገዝገዝ አምባቸውን በሴራ አስገድሌቹ አዴፓን አስጠልታቹ በስሜት ወጣቱን መርተክ ወንበር ለመያዝ የምትዳክር…	neutral
ዳቦ ፕሮጀክት በጣም ጥሩ ደረጃ ላይ ደርሷል። ዛሬ ስንጎበኝ ያረጋገጥን ሲሆን  ለዳቦ ማምረቻ አስፈላጊዉን ግብዓቶች ሚድሮክ ኢትዮጵያ አሟልተው። መንግስትም አስፈላጊ ማበረታቻዎችን ፈቅደዋል።…	neutral
መልኬን አፋልጉኝ...የሆነ ነገራችን ተበላሽቷል። ጎድሏል…መደመጥ ያለበት መልዕክት	neutral
በአንድ አገር እየኖርን  መግስት ፍትህ ነጠቀን መንግስት ሰላም ነጠቀን መግስት ማንነታችን ነጠቀን ፍትህ ለተፈናቀሉት ለቤተ ጉራጌ ህዝቦች ለመስቃንና ለማረቆ ህዝቦቻችን	neutral
አቶ ተገኔ ጌታነህ ከዚህ ዓለም በሞት ተለዩ  የፌ/ጠ/ፍ/ቤ የቀድሞው ፕሬዚዳንት አቶ ተገኔ ጌታነህ ከዚህ ዓለም በሞት ተለዩ።  አቶ ተገኔ ባደረባቸው ህመም በህክምና ሲረዱ ቆይተው በ…	neutral
የአቶ አብዱላሂ ሶጃር የቀብር ስነ ስርዓት በትውልድ ቦታቸው ኦዳ ቡልድግሉ ተፈጸመ። በስርዓተ ቀብሩ ላይ የክልሉ ርዕሰ መስተዳድር አቶ አሻድሊ ሀሰንን ጨምሮ የክልሉ ከፍተኛ አመራሮች፣…	neutral
በኦዴፓ ከፍተኛ አመራሮች መካከል የተፈጠረው ልዩነት ... የግብጽ ጋዜጦች ዋነኛ የዘገባ ርእስ ሆኗል:: እንዴት ነው ግብጽም ፌደራሊስት ሆነች እንዴ??? እንደው ለማወቅ ያህል ነው ??	neutral
ለማን እንደሆነ የማይታወቅ እና ከሕዝብ ተወካዮች ምክር ቤት ክትትል የማይደረግበት የበላይ አካል የሚባል 4ኛ የመንግስት አካል ተቋቁሞ ሥራ መጀመሩን ሪፖርተራችን ማንያዘዋል ጣሰው ከሥ…	neutral
በየ 4አመቱ 28 ላይ ይውላል። ገና እና ጥምቀት ሮብ /አርብ ላይ እንኳን ቢዉሉ አይፆምም ምክንያቱም ዋዜማቸው ሁሌም ገሃድ/ፆም/ ናቸው (በነሱ ፈንታ ቀድሞ ይፆማል)።	neutral
2)ምርጫው ያንች ነው በስልቻ ገብቶ ጠንካራው ከነግድፈቱ ገብቶ በሌላው ድክመት አብሮ መወቀጥ ሢሞገሥም ሢሸለምም መሸለም ከፈለግሽ ስልቻ ሞልቷል ነገር ግን ያንች ምርጫ ነው (ከኑግ ጋ…	neutral
????በጣም! በተለይ ረጅም ስም ሲኖርሽ። እኔ ለምሳሌ ሙሉ ስሜን ጠርተው እስከሚጨርሱ አቤት ብዬ አጠገባቸው ሄጄ ሁሉ መቀመጥ እችላለሁ	neutral
የሀበሻን Meme ልጆች ይህን ቢያዩ የዜና አርእስት ትጠላለህ የሚሉ ይመስለኛል ??	neutral
ምሳሌያዊ እርምጃ። ለህይወት መጥፋት እጃቸው ያለበት ግን ህግ ፊት መቅረብ አለባቸው ከዕገዳው እና ማስጠንቀቂያ ያለፈ።	neutral
ደህና መስሎሽ መልካም ነገር ስትመልሺ መቶ ጥርግርግ አድርጎሽ በሆነ ጎጥ ጠላትነት ፈርጆሽ ቁጭ…	neutral
መድረኮች እያዘጋጃችሁ በመዎያየት/በመማማር፣ በመቀራረብ እና ሀሳብ በመለዋዎት፣ ለኢትዮጵያ የሚጠቅማትን የእግር ኳስ ሀሳብ ጌም ሞዴል ማዘጋጀት የምትችሉት እናንተ እራሳችሁ ናችሁ።…	neutral
እስከዛ ድረስ እኔም አላውቀውም ባክህ ???♀️??	neutral
የወ/ሮ ዳግማዊት እና ድርጅቷ ብአዴን የቴክኖሎጂ ውጤት!! አማራ ይህን እንዲጠቀም በራሱ ልጆች ጭምር ነው የተፈረደበት!!	neutral
እርስዎ እና እኔ አንድ አይነት ነን	neutral
ሀብታምና ደሃ ይኖራሉ።  ከትውልድ ትውልድ የሚተላለፍ ሀብት አለ። አንዳንዱ ላቡን ጠፍ አርጎ self made ቢሊዮኔር ይሆ…	neutral
በተደጋጋሚ ከኦፌኮዉ ምክትል ሊ/ቀ ኦቦ በቀለ ገርባ ጋር ተነጋግረናል፤ ይሁንታንም አገኝተናል።” - አቶ ጌታቸው ረዳ ድምፅ ወያኔ ቴሌቪዥን ላይ ከሰጡት ቃለ ምልልስ	neutral
በአዲስ አበባ የመሬት የሊዝ ጨረታ በይፋ ከተቋረጠ በርካታ ወራት ቢቆጠሩም አሁንም ህግን ባልተከተለ መንገድ መሬት እየተከፋፈለ ነው።	neutral
ታህሳስ 24፣ 2012  ኢትዮጵያውያን ባለሃብቶች ከውጭ ኩባንያዎች ጋር በሽርክና ከሚያከናውኗቸው ፕሮጀክቶች መካከል ከ180 በላይ የሚሆኑት ወደ ምርት ገብተዋል ተባለ፡፡   ማህሌት ታ…	neutral
ነው ዘንባ    ጣራው ላይ ዱቅ ያለችው??	neutral
እሰክንድር ነጋ ፖለቲካዉን ተቀላቅሎ ያሉትን ደጋፊዎች ቁጥር ባይቀንስ ጥሩ ነዉ።እንደ አክቲቪስት ያለውን ተጽዕኖ ፈጣሪነትና በውጭዉ ዓለም ያለውን ተቀባይነት ባለበት ቢያስቀጥል ይበልጥ ዉጤታማ መሆን ይችላል።	neutral
ወላይታ ድቻ ከ ፋሲል ከነማ - ቀጥታ ውጤት መግለጫ	neutral
ብሄራዊ የመረጃና ደህንነት አገልግሎት ለ532 የፀረ-ሽብር ግብር ሃይል ባለሙያዎች ስልጠና ሰጠ	neutral
እና ባዶ እጅህን ይዘህ ና አሉ!	neutral
ይለወጣሉ ፣ የሚሰማቸው ህመም ሊቋቋሙት የማይችሉት ይለብቻዎ ትሆናላችሁ ፣ የምትወዳቸው ZIMZIMZALABIM ZIMZIMZALABIM  O      O     O      O      O…	neutral
ሰላም ለኢትዮዮጵያ ሰላም ለቅድስት ቤተክርስቲያን	neutral
ሠውን ወንድሜ ነው ጠላቴ ነው የሚባለው በሠዎቹ ሁኔታ ተመሥርተህ እንጂ ፖሠቲክ አመለካከት ሣይኖሮህ ቀርቶ አይደለም! ደሞ የሡ ምክንያታዊ ተቃውሞ ለውጥ እንዳመጣ አየን እኮ! :D :D !  ••• !	neutral
ደውላችሁ ከማደርገው ነገር ማቋረጣችሁ ሳያንስ፣ አስሬ ምንድነው ድምፅህ... ተኝተህ ነበር እንዴ? ብላችሁ አትጠይቁኝ! ቶሎ ወደ ነጥባችሁ!	neutral
is not a crime for innocent Amhara  አምሐራ ነት ወንጀል አይደለም  ፍትህ  ፣ለክርስቲያን  ታደለ ፣በለጠ ካሳ  ፣ አስጠራው ከበደ ለመላው  የአ…	neutral
1. ሁለተኛ ሞዴል፣ ቀሀስ፣ ጁኔር የተማርነዉ  2. ከአራተኛና ቀላዳባ በ 1ብር 404 ታክሲ የሸለልነዉ 3.ከቀበሌ ዳቦ ለመግዛት በለሊት ወረፋ የጠበቅነው…	neutral
ወጥ እየሰራቺሁ ገና ዘይት ጠብ ከማረጋቺሁ   Mom: በርቺ ዘይቱን ገለበጥሺው አይደል?? ?ምን ታረጊ ሰርተሺ አላመጣሺው በደንብ ደፋፊው  ያባቴ አምላክ ይድፋሽ????  እስኪ ዛሬ እናታችሁን በ ባለ…	neutral
ሕይወትን ሊወድ መልካሞችንም ቀኖች ሊያይ የሚፈልግ ሰው፥ መላሱን ከክፉ ከንፈሮቹንም ተንኰልን ከመናገር ይከልክል፤ከክፉ ፈቀቅ ይበል፥ መልካምንም ያድርግ፥ ሰላምን ይሻ ይከተለውም፤ የጌ…	neutral
እናንተ ፋና ጋዜጤኞች ስራ የፈተችሁ አሸናፍ ለመሆኑን ጎሳ ውይም ብሔር አይጠይቅም፡፡ ቋም…	neutral
ውሻ ባልወድም… ባገራዊ ስም መጥራትህ ተመችቶኛል። እንደ ድሮው እነ መቻል ዓይነት። ፖሚ ፓፒ ምናምን የት አባቱ	neutral
ተረሽነዋል የሚል መስሎኝ ?? ምን ላርግ ከሚሞሸረው የሚረሸነው ይበዛል ዘንድሮ?????♂️	neutral
ፋሲል ከነማ ከ ኢትዮጵያ ቡና - ቀጥታ የውጤት መግለጫ	neutral
ራስ አላት እንዴ?	neutral
እኛ እኛ ማን መሆን አያስፈልገንም ልሳሰመደይ ውዶረበ እሱ ብቻውን አልነበረም ህደ	neutral
6- ሁሉም የሚፈልገው ሰላም: ነፃነት: እኩልነት: ፍትህንና እኩል ተጠቃሚነትን ነው:: መንግስት ችግር ያለባቸውን ዩንቨርስቲዎች ዘግቶ ተማሪዎቹ ወደህሊናቸው እስኪመለሱ መጠበቅ አለበት::	neutral
ኢፌድሪ መሬት ባንክና ልማት ኮርፖሬሽን ዓላማ 2፡    የፈደራል መንግስት መስሪያ ቤቶችና የልማት ድርጅቶች ስር የሚገኙ ይዞታዎችን አንድ በአንድ መቁጠር እና ካርታ እንዲኖራቸው ማድረ…	neutral
የኢትአየርመንገድ አብይ ኖቤል ተሸለመ ብሎ ተማለቅለቅ በኛው ፓይለቶች እየበረሩ ከኛ በኋላ ተቋቁመው ደህንነታቸው አስተማማኝ የተባሉት ካታር፣ኢምሬትስ፣ኢትሀድ እንዲሁም ሲንጋፖርም ጭምር…	neutral
የተረገመ የፍየል ሥጋ ከሞተ ቀይ ሻማዎች ጋር የሙታን…	neutral
እነ ጀነራል ሳእረና ዶ/ር አምባቻው የሞቱት እንዳንተ በልጥ ሆነው የግል ጠባቂዎች ባለማደራጀታቸው ነው።	neutral
ትንሽ ይቆይጅጅጅጅ እንዴዴዴ ???♀️????	neutral
ጉዳዩ ያለንበት የፖለቲካ ቀውስ ላይ የኢኮኖሚ ቀውስ ጨምሮ ስቃያችንን የሚያባብስ፣ ድህነት ወለድ አሰቃቂ ወንጀሎች የየእለት ዜናችን ሊያደርግ የሚችል ጉዳይ ነው።	neutral
በአንድ ኢትዮጵያዊነት ማደራጀት እንዲህ ነው  አርሲ ዞን ሳጉሬ ከተማ ኢዜማ ምርጫ ወረዳውን ኣደራጅቷል። ኢዜማ የማይገባበት የኢትዮጵያ መሬት የለም የተባለው ያለምክንያት አይደለም!	neutral
?? እኔ ግራ ልጋባልህ.. ምነው ምነው?	neutral
-የሚታማው የአርሰናል መከላከል በዚህ ጨዋታ ላይ መሻሻሉ የቀድሞም ድክመቱ እንደ ቡድን ከመከላከል ችግር እንጂ ከስብስቡ አልነበረም ለማለት ያስችላል?  -የዩናይትድ መዋዠቅ ክለቡ በኦ…	neutral
የኢህአዴግ ግንባር ዛሬ በይፋ ራሱን አክስሞ አዲሱን ውህድ የብልጽግና ፓርቲ ለመመስረት የስምምነት ፌርማቸውን አስፍረዋል። በብልጽግና ሽፋን የስልጣን ብልግና እንዳያመጣ ስጋት አለኝ።…	neutral
ጥያቄ?   የኢራን (ሸአት) ቅብልነት በሀገራችን የእስልምና አማኞች ዘንድ ምን ያክል ነዉ? የሳዉዲ አረቢያ (ሱኒ) ቅብልነት በሀገራችን የእስልምና አማኞች ዘንድ ምን ያ…	neutral
በአዲስ አበባ ከተማ በ831 ሚሊየን ብር ወጪ ዘመናዊ የትራፊክ መቆጣጠሪያ ማዕከል ህንጻ ግንባታ ለማካሄድ ከቻይናው የኮሙኒኬሽን እና ኮንስትራክሽን ካምፓኒ ጋር ስምምነት ተፈረመ፡፡(ኢ…	neutral
ምግብ እንደሆነ ካልገባህ አንተ ላገባ ነው ሚለው ዘፈን ስልክህ ላይ Most Played ነው ???♂️	neutral
ካሜራ ማን ካየ ያደርገዋል????????	neutral
ኮካ-ኮላ የጥሬ አቅርቦት ፍላጎቱን በአገር ውስጥ ለማሟላት ካለው ፍላጎት በመነሳት የስኳር ፋብሪካ ለመግዛት መወሰኑን አስታውቋል ፡፡	neutral
አዲስ አካውንት እየከፈቱ እኔን ብቻ አዛ የሚያረጉኝ መስሎኝ በቃ ስሜን ሲያዩ የቤተ ክህነት ሰው መስያቸው ነው ብዬ ነበር ለካ ህዝቡን ሁላ አማረዋል ????????	neutral
እንዳደናቀፈው ሰው በላዩ ክንብል! ብዬም አስቤ ዘግንኖኝ ነው	neutral
በቃ! የሞጣ ሙስሊሞች ጉዳይ ለተወሰኑ ቀናት ብቻ ተሽኾ ዝም ሊባል ነው ማለት ነው?!  ያሳዝናል በጣም!! በተለይ በመጅሊስ በኩል ጠንካራ አቋም ተይዞ አስቸኳይ መፍትሄ ሊበጅለት ይገባል።	neutral
በሞጣ ጉዳይቀጥታ ስርጭት ደውላችሁ መሳተፍ የምትፈልጉ በዋትስአፕ +27 (78) 940-6084 ደውሉ	neutral
እናንተንማ እንዴት አብልጦ አያለብሳችሁ? ስለዚህ ምን እንበላለን? ምን እንጠጣለን? ምንስ እንለብሳለን?’ብላችሁ አትጨነቁ አሕዛብ እነዚህን ነገሮች ሁሉ ለማግኘት ይጨነቃሉና የሰማዩ አ…	neutral
ጌታ ሆይ ይሄን ህዝብ በቃ ጨክነህ ለነዚህ ቁጭ በሉዎች ተውከው ማለት ነው……..መምጣትክን ተውከው በቃ ማለት ነው……..ፖለቲካውም ሀይማኖቱም የቁጭ በሉዎች መጫዎቻ ይሁን…	neutral
ጎረቤታችን በግ ጠፋኝ ብሎ እየቀወጠው ነው  እኔ የሚያናደኝ ዶሮ መሆኑ ነው?? ????	neutral
አቦ ቤቲ ይሄንን ኢንተርቪው እስከ እሮብ ማታ አቆይተሽ አታቆርፍጅው። ዛሬውኑ ይለቀቅልን??	neutral
በሞጣ ሀብት ንብረቶቻቸው በአንድ ጀምበር ለወደመባቸው ሙስሊም ወገኖቻችን የLTV ጋዜጠኛዋ ቤተልሄም ታፈሰ የ 10	neutral
እኛ ሰፈር ብመጪ አባቴ ሳይሆን እኔ ይሄ እንዳለ ሜዳ ነበር እልሻለው... ያባቴ ታላቅ እንዳትዪኝ እንጂ ??	neutral
አዘጋጆች  ------ ምሁራዊ ትንታኔ  የባለስልጣናት ስብሰባ  የውይይት መድረክ  የሺማግሌወች እርቅ  ጥናታዊ ፅሁፍ  መሰረተ ድንጋይ አስቀመጡ  ኮፍያ - ቲሸርት  ሳይንሳዊ ምናምን…	neutral
ገንዘቡን ከየት ነው ወጪ ሚያደርገው? በቅነት ታስቦ ከሆነም ሚመለከተው የከተማ አስተዳደሩ ክፍል ይስጥ እንጂ የአንድ ሰው ስም እየጠሩ ታከለ ይሄን…	neutral
በአጠቃላይ የጀበሉ ልጅ ጀበል ነው በጣም ነው የተመችኝ  ለካ ህዝቤ ልጅቷ የሰው ልክ ጠንቅቃ ታውቃለች	neutral
በመጀመሪያው ያሉንን ለመጠበቅ ጠባቂዎችን ከእስር አስፈቱን !!!!!	neutral
ውህደት ባይኖር ኖሮ ይህ ፍቅር የት ይመጣል?❤ አንዱ ፈላጭ ቆራጭ ሌላው ኢትዮጵያዊ የዳር ተመልካች ሆኖ መቅረቱ እስከመቸ እንዲቀጥል ፈልገው ይሆን የኢትዮጵያ ጠላቶች ውህደትን የሚቃወሙት?	neutral
በስህተት አካውንቱ ውስጥ የገባውን አንድ ሚልዮን ብር መልሶ ያስረከበው ወጣት ደሳለኝ ብስራት። ምንጭ fb በጥቂቱ የታመነ በብዙ ይሾማል!??????	neutral
ቢያንስ መናገር ይችላሉ ትነኝጠግርእበ ዴንእ እና ከዚያ በፊት በጣም ረጅም ጊዜ ይሆናል ምረበነልአ ሩጥ ምጣበ ሱእ	neutral
የሆዳቸውን ማን ያውቅላቸዋል እንጂ ከአዛውንቶች ይልቅ ወጣቶች ናቸው በብቸኝነት የሚጠቁት።       አና ፍራንክ	neutral
ረባሽ	neutral
አንዳንድ ኤርትራውያን እና ከኤርትራውያን በላይ ለኤርትራ ናፅነት የተጨነቁ ኢትዮጵያውያን ለታምራት ስቱዲዮ ግንባታ ያበረከትነው ገንዘብ ካልተመለሰልን እያሉ ነው። እኔ እና Tare DG…	neutral
የሀገራችን እግርኳስ ክለቦች ገቢ የማግኛ መንገዱ የተሳሳ ነው የግብር ገንዘብ እየተመዠረጠ ባልተጠና መንገ…	neutral
ኢዜማ ከባዱን ና አስፈላጊውን ስራ የመረጠ ፓርቲ ነው።	neutral
ሆኖ ነው ወጪ መጋራት ለግጭት ምክንያት የሚሆነው። አብይ ሳይመጣ የነበረ አሰራር ነው እኮ።	neutral
ኧረ ቀልድ መሆን አለበት	neutral
ህዝባቸው በሃይማኖት፣ በባህልና ባለፈው ታሪክ ያዳበረውን ትሥስር ትቶ ከመንግስት ተቋማት ጋር እንዲጣበቅ፣ የልማድ ሳይሆን የፖለቲካ ተገዢ እንዲሆን ለማስቻል ነበር። የታሪክ አጻጻፍ እ…	neutral
ችግሩ ከራሱ አማራ ነው ብአዴንን በፅኑ መቃወም የማይፈልግ ነው ህዝቡ ።	neutral
Twitter ላይ አይናውጣ ናችሁ በአካል ኩሥትር!	neutral
በአዲሱ የትምህርት ሥርዓት ለሁሉም ዩኒቨርሲቲዎች የመጀመሪያ ዓመት የሚሰጡ 18 የትምህርት ዓይነቶች (ኮርሶች) ተለዩ፡፡ በአዲሱ ትምህር ስርዓት ‹‹Fx›› ወይንም ኤፍ የሚባል ውጤት መፋቅ ይቀራል ተብሏል	neutral
በጻድቅ ሰው ቤት ብዙ ኀይል አለ። ምሳሌ ፲፭፥፮ ፎቶ፦ ደብረ ሊባኖስ	neutral
ለ3 ሆነው የፃፉት መስሎህ ነው አይደል ካስዬ?!	neutral
ማንም ከማንም ጋር እኩል አይደለም ሁሉም ግለሰብ የተለየ ነው።         እኩልነት ወደ ሰው ልጅ አእምሮ ሰርስሮ የገባ እጀግ አፍራሽ የሆነ ሃሳብ እንደሆነ ልነግራችሁ እወዳለሁ…	neutral
ጠ/ሚ ዶ/ር ዐቢይ ቦረና ዞን ገቡ  አዲስ አበባ፣ ታህሳስ 27፣ 2012 (ኤፍ.ቢ.ሲ) ጠቅላይ ሚኒስትር ዶክተር ዐቢይ አሕመድ በኦሮሚያ ክልል ቦረና ዞን ያቤሎ ከተማ ገብተዋል፡፡	neutral
በጉጉት የሚጠበቀው ታላቁ የአርሰናል እና ማን ዩናይትድ ፍልሚያ...	neutral
ስጦታ እኮ ነው፣ እኔ አልችልም	neutral
???????? እኔ የማንም አይደለሁም።   የዋሊያዎቹ ብቻ????❤✌     እና የቡንዬ☕????	neutral
ይሄ ልጅና አበበ ቶላ ብዙ የሚያመሳስላቸው ነገር አለ:: ዋናው ግን ከእውቀት ነፃ መሆናቸው ይመስለኛል:: ባጭሩ ሁለቱም ጨዋዎች ናቸው:: ጨዋ ደግሞ ደፋር ነው????	neutral
አሸባሪ አክራሪ የሚሉን የበለጠ የሃገር ስጋት ናቸው::  ዋናው እኔ ትክክል መሆኔን ልመን እንጂ የነሱ ወሬ አያስጨንቀኝም!! ደግሞም እንደዚህ የሚያወሩት ሰዎች ምንም አያመጡም!  አህ…	neutral
በ9ኛው መቶ ክፍለ ዘመን ዮዲት ጉዲት አብያተ ክርስቲያንን ስታቃጥል ታቦተ ጽዮን ይዘው ወደ ዝዋይ ሀይቅ ከተሰደዱ በኋላ ዘመነ ሰላም ሲጀመር አክሱም በነበሩ ካህናት አስታዋሽነት ከዝዋ…	neutral
በለው!?? ጣ አለ አለማየሁ ገላጋይ ????	neutral
ለሶስት ሰው ግልጽ ከሆነ እ ??	neutral
አቶ መኮንን ደመቀ     ህወሃትን ገፍተን ውህደት እንዴት ይሆናል አይታሰብም አሉ የተባለው እውነት ነውዴ?!¡¡	neutral
አማርኛ የእኔ የትውልድ ቋንቋ ነው	neutral
ክፉ ነህ ??????	neutral
2- የጎንደሩ ጎደኛዬ እኔና እንተ መዛመድ አለብን: ይቺን ጥበሳት እያለ የጎንደር ቺኮችን አስተዋውቆኛል:: ግርማይ በህፃንነቱ ያለፈበትን ታሪክ ሲነግረኝ አስለቅሶኛል::	neutral
አብነት	neutral
በመሆኑም እየደረሰ ካለው ችግር በዋናነት የሚጠቀሰው አንዱ የንፁህ መጠ ውሃ አቅርቦትና ስርጭት እጥረት በዋናነት የሚጠቀስ ነው።	neutral
አሜሪካዊ ያገባች የግቢ ጓደኛችን ነበረች። ከሠርጓ ቀናት በፊት ቤቷ ሄደን ስናወራ የነገረችን ተመሳሳይ ነበር። እኔን ለብሩ ብለሽ አይደል ሲ…	neutral
ስርዓታችን የቀዉስ አዙሪት ሳይማሩ ከማስተማር ይጀምራል። ሳይማሩ ማስተማር የተማረ መሀይም ይፈጥራል። ደግሞ እሱም ሳይማር አስተምሮ ከሱ የከፋ መሀይም ያፈራል። በዝህ መልኩ ትምህርታችን…	neutral
የፖለቲካ ፓርቲዎች ለህዳሴ ግድቡ ዳር መድረስ አስተዋፅኦ እንዲያደርጉ ጥሪ ቀረበ የፖለቲካ ፓርቲዎች ለህዳሴ ግድቡ ዳር መድረስ አስተዋፅኦ እንዲያደርጉ የታላቁ ህዳሴ ግድብ ህዝባዊ ተሳ…	neutral
ትንቢቱ ተፈጽሟል ፡፡ ማኅተሞቹ ተሰበሩ። ረጅም ህይወት ያለው ሰይጣን	neutral
ዘመን ባንክ ባለፈው የበጀት ዓመት ለተለያዩ የኢኮኖሚ ዘርፎች የሰጠው ብድር 7.6 ቢሊዮን ብር የደረሰ ሲሆን፥ ይህም ከቀዳሚው ዓመት የ50.7 በመቶ እድገት የተመዘገበበት እንደሆነ ባ…	neutral
እሄ እማ ያአብይነ ያነፍጠኞች ቁማር ነዉ  ያነፍጠኞች አለማ ያኦሮሞ ህዝብን ሌላ ብህር ለመጋጨት ስጥሩ እያያን ነዉ	neutral
አዎ እሳት ይነሳል ልናሳሳነያ ድገንመ ንትበሳሳነያ ንኛእ ውሰ ድንአ እና ከዚያ በፊት በጣም ረጅም ጊዜ ይሆናል ህደ	neutral
ጥልቅና ሚዛናዊ ትንታኔ ነው፡፡ ፖሊሲው በ3 ዓመት ውስጥ በሂደት ይደረጋል ነው የተባለው፡፡ ግብጽም ከፖሊሲው በፊት፡ በቂ የውጭ ምንዛሬ እንዲኖር ያደረገችው ወ…	neutral
ለገሐር የሚገኘው የባህርና ሎጀስቲክስ አገልግሎት ኢንተርፕራይዝ የቀድሞ ሕንፃ ከጥንካሬው የተነሳ ለማፍረስ ፈተና የሆነ ይመስላል። በአካባቢው ሊደረግ ለታሰበ የልማት እንቅስቃሴ በመፍረ…	neutral
የትግራይ ህዝብ አቋም በየ6 ወር አይቀያየርም አንድና አንድ ነው።”  አቦ ሌንጮ ለታ	neutral
Hehehe የኔ ብቻ መስሎኝ ነበር ??	neutral
ኢራን የ2015 የኒውክሌር ስምምነትን እንድታከብር ጀርመን ጠየቀች፡፡ ስምምነቱን ለማስቀጠል ጥረት እንደምታደርግም ጀርመን አስታውቃለች፡፡	neutral
.... የተለያዩ መፈክሮች እየተሰሙ የቀጠለው ሰልፍ ጊዮርጊስ ቤተክርስቲያን ጋር ሲቃረብ ከ አስተባባሪዎች ድምፅ ማጉያ መልዕክት ለ ሰልፈኛው ተላለፈ.....	neutral
ግድ የለም ወዳጄ ግሩም፤  እኔ ካንተ ዘንድ ያለሁ ተራ ከረታታው ከተሜ ነኝ! ??	neutral
???? ከማርጠብ በላይ የሰውዬው መንጨርጨር ይገርማል? ቅና ያለው ልጅ በአባቱ *ላ ይቀናል የተባለው ያለምክንያት አይደለም????	neutral
ለመወሃድ ግንባሩን የመሰረቱ ፓርቲዎች በመጀመሪያ የነበራቸው ህጋዊ ሰውነት በማስቀረት ራሳቸውን በማክሰም አዲስ የሚመዘገብ የፖለቲካ ፓርቲ መፍጠር አለባቸው እንጂ ግንባር ራሱን ችሎ ወደ ሌላ መልክ አይቀየርም	neutral
ምንድነው በግዕዛችን ምትመራረቁት?! አምሓርኛ የት ገባች??	neutral
(1) ዶክተር መሐሪ ታደሰ ወልደጊዮርጊስ የባሕር ዳር ከተማ አስተዳደር ተቀዳሚ ምክትል ከንቲባ ሆነው ተሾሙ  (2) በደብረ ብርሃን ከተማ የሚገነባው የበላይ ባለ ኮኮብ 5 ሆቴል ፕላን…	neutral
ልክ ነው። የዛሬው ከጫጉላም ያልፋል። ምን ሊጫወት እንደሚፈልግ ያሳየበት ጨዋታ ነው።	neutral
አደባባዩ ጋር ስክሪን ሲገጠም እንደ ብርቅ ተኮልኩለን ክሊፕ ያየን ፪. ካናል ቢኒ ጋር ባቅላባ ለመብላት የተሰለፍነው ፫. የኮኮአ ጀላቲ ለመግዛት ሸንኮር ድረስ የሄድ…	neutral
እነ አይቅርብኝ ባለ አዲስ አመቶች፤ አዲስ አመታችሁ የሚከበረው በየ፮ ወር ነው?? እረ በህግ አምላክ ።	neutral
ልጆች ሆነን ት/ቤት ክብ ወንበር ደርድረን ዙሪያውን እሩጠን ቀድሞ ወንበር ለመያዝ እያልን እንጫወት ነበር ።  ይህን ይመስላል የሀገራችን በደመነብስ የሚካሄደው…	neutral
በወሬ ደረጃ ተሽቀዳዳሚም የላቸውም  በተግባር ግን ከሽበርተኛነት  የሚለያቸው  ምንድነው?? የኦሮሞ  ህዝብ ስላም አብሮ መኖርን  ትምህርትን ስርቶ መብላትን ይጠላበት ይ…	neutral
አንተ በነበርክ ሰዓት በሌሊት ፎቶ መነሳት አልተጀመረማ ጆዬ።	neutral
ወገን እያያችሁልኝ ለማለት ነው!! እያያችሁልኝ!! :))አመሰግናለሁ!!	neutral
ጠቅላይ ሚኒስትር ዶክተር አብይ አህመድ ብልፅግና ፓርቲን የተቀላቀሉ ድርጅቶች የስምምነት የፊርማ ስነ ስርዓት ላይ ያደረጉት…	neutral
የዛኔ ሉዓላዊ ሀገር መሆናቸውን ክደን ነበር እንዴ?........አሁን አልፏል?.........አስተምሮን ካላለፈ ነገ አቅሙን ሲያጠናክርና እላፊ ጥቅም ሲፈልግ ያ ላለመደገሙ ምን ማረጋገጫ አለን?	neutral
ራስህ ?? እሺ	neutral
ይህችን ሀገር እየበጠበጡ ያሉት የኔ ሀሳብ ብቻ ነው ልክ የሚሉ ግትሮች ናቸው	neutral
ሸገር fm ላይ የሆነ ጊዜ ስለ ደበበ ሰይፉ ፕሮግራም ሰርተው ነበር። ስለ ስራዎቹ እና ራሱ ግጦሞቹን ሲያነባቸው ያሰሙ ነበረ። አነባበቡ በዜማና በሰሜት ነው። መቼም አይረ…	neutral
ስብሰባው፣ልፍለፋው፣ፉከራውና ድንፋታው የትም አያደርስም። ዘላለም አትነግሱም፣ በቃ ማለት በቃ ነው። አርፋችሁ ለመነጋገርና ለመግባባት ብትሞክሩ ለሁላችንም ትርፍ አለው።	neutral
ይኸ ህዝብ ወዴት ይሂድ አረ ግራ ገባን	neutral
የቀረጸው ግለሠብ ላንተ ከመላክ አስቀድሞ ለፖሊስ ወይም ለሚመለከተው ክፍል ሪፖርት ቢያደርግ ጥሩ ነበር::	neutral
ናዝሬት נצרת   ጌታችን እና መድሀኒትችን እየሱስ ክርስቶስ ያደገባት :     መልአኩ ቅዱስገብርኤል እመቤታችንን ያበሰረበት ቦታ (የብስራቱ ቤተብክርስቲያን)	neutral
የድምፅ አሰጣጥ ሂደትና ቆጠራማ ፣ የማጨናበር መንገድ እንደሚይዝ መጠራጠር አይቻልም።	neutral
የዛሬን አያድርገው እና አብዮታዊ ድሞክራሲም እንዲህ ተብሎ ተሰብኮ ነበር ወደጄ	neutral
መላላጫ እያለ የምን እግር ነው	neutral
በሌለ ውሃ ማንንም አይገዛም ብለው ነው??	neutral
የዎላይታ ዞን የለውጥ አራማጆች ጠቅላይ ምኒስትር ዐቢይ አሕመድ የዞኑን ክልል ሆኖ የመቆም ጥያቄ ለመመለስ የብሔራዊ ምርጫ ቦርድ ሰብሳቢ ለሆኑት ብርቱካን ሚደቅሳ እደውላለሁ ሲሉ ቃል እንደገ…	neutral
ያማማቶ በኢትዮጵያ ያለው ሁኔታ ማን መስክርልን ኣለው ኮ/ል ገመቹ ???♂️	neutral
የዘንድሮው ገና ካሁኑ ፓለቲካ ፓለቲካ እየሸተተኝ ነው ። ቲቪ ቻላኖቹ ሁሉ የጋበዙት ፓለቲከኞችን ነው ።	neutral
ሃሃ ምስኪን	neutral
እንኳዕ ኣብፀሐና ንሕዳር ፅዮን። ************* በረከታ፣ ልመናኣን ምህለላኣን ንእኖና ማርያም ምሳናን ምስኩሉ ዓለምን ይኹን። ሰናይ በዓል ይግበረልና። ወኢያድግ እግዚአብሔር…	neutral
እስካሁን ከኢህአዲግ በስተቀር የኢኮኖሚ ፖሊሲ ያለው ፓርቲ ያለ አይመስለኝም፣ ክርክሩ ወይ በህገመንግስቱ ወይ ባስተዳደር ወሰን ላይ ነው፣ ለምሳሌ ኢዜማ ስራ ለመፍጠር…	neutral
Kalye ረጅም ጊዜ ነው ብየኮ  ነው :: እኔኳን አላስታውስም ??????	neutral
የፕሮፌሰር ብርሃኑ መልስ ለአዳማ ከተማ ነዋሪዎች፡፡	neutral
ሰንበትን በተስፋ ለህፃናት በጎ አድራጎት:  ይህ በጎ አድራጎት ድርጅት በወ/ሮ ወይንሸት ከ19 አመት በፊት የተመሰረተ ሲሆን በኤች አይቪና በተለያየ ምክንያት ወላጆቻቸውን ላጡ ህፃናትና ደጋፊ የሌላቸ…	neutral
እኔ ከፖለቲካው ተባርሬ የምወጣው አዲስ አበባ ላይ ከ23ቱ የፓርላማ መቀመጫዎች ኢህአዴግ አንዱን ካሸነፈ ነው፡፡ ….በአጠቃላይ የእኛ የምርጫ አካሄድ የሚሆነው ኢህአዴግን በሰላማዊ መ…	neutral
ገለልተኛው  ሐዋርያ  ሲሳይ  አጌና  እንድተነበየው   አብይ  አህመድ  የሚመራው  ቡድን  በምርጫ  ካላሸነፈ  ኢትዮጵያ  ወደ  ሰማይ  ልታርግ  ትችላለች!  አይ  ሐዋርያው!	neutral
147 የኢራን ዜጎች በኡክራይን አሮፕላን ክስከሳ ሞቱ፣ 32 ውጪ ዜጎች ነበሩ።	neutral
እና እስከዛሬ ተበላን ማለት ነው	neutral
ዶሎ ዩኒቨርሲቲ በኦነግና ቄሮ የታገቱ የአማራ ተማሪዎች እስካሁን አልተለቀቁም።በርካቶች ሴቶች ናቸው።ነገሮች ሁሉ ከአቅማችን በላይ እየሆኑ ነው።	neutral
በኦባማ አሰተዳደር የነበሩት ሰዎች ስለ ተገቢው ምላሽ እየተከራከሩ ነው	neutral
የሀላባ ብሔረሰብ የዘመን መለወጫ በዓል-ሴራ በአዲስ አበባ እየተከበረ ነው	neutral
በሴቶቹ ማራቶን ኬንያና ኢትዮጵያ ብቻ ናቸው እንዴ የተወዳደሩት ?	neutral
የገናን በዓል በማስመልከት የተዘጋጁ የንግድ ትርኢቶች	neutral
አባክህ ዝም በል ባዶ ጭንቅላትህን በሀፍ ህ በኩል አታሳየን!	neutral
ከአዲስ አበባ ሆሳዕና ተመሳሳይ	neutral
የአራተኛው ጣትሽ ቀለበት  አይወድቅም ነበረ በጉልበት ወደቀብሽ አሉ በቀላሉ ለካስ ገላ ያከሳል ቃል ማጉደሉ ??????	neutral
ወሎም ከአፋር ነው አፋርም ከወሎ እንዴት በመካከል ሰይጣን ገባ ዘሎ  የወሎን እሴት ለማፈራረስ የመጣው ምእራባዊ ስርአት ሊይዝ ይገባል።	neutral
በዛይን ወቅት የነበርው ዛሬ በቀላሉ እንዴት እንደተረሳ ግን ይገርማል። ገና አመት ሳይሞላው! ምን አይነት መዲያ ስራ ነው።	neutral
ስብሰባው ላይ ተሳታፊ የነበሩ አንድ ሴት ሲመልሱ እንደሴት ንሯችንን ያከበደውን ነገር ለመማከር እንጂ ባሎቻችንን ለመፍታት የመጣን አልመሰለኝም አሉ።	neutral
How on Earth እቴ እሜቴ የሎሚ ሽታ ያ ሰውዬ ምን አለሽ ማታ ምንም ምንም አላለኝ ትዳሩን ፈቶ ልውሰድሽ አለኝ። Became childrens song?	neutral
??????... እውነት ነው	neutral
የአሻም ቴሌቭዥኑ ሱራፌል ወንድሙ ከኦሮሞ ነፃነት ግንባር ሊቀ መንበር ዳውድ ኢብሳ እና የኢዜማ መሪ ብርሐኑ ነጋ ጋር ለቃለ መጠይቅ ተቀምጧል። ሱራፌል ስለሆነ የሚረባ ነገር ብንጠብቅ…	neutral
የሚሻለውን ሁሉም አውቆታል፤ ምርጫው ብቻ በተቀመጠለት የግዜ ሰሌዳ ይካሄድ።	neutral
አንተ ለማን ሺህ አመት ንገስ ያልከው እንደምን ነህ ደህና ነህ??	neutral
አራተኛውንም ማኅተም በፈታ ጊዜ የአራተኛው እንስሳ ድምፅ “ና” ሲል ሰማሁ ፡፡ በላዩም ላይ የተቀመጠው ስሙ ሞት ነበረ። ሲኦልም ከእርሱ ጋር ይከተል ነበር። በሰይፍ ፣	neutral
ቅዱስ ጊዮርጊስ ከ መቐለ 70 እንደርታ - ቀጥታ የውጤት መግለጫ	neutral
Can wait you sing thier anthem. ደሞ እኮ ምን ይታወቃል በዚያው ቀጥለህ እንደ የጊዮርጊሱ እዮብ አልበም ልታወጣ ትችላለህ	neutral
በናትህ ትናንት ታክሲ ስትሳፈር አይቼህ ቻፓህ በጣም ሴፍ ነው:: ደሞ ማለት ነው ባለፈው ከጀለሶቼ ጋ ሆኜ አንተ ስታልፍ ድንጋይ የወረወርኩብህ ሎሚ ስላልነበርኝ ነው እሺ? ደሞ እንዳታ…	neutral
ያስገርሙኛል! አፄዎቹን ስትተች መጀመሪያ መሐል እንደቆመ ሰው በጨዋ ደንብ ታሪካዊ በደሎች ላይ ማተኮር እንደማይገባ ሊያስረዱህ ይሞክራሉ። «ጥላቻ አትንዛ» ይሉሃል። በዚያው ክርክር ከቀጠል…	neutral
ቶፊቅ ሸሪፍ በ50 ሳንቲም ልባችን እስኪጠፋ ዥዋዥዌ የተጫወትነው ፮. የትምህርት ቤቶች ስፓርት ቀን ስታዲየም ሲከበር ፯. ማልቴዝ ያልተማረም የሚያውቀው ዝነኛው አስተ…	neutral
አንተ እኮ በእራስህ ብቻ በቂ  ጀግና ነህ	neutral
ፐፐፐፐፐፐ! አጉል የሆነ ለውጥ  እውነትም እንበለጽጋለን	neutral
አሸባሪ፣ አክራሪ፣ የሚሉን ካቃጣዮቹ የበለጠ የሀገር ስጋት ናቸው! ብሏል ወንድም አሕመዲን ጀበል። እውነቱን ነው። አላህ ከኢኽዋኖች ተፅዕኖና ጉያ አውጥቶ በትክክለኛው የሰለፊያ መንገድ ላይ ቀጥ ያደርገው	neutral
አንድ ሰው ጌታን የማይወድ ከሆነ ኢየሱስ ክርስቶስ ሊከሰስ ይችላል ፡፡ ኦ ጌታ ሆይ ፣ ና!	neutral
የወጣቶች ሚና በሚል ርእስ በኡስታዝ ሀሰን በላይነህ፣ ኡስታዝ አብዱለጢፍ ጧሃ እና ኡስታዝ ኢብራሂም ሀሰን የቀጥታ ስርጭት ፕሮግራም ዛሬ ከምሽቱ 3 ሰዓት ይቀርባል።  ---…	neutral
?? ለፖስቱ ሳይሆን ለፖሳቹ የምድር ላይ ስራ የተሰጠች ምክር የመሰለኝ እኔን ብቻ ነው?	neutral
የአዲስ አበባ ወንዞችና ተፋሰስ ስራ የሪቴኒግ ዋል ግንባታ ስራ ለምንይሆን በጥቂት ሰዋችእጅ ላይይለው ለምን ለብዙሀኑ አልተዳረሰም እኔንም ጨምሮ አብዛኛው ሰው ላይሰን…	neutral
መንግሥት ኣልባ ኣገር	neutral
: ወዳጄ ጋዜጠኛ ስሜነህ ባይፈርስ ልደቱ ልደቱ ልደቱ ብሎ ሊሞት ነው እንዴ? ስሜነህ ባይፈርስ ስምህን በአመቺሳ ልደቱ ብዬ ቀይሬዋለው ስምህ ማነው? ስሜነህ lol ስሜነህ…	neutral
ሰልፍ ውስጥ መፈክር መያዝ አምሮን ከሰሜን ሆቴል እስከ ጥቁር አንበሳ ከሰፈር ልጆች ጋር የሄድነውን አስታወሰኝ። ፒያሳ ጋር የሚቀበለን ብንፈልግ የት እናርገው አርፈህ…	neutral
ሁለት ሰዎች ሬስቶራንት ዉስጥ ሂሳብ ለመክፈል ሲከራከሩ አየው	neutral
ሃሃሃሃ በዚህ አካሄድ ባለኝ ተሰሚነት ህዝቤን ለማገልገል የትግል አቅጣጫ በመቀየር የፖለቲካ ፓርቲ እቀላቀላለሁ ????	neutral
ሙሱጠፌ /የሱማለ ክልል ፕ/ት  እሳቸውን ነበር የምመርጣው ማስገባት ነበርብህ ..	neutral
ስህተቶችዎን ይጸጸታሉ። እርስዎ ማን እንደሆኑ እና ምን እንዳደረጉ አውቃለሁ። ጩኸቶችዎን ማንም አይሰማም	neutral
ምን አናደደህ ነው ወይስ ለምን ተሰማ ነው እውነቱ?	neutral
መልካም እንኳን ደስ አለዎት ኝሩገን ኔባ ለስ ለመጥለቅ ያህል ወሳኝ ነገር ያስፈልጋል ውነ ትነኝማታ ዙብ ጭራቆተ ትቤለ	neutral
ሁላችንም እዚህ ዙር እንንሳፈፍ	neutral
በየሃይማኖታዊና ህዝባዊ በዓላት የፖለቲካ መሪዎች የሚያደርጉት ጣልቃ ገብነትና ንግግር መቅረት አለበት።	neutral
ለምን ሙሉዋን ይህችን ክሊፕ ከነኑዋንሷና ኮዷ አትተረጉሚልንም?  የሕዝብ አንድነት ነው የተናገሩት መልዕክት?	neutral
አቶ ንጉሱ ጥላሁን ናቸው የተናገሩት ግን የበለጠ ነው ግራ ያጋቡን።	neutral
የኢትዮጵያ ፖለቲከኛ ማለት ኮ “ትግራይ ለምን ለብቻዋ ሰላም ሆነች” ብሎ በቅናት የሚቃጠል ኋላቀር ፍጡር ነው። እናም ሰላሟን ለማደፍረስ ብዙ ሚልዮን በጀት መድቦ ሴራ ሲጎነጉን ያድራል ይውላል።	neutral
የማርክሲም ሌኒንዝም ከገዳ ሥርዓት የተወሰደ ነው።	neutral
እነዚህ ከአለም አቀፍ ሚድያዎች የተረጎምኳቸው ናቸው። ቢሆንም ኮፒ እያረጉ በራስ ገፅ ላይ  መለጠፍ አግባብ አይደለም። ይህንን የምለው ተናድጄ ሳይሆን ሚድያ ላይ…	neutral
ሁሌ ልገርበው አነሳውና በየምዕራፉ መግቢያ ያሉት ግጥሞችን ነካክቼ . . ሁሌ እንደ አዲስ አስገርመውኝ አስቀምጠዋለሁ።	neutral
ዓይነት ድንቅ ስራ ለምን ሸገር ብቻ እንደሚወሰን አይገባኝም!!!  የሸገር ወንዞችን ብቻ ሳይሆን ሸገር ዙሪያ ያሉ ተራሮች ለምን በዛፍ ተከላ አይዋበም፣ በዚህ በርካታ ሺህ ቋሚ የስራ ዕድል…	neutral
አይይይይይ... የ ኢትዮ ኤርትራ ጦርነት: አንብብ! ማን: ለማን: ምን: እንዴት: ለምን: እየው! ከዛ እንነጋገር አይመስልህም: ብታቅ እንዲህ አትልም	neutral
ማንነት ውብ መገለጫችን እንጂ ተኮርኩሮ መጋጫችን አይሁን። ሁሉም ዜጋ በእንድ መስፈርት መታየት አለበት እንጂ ብሄር ብሄረስብ በሚል አንዱን ከፍ አንዱን ዝቅ…	neutral
ብልፅግና ፓርቲ ሕጋዊ ዕውቅና ካገኘ የመንግሥት ሥልጣን ከኢሕአዴግ መረከብ አይችልም?	neutral
የፍሥሓ ማስታወሻ: ዕለታዊ የኑሮ ውጣ ውረድና ትምህርት በብርግነትና አካባቢዋ	neutral
የማንነት ቀውሥ ውስጥ ካሉ ሰዎች የመጀመሪያዋ አሥቴር በdhaኔ ነት !!! እጅግም ታነድደኝ ነበር !! ከትላት በኊላ ግን ይቅር ብያታለሁ !!! የፈለግሽውን በይ አሥቱካ እኔ አልቀየም…	neutral
ሻሸመኔ ሶማሌ የሆነውን አልሰማሁም ለማለት ነው? ይሄኔ አማራ ክልል ቢሆን ኖሮ 7 tweet ለጥፈህ ነበር። አስመሳይ	neutral
አንድ አርብ ለት ከተማ ለመዝናናት ከ 10 በላይ ከሚሆኑ ጓደኞቿጋር ያመሻሉ፣ እኩለ ለሊት ካለፈ በኋላ ወደ ግቢ በጋራ ለመመለስ እየተጓዙ ያልተገመተ ዱብ እዳ ያጋጥማቸዋል። አ…	neutral
የጃንሆይ  ለውጥ ግዜ ትዊተር ሁሉ ነበራችሁ እንዴ?	neutral
ስኳርና ዘይት ላይ ሳይቀር ኤክሳይዝ ልጨምር ነው ብለህ አውጀህ ስታበቃ ድሮም በንግድ ውድድር ሳይሆን በነጋዴ ምክክር የሚመራውን ገበያ የተዛባ ብለህ ትጠራለህ	neutral
በአሰላ አረንጓዴ ስታዲየም የሚካሄደው የኢትዮጵያ ታዳጊዎች አትሌቲክስ ሻምፒዮና እንደቀጠለ ነው	neutral
በተለይ ለንደኔ አይነቱ ቤቱ ተራራ ሥር ለሆነ ከተራራው ማዶ ወዶ ለነበረ	neutral
በመነጨ መንፈስ ስለታወርን እንጂ ፣ ህወሃት ስታስራቸው የነበሩ ሰዎች ያለምክንያት እንዳልነበረና ትክክለኛ እርምጃ እንደነበረ አሁን ሰዎቹ ከሚሰሩት ስራ አኳያ ስመለከተው አምኛለሁ።  ልደ…	neutral
ሳቅ ጥሩ ነው መቼስ...  አብይ የኦቦ ለማን ንግግር ሰምቶ ምን አለ?  ኦቦ ለማ እርስዎም???  ????????	neutral
ይሄንን ማስቆም የሚችለው እራሡ አማራ ነዉ ሆ ብሎ ተነስቶ ተባብሮ አንድ ላይ ሆኖ መጀመሪያ ካንሠሩን አዴፓ ማስወገድ ቀ…	neutral
በአዲስ አበባ ሕገወጥ ግንባታዎች የሚያካሄዱት ቤት አልባዎች ዝቅተኛ ኑሮ የሚኖሩ አይደሉም።የሕገወጥ ግንባታውን እያካሄዱ ያሉት ሐብት ያላቸውና የፖለቲካ ዓላማ ያነገቡ አካላት ከፍተኛ…	neutral
የዉሸት እና የተቀነበረ ዜና  አፋር ብሔራዊ ክልላዊ መንግሥት ከዒሳ ህፃናት ጋ የአለማቀፍ ህፃናት ቀን አክብረናል የሚል እና የኣፋር ህፃናትን ሰብስበው የዒሳ ህፃናት ናቸው የሚል የዉሸት ዜና ማሰራጨታቸው እናወግዛለን።	neutral
ፕርፌሰርዬ እባኮት ኣይናደዱ! ገዱ English ብቻ ኣይደለም ችግሩ ከእውቀትም ነፃ ነው! ፀየቓ እዛ ዳስ!	neutral
የባህርዳር ሠላማዊ ሠልፍ የአቋም መግለጫ  . «ሙስሊሙ የመስጊድ፣ የበዓላት ማክበሪያ እና የመቃብር ቦታ እጦት በጣም አማርሮታል፤ በመሆኑም በባህር ዳር ብሎ…	neutral
ይሄ ነገር ልሳን ሳይሆን አይቀርም። ሁሉም በሚሰማው ቋንቋ የተለያየ መልዕክት ደርሶታል ??????	neutral
ሥራው ከጥር 4 እስከ ጥር 10 ጠዋት ድረስ በየቀኑ በዚህ መልክ በክዋኔ ደምቆ የሚታይ ሲሆን ከጥምቀት በኃላም ከሰኞ እስከ ሰኞ በተለያየ አቀራረብ የሚቀርብ ይሆናል። መረጃውን ያደረሰ…	neutral
ሁለት አይነት አገራቸው የሚወዱ ሰዎች   1. ጠላትን ወዳጅ በማድረግ ጠላቶች የማይፈልጉትን ሁሉ እርግፍ በማድረግ ሌላ ስብዕና መፍጠር  2. የተገነባ ማንነት ላይ ሳይደራደር አጠንክሮ…	neutral
የሁነት ግን አንዳንዶቻችሁ ምነው የቤተመንግስት ዳማከሴ ብቻ የሚያድንነ አላችሁ	neutral
ትክክለኛው ኢትዮጵያዊ ማንነት የታየበት ዘመን.. ስንቱ ጉድ አየን አኮ	neutral
አንወሻሽና እኛስ የአረብ እና የቱርክ ነገስታቶችን እንድናደንቅ ተመልሰው በመጡ ብለን እንድንናፍቅ ተደርገን አይደለም እንዴ ያደግነው? አድገን ስናየው ማን እንደሚሻል…	neutral
የዛሬ ሁለት አመት ኢሕአዴግ ሞተ ሰል ስንቱ ተሳለቀ እኔ እንኳን የማከብረው ሙት አመቱን እንጂ አርባው አይደለም ።ከሞተ ሁለት አመት ሆኖታል እና	neutral
ይሆን የቤተመንግስት እራቶች(ግብዣዎች)  እንደድሮው ግርማሞገስ የሌላችው?  ሴታፑ ምናምን የሆነ የሀብታም ሰርግ አንጂ የቤተመንግስት ግብዣ አይመስልም::	neutral
ቆይ ግን ስንት ዓመቱ ነው?	neutral
ሊያደርጉብኝ የማልፈልገውን ሰው ላይ አላደርግም! ሰው ሊያከብርልኝ የምፈልገውን ያህል የሰዎችንም አከብራለሁ!የተወሰኑ መጥፎ ሲሰሩ አጠቃላይ እያልሁ አልኮንንም!የኔ መጥፎስራ አደለም ብሄሬንና ሀይማኖቴን ቤተሰቤን አይወክልም!	neutral
1ኪሎ ብርቱካን በ80 ብር ገዝታችሁ ከምትበሉ ፤ ብርቱካን ሚዴክሳ ጋራ ሂደቹ ፓርቲ አቋቁሙ??	neutral
የምናዘውን ይሰራ ነበራ እኛ ጋር ሆኖ	neutral
ታሪክ ካለፈው መርጠን የምናስታውስበትና ለመጭው ትውልድም ማንነታችንን የምናስተላልፍበት ነው። ጦርነትን ብቻ በመምረጥ ታሪክን የምንጽፍ ከሆነ የምንጽፈውን ታሪክ እንደጦር መሳሪያ ተጠቅ…	neutral
የኤርትራ ሉአላዊነት ለምን አሁን ደርሶ መነጋገሪያ እንደሆነ አይገባኝም። የኤርትራን ጉዳይ ቢያንስ መጭ ትውልዶች በቸልታ ያዩታል ብሎ የሚያስብ ሰው ጅል መሆን አለበት። አቶ አንዳርጋቸ…	neutral
የመኪና አደጋን ለመከላከል አዲስ እይታና አቀራረብ ያስፈልገናል!   የመኪና አደጋ ዜጎቻችንን እየበላ ነው። ዛሬ በደህና ከቤታችን ወጠን በጤና ስለመመለሳችን አብዝተን የምንጨነቅበት ወ…	neutral
ዳጊ አንተ ስሙን ባታሳውቅ እንኳን ጋዲ እንደሆነ ስዕሉ በደብ ይናገራል !!??????	neutral
ሦስት የባህር ዳር ከተማ ተጫዋቾች ከፋሲል ጋር ለሚደረገው ጨዋታ ከቡድኑ ጋር አልተጓዙም	neutral
እስክንድር ዲሞክራሲን ማፀነስ ነው እንጂ ማዋለድ አይችልም; ከሞከረም ይጨናገፋል - አድናቂው!	neutral
ችግሩማ አለው::ለኦሮሚያና ለኦሮሞ ህዝብ ክብር የሌለው: ቤንሻንጉል ክልል ለተፈፀመው የዘር ፍጅት ተጠያቂ የሆኑ ግለሰቦች በአባልነት ያቀፈ ድርጅት እንኳን ኦሮሚያ ክ…	neutral
ቆይታ ከውበት ባለሙያ መስፍን ወርቁ ጋር - ላይፍ ስታይል life style	neutral
_ግብ ጠባቂው አማኑኤል ኳሱን ክሮስ የሚያደርገው መስሎት ከጎሉ ወደ ውጭ ፈቀቅ ብሏል፣  _ኳሱ የተመጠነ ስለሆነ ኤማኑኤል ኳሱን ሳያቆም፣ በቀኝ እግሩ መታው፣ ጎልም ሆነ።	neutral
ታህሳስ 25 ነው!   ባለፈው ወር እንዳረግነው ወር በገባ በ25 ሶሻል ሚድያ ላይ የተለያዩ መልእክቶችን እናስተላልፋለን።   ለዛሬ ይህንን መልእክት ሁላችንም ሼር በማድረግ ወይም ምስሉን…	neutral
የኢትዮጵያ የትምሕርት ፍኖተ ካርታ	neutral
በእኔ እምነት በባዶ ተስፉ ህዝብ እየደለልህ፣ የኦሮሞ ጠቅላይነትን በኢትዮጵያ ማስፈን፣ ወይም ይህ ካልሆነ ደግሞ ኦሮሚያ የምትባል አገርን መመስረት የሚያስችል ሁ…	neutral
ሙሉ በሙሉ እስማማለሁ ሰኒዬ! እኛን ብሎ ሃይማኖተኛ ደግ ህዝብ  ቅድስት አገር my foot! እድሉን ብናገኝ፣ ጉልበት ቢኖረን እንደምናወግዘው ክፉ ያለን ነን!	neutral
ታህሳስ 27፣2012  አውደ ዓመትን በተለያየ ሁኔታ ውስጥ ሆኖ ማክበር እንዴት ያለ ነው፡፡  በስራ ላይ፣በሰው ሃገር፣በስደት፣በእስር ቤት፣ በጎዳና ላይ፣በሌላም ሁኔታ ውስጥ ሊሆን ይች…	neutral
ዶክተር አብይ የሽምግልና ጥበቡን ተጠቅሞ የኢራንና የአሜሪካን ውጥረት በማርገብ ሁለቱን ሀገራት ወደ ሰላም ድርድር ካላመጣቸው ሶስተኛው የአለም ጦርነት አይቀሬ ነው። በዛውም ለሁለት ተ…	neutral
እሄን መገንዘብ ትችላለሽ?	neutral
❶ ሰዎቹን ሸይጣን አላስመስልም። አግላይ እና በደለኛ መሆናቸውን ነው የምጽፈው። አንዳንዴ በጎ ጎናቸውን እጠቅሳለሁ።  ❷ ለዴሞክራሲና ለነፃነት የሚታገል ሰው…	neutral
Officialን ብልፅግና ፓርቲ (PP) ወደሚለው ስያሜ ደፍሮ የሚቀይረው ሰው ጠፍቷል፡፡ ፓስወርዱን አያውቁትም የሚባለው ነገር እውነት ሳይሆን አይቀርም፡፡	neutral
እኔና የቀን እንቅልፍ አንተዋወቅም	neutral
የበላይ አካል ተብየዋች ማናቸው? ማንስ ነው እንዲህ አይነት ስልጣን የሰጣቸው? ወደ ቀደመው ስርአት ሊወስዱን በዲሞክራሲ የሚያምን ሁሉ ሊታገላቸው ይገባል	neutral
ጌታ ሆይ አካዉንቱ ሀክ ተደርጎ ነው በለኝ??	neutral
ከምንድን ነው የሚሰራው?	neutral
የኳስ ደጋፊዎች ጨጓራችሁን ላጣችሁ   ለማንኛውም አርሰናል ወደ አሸናፊነቱ እንዲመለስልህ ምኞቴ ነው።	neutral
ወልቂጤ ከተማ ከ ቅዱስ ጊዮርጊስ - ቀጥታ የውጤት መግለጫ	neutral
ታዲያ የአዲስ አበባ ነዋሪ ምን ያድርግ? አርሶ አደሩ እንዴት መሬቱን እንደተቀማ ባለቤት አልባ ከተማ ብሎ የተረከው ማን ነው?የአዲስ አበባ ህዝብ ጦር አንስቶ የተባሉትን ቦታዎች አ…	neutral
አህመድ ረሺድ ሳይሆን ሀይሌ ነው አህመድ ቤንች ነበር መሰለኝ	neutral
ልምድ ያለው ሰው እኮ????	neutral
እንዴ ባህርዳር ባለ ኮከቡ አለ እንዴ? አይደረግም። ኦር ዳዝ ርት ቢልም ራዚስታንስ ፋላግ?	neutral
ኢሳቅ ጀዛከላሁ ኸይረን ብዕርህ ከጦር በላይ ነው የሚፈሩት አላህ እድሜና ጤና ይስጥህ   ግና በብዕር ብቻ መታገሉ ይብቃን እባካቹ ሃላፊነታቹ ተወጡ…	neutral
ታላቅ እህት ደም ትተፋለች ፣ ትንሹ እህት እስትንፋስ መቼ ጣፋጭ ትንሽ ቶሚኖ ጌጣጌጥ ብቻ  ሁሉም በቶሚኒ ብቻ በሲኦል ውስጥ የሚወድቀው የጨለማ ገሃነም ሙሉ በሙሉ ያለ አበባ እንኳን…	neutral
ሰበር *** ክቡር አቶ ተገኔ ጌታነህ የቀድሞው የፌዴራል ጠቅላይ ፍርድ ቤት ፕሬዝደንት ባደረባቸው ህመም ሕዳር 22 ቀን 2012 ዓ.ም አርፈዋል፡፡	neutral
ምነው እናቴም፣አባቴም፣ወንድሜም፣እህቴም ሴት ናቸው አልክ ።	neutral
የፕሪምየር ሊግ አምስተኛ ሳምንት ቁጥሮች እና እውነታዎች	neutral
ግባ በለው ሸዋ ❤ ተለቆል ??	neutral
ለአማራ መዳከም እየየሠራ ያለው ማነው? ከማዕከላዊ ምንግሥት ተሳትፎውንበለመቀነስጨተግቶ እየሠራ ያለውስ ማነው? ወያኔ ኦነግ ሻዕቢያ እንዳትሉኝ !!	neutral
አዳዲስ ግምገማዎች አሁን እንደ கூட்டணி  የትየሌሌ እናም ግምገማዎች ላይ	neutral
እንኳን ደስአለህ ያ ሊሙጥ ሃሳብህ ስለተሳካ  ግን ለ አንዴ እና ለመጨረሻ ግዜ ከኦሮሞ ልብ መውጣትህን ላበስርህ እፍልጋለው!!! የኦሮሞ ህዝብ አጨበርባር ልጅ የለውም !!!!	neutral
አብን እና ኦነግ በምርጫው ረቂቅ  የጊዜ ሰሌዳ ተጨማሪ ውይይት ሊደረግና ስለሰላም ሊታሰብበት እንደሚገባ አስታወቁ	neutral
በምን አገኘዉ ? አጠራረዙ ራሱ በጣም የቆየ ነዉ ።	neutral
Ethiopia ፖለቲካ የሀይል አሰላለፍ እና ማን ከማን ጋር እየተወዳጀ እና እየተጣላ እንደሆነ ግራ ነው የሚያጋባው?????♂️	neutral
በፈረንሳይ ከጡረታ ማሻሻያ ጋር ተያይዞ የተቀሰቀሰው የባቡር ሰራተኞች አመፅ 29ኛ ቀኑን አስቆጥሯል፡፡	neutral
ህይወት በአቢያተ መንግስት!  ይህ የጎንደርን የፋሲለደስ አብያተ መንግስት የነገሥታትን ቆይታና የወቅቶቹን አጠቃላይ ክዋኔ በተግባር ለማስጎብኘት የተጀመረ አዲስ አሰራር ነው።  በጎ…	neutral
ባደረከው ነገር ምክንያት ቤተሰቦችዎ ደም ይፈስሳሉ ፡፡  ለካርማህ ዘላለማዊ ሥቃይ ይሰማቸዋል ፡፡  ያፈሰሱ እንባዎች ወደ ደም ይለወጣሉ ፣ የሚሰማቸው ህመም ሊቋቋሙት የማይችሉት ይሆና…	neutral
ትንሽ ይቆቆይ .....ክፋት የለውም በውነት ????	neutral
ጥቁር	neutral
እንግዲህ ከቤት እንደወጡ ና በእንጭጬ ስለ ተቀጬ ስለነዚህ እንቁ ልጆቻችን አቶ ንጉሡ ጥላሁን መግለጫ ሊሰጠን ይገባል። የሰው ህይወት በሰው ፊት በባለስልጣ ዘንድ ዋጋው  ቢበላለጥም በ…	neutral
ስለ ድርቁ ደግሞ ምን አገባቸው? ይሄ የውስጥ ጉዳያችን አይደለም? እንዴ?	neutral
አርቴታ ብዙ የሚቀይረው ነገር አለ!...ዝም ብላቹ ጠብቁት!	neutral
ሱራፌል ዳኛቸው የረዥም ፓስ ቴክኒኩ ጥሩ ነውን?  ይህ የማዕዘን ምት በ2 አቅጣጫ ሊመታ ይችላል። ከማዕዘኑ በውጭ በኩል በቀኝ እግር እና ከወደ የጅ ውርዎራው  በኩል በመቆም በግራ እ…	neutral
አሁንም ስማ ልበልህ እንዳንተ አይነት ባንዳ ውስን ሰዎች አሉ ትግራይን አይረግጥትም::	neutral
እነግርሻለሁ ሀና??።  የብሔር ጭቆና ትርክቱ ወደ ባርነት አድጎ፤ የዘር አቀንቃኙ የነፃነት ታጋይ ሆኖ ሲቀርብ ነገሩ ደነቀኝ please note that I have sympathy for the kid	neutral
ከራሺያ የ8 ቢልዮን ዶላር ዋጋ ያለው የጦር መሳሪያ በብድር ገዝቷል።  አሁን ደግሞ የአብይ መንግስት 4 ቢልዮን ዶላር የሚገመት የጦር መሳሪያ ከፈረንሳይ መንግሥት በብድር ለመግዛት ጠይቋል። ቆይ…	neutral
iPhone ይሁን እሺ ይሄን ገዝቼ ማስቀመጤን ምን ይሉታል ?	neutral
አታስመስል ፕሮፌሰር የኦሮሞ ጥላቻ የለብህም።እሱን እኔም አምናለሁ።የአማራ  ጥላቻ እንዳለብህ እኮ 1001 ማስረጃ ማቅረብ ይቻላል።ምንም ማስተባበል አያስፈልግህም።	neutral
ሊሆን ይችላል ፤ ሞክረው እንዳትይኝ እንጂ።	neutral
ምነው ከዛስ አበዛህ ሀገሪቷ አንድ ሆና አማራ ሳይኖር ነው መኖር የምትፈልገው መሰል ይቅርታ እኔ በሞተ ሀገር እና ማንነት አማራ ይሙት አልልም ነ…	neutral
የምስጋናን መስዋት ወደ ቤቱ ደስ እያለን እናቀርባለን የስምህን ክብር ሁልጊዜ በደስታ እንዘምራለን ሃሌሉያ ሃሌሉያ  ኑ ና እግዚያብሄርን እናመስግን...??✨	neutral
አስራት  ቲቪ  አልተቻለም!  በቅርብ ዲሲ  የተሰገሰጉን  አውርቶ አደሮች  በባዶ  ማስቀረቱ  አይቀሬ  ነው! ሲሳይ  አጌና   እና  ጏደኞቹን  ስራ  መስጠት  የምትፈልጉ  ኢትዮጵያን ኤምባሲ  ድረሱ !	neutral
ክብሩን አይጠብቅም ይሄሰው ጅል ነው ፣ አልፎ ይነካኛል ድንበርም የለው እኔስ ትቼሃለሁ ተወኝ ልቀቀኝ ፣ በቸርል ልዋልበት አታበሳጨኝ። እምቢ አሻፈረኝ ፣ እምቢኝ እንጃ እምቢኝ ፣ ተወ…	neutral
...ፐርሰናል ትሬነር አለኝ እዋኛለሁ ሁለት ልጆች ወልጄ  የወለድኩ አልመስልም ሂልተን ሆቴል ሄጄ ስፖርት በሳምንት 5 ቀን እሰራለሁ ፊልም እሰራለሁ...ባሌን እኔ ነኝ የጠበስኩት...…	neutral
ግሩሜ ቁጥሩን Exact ነው የወሰድኩት ከዛው ከጥቅሱ ላይ እንደው ግን ከባድ ነው ይሄንን ሁሉ ለመቻል...	neutral
ደሞ ምንድን ነው ጁአናም?	neutral
ይህ እኮ ነው ከፍ የሚያደርገን ገደል ሊሰዱን የሚጥሩትን አሳፍረን መታየት የሚይስችለን:: ከምርጫው  ቀድሞ እንዲይስጠነቅቅ ወንጀለኞች ፍርዳቸውን ያግኙ! የህዝብ ምኞቱ አለኝታው ሰላም…	neutral
ህዝቡ ያእኔም የ አንተም አይደለም። ተራዉ ግለሰብ ብዙ የሰለቸው ነገር እንዳለ ይሰማኛል። እወክልሀለው የሚለውም ሰውም በዛ።	neutral
ከሰው የበለጠ እንጀራ ላልበላ እኔ በሰው ሀገር ሀገሬን ለሌላ! በጣም ከፋኚ	neutral
ሞክረው!!! ትርፍ አንጀት ባይሆንም አይመችም ውይም ማስመለስ ሊያስከትል ይችላል!!	neutral
ምርጫ ካርዱ ዱባይ የሚታተም ሲሆን ድምፅ ቆጣሪውን ላለማንገላታት ከእነ ውጤቱ ቢታተም እላለው።	neutral
Ethiopia : ትሀነግ/ህወሃት ተሰናብቻለው ያለችውን ዜና ባበሰርችን ሰዐት የክት ልብሳችንን በደስታ ሰብሰን የኃላው ከሌለ የለም የፊቱ በማለት ፎቶ ገጭ ተነስተን ለበዐሉ ድምቀት…	neutral
ኧረ አዝለንሽ ነው . . .   ከ ቸርችል እስከ ኢትዮ ኩባ ወዳጅነት አደባባይ በመጓዝ ከዛ እዛው በተለየያዩ ፕሮግራሞች ተጋባዦች ንግግር አ…	neutral
- አቶ ታዬ የኦዲፒ ከፍተኛ ባለስልጣን አፈረጠው አቶ ለማ በዚሳምንት ምነካው ሲገለጥ ።	neutral
እርግጠኛ ነህ?	neutral
እንቅልፌ መጥቷል ሳዛጋ አለቅሳለሁ  እንባዬ ትርጉም እንደሌለው ይገባኛል ቢሆንም ለማዘን እሞክራለሁ  እንባ ለምን አባክናለሁ!	neutral
ታህሳስ 22፣2012  የኤክሳይዝ ታክስ አዋጅ መከለስን ተከትሎ፣ አዋጁ ሳይፀድቅ በተለያዩ ምርቶችና ሸቀጦች ላይ ዋጋ የሚጨምሩ ነጋዴዎች ላይ እርምጃ መውሰድ ጀምሬያለሁ ብሏል የንግድና…	neutral
እንደምንክረምሽ ኢትዮጵያ ወላጆች ልጆቻቸውን ይማሩልኝ ብለው ሰደው አስከሬናቸውን የሚረከቡበት አገር በእኛ ጊዜ ይደረግ የነበረው የቡድንጠብ ከጡጫናእርግጫ ያለፈ…	neutral
እነ ዓፄ ሚኒሊክ የሚሉት ኡነት ነው። ኢትይጵያ በሃዛብ እና በአረመኔ ከግራኝ ጀምሮ ብዙ ተሰቃይታለች።  ትክክል ለመሆኑ ማንኛውም የ…	neutral
የኢትዮጵያ ዜጎች ለማኅበራዊ ፍትህ (ኢዜማ) ሐዋሳ ከሚገኙ አባላት፣ ደጋፊዎች እንዲሁም ከአካባቢው ነዋሪዎች ጋር የፓርቲው ከፍተኛ መሪዎች በተገኙበት ሕዝባዊ ውይይት ያካሂዳል።  ቅዳሜ…	neutral
የተሰጠው ሃላፊነት እንዲህ አይነት ነገሮችን ተፈፅሞ አይደለም ከመፈፀሙ በፊት አውቆ ማስቆም ይጠበቅበታል! ይህን ካላደረገ እስካሁን ያላግባብ የተከፈለውን ደሞዝ መልሶ ከስራው መነሳት…	neutral
?????? ቀደም ብሎ እራሱ ሥራ ቢጀምር ጥሩ ነበር	neutral
ጂሰስም እንዲህ ብሎ ነበር አ??? አብሬያችሁ ነኝ????	neutral
ለዎጉ ጎብኝተናል! ብዙ የሚያምሩ ነገሮች ውስጥ ትንሽ የሚያስፈሩ ነገሮች አሉ!	neutral
ሰይጣን ለአመሉ መ/ቅዱስ ይጠቅሳል! አነተ አሁን ፀበል ብቻ ነው የሚያስፈልግህ	neutral
ትውልድ ሁሉ ብጽይት ያለሽ ድንግል ማርያም ሆይ እኔም ትውልድ ነኝና ብጽይት እልሻለው ።           ካመሰገኑሽ ጋር ለቅኔ እቆማለሁ	neutral
ፕሬዚዳንቴ !! ????❤  የእኔ እናት??	neutral
ይህማ ወግ ነበር !  ምን ዋጋ አለው አንድ አንዶቻችሁ ገሎ በማሸነፍ ሴራ ተጠምዳችሁ ወንድሞቻችን አስረሸናችሗቸው እንጂ! አብን ከ ህዝብ ልብ የወጣው ሰኔ 15 ዕለት ነው !	neutral
ሰዎች ለህጻናት  የሚያሳዩትን ቅንነት  ለምን ለአዋቂዎች ማድረግ ይሳናቸዋል?	neutral
እያልኩ ያለሁት ተማርን የሚሉት ኦሮሞዎች ቢማሩም እንደዚህ ናቸዉ	neutral
እኔ የምለው  ለምንድነው ግን በቲቪ ላይ አማርኛ ፊልም እያየን ልክ ማስታውቂያ ሲመጣ ድምፅ የሚጨምረው?	neutral
እስቲ ደግሞ በትናንትናው ፌክ ኒውስ ለማስቀየስ የተሞከረውን ዜና እንገምት። ድምፅ ስጡ  1) የኦሮሞ ተማሪዎች ሞት ዜና 2) ቻናል ቀይር ቪድዮ 3) የፒፒ የትግራይ ተላላኪዎች ውሸት መጋለጥ 4) የምእራባውያን ነፍ ብድር	neutral
በአገራችን የታሪክ ትርክት ላይ አሁን ወደ እኔም ወንድ አንተም ወንድ ላይ ደርሰናል አልሃምዱሊላህ። የአረበረኛ ት/ት መመረቂያ ፅሁፌ Antithesis የሆነ አርቲክል ለማዘጋጀት ወስኛለሁ።	neutral
ልክ ነህ። አንድ መልክ ብቻ እንዳላቸው ማድረግ ልክ አይሆንም። በአንድ ስፔሲፊክ ጉዳይ ላይ ግን አንድ መልክ ሊኖራቸው ይችላል። ጃንሆይ ሙስሊሙን በማግለል ወ…	neutral
የሁሉም አካል ድምፅ መሰማት አለበት፣ ሆቴል ውስጥ ለሚደረግ ጋዜጣዊ መግለጫ ደግሞ እንደ ሰላማዊ ሰልፍ ፈቃድ ያስፈልጋል መባሉ ግርምትን ይጭራል። ለማንኛውም የመግለጫው ዝርዝር ሲደርሰኝ አቀርበዋለሁ።	neutral
አይ ትራንፕ እረ እባክህ የመካከለኛውን ምስራቅ  ህዝብ ሰላም አታጥፉበት ከኢራን ጋር እሰጥ እገባ ገብተህ	neutral
1- ዩኒቨርስቲ በነበርኩበት ጊዜ የኔ ልብ ጎደኞች የነበሩት የጎንደሩ ክንዱ የመቀሌው ግርማይና የአምቦ ልጅ ቢሊሱማ ነበር:: በዚያን ጊዜ የሚያጋጨን የነበረው ብሄራችን ሳይሆን “ለምን…	neutral
ነገ በኦህዴድ፤ ብአዴን፤ ደኢህዴን [ኢህአዴግ] መክሰም ጀርባ የህወሓት ምስጥራዊ ሴራ ነበር። ዶር ዓብይ ያ ሁሉ ለውጥ ለማምጣት ደፋ ቀና ሲሉ በ አቶ ጌታቸው አሰፋ ቀጥጥር ነበሩ…	neutral
በሰኔ 15 ከፍተኛ የመንግሥት ባለሥልጣናት ግድያ ተጠርጣሪ ተከሳሾች ላይ ብይን ተሰጠ	neutral
Old enough to know የሴት ልጅ እድሜ እና የወንድ ልጅ ደመወዝ እንደማይጠየቅ	neutral
ከኢኮኖሚው ጉዳይ በላይ ወይም ቀጥሎ የአብይን መንግሥት ጥልት እንዳረገው እያደረገኝ ያለው ይሄ የዩኒቨርስቲ ጉዳይ  ነው ። እግዜር ያሳያቹ እስቲ መንግስት ተስብስበው ያሉ ልጆችን መጠበቅ ካቃተው ምኑን መንግስት ሆነው ?	neutral
ድንቅ አረዳድ ነዉ:: የችግሩ ምንጭ ግን የብሄር ፖለቲካ ነዉ:: ኦሮሞ; አማራ; ትግራይ; ጉራጌ; አፋር....ብለህ ፖርቲ ከመሰረትክ ኢትዮጵያም ሆነች…	neutral
አሁን የብልፅግና ፓርቲ ከፍተኛ አመራሮች ዕምነት ለእኛ ምናችን ነው?!  ከአማራ ብሄርተኝነት አንፃር አይደለም የአሳዳጆቻችን (የብልፅግና፣ የአዴፓ፣ የኦዴፓ፣ ወዘተ) ይቅርና የወዳጆቻችንም ዕምነት የእኛ አጀንዳ አይደለም!	neutral
የከፍተኛ ጎል አስቆጣሪዎች ደረጃ	neutral
ትክክለኛውን ስያሜ እንዲያገኝ በ2012ቱ ምርጫ ሂደቱ ምህራፍ ማግኘት አለበት አሁን ላይ ዉድቀትና መነሳት ውስጥ ስለሚገኝ በአንድ ስያሜ ማጠቃለል ያስቸግራል የታህ…	neutral
//Google Interview Question አንድ ሰው ባለ 3 እና ባለ 5 ሊትር ጀሪካ ሰጥቶ ከወንዝ ውኃ 4 ሊትር ለክተህ እንድትሰጠው ቢያዝዝህ የምትከተለውን ቅደም ተከተል (Algorithm) አሳይ።	neutral
የጸዲ አልበም በቃ ተወዳጅ ከሚባሉት ስራዎች እንደ አንዱ ተቆጠረ?!	neutral
ይሄን ምስኪን ልጅ ምን አድርግ ነው ምትይው ዲናየ?	neutral
ታህሳስ 24፣2012   በተለያዩ የሀገሪቱ አካባቢዎች የፀጥታ ስጋት አለ በሚል የሚናፈሰው ወሬ እውነት ይሆን ወይ? እነዚህ ነጋዴዎች የገጠማቸው ነገር ይኖር ይሆን? 1/2  ንጋቱ ረጋ…	neutral
በተጨማሪም ኅብረ ብሔራዊነትን የሚያጸና፣ አካታችነትንና ፍትሐዊ ዉክልናን የሚያረጋግጥ ሁነኛ አቅጣጫ ነዉ:: የፓርቲው ውሕደት ሀገራዊ አንድነትን ከኅብረ ብሔራዊነት ጋር አስተሣሥሮ ለመጓዝ ዕድል…	neutral
መንግስት በስንተኛው ሰልፍ ነው ምላሽ የሚሰጠው	neutral
የኢትዮጵያ ኢኮኖሚክስ አይገባኝም። ህዝቡ የደኸየው አገራችን ሀብታም እየሆነች ስለሆነ ነው?	neutral
እንግዲህ ETB 125	neutral
አንተ ራሱ ግራ እንዳይገባህ...የኢስጋማ ዋና ፀሀፊ ብቻ እንደሆንክ ላስታውስህ እወዳለሁ??	neutral
የራስህ ጉዳይ ውሃ መውቀጥ ከፈለክ። አጎቶችህ የኢትዮጵያን ሃብት መዝረፍ ሲቆምባቸው ዲፋክቶ መንግስት እናቋቁ…	neutral
የኢትዮጵያ ፕሪምየር ሊግ ከተጀመረ አንድ ወር አስቆጥሯል፡፡ በወሩ ከተቆጠሩት 88 ጎሎች መካከልም በምርጥነት የያዝናቸውን 10 ጎሎች ጋብዘናችኋል፡፡…	neutral
አሰፋ ጫቦ ይልሃል። ቴዲዬ እነ ሳራ ቲን ያሬድ ነጉን እንደ ቄጤማ ልጎዝጉዝልህ። ??	neutral
ኢ/ር ታከለ ኡማ በግሉ የግንባታ ዘርፍ የሚስተዋለውን የግንባታ መጓተት ችግር ለመቅረፍ የሚያስችል ውይይት ከአልሚዎች፣ከተቋራጮች፣ከአማካሪዎችና ከሌሎች ባለድርሻ አካላት ጋር አደረጉ፡፡	neutral
??ፃ እርኩስ መንፈስ ብለው አናት የሚደውሩ ግለሰቦች ባሉበት አይሆንም እያልሽ ነው?	neutral
‹‹ግብፅ የህዳሴ ግድቡ ለኢትዮጵያ አያስፈልጋትም የሚል ፍላጎት እንዳላት ነው ለእኛ የሚገባን›› ስለሺ በቀለ (ዶ/ር)፣ የውኃ መስኖና ኢነርጂ ሚኒስትር) -…	neutral
የደረሰውን የመስጊድ ቃጠሎ ዛሬ የባህር ዳር ከተማ የእስልምና እምነት ተከታዮች በሰላማዊ ሰልፍ አወገዙ።	neutral
1 ሎሚ 6 ብር?! ኧረ ኡኡ	neutral
ሰውን ከክርስቶስ ውጪ ካየነው ቋሚ አቋም አይኖረንም፤ ሰው ተለዋዋጭ ስለሆነ። ሰው ሲርበው እና ሲጠግብ እንኳን አንድ አይደለም። ... ራሳችንንም ሌሎችንም ከክርስቶስ ውጭ አንቁጠር!! 2/2	neutral
ከፍተኛ እና መካከለኛ ሀይል ተጠቃሚ እንዱስትሪዎች ለገና በዓል ዋዜማ ከንጋት 12 ሰዓት ጀምሮ እስከ ሌሊት 6 ሰዓት ድረስ ከዋናው የኤሌክትሪክ መስመር ሀይል እንዳይጠቀሙ የኢትዮጵያ…	neutral
በህዳሴ ግድብ ዙርያ የደን ምንጠረ ወንጀል ብሎ የሚከስ መንግስት በየካ ያሳየው ትእግስት! ይህ ኢትዮጵያ ነው!	neutral
Bihon yishalal! ?? መቼም ጤና ያለዉ ሰዉ በዚህ ዘመን የምሩን እንዲህ ሊል አይችልም።    ....በተረፈ ባለፉት 30 አመታት ኤርትራውያን…	neutral
ውህደቱ እንደማይቀበል የመጨረሻ ውሳኔ አስተላለፈ፡፡ ውሁዱ ፓርቲ ብልፅግናም አዲስ የተመሰረተ፣ ሕገወጥና ጥገኛ ፓርቲ ሲል ገልፆታል፡፡ በቀጣይም ህወሓት ከሌሎች የኢትዮጵያ ፌደራ…	neutral
ይህ ደግሞ መንከትከት ነው	neutral
የቤተሰብህ ደም በድኖችህ ላይ ለዘላለም ትኖራለች ፡፡ ይንከባከቡ የነበረው ነገር ሁሉ በአሳዛኝ ጥፋት እስከሚመጣበት ጊዜ ድረስ በአከባበር ህይወትዎ ሁሉ ጊዜ ይጸጸታሉ ፡፡ አለመቻቻል…	neutral
በአባይ ጉዳይ ላይ ከግብፅ ጋራ ድርድር ብሎ ነገር አይገባኝም አያስፈልግም ቢቻል አአ ያለውን ኢምባሲ ዘግቶ ማባረር ነው ጠላት እሹሩሩ ቢሉት ወዳጅ አይሆንም	neutral
መማር ያስከብራል ሀገርን ያኮራል እያለች ለዘመናት የዘመረች ሀገር፤ የምትዘምር ሀገር፤ ሀገር አማን ብለው ለመማር ቀያቸውን ጥለው የወጡ ታዳጊዎችን ሞት የምትቆጥር ሀገር ስትሆን ሊያመ…	neutral
መስከረም 1ን፥ በአንድ ቀን ማስዘግየቷን ነው። አንድ ቀን ታስዘልለውና እንደሌሎቹ ዓመታት በ1 መጀመሩን ትቶ፥ 2 ሊሆን በሚገባው ቀን ይጀምራል። በአዘቦት ዓመታት መስከ…	neutral
2020 ዓመቱ 20 ጊዜ መሆኑን ያውቃሉ???????	neutral
የቁርዓን አሰባሰብና ጥበቃ ኮርስ (ትምህርት ሶስት)	neutral
አሁን ላይ ኡስታዝ አህመዲን ጀበልን በተመለከተ ሙስሊም ያልሆኑ ግለሰቦች ምን አሉ? በነገው እለት በባህርዳር እና ኮንቦልቻ የሚኖረውሰልፍ ዝግጅት ምን ይ	neutral
ወደ ሰላም እንድትገባ ሕዝቦቿ ነገን ተስፋ እንዲያደርጉ መሪዎቻችንን ብትተጋገዙ፣ ባትነቋቆሩ፣ በግላችሁ ባታስቡ እና ነገ ፓርቲ አቋቁማለሁ የምትሉም በሰከነ አምሮ ህዝብን ብቻ በማሰብ ድርጊቶቻችሁ…	neutral
አንድ የኮፕቶች ስብከት ላይ የሰማሁት ታሪክ ነው።  ብዙ ግዜ ከፍርሀት የተንሳ ለመወሰን ብዙ ምክንያት እየሰጠኝ ባላየ ሳልፍ ሰምቼሀለው አደራ ቆጡን እንዳትደረምሰው ብዬ እጸልያለው።…	neutral
የኢ.ህ.አ.ዴ.ግ ውህደት ፅንፈኛ ብሔርተኝነትን ይገታው ይሆን? (ክፍል 1) -አሐዱ መድረክ	neutral
1ኛ እግዚያብሔር በበሀሪው ቅዱስ ነው ለቅድስናውም መጠን አይወጣለትም።  ሀጥያት የማይስማማው ቅጽስና ነው ያለው ማለታችን ነው። እንደፍጡራን የዝንባሌ ውጣት ሳይሆን ባህሪው ነው። እየ…	neutral
1/5. 14ኛው የኢትዮጵያ ብሔር፣ ብሔርሰቦች እና ህዝቦች ቀን በካናዳ ጃንዋሪ 11/2020 የኢፌዲሪ ልዩ መልዕክተኛና ባለሙሉ ስልጣን አምባሳደር ናሲሴ ጫሊ በተገኙበት ህገመንግስታዊ…	neutral
በፓለቲካ አለም የዘላለም ወዳጅ የዘላለም ጠላትም የለም!	neutral
አማራ ባይኖር ኖሮ አሁን ባለው ፈረጃ ኢትዮዽያ ፈረሳ ነበር አሁንም የምፈራው አማራን እንዳይጠልፊት ነው	neutral
ዞን ክልል ለመሆን ያቀረበው ጥያቄ በደቡብ ክልል ምክር ቤት ምላሽ በመነፈጉ ፌዴሬሽን ምክር ቤት ጣልቃ እንዲገባ በደብዳቤ ጠየቀ። የዞኑ ምክር ቤት የጋሞ ክልል ምሥረታ ጥያቄውን በሙሉ ድም…	neutral
ልክ ነው 27 ዓመት የሞላውን ጠማማ መንገድ ብትሰጠው አሻፈረኝ የሚልን ማረቅ ቀላል አይሆንም::እንዴት ሁኔታው   ይረግባልን አናውቀውም::መክረሩን ግን እያየንነው:: በ…	neutral
ብፓና ኢዜማ ውይይት ጀመሩ ተባለ። ሲጀመር ጨቅላው ለአንዳርጋቸው ፅጌ ሹክ ያለው ነገር ይኸንኑ ነበር።	neutral
ጌታ አይወልድም አይወለድም  አምሳያም ቤጤ የለውም ሶ ኢሳ እየሱስ የአላህ መልክተኛ እና እሚወደው  ባሪያው ወው ጌታ አደለም	neutral
የመንግስተ ሰማይ መንገድ  ኢየሱስ ብቻ ነው	neutral
እስከ ቀኃስ በእግር የሄድን በውጤት ተመርጠን መድኃኒያለምን አምልጠን ጁኒየር የገባን ለልደታችን ፎቶጌታቸው ቦቴ ሄደን፡በዛ ባክግራውንድ ብዙ ፎቶ የተነሳን ሐረር ስታዲ…	neutral
ምክር ቤቱ «የኢትዮጵያውያን ሙስሊሞች ተቋም መጅሊስ በአጭር ግዜ በአዋጅ እንዲቋቋም» ጠይቋል። የሰብዓዊ መብት ኮሚሽን፤ የሰብዓዊ መብት ተሟጋች ድርጅቶች እና የእንባ ጠባቂ ተቋማትን በቸልተኝነታቸው ወቅሷል።5/6	neutral
እሱ በጣም ጥሩ አልነበረም ውቸጓልፈስያአ ያፍክ ምንም ቁነጨትአ ነገር ግን ሃርቬይ ዴንትን አውቅ ነበር ምኪሐ ጋጋረተ	neutral
እንግህ ኦሮምያና ድንባሩን መጠበቅ ብቁ ናቸው፡፡	neutral
በ 28ዓመት ለመጀመሪያ ጊዜ እድል ና  አቶ በረከት አልተገናኝቶም	neutral
ሰሞኑን እንኳ በሱ አዝማችነት የተደረገውን የመሬት ወረራ ህዝቡ የማያውቅ ይመስለዋል አይደል?!	neutral
ስለዚህ በtranstive ህግ አህመዲንም ሆነ ልወደድ ባዮቹ ይቅርታው ሊዘላቸው?	neutral
የኦሮሞ ህዝብ ላይ እንደ ዘንድ እየተጠመጠመ ያለውን የነፍጠኛ ሃይል የኦዲፒ ችግር ብቻ አድርጎ በመመልከት እኛ አያገባንም  እያላቹ ያላቹ  የኦሮሞ ፖለቲካ አመራሮች  አሁንም በድጋሚ አስቡበት	neutral
ጃል እኔ ግራ የገባኝ ኢትዮጵያ ውስጥ ሁሉም ብሄር ጥያቄ አለው። ሁሉም የኔ ብሄር ጥያቄ ባልተመለሰበት ሁኔታ...ይላል። እስኪ ሁላችሁም ጥያቄያችሁን ሰብሰብ አርጋች…	neutral
ግጭቱን ለመቆጣጠርም የፌዴራል ፖሊስ፤ ልዩ ኃይልና የአካባቢው የጸጥታ አካላት በቅንጅት ባደረጉት ጥረት አሁን ላይ ግቢው ወደ ሰላም መመለሱንና ተማሪዎችም እራት እየተመገቡ መሆናቸውን ተናግረዋል።	neutral
በጄነራል ከሊፋ ሀፍታር የሚመራው እና ትሪፖሊ ላይ የከተመው የሊቢያ ተፋላሚ ሀይሎች ተኩስ ለማቆም ተስማሙ፡፡ ሀገሪቱ ሙአማር ጋዳፊ እኤአ በ2011 ከተገደሉ ወዲህ ከግጭት ነጻ ሆና አ…	neutral
ብዙ አስበህ እንዲህ ካልክ ሳታስብ ምን ልትለን ነው!!	neutral
ታህሳስ 24፣ 2012/  የድሬዳዋና ጅቡቲ ሀገረ ስብከት ሊቀጳጳስ ሆነው ሲያገለግሉ የቆዩት የብፁዕ አቡነ ዳንኤል ስርዓተ ቀብር ዛሬ ከሰዓት በኋላ በደብረሊባኖስ ገዳም እየተፈፀመ ነው	neutral
በየመንግሥታት ግንኙነት የአዋጅ ረቂቅ ላይ በተወካዮች ምክር ቤት ሊደረግ የነበረ ውይይት ተሰርዟል፤ የሕግ ፣ ፍትሕና ዴሞክራሲ ጉዳዮች ቋሚ ኮሚቴ የጋበዛቸው ባለድርሻዎች ባለመገኘታቸው…	neutral
|ያልገባኝ ምኑ እንደሆነ አልገባኝም| ይሄን ዓ/ነገር ስለወደድኩ እዚሁ ይቀመጥ ሌላ ግዜ ስጠቀምበት ታገኚኛለሽ:: ??	neutral
እንጃ!??  አንትሽ ሲያደነንቅ ፍሪው ግድ የለሽም ግን። ወዲያው ዞሮ ይጠልዝሻል እሱ እንዲህ ነው እናቴ??????	neutral
ዝም ብለህ ስጠው ፕሮግራም ተጀምሯል ለካ????????	neutral
የኑኑ ዋቆ የኢኮኖሚክስ ዲዛይን ልበልህ ይሆን	neutral
የደንቢ ዶሎ እና የወለጋ ዩኒቨርሲቲዎች ማስጠንቀቂያ	neutral
እሱ ሳይሆን እንተንና መሰሎችህን ያባረረው መንግስት ነው እንጂ::	neutral
ከ23ቱ ውስጥ ኢህአዴግ (ብልጽግና) አንድ ወንበር ካሸነፈ አመራራችን ‹‹ፌል›› አድርጓል ብለን እንጠየቃለን፡፡ ተጠያቂነቱ የሚጀምረው ደግሞ ከእኔ ነው፡፡	neutral
አማራ ድርጊት የሁሉንም አማራ እጣፈንታ ይወስናል!   ሁላችንም ከስሜታዊነት፣ እልከኝነትና ቂመኝነት በመራቅ ለነገ የሕዝባችን ተስፋና መሻሻል ዛሬ አንድ የተግባር ስራ እንስራ። ብዙ ጊ…	neutral
Lol ምነው ካለስድብ ሌላ አታውቅም?	neutral
102 ኢትዮጵያውያን ከሱዳን ወደ ሃገራቸው ተመለሱ፡፡ከሱዳን በ 2012 የመጀመሪያ ግማሽ ዓመት ከ500 በላይ የሚሆኑ ዜጎች ወደ ሃገራቸው እንዲመለሱ ተደርጓል፡፡	neutral
ቆዳዎን ቀስ በቀለ እና ቆዳዎን ቀስ በቀስ ሳናወጣ በየቀኑ ሲጮህ ስሰማ የአከርካሪ ሥጋዎ ልጆቼን ለአስርተ ዓመታት ያስገባቸዋል ፡፡	neutral
ሙዝ ነው?  አይ ፣ ሹ ሹ ፡፡	neutral
በሞጣ ከተማ በሙስሊሙ ማሰብ ንብረትና መስጆዶች ያነጣጠረ ጥቃት የምርምራ ውጤት መግለጫ	neutral
ድሮ ግን ሸክሽክ ዝም ብለክ የሚለውን ዘፈን ስንዘፍን እንዴት ዝም ይሉናል??????♂️????	neutral
በሀገርቱ የተከሰቱ ወንጀሎችን በኃላፊነት  ተገቢ ምርመራ በማድረግ ለሕዝብ ግልጽ መረጃ ከመስጠት ይልቅ ድርጊቱን ለአንድ ለማይታወቅ እና ግዑዝ አካል ጠቅልሎ መስጠት(scapegoatin…	neutral
፮. የኤርታዕለ እሳተ ገሞራ የሚጎበኘው ኣስጎብኚዎች በሚመርጡት የምሽትና የማለዳ ምቹ ሰኣታት ስለሆነ ከእሳቱ የሚወጣውን የጭስ ሽታ ለመከላከል ተገቢውን ቅድመ  ጥንቃቄ ማድረግ ያስፊል…	neutral
በየፈርጁ የኢትዮጵያ ሕግ አፈጻጸም ተስፋ ያስቆርጣል! ሴቷ የከፍተኛው ፍ/ቤት ፕሬዚደንትም ለዐቢይ ተመችተው ሁኔታውን አመቻችተው እንደሆን እንጂ፣ በሳቸው መምጣት በተዘዋዋሪ የኢትዮጵያ…	neutral
የሞጣ ሙስሊም ግን ከምን አይነት ሰው ጋር ነበር ሲኖሩ የነበሩት። የሙስሊሙ ሱቅ ታቃጥሎ ሃዘን ተቀምጦ ውስጡ ተጎድቶ የአቃጣይ ወገን ሱቁን ከፍቶ ሲሸጥ እሱ ባያፍር እኔ አፈርኩ።ምን…	neutral
ተማሪዎች የከፍተኛ ትምህርታቸውን ሙሉ ለሙሉ በብድር እንዲማሩ ይደረጋል – ፕሮፌሰር ሒሩት ወ/ ማርያም  መንግስት የዩንቨርሲቲ ተማሪዎች የወጪ መጋራት አሰራርን ሊያስቀር መሆኑን አስታ…	neutral
ሲጀምር ጀዋር ሣይሆን የሠባዊ መብት እየጣሰያለዉ አብይ ነዉ የህግ ከለላ እየሠጠዉ አብይ ደሞ የመንግስትን መዋቀር እየተጠቀመ ሠዉ እያስፈጀና የዘር እልቂት እ…	neutral
Southampton አውሮፓ ውስጥ በ data በጣም ከሚያምኑ ክለቦች አንዱ ነው። የራልፍ ቡድን ደግሞ በተለይ የፕሬሲንጉ ሰክሰስ ባልሳሳት እስከ game week 12 ድ…	neutral
ያጣ ቢሆን ማጣት ምን ማለት እንደሆነ ማወቅ አለበት: እኛም አጥተናል: ልምን ማንም የማይመልሰው ጥያቄ ነው!	neutral
ኢትዮጵያ በእውነቱ በኦሮሞ በኩል ባለው የፖለቲካ ፍልስፍና እና የፖለቲካ አሰላለፍ ከትል የፈጠነ እድገትን እንኳን አታሳይም ። ሀገርን መምራት በፌስቡክ እንደነ ጅዋር መለፍለፍ ብቃት…	neutral
oh no	neutral
ለመቃወም ብቻ አልቃወምም   ፕሮፌሰር ብርሃኑ ነጋ!!	neutral
ኦኦኦኦ አሳ ምስል! ሁለት ብር ብቻ ነበር የሚያስወጣን::	neutral
ቀን ይቅርታን የምትለምኑበት እና ህመም እና ተስፋ መቁረጥ እንጂ ሌላ ምንም ያልተተዉበት ቀን የሚመጣው ክፉ ይመጣል እናም ሕይወትዎን በመጨ…	neutral
ዛሬ January 1 ነው ፡፡በነገራችን ላይ ሙሉ የሱዳን ህዝብ በዚህ ቀን ነው የተወለደው፡፡ማጣራት ከፈለጋቹ ፓስፖርታቸውን ቼክ ማድረግ ትችላላቹ፡፡ — feeling excited	neutral
ብርቱ ሰው !  ለቀሩት የስራ ባልደረቦችዎ እ/ግ ልቦና ሰጥቷቸው ቀረ የሚሉትን ይዘው ባለው ላይ ጨምረው ኑሮ ላሰከረው ህዝብ መፍትሄ ይዘው እረፍት ባገኘን ።	neutral
የማህብረሰቡን ጥቆማን የምታስተናግዱብት ግልፅ የሆነ የፌስቡክ ፔጅ ወይም ትዊተር አካውንት ቢኖራቹ ጥ…	neutral
ሚኒስትር ዐቢይ ያልተደመሩላት የኢትዮጵያ ሴቶች የሰላም ጥያቄ (ሕሊና ብርሃኑ እንደጻፈችው)	neutral
ግሪክ፣ እስራኤልና ቆጵሮስ በትናንትናው እለት ባወጡት የጋር መግለጫ የቱርክ ወታደር ወደ ሊቢያ  የመላክ እቅድ  በሊቢያ ያለውን የእርስበእርስ ጦርነት የሚያባብስ አደገኛ አዝማሚ እንደ…	neutral
ልብ ብለሀል የሚቀጥለው የአሸባሪዎች ምሽግ ወይም ቶራ ቦራ የባሌ ተራሮች ናቸው ለሚመለከተው ሹክ ካልን ሰንበትን	neutral
እነዚህ የስድብ ትምህርት የት ነው የሚያገኙት? ስድብ አናታቸው ላይ ጎጆ ቀልሳለችኮ። ሠው የመረጃ ማስረጃ አለ ወይ ብሎ በመጠየቁ እንዲህ የሚንጨረጨሩ ምናቸው ዞሮ…	neutral
እና መረጃውን ቋንጣ አድርጎ ሊበላው ነው ዝምምም  ያለው? እንቅልፍም ስብስብ	neutral
ይሄማ ከ2 ቴክስት በኋላ አየሩ እንዴት ነው? ይበርዳል? ይሞቃል? እያለ ነው የሚያደርቅሽ አይነት ነው	neutral
እድሳት ላይ በነበረበት ወቅት ማንበብ ላልቻላችሁ፥ አዲስ ማለዳ ከፖለቲከኛው ጃዋር መሃመድ ጋር ያደረገችውን ቆይታ ከዚህ በታች ያለውን ማስፈንጠሪያ በመጫን ማግኘት ትችላላችሁ።  h…	neutral
ኮንስትራክሽ በሚሰራው የመተማ - አብረሃ ጅራ የመንገድ ፕሮጀክት፣ የጥገና ሀላፊ (project maintenance manager) አቶ ብርሃነ ይሕደጎ በምዕራብ ጎንደር ዞን መተማ ወረዳ…	neutral
አንዴ እተጌ ጣይቱ ለሀብቴ አባመላ  እኔ ነኝ አንድ እግሬን ጎንደር፤ አንድ እግሬን ሸዋ አድርጌ የምገዛው ሲሉ የሰሙት አለቃ ገ/ሃና ንግሥት ሆይ! ሺ ዓመት…	neutral
⚠️ ማሳሰቢያ ለተገልጋዮች ⚠️  ማክሰኞ፣ታህሳስ 28 ቀን 2012 ዓ.ም. የገና በዓል በመሆኑ ኤምባሲው ለአገልግሎት ክፍት እንደማይሆን ለማሳሰብ እንወዳለን።  ከረቡዕ፣ ታህሳስ 29…	neutral
ሀብታም ሲቀብጥ እኮ	neutral
የ2012 ዓለም አቀፍ የአካልጉዳተኞች ቀን በዓል መሪ ቃል የ2030የልማት አጀንዳ እውን እንዲሆን የአካል ጉዳተኞችን ተሳትፎና አመራር ሰጪነትማጎልበት	neutral
ምንአልባት ባህር ዛፍ በመሆኑ ይሆናል	neutral
ይለወጣሉ ፣ የሚሰማቸው ህመ  ይለወጣሉ ፣ የሚሰማቸው ህመም ሊቋቋሙ የማይችሉት ይለብቻዎ ትሆናላችሁ ፣ የምትወዳቸው  O      O     O      O      O      /|/…	neutral
ሰው ባደባባይ ደፍሮ እንዲህ ለመዝረፍ ምን የልብ ልብ ሰጠው??	neutral
[በአንድ ወቅት አሁን ስሙን ከዘነጋሁት ሬድዮ ጣቢያ ጋር ባደረገው ኢንተርቪው የሰጠው ምላሽ ነበር] from Book for all	neutral
እንግዲክ አለ ሀይሌ ገ/ስላሴ ከእንግዲክ ብሔርን መሠረት አድርጎ የሚመጣ የፖለቲካ ፖርቲ ቀይ ካርዱን ይበላታል ከፈለገ ሔዶ ለክልል ምክር ቤት ይወዳደር እንጂ እኔን አይገዛኝም ፡፡ መጪው ጊዜ ከ.....ብሩህ ነው!!!	neutral
ተክልዬ ፀሐይ☀️ ጻድቃን በአባታቸው መንግስት እንደ ፀሐይ ያበራሉ። ማቴዎስ 13፤47	neutral
ተው አውዳመታቸውን በሰላም ይዋሉ:: እንደምታውቀው ይሄ ኒው ይር ለነሱ በጣም ዲር ነው??	neutral
የሚያዝናናው እዚህ ሰፈር ያሉ ባለብዙ ተከታዮች እንደዚያ የሚያምኑ አሉ ????	neutral
በጣም ከባድ ህመም ነው ሃአ ትልቅ ሰው ነዎት ምድንወ ጥስው ርብቃመበ	neutral
በጉ ነበር ሄልሜት ማድረግ የነበረበት::	neutral
ሃገር /ክልል ሚመሩበት ፖሊሲ አላቸው	neutral
ጌታ ሆይ በህልምህ ነው በለኝ።?? ይሄኮ ምርጫን ለማሸነፍ the best groundspeed! ፓርቲያችን ጠቅላላ ጉባዔውን ለመጥራት ዝግጅቱን ይጀምራል መግለጫው በዛን እለት ??	neutral
በሀገር አንድነት ስም ለብሄር መታገል ከቁማርተኝነት አያወጣም!	neutral
መላክዬ ዘመዶች እንዳሉኝ ትረሳለህ ልበል? የኔ forgetful	neutral
ኢዜማን መምረጥ ሀገርን ከፈተና መታደግ ነው ሀገሪቱ በተፈተኑ፣ በሰከኑ፣ በተካኑ መሪዎች ትመራ ዘንድ ከሻቱ ካርድዎን እንዳያባክኑ። ኢዛማ ምርጫዎ ይሁን!!!	neutral
ባለጁ* በዝቶ እጅ እጅ ብላ ነው ☺  *ባለጁ ሰመም ወርቅም የለውም ??	neutral
እኔ የምለዉ ደሞ በፍጹም የለንም እንጂ እዉነትም ህብረብሄራዊ ፌዴራሊዝም ቢኖረን ኖሮ ለምን ኦሮሞ በአማራ ክልል ኦሮሞ ሆኖ አማራ በኦሮሞ  ክልል አማራ ሆኖ አ…	neutral
ግራ የሚገባኝ አማራ ክልል ውስጥ በትራፊክ አደጋ ህይወቱን የሚያጣው ህዝብ ብዛት ነው? ምንድነው ምክንያቱ?	neutral
አበረ አዳሙ በአማራ የሚከሰቱ ሁነቶች ተጋነው እንደሚተረጎሙ የተገነዘቡት ገና ትናት ነው  በአማራ ክልል ላይ የተከሰተውን ፈተና በመተንተን ረገድ ከእርሳቸው የተለየ እይታ ያላቸውን ሟ…	neutral
Really በጣም ያሳዝናል እየዘቀጡ ካሉ አገልግሎት መስጫ ቦታዎች  በፅዳት ያልተያዘ ቤት ደግሞ ብዙ ከስተመር አላቸው እኮ ሲያናድዱ የምር ክክክክክ	neutral
በማርክሳዊ ሌኒናዊ አመለካከት በመሰረቱ ራስን በራስ ማስተዳደር ነው::መከበር ነውየሌላ ጫና የለም ራሱን ይችልና ይተዳደራል:የጋራ አስተዳደር (federal)አካ…	neutral
የተመሰረተ ማርያም ገዳም። ኣየ የናንተ እምነት	neutral
የክሪስመስ ዛፍ ላይ ጥጥ እናረግ ሁላ ነበር???♂️	neutral
ሲሮጡ የታጠቁት ሲሮጡ ይፈታል እንዳይሆን ። በውህደቱ እኛ ብቻ ነን ልክ ካላሉ ። እውነተኛና ሰላማዊ ምርጫ ከተደረገ ። የመጪው ምርጫ በውህደቱ ላይ ሪፈረንደም ይሆናል።	neutral
እና እኔ ፊት ላትቆሚ ነዋ	neutral
ትላንት ሂርና ላይ ፕሮግራም ተካሂዷል። በዚህም እጅግ ከፍተኛ የሆነ የሰው ቁጥር ለአመራሮች አቀባበል አድርጓል። አመራሮቹ ዛሬ ሃረር እንደሚገኙም ሰምተናል። ፕሮፌሰር መረራ ጉዲና፣ አ…	neutral
ይህ የሚበረታታ ለውጥ ነው። ምክንያቱም ብዙ ገንዘብ ያላቸው የክልል ባለሀብቶች ትንንሽ ከተሞች ላይ አላስፈላጊ ሃብት ይፈስና ባለሀብቱም ለኪሳራ ከሚዳርጉ እና ሃገር…	neutral
ለማረጋገጥ እየሞከርን ነው ስትሉ የታገቱ ተማሪወች ወሬ የተረጋገጠ አይደለም እያላቹህ ለአጋቾቹ ሽፋን እየሰጣቹህ እንደሆነ አስተውሉ። መርዳት ካልፈለጋቹህ…	neutral
ሙሊት ዙሪያ ግብጽ አዲስ ሐሳብ ይዛ በመቅረቧ ስምምነት ላይ መድረስ እንዳለተቻለ የኢፈዲሪ ውሃ መስኖና ኢነርጂ ሚኒስቴር ስለሺ በቀለ (ዶ/ር) ገለፁ	neutral
ቢያንስ አንድ ቀን የቴዲ አፍሮን የሚሊንየም አዳራሽ ኢትዮጵያ ወደፍቅር ኮንሰርት ቪድዮ ማየት አለብህ ! መስማት አለብህ ! .. ግዜ ከሌለህ .. ውሸታም ነህ ... ጉራ ብቻ !  አሜን !	neutral
የወጪ መጋራቱ አካል ነው	neutral
ብዙዎች በፖለቲካው በማህበራዊ ኑሮ በሐይማኖት መድረኮች በተለያየ  ስራዎች ስህተቶች ላይ ተንታኝ  ሆነዋል ያለመጠን ሲያወሩ  ሰዎች የአፍ አከፋፈታቸውን ሲመለከቱ እኔ ግን ባወሩ ቁጥር…	neutral
የቤተሰብ ጨዋታ ፖለቲከኞች እና ጋዜጠኞች ጋር ልዩ የገና በዓል ዉድድር	neutral
አዴፓ በቅርቡ ፖሊሶች አስመረቅሁ ቢል አይገርመኝም።	neutral
አንዱኮ ነው ?? መግዛቱን ጎረቤቶቹ እንዲያውቁለት ይሄው ሁሉም ግቢ እየዞረ በበጉ ስም ሳር እየለመነ ነው ??	neutral
ርችትና መተኮስና  ጦር መሣርያ ይዞ በሌሊት ግለ ሰብ ቤት ሄዶ ማንኳኳት   የሰማይና መሬት ልዩነት አለ. ምንድነው የምታወራው እያወቅክ ነው?	neutral
ጎን ለጎን ሚዛን አስጠብቃለው። ጂም ከመሄድ ይሻላል በማለት ነው። በአካል ለመወፈር ብዙ መርሳት ያለብኝ ጉዳዮች አሉ።   አካበድኩት	neutral
ሰበር መረጃ  ሞጣ ባጃጅ ሹፊር ሙስሊም ቤንዝል አርከፍክፈው የማቃጠል ሙከራ እና ከፍተኛ ድብደባ እንደተፈፀመበት ከቦታው ወንድሞች አድርሰውናል!! አሁን ጥቃት ለመሰንዘር እየተሞከረ ይገኛል።	neutral
ይቺ እኔም አይቅርብኝ ባለ አዲስ አመትነት••••	neutral
ድረገፃችን እድሳት ላይ በነበረበት ወቅት ማንበብ ላልቻላችሁ፥ አዲስ ማለዳ ከፖለቲከኛው ጃዋር መሃመድ ጋር ያደረገችውን ቆይታ ከዚህ በታች ያለውን ማስፈንጠሪያ በመጫን ማግኘት ትችላላች…	neutral
በሸበል በረንታ  ወረዳ  የመ/ ኮሙ/ ጉ/ ጽ/ቤት  የሚ/ል/ የመ/የሕ/አስ/ የስራ ሂደት  በየእድውኃ የመጀመሪያ  ደረጃ  ት/ቤት  ማየት  የተሳናቸው ተማሪዎች  በሚዲያ ልማት  የስ…	neutral
ማንችስተር ሲቲ አጉዬሮ ሀክትሪክ በሰራበት አስተን ቪላን 6 ለ 1 በሆነ ሰፊ ጎሎች በብልጫ አሸንፏል። ትናንት በነበረው ሌላ ጨዋታ ዋትፎርድ በርንምማውዝን 3 ለ 0 አሸንፏል።…	neutral
አንተስ በአክሱም ታሪክ በትግራይ ታሪክ አገው በ 10 ክፍዘም ጀምሮ ያድረገውን ድርሻ ለምን አተዘቅርም። ሰው እኮ ስተወቅስ ጥያቄ ያስነሳል፣ ዝም ብሎ አይደለም	neutral
በየ እስር ቤቱ የምትገኙ የህሊና እስረኞች እንካን ለገና በዓል በሰላም አደረሳችሁ።	neutral
እውነት ነው ብዙ መንግስታትንም አስተናግዳለች ነገር ግን መንግስት ምስረታ ዛሬም የአገር መፍረስ ቁ1 ስጋት ለምን ሆነ? ነው ወይስ መንግስት እንጂ አገር አልነበረንም?	neutral
እሱ ምንድን ነው?	neutral
ይሄማ ቀላል ነው...ቅዱስ ጊዮርጊስ እና ኢትዮዽያ ቡና	neutral
ሀሳብ ሳይበለጽግ.... ቃል እየቀደመ ሸማ ሳይሰራ...... ሹም አየቀደመ ጉባኤው ሳይሞላ..... ፊርማ እየቀደመ      ባልለማ ማሳ ላይ......ዘር እየተረጨ     ይበቅላል ያልነ…	neutral
ከሚያዝያ ጀምሮ አይደል እንዴ የምቀውጠው ?????? የኔ ወተር ቴስቲንግ ከወር በፊት ነው ??	neutral
ባህርዳር የማይነካውን ስትነካ እናቶችም ቤታቸው አይቀመጡም	neutral
አመርቂ መሆኑ በዉሀ እና ኢነርጂ ሚ/ር ጨምሮ አዲስ አበባ ውሀና ፍሳሽ እና በክልል የውሀ ሴክተሮች የምርመራ ውጤት መሰረት ቢረጋገጥም ላለፉት 9አመታት ወደ ሥራ ማስገባት አልቻልኩም ።	neutral
ለግጭቱ በር የከፈተውንማ እናውቀዋለን:: እነሱን ዝም ማለታችሁ ሳያንስ ጭርሽ ተማሪውን ወጪ ተጋሩ ማለት አይከብድም?	neutral
፬. የኣመሻሽ ጉዞዎ መዳረሻ ወደ ኤርታዕለ የተጠጋ ስፍራ ሲሆን በእሳተ ገሞራው ኣቅራብያ ማደር ያስፈልጋል.ይህም ለጉብኝት ምቹ ሰኣት ለማስተካከል ነው. የእግር ጉዞው በኣስጎብኚዎች ከ…	neutral
የኢትዮጵያ እና የአሜሪካንን የሁለትዮሽ የመከላከያ ትብብር ለማጠናከር ዛሬ ጠዋት አቶ ለማ መገርሳ ዋሽንግተን ዲ.ሲ. ገብተዋል::	neutral
ሲያናድዱ መስራት ያለባቸው አንገብጋቢ ጉዳይ ሲከብዳቸው ተራ ተራውን ያወሩናል እንዴ?  አቅጣጫ ያስቀየሩ መስሏቸው የአቅማቸውን ልክ እያሳዩን ነው	neutral
ጆኒ ብታምንም ባታምንም ፍሬሽማን እንደገባን ሌሎች ፍሬሾችን ያልከውን አድርገናቸዋል። ይህን ያህል ጮኬ ነበርን።	neutral
ዝም ብለህ የምታውቀውን ብቻ ብትናገር ሃሳብክን ለመግለጽ ይበቃህ ነበር። ለማንኛውም ዋናው ነጥቤ የተማሪዎቹ በህየወት የመቆየት ጉዳይ ዋና እና አንገብጋቢ ነው። አሁ…	neutral
???????? ወያኔ በየቀኑ ምልልሷ በስብሰባ አዳራሽና ሽንት ቤት ሆነ በቃ?!	neutral
17. ኩራተኛው ድመት   ዋጋ: 4:25 ብር  አሁን: የጠፋ	neutral
ክልሉ በዮኒ ማኛ ነው የሚተዳደር ስልህ ቀልድ መስሎህ ይኾናል! ዛሬስ አልተገለጠልህም ወይ?	neutral
እንደገና ደግሞ ጠቅላላ ጉባኤ መጥራት ወዘተ እና መሰሎች ቀላል ስራዎች አይሆኑላቸዉም እያሉ ነዉ ።   ሞተን ነዉ…	neutral
ዘውጌ መቼም ቢሆን ብሄርህን ካልቆጠርኩ ነው የሚልህ...	neutral
ጠቅላዩ  ቦረና ዞን ያቤሎ ከተማ ገብተዋል።ሲደርሱም የአካባቢው የሀገር ሽማግሌዎችና ነዋሪዎች ደማቅ አቀባበል አድርገውላቸዋል፡፡በቆይታቸውም ከህብረተሰቡ ጋር ውይይት የሚያደርጉ ይሆናል፡፡	neutral
ለኢዜማ የሴቶች ድጋፍ√ የፌስቡክ ግፃችንን ይውደዱት	neutral
የጋምቢያው ፕሬዚዳንት አዳማ ባሮ ቀጣይ ምርጫዎች ላይ ያለ እንቅፋት ለመወዳደር አዲስ የፖለቲካ ፓርቲ መመስረታቸውን ገልፀዋል፡፡	neutral
አሜሪካ የኢራኑን ጄኔራል መግደሏ የሚያመጣው ጦስ እያስፈራ ነው፡፡  የኒውክለር ምርቴን ለጦር መሳሪያ ለማዋል ወስኜአለሁ ብላለች፡፡  ዝርዝሩን ያንብቡ::	neutral
ኮፒ ስትገዢ መቼም የወረቀት እና የህትመት ነው ምትከፍይው፣ ፍሬም ለማሰራት ደግሞ የእንጨት እና የመስተዋት እንዲሁም ፍሬ ምን የሚሰራው ባለሙያ የእጅ ነው ምትከፍይው፣ ስል…	neutral
አህመዲን ጀበል ጀነራል አደም መሐመድ ሙስሊም ስለሆነ ብቻ እንዴት የብሔራዊ  መረጃ እና ደህንነት ቢሮ ኃላፊ ሆኖ ይመረጣል ብለው ተቃውሞ  ያቀረቡ የመንግስትባለስልጣናት ነበሩ…	neutral
ሚንስትር ሒሩት ወ/ማርያም አሁን ያለው የዩኒቨርሲቲ የነጻ ትምህርት ለግጭቶች በር ከፍቷል ስለዚህ ተማሪዎች በብድር እንዲማሩ እናደርጋለን ብለዋል  እውይይይ!!	neutral
5.  ለጉብኝት ወለጋ ብሄድ ይገሉኛል። ወለጋ ሄጄ ብገደል ወለጋ እና ጅማ በሰላም አብሮ አይኖርም። ~ አብይ አህመድ	neutral
???????????? አረ እኔ እኮ generally የደረት አጥንት አድናቂ ነህ ወይ ነው ያልኩት። አንተ ዘለህ ልጆች ጋር ደረስክ	neutral
ምን አይነት ኳስ መጫዎት እንደምትችሉ መምረጥ የምትችሉት እናንተ ናችሁ። አካባቢውን እና ችግራችሁን የምታውቁት እናንተ ናችሁ።  የቦርሲያ ሞንቸግላድባህ ም/አሰልጣኝ ሬኒ ማሪች  Ve…	neutral
ጎበዝ! እነሱ ይቀልዱ ተያቸው እሺ	neutral
ኦሮሞ ይኑር አማርኛ እንዲማር አሉ ንጉስ ሚኒሊክ	neutral
ዛሬ ኢትዮጵያ ውስጥ መንጋ እና ካድሬ ተፋጠዋል። ሌላው ጨዋ ሕዝብ ከዳር ቁጭ ብሎ እዝጊዮ እዝጊዮ እያለ ድራማውን በመከታተል ላይ ይገኛል። ለኢትዮጵያ ግን ከሁለቱ ማንም ቢያሸንፍ ወይ…	neutral
ከተማ አስተዳደር ከታኅሣሥ 10 የእምነት ተቋማት ቃጠሎ ጋር በተያያዘ የሞጣ ከተማ አስተዳደር ፖሊስ ጽሕፈት ቤት ኃላፊ፣ የፖሊስ ወንጀል መከላከል ኃላፊ፣ የሚሊሻ ጽሕፈት ቤት ኃላፊ…	neutral
የሸዋ ክርስቲያን ገበሬ አዲስ ዓመት ነው አንተ የምታውቀው ማለት ነው። :)	neutral
‹‹ሥም ማጥፋትን ከወንጀል ዝርዝር ማውጣት መሰረታዊ ነው››	neutral
የአዲስ አበባ ፐብሊክ ሰርቪስ ባወጣው የ0 አመት የሥራ ቅጥር ለተመረጣችሁ በሙሉ፤ የመፈተኛ ቦታዎች አድራሻዎች በምስሉ እንደተቀመጠው መሆኑን ለማሳወቅ እወዳለሁ። ምንጭ:- አ.አ.ፐ…	neutral
ከማእከላዊ ማሰቃያ ለምን ወጡ? ለምን ወደ ቃሊቲ ተዛወሩ?  Classic ቤቲ :)	neutral
ወደ ዜግነት ፖለቲካ መሸጋገሪያው ድልድይ፣ ሀቀኛ የማንነት ፖለቲካን ማራመድ ነው!!	neutral
ኢንጅነር ስመኘው ለምን ለምን ሞተ?!  ተንበርክከን ቢሆን-  *የዋሽንግተኑ ስምምነት የ“ለውጡ” ዘላለማዊ ምልክት ሆኖ ይኖራል።  *ከዚህ በኋላ ትውልድ ይቅር አይለንም።   *አድዋ ይ…	neutral
ከዚህም በተጨማሪ ለ7 መምህራን ቀላል የጽሁፍ ማስጠንቀቂያ፣ ለ3 መምህራን የመጨረሻ የጽሁፍ ማስጠንቀቂያ፣ ለ3 መምህራን እና ለ8 የአስተዳደር ሰራተኞች እንዲሁም የጤና ባለሙያ ሙሉ በሙሉ ከስራ እንዲሰናበቱ ወስኗል፡፡	neutral
common ሴቶች ያሉትን አስታወስሽኝ.....የአዲስ አበባ ጥቂት ፌሚኒስት ሴቶች ወንዶች እንጀራ መጋገር አለባቸው አይነት radical አስተምህሮት ባማፈሱ ሰሞን ብዙዎ…	neutral
ትንታኔ ??????  ግለሰቡ  ግለሰቡ አደገኛ ነው  ግለሰቡ በእርግጥ ተጽኖ ፈጣሪ ነው  ግለሰቡ ሃብት አካብቷል  ግለሰቡ ወደ ኦፌኮ ሄደ ወይስ ኦፊኮ ወደ ግለሰቡ መጣ  ግለሰቡ ብልጽግናን ሊበቀ…	neutral
ሰው ባላነበበው ፈርሞ ይታረዳል ፍቅር ብልጥ ሆኖ ሰውን ሞኝ ያደርጋል!	neutral
እንደ ብርግነትና አካባቢዋ ላሉ ገጠሮች አንፃራዊ ቅርበት ያለው ትምህርት ቤት መኖሩ ልጆች እለታዊ ኑሮ የሚያታግላቸው ወላጆቻቸውን በእረኝነቱ፣ አጨዳውና ዉሃ መቅዳቱ የሚረዱበት ግዜ እ…	neutral
ኢራን በኢራቅ የሚገኙ የኣሜሪካ ወታደራዊ ማእከላት ላይ ሚሳይሎች ተኩሳለች።  ፦ በጦር አዛዧ እና በኣምስት ከፍተኛ ኣመራሮቿ ላይ ኣሜሪካ የወሰደችውን ግድያ ለመበቀል ኢራቅ ውስጥ ባ…	neutral
ሁሉ ነገር አንድ መጨረሽያ ነው ያለው፣ sausage ግን ሁለት አለት ሲል ጀርመን ምን ማለቱ ይሆን፣ ብለው ያውቃሉ፣ google ላይ አይተው ያሳውቁን።	neutral
በተግባር_ማስጎብኘት   በጎንደር ከተማ 154 ወጣቶችን የሚያሳትፈው ይህ አዲስ ሥራ ከመጪው ጥር 4 እስከ ጥምቀት ዋዜማ ጥር 10 ጠዋት ድረስ በየቀኑ ደምቆ የሚቀርብ ይሆናል።…	neutral
የሮሜ መልዕክት ጥናት 2ኛ ሣምንት ክፍል 6  የሮሜ መልዕክት ጥናት...	neutral
አሁን ነጭና ጥቁር ብዥ እንደማይል ሁሉ የክልል3 መንግስት ጋብቻውን አፅንቷል። ነዳነዳ አረጉ በኛ ላይ ሊሄዱ እስኪ እናየዋለን ካስኬደ መንገዱ በኛም ሰበብ ዋጅቧል በጀሊል መደዱ!!!	neutral
በሬን ብፈልግ ከሠረቀኝ ጋራ የትም አላገኘው ብወርድ ብወጣ ተራራ!!	neutral
ገና... አቶ ዳውድ ኢብሳ እና ብርሃኑ ነጋ (ፕ/ር) በአሻም ቲቪ!  ክፍል 1 ረፋድ 5 ሰዓት ላይ  ክፍል 2 ከቀኑ 10 ሰዓት ላይ  መልካም በዓል፡፡	neutral
የአገርን ጥቅም የሚያስጠበቅ እና  መተማመንን የሚፈጥር ንግግር አይደለም፡፡ ታምራት ይህን ስላሌ የኢትዮጵያዉያን ፍላጎት ተደርጎ መወሰድ የለበትም፡፡	neutral
ሄክታር በሆነው የራሳቸው ነባር ይዞታ እና በ1.5 ሄክታር የከተማ አስተዳደሩ ይዞታ ለይ በጋራ የሚገነባው ይህ ዘመናዊ መንደር፤  የገበያ ማዕከል፣ ሆቴል፣  የመኖሪያ አፓርትመንት እና የአፋር…	neutral
በሕገወጥ መንገድ ቢሆንም ኢሕአዴግ መፍረሱ አሁን እርግጥ መሆኑን የተናገሩት አቶ ጌታቸው፣ ሦስቱ የኢሕአዴግ አባል የነበሩ ድርጅቶችና አጋሮች በውህደት አዲስ ፓርቲ የመመሥረት መብ…	neutral
Ethiopia ውስጥ በአሁኑ ሰዓት የሚደረጉ ሰልፎች አብዛኞቹ ከሃይማኖታዊና ፖለቲካዊነታቸው ይልቅ የኢኮኖሚው መዳከምና ከፍተኛ ችግር ውስጥ የመሆኑ ውጤትነታቸው ይጎላል።ስራና ገቢ ያ…	neutral
አራት ተጨዋቾችን አቁሞ? Pukki ጀግና	neutral
Funny ኦሮሞዎቹም የሚያምኑት ከአማራዉ ይልቅ ቻይናዉን ነዉ አሁን ደሞ በማን ያሣብቡ ይሆን ሚኒሊክ ነዉ እንደዚህ ያረገዉ እንዳይሉ ብቻ እንጀ…	neutral
1)የታማሪወች ጉዳይ ምዝገባ በማመልከቻ ለክፉም ታስቦ ቢቀነቀን ተሞግቶ ሐሣብ ተጨምሮበት ጥቅሙ ተጠቅሦ መልካምነቱ ታምኖ እንዲገፋበት ይሁን እግዝያብሔር መልካም ብቻ መሥራት ሣይሆን ክ…	neutral
የኢዜማ ህዝባዊ ስብሰባ ቅስቀሳ በጀሞ	neutral
ቅዱስ ጊዮርጊስ ከ ድሬዳዋ ከተማ - ቀጥታ የውጤት መግለጫ	neutral
ፖለቲከኞች ከሀይማኖታዊ በዐላት ላይ ንግግር ባያደርጉ ጥሩ ነበር ቤተክርስቲያኗ ብትከለክል ይሻላል ብየ አምናለሁ!!✍...	neutral
የከምባታ ጠምባሮ ዞን፦ክልል ሆኖ ለመዋቀር ያቀረበው ጥያቄ በደቡብ ክልል ምክር ቤት እንዳይቀርብ ተደርጓል የሚል ክሱን ለፌዴሬሽን ምክር ቤት አቀረበ፣ ዞኑ ወይዘሮ ኬሪያ ኢብራሒም የሚ…	neutral
የብልጽግና ፓርቲ ስራ አስፈጻሚ ኮሚቴ  ዛሬ የመጀመሪያ ስብሰባውን ያካሂዳል፡፡	neutral
መቀሌ ፈረጠጡ እኮ ፈርተው:: አስነኩት:: ???????? አዲስ አበባ ይናፍቅሃል:: ????	neutral
ምን አይነት አጨዋወት ነው ??? በግራ እጅ ሳንቲም ይዞ ነው እንዴ ሚጫወተው??? ጊታርን እንደ ክራር??	neutral
እኔ የዘመኑን ክሊክ አድርጌ መከራየን የምበላው ምን ልበል?	neutral
ሳሙኤል አወቀን ገለን እናርፋለን ያለው አዴፓ ሚሊን ሳሙኤል በአካባቢው ተፈጥሮ አዴፓ ተከባ መውጫ መፈናፈኛ ተቸግራለች የክርስቲን ታደለ እስር ደግሞ ሞቷ ይሆናል።	neutral
በያ አንዳንድ ነገሮች ያሳስራሉ...	neutral
ውሳኔ ነው። ብድሩ ሲያጨናንቃቸው አርፍው ይማራሉ። አሁን ምግብና መኖሪያ ስለማያሳስባቸው ለመገዳደል ግዜ አግኝተዋል። የሌሎች አፍሪካ ሀገራት ተማሪዎች ዩኒቨርቲ ለመማር ያለባቸውን መከራ ቢያዩ ጥ…	neutral
ይህንን መልእክት ማጥበብ የሚችሉት ሁሉ በሕይወት እና በሞት ላይ ላለ ሁሉ ሞት መጨረሻው ቅርብ ነው	neutral
የሱኳር እናት ወይም ደምሳሴ እዳ	neutral
አንዳንድ መምህራን፣ ተማሪዎች፣ የአስተዳደር ሰራተኞችና የጤና ባለሙያ የተከሰተውን ሁከት በማነሳሳት፣ የህይዎትና የአካል ጉዳት እንዲደርስ በተለያዩ ደረጃዎች አሉታዊ አስተዋፅኦ በማድ…	neutral
80% የሚሆነው የመኪና ወጪ የማቴሪያል ዋጋ ነው:: በዚህ ረገድ መገጣጠሚያው የሚያድነው የጉልበት እና ኤነርጂ ዋጋ ነው:: ይህም ትልቅ አስተዋፅኦ ነው ግን ወደ…	neutral
እንደ ሀገር ከቀጥልን ወደብ በሚለው ሀሳብ እስማማለሁ ዳሩ የአማራው ህልውና ባልተጠበቀበት ሀገር መሆኑ ነው::ስለ ኤርትራ ጎዳይ ለራሱ ለህዝቡ መተው ነው እንዳንድ ዲያስፖራ አካባቢ …	neutral
የሕወሓት እና ብልፅግና ፓርቲ ጉባኤ ሕወሓት በኢሕአዴግ ውኅደት ዙርያ የመጨረሻ ውሳኔውን እንደሚያሳውቅ የሚጠበቅበትን ጉባኤ ቅዳሜ እና እሁድ ያደርጋል።…	neutral
ሰውየው በሰላም እንኳን አደረሳችሁ ማለት እኮ አልቻለም እንዴ	neutral
ለመሆኑ እነዚህ ምርቶች ይታወቃሉ ወይ ብለን የባዛሩን አዘጋጅ ኃላፊ ጠይቀናል፡፡ኃላፊው የሐገር ውስጡን እንጂ የውጪውን የሚቆጣጠረው ሌላ ነው የሚል መልስ ሰጥተውናል፡፡ ሸገር ይሄንን…	neutral
ለአመት በአል ከተገዛ ዶሮ/በግ ጋ ተላምዶ አይታረድም ብሎ እሪ ብሎ ያለቀሠ	neutral
Share Gods Word ትንቢተ ኢሳይያስ 43 18፤ የፊተኛውን ነገር አታስተውሉ፥ የጥንቱንም ነገር አታስቡ። 19፤ እነሆ፥ አዲስ ነገርን አደርጋለህ፤ እርሱም አሁን ይበቅላል፥ እና…	neutral
*** በቁመትማ አይሆንም?? *** ~~~~~~~~~~~~<<>>~~~~~~~~~~~ እንደዚያ ከሆነ ወያኔ ስልጣን መያዝዋ ነው። በቁመት ረጂሙ ኢትዮጵያዊ የትግራይ ተወላጅ ነው። © ይልማ ኪዳኔ	neutral
ይህንን ፎቶ  የዩንቨርስቲዎች መግቢያ ላይ መስቀል ነው??	neutral
???? እኔ የማንም አይደለሁም ስትይ ኳስ አልወድም ልትይ መስሎኝ ነበር::	neutral
የአዲስ አበባ ከተማ አስተዳደር የገና ስጦታ	neutral
የፌደራል አቃቤ ሕግ እና የIOM ውይይት	neutral
ኃጢያቶችዎ አልተስተካከሉም ፡፡ የዘላለም እጣ ፈንታ ከእውቀት ግዛት ውጭ በሚወጣው ማለቂያ የሌለው ባዶነት ውስጥ ይመጣል ፡፡ በእብደት ውስጥ እውነትን ፈልጉ ወይም መነጠቅ የመጨረሻው…	neutral
እኔ ብቻ ነኝ አደይ አበባ የመሰለኝ  ምን አልባት የ ምዕራቡ አለም የኛን አደይ እውቅና እየሰጣት ይሆን	neutral
አሁንስ እንደምትጠባ ማወቅዎ  ምንም ችግር የለውም።	neutral
ኢዜማ በአርሲ አርሲ ዞን ሳጉሬ ከተማ ኢዜማ ምርጫ ወረዳውን ኣደራጅቷል። ኢዜማ የማይገባበት የኢትዮጵያ መሬት የለም የተባለው ያለምክንያት አይደለም!	neutral
ለሚሾ አንተ “ ተከብቤአለሁ” በልና አየሩን ይዘህ አዳሜን አፍዝዝ አደንግዘውም። እኔም ይሄ ብልጽግና ፒፒ ከተሳካ መልካም ካልተሳካም ያው…	neutral
እንግዳ መቶ በድብቅ እንጀራ ጊዥና ነይ ተብዬ በጓዳ ስላክ በሳሎን ተመልሼ እማዬ ስንት እንጀራ ነው ያልሽው ብዬ ዝረጥጥ????	neutral
ወራቶች በሗላ የታክሲ ላይ ክራሽህን ሰልፍ ላይ ስታገኛት.... ሰኞ be like	neutral
ጥያቄው ማነው ዩኒቨርሲቲውን የሚመራው ነው	neutral
በአገር ማስተዳደር እና ቤተመንግስት በማደር ሰፊ ልዩነት አለ።	neutral
የመጀመሪያውን ለመናገር አውሮፕላኑ ላይ ለመቆየት ይችላል ውሰ ውቀበደተየ ምን እንደነገራችሁ ማወቅ ነበረብን ውነድንም ጃምርእ ዩጣቀ ዎድቅዕ ደንእ	neutral
ገቢዎች_የኮንትሮባንድ_ቁጥጥሩን_አጠናክሯል!!        ሳምንቱን አራት ሚሊየን (4000 000)ብር የሚጠጋ ዋጋ የሚያወጡ የኮንትሮባንድ እቃዎች ተያዙ፡፡	neutral
ለኢሳቅ ብቻ።   የለጠፍከው ገፅ ከዚህ በ1985 ከተፃፈ መልሀፍ የተወሰደ እንደሆነ እግረመንገድህን ብትገልፅ ፎሮፌሽናል ትሆን ነበር። ??????	neutral
ወደ እኛ ሁላችን እንሞታለን	neutral
ምነው አብይ አህመድ ነኝ አልክ :-)	neutral
35 ዓመታትን በስልጣን የቆዩት የኮንጎው ፕሬዝዳንት ድጋሚ በምርጫ ሊወዳደሩ ነው	neutral
መልስ መስጠት ያለብን በሁሉም የሀገሪቱ አካባቢዎች ያሉ ወጣቶች የዚህ ዓይነት ርኩስ ተግባር ለመፈጸም ተራ የሚጠብቁ  የሚል መሆን አለበት። ስብሰባ ማካሄድ እና ተቃቅ…	neutral
የምትመለከቱት አሳዛኝ ድርጊት የተፈፀመው አማራ ክልል ውስጥ ነው። ህፃናት በሽፍቶች እየታገቱ ወላጆች ለታገቱት ልጆች ማስለቀቅያ ከ100ሺ እስከ 400 ሺ ብር ገንዘብ ይጠየቃሉ የለንም…	neutral
ይኼ ቺስታ ሕዝብ ተመቸው በለኛ! አፍጥኑት! አፍጥኑት! ማለታቸው አይቀርም።	neutral
እሱ በተናገረበት ድምፀትና ድፍረት እንደዛ ያለን ንግግር ያለ ምንም መረጃ መናገር ከባድ ነው ብዬ እኮ ነው።	neutral
አብን በዚህ ወቅት ባለው አቋሙ ብሄርተኛ ነው ማለት ይከብደኛል፡፡ለሀገራዊ አንድነት የሚያደርጉት ጥንቃቄ ”የአንድነት ሃይል” ነን ከሚሉት የተሻለ ነው፡፡ከየአቅጣጫው ትንኮሳ እየደረሰ…	neutral
አተረማመሰው!  ......ገላዬን አመሰው ..... .. የተባለለትን ሰውዬ ለማበረታታት መሰለኝ	neutral
መልስ 2.  ቤተመቅደስም ስንሰራለት ባንድ ቦታ ላይ ተወስኖ ይኖራል ብለን አደለም።  በጸጋው በበረከቱ በምህረቱ በተለየ ሁኔታ ይገኝበታል፣  እዛ ቦታ ላይ በፍቅር ተሰብስበው የሚያመል…	neutral
ስንት ጎዳና ላይ የወደቁ አሉ እልቅ አትረዳም ከቻልክ ሰው የያዘው ከሚያምርህ?	neutral
የብልፅግና ወቅታዊ አቋም እና መፃኢ እጣ ፈንታ ????????	neutral
ልጅ _ሚስት ላገባ ነው  አባት -በምን ልታስተዳድራት? ልጅ - በህገመንግስቱ	neutral
ሰማይ አንዳንዴ እንዲ ነው ልብ ይሰርቃል	neutral
የአገሪቱ የፍትህ ስርዓት ገለልተኛና ሚዛናዊ ባለመሆኑ ፍትህ አገኛለሁ ብሎ ማሰብ መጃጃል ነው:: የአምባገነኖች መገልገያ ሆኗልና ይላል ኤርሚያስ አመልጋ:: በዚህ ምክንያት ችሎትም ፍር…	neutral
እንኳን አብሮ አደረሰን??ውል ውል አለኝ ደጅሽ ድግል ሆይ እልልልልሰሰሰሰሰ	neutral
ሻማን እንዴት በቀላሉ  ማምረት እንደሚቻል የሚያሳይ ቪዲዮ  ?	neutral
ትክክለኛው ስምህ ማነው	neutral
ችግሩን ከምርጫ ወረዳም በታች ካለ አደረጃጀትም አለ።የውክልና ጉዳይ በወረዳ ምርጫ የሚጠናቀቅ ጉዳይ አይደለም በዞን፣በክ…	neutral
የአብያተ ክርስቲያናት መቃጠል፣ የክርስቲያኖች ንብረት መውደም፣ የክርስቲያኖች መሰደድ እና የኑሯቸው መጎሳቆል በጅምላ ብቻ መነገር የለበትም። እያንዳንዱ ድርጊት በቁጥር፣ በጊዜ፣ በቦታ…	neutral
አንዱ በኮሜንት የባንዲራዋን ኮከብ ሰማይ ላይ ፈልጋት ብሎኝ ስፈልግ ባህርዳርና ደሴ አገኘኋት።  ድሮም መላጣ መሸሽ ልማዱ ነው ;)	neutral
ከፊለፊቱ ያለችው ቤቲ ነች እንደፈለገ ቢዋሽ ማን ይጠይቀዋል? ቢበዛ አንገቷን ብታነቃንቅ ነው።	neutral
ዶ/ር መቼ ነው ቀጣቀጣይ ማለት ልጆቹ ሲሞቱ ወይስ ምርጫው ሲያልፍ ????ዝምታው አልበዛም ከዛሬውኑ ጀምረን አስፈላጊውን ሁሉ እርምጃ መውሰድ አለብን።አልበዛም እንዴ…	neutral
የጠቀስካቸው ታዋቂ ሰወች በሙሉ ከአማራ እናታቸው ነው አማርኛን የተማሩት እና ያው የኛው ናቸው??	neutral
አሸባሪዎች ፡ ለፍርድ ፡ ይቅረቡ ፡ የአማራ ፡ ክልል ፡ መንግሥት ፡ ለወደሙት ፡ ንብረት ፡ ሀላፊነት ፡ አለበት ፡	neutral
ነፍጠኛ በብልጽግና ፓርቲ ስም ኦሮምያ ውስጥ መልሶ አይገባም ሲሉ አልሰማህም ቢኒ። ምንም ጥያቄ የላቸውም።	neutral
ለግንቦት ሃያ ነው ብለው ደሞ ጥርስ እንዳይነክሱብን	neutral
1/የሚያስመሰግንና እጅግ የሚያስደስት ..አንዳንድ ወንድሞቻችን ያልተረዱት ቢኖር የአዲስ አበባ ወንዞች የተሸከሙት ያለፉት 60 እና 70 ዓመታ…	neutral
እያልን ተሳፍረው በቸንቶ ስንት ህዝብ አለቀ መሪው ተበላሽቶ : Facebook Friends	neutral
ባለስልጣኑ የቆጣሪ ጥራት ችግርና ግምታዊ አሞላልን ማስቀረት የሚያስችለውን ዘመናዊ የቆጣሪ ንባብ ስርዓት ተግባራዊ ማድረግ ጀመረ	neutral
ኢትዮጵያ ውስጥ ትክክለኛ ፍትህ የመጣ ዕለት ተሰብስበው መከርችማቸው አይቀርም ይብዛም ይነስም እንደወንጀላቸው ምግባረ ጥፉ በስም ይደግፉ ብለዋል አበው	neutral
ቦርድ ከባለድርሻ አካላት ጋር የሚያደርገውን ውይይት ያዘጋጀው የመጨረሻው የምርጫ ጊዜ ሰሌዳ ተወስኖ ለህዝብ ይፋ ከመደረጉ በፊት ግብዓት ለማግኘት እንደሆነ ለተሳታፊዎች በበተነው የጥሪ…	neutral
መጋቢዎች የእግዚአብሔር መንጋ እረኞች ናቸው - “በአደራ በተሰጣቸው ላይ ሳይሆን ለመንጋው ምሳሌ ሊሆኑ ይችላሉ ፡፡” እናም እረኛው ሲገለጥ የማይጠፋውን የክብር አክሊልን ይቀበላሉ ፡፡ 1 ኛ ጴጥሮስ 5.3-4	neutral
ምንም ፌድ ምናምን የለም :: ምረጡ ብሏል I…	neutral
ለሚሠሩ በሀገር አቀፉ ደረጃ ቁጥራቸው 100000 እና በ አዲስ አበባ ደረጃ በተመሳሳይ ከ10000 በላይ ለሆኑ ወጣቶች እና ሴቶች አዲስ ስራ መፈክር በእርግጠኝነት እናገራለሁ ።	neutral
በነገራችን ላይ የአፋር መፋቂያ ከአገር ቤት ተልኮልኝ ያውቃል	neutral
ዳኦድ ኢትዮጵያ የተፈጠረችው በ ፎሪነሮች ነው ፤ ብላ ከ ሶርያ ኢራቅ ናይጄሪ ... አመሳስሎ ነው የሚያቃት ... ። ....  ይሄ ሰውየ መችም .... ??	neutral
ሁሉም ያለከልካይ በሚነድበት ሁኔታ የሚጠቅመው እንዲህ አይነቱ ነው!!	neutral
ዛሬ ደሞ አብርሃም ሊንከን በእናቱ አማራ ነው የሚል አክቲቪስት መጥቷል  ጌታ ሆይ አረ ቶሎ ና !!	neutral
የክፉዎች በትረ መንግሥት አይቆይም     ለጻድቁ በተሰጣቸው ምድር ላይ ፣ በዚያን ጊዜ ጻድቆች ሊጠቀሙባቸው ይችላሉ     እጃቸውን ክፉን ለመሥራት መዝ 125.3	neutral
ስለጓደኛዬ እያወራህ አይደለም አይደል???	neutral
ጥቂት ጊዜያዊ የሆነን ደህንነት ለማግኘት ሲሉ እጅግ አስፈላጊ የሆነን ነፃነት አሣልፈው ለሚሰጡ ጊዚያዊ ደህንነቱን እና ነፃነቱን አይገባቸውም ቤንጀሚን ፍራንክሊን ::	neutral
የአቶ ኢህአዴግ የቀብር ስነ ስርዓት ወዳጅ ዘመድ ባልተገኙበት ዛሬ ተፈጽሟል። ነፍስ አይማር	neutral
በምስራቅ ጎጃም ዞን በእናርጅ እናውጋ ወረዳ በወቅታዊ ጉዳዮች ሁኔታና በከተማ  በሚገኙ 3 ቀበሌዎች  ከተዉጣጡ ኗሪዎች ጋር ውይይት ተደረገ፡፡	neutral
የተቃጠለው አንድ መስጂድ ብቻ ነው:: ሌሎቹ የመስኮት (መስታወት) መሰበር ነው የገጠማቸው! ከሙስሊም አጣሪ ኮሚቴስ አንዱ! ሌላው ፕሮፓጋንዳ ነው	neutral
አንድ ላይ እናድርገው	neutral
ግለሰቡ በቁጥጥር ሥር ከዋለ በኋላ ሲጠየቅ ለአጎቴ ሸጨለታለሁ ይላል። የስልክ መስመሩ የተሸጠላቸው አጎት የሚገኙበትን ሌላ ስልክ ፖሊስ ከተቀበለ በኋላ ባደረገው ማጣራት፤ ግለሰቡ…	neutral
ጎጃም ሞጣ በመስጂዶችና በሙስሊሞች ንብረት ላይ በአክራሪዎችና በክልሉ መንግስት ቅንብር የተፈፀመውን አሳፋሪ የሽብር ጥቃት ለማውገዝ የተጠራው የተቃውሞ ሰልፍ በአሁኑ ሰዓት በባህር ዳር…	neutral
እዚህ ሦስተኛው ቀንዬ ነው።  ታላቁ ይነሣል መሬቶችሽም ይበዘዛሉ ሰብሎችዎም ተበላሽተዋል ፣ ነፍስሽ የእኔ ነው ፡፡  በሕይወት እስካለ ድረስ ሰላምን እና ደስታን በጭራሽ አታውቁም ፡፡…	neutral
???? Philippians 2 :6..✨እርሱ በእግዚአብሔር መልክ ሲኖር ሳለ ከእግዚአብሔር ጋር መተካከልን መቀማት እንደሚገባ ነገር አልቈጠረውም_ ነገር ግን የባሪያን መልክ ይዞ በሰውም ምሳሌ ሆኖ ራሱን ባዶ አደረገ::??	neutral
እስኪ እሱን አጠጥተህ ሰው አድርገኝና ሰው ይግረመው በናትህ ??	neutral
ከቀላል የፅሁፍ ማሰጠንቀቂያ እስከ ሙሉ በሙሉ ከስራ እና ከትምህርት የማሰናበት እርምጃ  ...... ጎንደር ዩኒቨርሲቲ ሰላም ነስተውኛል ያላቸውን መምሕራንን፣ ሰራተኞችንና ተማሪዎችን…	neutral
በጋምቤላ ጎግ ወረዳ ከባድ ዝናብ ከጣለ በኋላ የታታ ሐይቅ ከመጠን በላይ ሞልቶ በመፍሰሱ ከ800 በላይ ተማሪዎች ትምህርት ተቋርጧል፤ የ283 አርሶ አደሮች ማሳ አበላሽቷል፤ ለነዋሪዎች…	neutral
እውነት ነው።  በየበጀት ዓመቱ አማራው በረከት ስምዖንና በኋላ ከብአዴን የተመነጠሩት 23 የእሱ አይነቶች ፕሮጄክቶችን ያግዳሉ። በጀት መዝጊያ ላይ ገንዘቡ ተመልሶ…	neutral
ኢትዩጵያ ውስጥ ስላለው እውነታ ያወራል	neutral
እኔ መሳቅ አልችልም! ሻራኣኣኣፕ	neutral
እኔ እምልህ ሞጣ ሞጣ ብለህ ልትምት እኮ ነው? ትንሽ እረፍት አድርግ! በእንደ አንተ ዓይነቱ ቀሽም መጠላትን መወገዝን መገደልን ለምደነዋል! አዲስ ነገር አይመጣም ስትጮህ ብትውል!	neutral
ጉዳዩ ከትግራይ ጋር መች ሆንና ክህወሓት ጋር ብቻ ነው! ያውም ከወንጀለኞች ጋር ብቻ! እነሱ በበሉት ይጠየቁ የትግራይ ህዝብ ምን በወጣው?!	neutral
17 ታገቱ አለ፥ እሺ ብዬ ሰማሁት፥ ከታገቱት 21ዱ ተለቀቁ አለ፥ ጎዴፈላ ደነገጥኩ።ቀጠለና አቶ ንጉሡ አሁን ያልተለቀቁ 6 ታጋቾች ይቀራሉ አላለም።  1…	neutral
አሁን ይህ ምን ጥቅም ይሰጣል? ስራወ ቢመሰክር አይሻልም ጌታው?	neutral
ሰውን በጥላቻ አይን ከአየነው ሀቅ ቢናገር እንኳ ማስተባበላችን አይቀርም።	neutral
ለምን አንድ ሰው እንደሚመታ ንብረበነ ቅወማ ሁችራገነደንእ ንም ተረጋጋ ሐኪም ላአ ድቅእ ራረበየ	neutral
mota የሞጣ መስጂዶች ቃጠሎን በተመለከተ የኢ/እ/ጉ/ጠ/ም/ቤት የሰጠው ሙሉ ጋዜጣዊ መግለጫ እና ሪፖርት	neutral
ፅጌ 2000 ያልሞላ ፖሊስ ሲያሰለጥን ከጠሚው እስከ ሰፈር ካድሬው እርይ ብሎ ነበር። ሽመልስ/ለማ ለ29ኛ ዙር በአብዛኛው የኦነግ ወታደሮችን ያካተተ ከ10ሺ በላይ ወታደር ሲያሰለጥን ግን…	neutral
ካስሽ ግዜውን አስበዋ በ 1991 ዓም  1000 ብር እኮ አነስተኛ ደሞዝ ነበር	neutral
የኦሮሞው ይበልጥ ተንቀሳቃሽ መሆን ከአማራው ጋር ከሞላ ጉዳይ በስኬት መኖር እንዲችል አድጎት አል.	neutral
ለማና አብይ የተለያየ አቋም ስይዙ ሁላ ፌክ ነው ብለን አቋም ላለመያዝ ወሰን ። ድንጋይ ሁላ በአብይ ከሀዲ ጭንቅላት የሚገዛ አገር ካለ አሁንም እንተያያታለን ።	neutral
ከምርጫ በፊትና ከምርጫ በህኻላ የምትባል ድርድር ለህብ ጥቅም ወይንስ ለስልጣን ሽምያ? የምር ማትገባኝ ንግግር ናት ????.....?	neutral
?? እመቤቴ የአምላክ እናት ላመስግንሽ ቀን ከለሊት ለልጅሽም ክብር ዉዳሴ ታቀርባለች ዘወትር ነብሴ?? እንኳን አደረሳችሁ ??	neutral
በአርባምንጭ የነበረው ባህላዊ መስተንግዶ??!  - የባህል ልብስ አለባበስና ሽለላ! - የጋሞ እናቶች ጭፈራ - የሐበሻ አረቄ ሻት?? ?? - የጋሞ አባቶች ምርቃት  - የጋሞ እ…	neutral
ደሞ ያቃጥሉኝ ቀኑን ሙሉ????	neutral
አስተያየቶች  ?? ከማሸነፋችን በላይ ጨዋታውን ለማሸነፍ የሄድንበት መንገድ ጥሩ ነበር ውበቱ አባተ  ?? እንደ 2ኛው አጋማሽ አጨዋወታችን በ1ው አጋማሽ ብንጫወት ኖሮ የተሻለ ነገ…	neutral
በአንተ ላይ እንዲደረግ የማትፈልገውን ነገር በሌሎች ላይ አታድርግ። ነገር ግን ሰዎች ባንተ ላይ ሊያደርጉት ያሰቡትን ተንኮል ቀድመህ ከደረሰክበት ወዲያውኑ እነሱ ላይ አድርገው። ????	neutral
ስለዚህ በእውነቱ ሀዘንን ታገኛላችሁ ፣ ከዚያ በኋላ እንደገና አየሻለሁ ፣ በልባችሁም ደስ ይላቸዋል ፣ እናም ደስታዎን ማንም መቼም አይወስድም ፡፡	neutral
የተገደሉት አዳነ ያለው፣ ካሳየ ባንቲ፣ ክንዴ ያለው እና ካለው ብርሃኔ የተባሉ ሰዎች ነበሩ።	neutral
በአገር በቀል ኮንትራክተር የሚሰራው የወንዝ ሪቴኒግ ዋል ግንባታ  ለምን ለአንድ ኮንትራክተር ይሄሁሉ ስራ እንደተሰጠ አይገባኛም ስንቱ ላይሰንሱን ይዞ ቁጭብሏል…	neutral
የማንም የፌስቡክ አርበኛ ለሞጣ ከኔ አይቀርብም አቶ ተመስገን ጥሩነህ በአፋር የተናገሩት	neutral
በነገራችን ላይ ቆማል ተግሬ አላለም:: ቆማል አጋሜ እንጂ:: ????	neutral
ኧረ በስማም! ጨናቂ ነገር ነው። በ2 ፋንታ ፣ በ3 ሚሪንዳና በ2 ብርቱካን ሲያከብር ላደገ ሰው :)	neutral
ግብሩን ከተክሉ ለመለየት ነዋ ??	neutral
??????????  አዝግ የሆነውን ሰርቪስና ደባሪ ገፅታውን ትተህ ፍሉሃ የሚሰጠውን ደስታ: ቦስተን ደይ ስፓ አይሰጥም።   fluha >>>> boston day spa!!	neutral
ቋሚ ኮሚቴው የመንግስት ልማት ድርጅቶች እየተንከባለሉ የመጡ ችግሮቻቸውን እንዲፈቱ አሳሰበ	neutral
ናይ ድኹማት ኣእምሮ ክንየ ዚ ክሓስብ ኣይክእልን።	neutral
??ወ...ዮ... ?????♀️?????♂️ ውሃ ውሃ ውሃ ?????♂️?????♀️ኦሮሚያ ብልጽግና ውሃ በላት ???? ውይውይውይ	neutral
ስለታሪክ አፃፃፍ ማውራት ታሪክን አድቮኬት ማድረግ ነው እንዴ??	neutral
በሬ በሬ ከመሆኑ በፊት ወይፈን ነበረ።  ባህሪን ነው ጥንካሬን የሚወክለው?	neutral
ይህን የሚሉት የት ሆነው ነው?	neutral
ከዚህ በኋላ ተጋብተው ወልደዋል	neutral
በኦሮሚያ ውስጥ ተጽእኖ ፈጣሪ የሆኑት ሶስቱ ፓርቲዎች ጥምረት ለብልጽግና ስጋት?	neutral
“ሞትሰ ለመዋቲ ይደሉ - ሞታ ለማርያም የዐጽብ ለኲሉ”  ሞት ለማናቸውም ሰው የተገባ ነው - የማርያም ሞት ግን ኹሉን ያስደንቃል!                              ቅዱስ ያሬድ  እንኳን…	neutral
Caucasian_shepherd ገና የሁለት ወር ዕድሜ ያለው የሚያሳሳ ውሻ	neutral
1 ዮሐንስ 3 (1 John) 8፤ ኃጢአትን የሚያደርግ ከዲያብሎስ ነው፥ ዲያብሎስ ከመጀመሪያ ኃጢአትን ያደርጋልና።	neutral
የተሰጠህን ትንሿን ስራ መስራት አቅቶህ ማንም እየተሳለቀበህ ትልቁን ስራ ለማጣጣል  እንደመሞከር ምን ከንቱነት አለ?!  ከንቱ ምንግዜም ከንቱ ነው!????	neutral
ድንቅ አረዳድ ነዉ:: የችግሩ ምንጭ ግን የብሄር ፖለቲካ ነዉ:: ኦሮሞ; አማራ; ትግራይ; ጉራጌ; አፋር....ብለህ ፖርቲ ከመሰረትክ ኢትዮጵያም ሆ…	neutral
መስዋት መሆን አለበት ፡፡ ሁላችሁም ኃጢአት ሠሩ	neutral
የሁለተኛውን እንጃ የመጀመሪያው 45 ግን ተዓምር ነው!	neutral
አንተም ፈረንጅ ጠብሰህ ለምን እንድ እኩል እንልም ????	neutral
ዛሬ ጠዋት በወሎ ዩኒቨርሲቲ (ደሴ ካምፓስ) በተፈጠረው ብሄር-ተኮር ግጭት ምክንያት ሰይድ ጠይብ የተባለ የሁለተኛ አመት ተማሪ ተገድሏል።   በዚህ አመት ብቻ ከ10 በላይ ተማሪዎች…	neutral
እስክንድር ነጋ እና ኤርሚያስ ለገሰ በዳላስ ቴክሳስ የባላደራ ምክርቤት ስብሰባ - ቀጥታ ስርጭት	neutral
?????? ይሄ ንግግርህ ወደ መጀመሪያ አስተያየቴ ይመልሰኛል። ደግመህ እየው። የቀረውን ደሞ አሪፍ ማኪያቶ ፉት እያልን እንጫወታለን። ቀሽት ሰኞ ይሁንልህ።	neutral
ኢዜማ ይሄን ቁጥር ከየት አግኝቶት ነው? እኔ እንዳየሁት በተለይ ወደታች ያለው ሰራተኛ ከግብርና ኮሌጅና ኤክስቴንሽን የተማረ ሃይል እንደሆነና ከገበ…	neutral
እኔ እንዲሁ እነማቱሳላ ሁሉ ሲያልፉ ላይ ነው ማለት ነው cheers☕☕??!	neutral
ወላይታ ድቻ 2-0 ሲዳማ ቡና ⚽️ 48 ባዬ ገዛኸኝ ⚽️ 81 ኢድሪስ ሰዒድ _______________________  ወልቂጤ ከተማ 0-0 ቅዱስ ጊዮርጊስ	neutral
ለኢትዮጵያ ፌዴራላዊ አንድነት ትብብር	neutral
ከዚህ ሪፎርም ብዙ ትምህርት ወስጃለሁ። ??	neutral
እኔ ግን ፍቅር ብቻ ይሻላል ነው እምለው።	neutral
ጀርመን ለኢትዮያ የ-352.5 ሚሊዮን ዩሮ ድጋፍ ለገሰች።   ጠ/ሚ ዐቢይ አሕመድ ዛሬ ጠዋት የጀርመን የኢኮኖሚያዊ ትብብር ሚኒስትር ዶ/ር ገርድ ሙለርን እና የሠራተኛና ማኅበራዊ ጉዳ…	neutral
ፎቶውንም አይቼ የማውቀው ሰው አይደለም	neutral
ሳዋ የሄድኩት ፒፒሲ ፍሬሽማኖች እንደገቡ ፕሮክተር ነን ብለን ጋወን ለብሰን ለፅዳት ብር አዋጡ ብለን ልንቀፍል ግዜ ብቻ ነው	neutral
ከ35 በላይ መስጂዶች ሲቃጠሉ/ሲፈርሱ  የሃገር ሰላም ዋጋው ስንት መስጂድ ነው? በማለት ጠይቀናል።  አሁን ደግሞ  ከ 100 ቦታዎች በላይ ሕዝበ ሙስሊሙ ሰላማዊ ሰልፍ ሲወጣ  የ…	neutral
አርስቱ ስለ ብሄራዊ ደንነት ነው። የቀረበው ሃሳብ አምባገነን፣ ያደማንን መንግስት ትጥቅ ማስፈታት አለብን ነው። እያወሳ…	neutral
ግብፅ እና ሱዳን የህዳሴ ግድብ ቴክኒካል ውይይት ካለ ስምምነት ተጠናቀቀ!  የውይይቱ ካለ ስምምነት መቋጨትን ተከትሎ የኢትዮጵያ ውሀ፣ መስኖ እና ኢነርጂ ሚኒስትር ኢንጂነር ስለሺ…	neutral
እንዴት ናችሁ ደህና ናችሁ ከሱዳን መጣን ልናያችሁ!	neutral
♡ ሰውን ላስደስት ብለህ ብትሮጥ ይከፋብሃል .. ▼ አላህን ለማስደሰት ብትኖር ግን አላህም ሰውም ደስ ይሰኙብሃል ።  :¨·.·¨: ❀  ·.	neutral
ያው እኔ ላይ ትበረታላችሁ ??	neutral
እረ ምንም የሚያጽናናም፣ የሚያስከፋም ነገር የለውም። እውነት ነው የተናገርኩት፣ ዋሸሁ እንዴ? ደሞ ቋንቋ በቤተሰብ እና ባደክበት ነው፣ በዘር ወይም በደም አይወሰን፣ ምን አስጨነቀህ	neutral
የቢሮ ውስጥ አቀማመጣችን ሁኔታ ====================== በቢሮዎ ውስጥ ያልዎት አቀማመጥ ምን ይመስላል? በስራ ቦታስ ምን ያህል የአካል ብቃት እንቅስቃሴ ያከናውናሉ?....…	neutral
PP ና ኢዜማ የሚቀላቀሉ ዬመስልሻል? ቢቀላቀሉ ተስፋ ያላቸው ይመስላል።	neutral
እንደ ቻይና ኮምኒስት መንግስት ማለት ነው። ለ ሀምሳ ስልሳ ዐመት ብልፅግና አስተሳሰብ ተወዳዳሪ የለዉም እየተባለ ታዲያ ምን ምርጫ ያስፈልጋል ??	neutral
በኦሮሚያ ክልል ባሉ ዩኒቨርስቲዎች በነበረ አለመረጋጋት ከዩኒቨርሲቲ ወደ ቤተሰቦቻቸው ሲመለሱ ማንነታቸው ባልታወቁ አካላት የታገቱ የአማራ ተማሪዎችን ጉዳይ የክልሉ መንግሥት ትኩረት ሰ…	neutral
ሊሆን እንደሚችል መገመት እና ሁሉንም መርሳት እችላለሁ	neutral
አመት ሙሉ ቤተክርስቲያን ሲቃጠል አንዱም ጋር ሲሄዱ ቀርቶ ጠበቅ አድርገው ሲያወግዙ ያልታዩ ኢዜማ የተባለው ፓርቲ አመራሮች ሞጣ ድረስ ገስግሰው ለጉብኝት ሲገኙ በአማራ ክልል ላይ የተ…	neutral
ማን ሆኖ ነው ኤሪትራን የሚናገርባት ማን ሆኖ ነው የሚሰድበን	neutral
ወዴት ወዴት እሱ ሲናገር የነበረው life expectancy ከ 47 ወደ 63 ኣድጋል ነው:: ይሄ ደሞ የቁጥር ስህተት ካለበት በ evidence ሞግት ኣለቤለዚያ…	neutral
የአውስትራልያው የእሳት አደጋ እስካሁን 23 የሚሆኑ የእሳት አደጋ ሰራተኞችን ህይወት ቀጥፏል። እንዲህ ልብሳቸውን ጭምር አውልቀው በልብሳቸው የእንሰሳትን ነብስ ለማዳን የራሳቸውን ህይ…	neutral
ፖሊሲ ብቻ ሳይሆን: የፓርቲው መሪ መንነትም አስተዋፅኦ አለው.. ??	neutral
መሠረታዊ  የሆነ መረጃ የተገኘባቸው  እና በጥንቃቄ መሆን አለበት ከዛ ውጭ አንዱ ሌላውን ስለጠላው ብቻ እየጠቆመ  ከሆነ ግን የአካባቢያቸችን ስም እናጎድፋ…	neutral
❖አንዳንዴ ለሁለት ነገሮች ስንል ብቻ የምንኖር ይመስለኛል! ✔ስለተወለድን ✔ስላልሞትን	neutral
ከፍተኛ ሊግ | ሀላባ እና መከላከያ ነጥብ ሲጋሩ ነገሌ አርሲ እና የካ አሸንፈዋል	neutral
ወያኔ ከአሁን በኃላ የምንሊክ ቤተ መንግስት መግባት የምትችለው እንደ ማንኛውም ሰው ወረፉ ይዛና መቶ ብሯን ከፍላ ብቻ ነው።	neutral
ዘንድሮ የኮከብ ተጫዋች ወይም አስቆጣሪነት ክብርን አልማለሁ - ሰመረ ሃፍታይ	neutral
የኢትዮጵያ መድን ድርጅት ለኢትዮ ጂቡቲ የምድር ባቡር ከ95 ሚሊዮን ብር በላይ ካሳ ከፈለ	neutral
የፕሪምየር ሊግ ስድስተኛ ሳምንት ቁጥሮች እና እውነታዎች	neutral
እያባላና እያሣረደ ባላየዉም ሊገዛ ምክንያቱም መከላከያዉም ደህንነቱም ፍትሁም ምርጫቦርዱም ፖሊሡም በአክራሪ ኦሮሞ ስለተሞላ እነሡን እ…	neutral
Hahahaha እንዲህ ነው እንግዲህ  ገና  ምን አይተሽ ይቀኛል ??	neutral
ኢትዮጵያ ዉስጥ የግለሰብና የቡድን መብት መከበር አለባቸዉ ብዬ አምናለሁ -ሁለቱ መብቶች ሲጋጩ ግን የግለሰብ መብት መቅደም አለበት የሚል ጠንካራ አቋም አለኝ! ስለ…	neutral
እንግዲህ በሉ ተሰባስበን ኢትዮጵያ እንሂድና ስለ እጽዋቶች የመስክ ጉብኝት አድርገን እንመለስ ??	neutral
ሰው	neutral
የየትኛው ክልል ልዩ ሃይል ናት......	neutral
በየዩኒቨርሲቲው የእርስ በእርስ ግድያ፣ የሀይማኖት ተቋማት ውድመት ፣የህጻናት እገታ እና በየአካባቢው ያለው ስርአት አልበኝነት የተመረጠ መንግስት ካለመኖር ጋር…	neutral
በዚህም ሰበብ ከፍተኛ ገንዘብ የሆ የህዝብ የመንግሥት እና የእራሴም ጭምር ከሰሮዋል። ነገር ግን አሁን በመጣው የሀገራችን የመንግስት አሰተዳደር ለውጥ የክልሉ መንግስ…	neutral
ብልፅግና ፓርቲ በአገራችን ህልውና በሚፈታተኑት ላይ ቆፍጠን እና ቆምጨጭ ያሉ እርምጃ እና ውሳኔወችን ካሳለፉ ህዝቡ ከፓርቲው ጎን የማይቆምበት ምንም ምክንያት አይኖርም  በበኩሌ ሃላፊ…	neutral
ፅኑ ሰዓቢ አለህ አንተ ምን አለብህ	neutral
የሌሎች ከተማ ከንቲባወች መቸ ነው ከእንቅልፍ የሚቀሰቅሷቸው መሪወች መሪወችን ያመጣሉ እንጅ መንጋ መሰብሰብ ዘላቂነት የለውም!!!	neutral
በአሞሌ ካልሆነ ብሎ ድርቅና!!!  ሰውንም ብሩንም ካልፈለጋችሁ ያው ተመልሰናል!!!	neutral
በተለያዩ የመንግስት ከፍተኛ የትምህርት ተቋማት ተማሪዎች የነበሩ እና በግጭቶች ተሳታፊ ናቸው የተባሉ 170 ተማሪዎች ከአንድ አመት እስከ ዕድሜ ልክ የሚደርስ ዕገዳ እንደተጣለባቸው የ…	neutral
ብልፅግና ፓርቲ በአገራችን ህልውና በሚፈታተኑት ላይ ቆፍጠን እና ቆምጨጭ ያሉ እርምጃ እና ውሳኔወችን ካሳለፉ ህዝቡ ከፓርቲው ጎን የማይቆምበት ምንም ምክንያት አይኖር…	neutral
እኔ የምለዉ የአማራ አክቲቪስቶች ለኦርቶዶክስ  የኦሮሞ አክቲቪስቶች ደግሞ  ለሙስሊሙ ማነዉ ጠበቃ ያደረ ጋቸዉ ግን	neutral
እውነት ነው እቱ አሜን??????	neutral
ህልውና በኦሮሞ ሕዝብ እጅ ውስጥ ነው። ጃዋር ሞሐመድ  እውነት ወይስ እውነት?	neutral
ሠላም Z	neutral
ይቅርታ ጥፋቱ የኔ አይደለም ????! I blame the ጠጅ	neutral
የዜና ርዕስ በሚል ቢስተካከል	neutral
ማንነት ከዜግነት ፖለቲካ ጋር ተጣምሮ ካለተቀናጀ የሚሆነው የእኩልነት፣የአብሮነት፣የመታረቅ፣የመደመርና የመከባበር ፖለቲካ ሳይሆን የመነጠል፣የ…	neutral
ኧረ መላ መላ  አላመጣው የለኝ አልቀላውጠው ዛሬስ ከነባልሽ ልትናፍቂኝ ነው!!	neutral
ለ በዳኒኤል ብርሃኔ በኩል የተለቀቀ የህወሓት ይፋዊ የመልስ ምት ለዶክተር አብርሃም በላይ	neutral
በደምብ ይታወቃል እንጂ ሲራኩ። መቼና እንዴት እንደተተረጎመ ማን እንደተረጎመዉ በግልፅ የሚታወቅ ነዉ።	neutral
... አክዓብ ከእርሱ በፊት ከነበሩት ሁሉ ይልቅ በእግዚአብሔር ፊት ክፉ አደረገ ... የሲዶናውያንንም ንጉሥ የኤትበኣልን ልጅ ኤልዛቤልን አገባ፥ ሄዶም በኣልን አመለከ ሰገደለትም።…	neutral
አቡበከር አህመድ ችግሩ ከመፈጠሩ በፊት ለደመቀ መኮነን ፣ ለዳንኤል ክብረት እና ለክልሉ ፀጥታ ዘርፍ ሀላፊ እንዲያስቆሙ ደውሎ ነግሯቸው ነበር!!  ኡስታዝ አህመዲን ጀበል Ltv…	neutral
ኃጢያታችንን ብንናዘዝ ኃጢአታችንን ይቅር ካለን ከክፉም ሁሉ ያነጻናል እርሱ (ኢየሱስ ክርስቶስ) ታማኝ እና ትክክለኛ ነው። 1 ጁዋን 1 -9 ?? ??	neutral
በቤተ ሰማእቲ በቁፋሮ የተገኘው ጥንታዊ ከተማ | DW | 05.01.2020	neutral
እናንተ!!! ለ አንዳንዶቻችሁ ነገ መግቢያ አንድ አንድ እና ከዚያ በላይ መፅሐፍ እንደሆነ ታውቃላችሁ አይደል?  በሉ ይዛችሁ ከች በሉ!	neutral
የመጀመሪያውን ለመናገር አውሮፕላኑ ላይ ለመቆየት ይችላል ይዴይሜ	neutral
?????? ድንጋይ ከመወርወር የተሻለ ነው መቼም	neutral
ህዝብ በሚለው አልስማማም ። እንደሰው ሁሉም ዓይነት በሀሪዎች አሉን ።	neutral
ይሄን ስታይ የሻንቅላ ጦርነት ማስነሳቷ አይቀርም ብዬ ነው	neutral
ሰላም ግንባታ ምንድንነው? ስለ ሰላም ግንባታ መሰረታዊ ትውውቅ (introduction) ማወቅ ለምትፈልጉ ሁሉ ያላችሁን ጥያቄዎች በትዊተር DM ብታደርጉ በተቻለኝና ጊዜ በፈቀደ መጠን…	neutral
የድሃ ልጅ ጭቅላት የሚቀላ የእሱም ጭንቅላቱ ተቀልቆ መገደል አለበት  ሃዘናችሁ  ሀዘኔ ነው	neutral
ባልተለመደ መልኩ በርከት ያሉ ሴቶች ስልጣን ላይ በሚገኙበት ወቅት የብዙ ሴቶች እገታ ችግር አለመፈታት የሚገርም ነው።  ፍትህ ለታገቱ እህቶችና ወንድምች!!!!!  Please give…	neutral
?? ?? ?? እውነትኮ ነው:: አሁን የኛ ሰው ጠፍቶ ነው!አይነት ነገር!	neutral
በመስጠት ማወቅ Stitch2503 ተጨማሪ ሰዎችን አሉ ሆኗል	neutral
ትንሽ ጠበብ ብለህ መመካት አይቻልም እንዴ!????	neutral
ሰንበትን በተስፋ ለህፃናት በጎ አድራጎት:  ይህ በጎ አድራጎት ድርጅት በወ/ሮ ወይንሸት ከ19 አመት በፊት የተመሰረተ ሲሆን በኤች አይቪና በተለያየ ምክንያት ወላጆቻቸውን ላጡ ህፃናት…	neutral
ውነቱን የ ኢትዮጵያውያን ኣስተሳሰብ ከሆነ ደሞ እጅ ወደላይ ማረጉን ተለማመድ እሱ ነው የሚያድንህ እንደቀድሞው ??????	neutral
ፓፓጽ ፍራንሲስ ይህን የNewYear ምልክት ስለ የሴቶችን ቤተሰባዊ ጥቃት ከማውገዛቸው ትንሽ ሳት በፊት አንድን ሴት ስትይዣቸው ለማስለቀቅ ብለው እጅዋን በጥፊ መተዋል	neutral
ዶ/ር ጌታሁን፦ ሁላችሁም ለሰራችሁት ትልቅ ስራ እና ገድል ከልብ አመሰግናለሁ፤ ምንም መዘናጋት ሳይፈጠር የበለጠ በውስጣችሁ የያዛችሁትን እምቅ ሀብት ለእምዬ ሀገሬ የ…	neutral
መደራጀቱ የውድ ሳይሆን የግድ ነው!!	neutral
ወክላ 2ኛ የወጣችውን ኢትዮጵያዊቷን ለተሰንበት ግደይን ትቶ ሆላንድን ወክላ 1ኛ የወጣችውን ሆላንዳዊት ሲፈን ሃሰንን የሚያንቆለጳጵስ ትውልድ የተፈጠረብሽ ኢትዮጵያ እንዴት አደርሽ?…	neutral
ኤርሚያስ ለገሰ  አሜሪካ ቁጭ ብለህ ስለ አዲስ አበባ የሌለ የውሸት ታሪክ ለእነ እዝቃዬል ጋዲሳ ስትቀደድ ኢዜማ በአንድ ኢትዮጵያዊነት በመላው ሀገሪቷ አደራጅቶ እየጨረሰ ነው  ደሞ ምን ብለህ ትተረተር ይሆን	neutral
የ2012 የኢትዮጵያ ፕሪምየር ሊግ ዛሬ ተጀምሯል።   - የውድድር ዘመኑ የመጀመርያ ጎል፣ የፍፁም ቅጣት ምት ጎል፣ በራስ ላይ የተቆጠረ ጎል፣ ቢጫ ካርድ እና ቀይ ካርድ የሚከተሉት ና…	neutral
ስራን ለነገ ማቆየት አስፈላጊ አይደለም why wait?	neutral
እናቴ ኢትዮጵያን ሳስብ ነው ያሳለፍኩት	neutral
የ???? ታሪክ እውቀት በተስፋፋበት ዘመን፣ ቴክኖሎጂ በተራቀቀበት ወቅት የነበረ አልያም ትላንት የጀመረ ስላልነበረ ግላመረስ ላይሆን ይችላል፣ ነገር ግን ስህተት ለማ…	neutral
ኃጢያቶችህ ይቅር የማይባሉ ናቸው ነፍስህ ትጠፋለች እናም ትውስታህ ከርሱ ጋር ትሆናለች - cላክ የሁሉም ገሃነም ፍጥረታት ሁሉ ጠበቃ ነው	neutral
በመለስ ዜናዊ መታሰቢያ ፓርክ ውስጥ ከሚገኙት አገር በቀል ዕፅዋት መካከል አንዱ የሆነውን እሬት ሳይንሳዊ ይዘቱንና ጥቅሞቹን እናስተዋውቃችሁ፡፡	neutral
No  ሥእል መውደድ የነጭ ብቻ ያረገው ማነው?	neutral
ከስደት አንዱ መጥፎ ነገር በቅርብ የምታውቁትን ሰው እንደ ቀላል ሞቱን የምትሰሙበት ሁኔታ ድንገት በSM ነው ድንጋጤ አያስለቅሳችሁም ምን ማለት እንዳለባችሁ እንኳን አታውቁም!!	neutral
የሲዳማ ሕዝበ ውሳኔ ኢትዮጵያ እየሄደችበት ያለውን የዴሞክራሲ ጎዳና አመላካች ነው ብለዋል ጠሚው። ጥሩ ነው። ትልቁ ጥያቄ የዲሞክራሲ ጎዳናው የክልልነት ጥያቄ ያቀረቡትን ሌሎቹን የደቡብ ዞኖች ያልፍባ…	neutral
አይ እንደዛ ማለቴ አይደለም ቤተ።በተደጋጋሚ የፖሊሲ አረፍተ ነገሮች የሉትም (ቢያንስ የመጀመሪያ 5ቶች) ብዬህ ነበር።አለ ካልክ…	neutral
በእስክንድር ነጋ በሚመራው የአዲስ አበባ ባለአደራ ምክር ቤት የሚመሰረተው ፓርቲ ስያሜ ባልደራስ ለእውነተኛ ዴሞክራሲ የሚል ይሆናል።	neutral
ሰሞኑን ዌብ እድሳት ላይ ነበሩ አሉ:: አሁን ግን እየሰራ ነው	neutral
በወያኔ የጭካኔ እስር ቤት በነበርክበት ጊዜ ሻማ አብርቻለሁ፤ ተሠልፌ ጩኸቴን አሰምቻለሁ፡፡ አሁን ግን በምታራምደው መጨረሻውን ግልጽ ባልሆነ፣ የኢትዮጵያን ያለ…	neutral
እናት ሥለተመሠከረላት ጀግና ነች እሧ እማ ባትኖር ጎዶቹ ጉድነበር እናት ሜታ ዳታ የቢራቢሮ ያክል ነች የክፋት ትብብራቸውን የደረመሠች የምትደመርሥ እናት እማ የጀግና ጀግና ነች አገር…	neutral
የ እንስሶቹ ፌደራሊዝም ለሰዎች አይሰራም .. .. ስለዚህም ገዝግዘን ፤ አፍርሰን  … .. ሰዎችን በሚመጥን ፌደራሊዝም እንተካዋለን ..	neutral
የብሔሩን መሰለኝ። እንዴት እንደሚገናኝ ግን እንጃ። cause-effect relation ይስጠላሃል። :)	neutral
ቱሪናፋ!   ያለንበት ወቅት የቁርጥ ነው እነዚህ ኃይሎች ወይ ከትግራይ ሕዝብ ጋር ይሠለፋሉ አልያም ጥግ ይይዛሉ። አሠላለፉ መለየት አለበት፣ አለበለዚያ በትግራይ እንለኩሰዋለን ባሉት…	neutral
የፈረንጅ ክሪስማስን አያከብርም። እኛ በቀኝ ግዛት ያልተገዛን ኩሩ ህዝቦች ነን! የራሳችን የቀን መቁጠሪያ ያለን ድንቅ ህዝቦች...✊ አለ ሳሎኑ መሐል ላይ የተከላት የክሪስማስ ዛፍ ላይ ፊኛ…	neutral
ሮሜ 14 (Romans) 17፤ የእግዚአብሔር መንግሥት ጽድቅና ሰላም በመንፈስ ቅዱስም የሆነ ደስታ ናት እንጂ መብልና መጠጥ አይደለችምና።	neutral
በጦርነት መሃልም ምርጫ ተደርጎ ያዉቃል በአለም ታሪክ	neutral
ዛሬ ጠዋት በተካሄዱት የኦሮሞ ዴሞክራሲያዊ ፓርቲ (ኦዴፓ) እና የአማራ ዴሞክራሲያዊ ፓርቲ (አዴፓ) አስቸኳይ ስብሰባዎች ሁለቱም ውህደቱን በሙሉ ድምጽ አጽድቀዋል::   ከብልጽግና ጋር ወደፊት!	neutral
ስሜን ወሎ ዞን ግዳን ወረዳ (የቀድሞው ላስታ አውራጃ አካል ነው)… ትምህርትቤቶቹ የሚገኙት በወረዳው ወንዳች ተብላ በምትጠራው አነስተኛ የገጠር ከተማና ብርግነት…	neutral
ሀ ! ብለል ፊደል ቆጥረህ ስታበቃ ሀ ¡ ረስተህ ቁቤን ከላይ ደረደርክ አይ ፍትሀዊ የፊደል አጠቃቀም የማያውቅ ፍትህ ላይ ቂብ ያልክ የመጀመሪያው ፍጡር??	neutral
የእኔን የወንድሜን የእህቴን የእናቴን የአባቴን የጎረቤቶቼን የአካባቢዬን የከተማዬን የሀገሬን ደህንነት መጠበቅ ግዴታው ነው። እነዚህ ሁሉ ሲጠበቁ ተማሪዎቻችንም ይጠበቃሉ።	neutral
አቃቂር 2 እውነት ነው አህመዲን ሞጣ አልሄደም ሞጣ ነው አህመዲን ጋር የመጣው አሉ ????	neutral
ከለውጡ በዋህላ ሁሉም አዋቂ፥  ሁሉም ጀግና እና ፖለቲካ ተንታይ ነኘ ባይ ሆነ፥ አንዳንድ ጊዜ የ አፍሪካ መሪዎች ወደው አይደለም Dictators ሚሆኑት እንደዚህ አ…	neutral
የኔ ሳይበላሽ ወር አለፈው። ቀላል ስኬት አይደለም ??	neutral
ለመጨረሻ ጊዜ ላጀናጅናት የነበረችቱን ካገባኋት ወዲህ እርግፍ አድርጌ ትቼዋለሁ ??????	neutral
ቴሌቭዥኑ ሱራፌል ወንድሙ ከኦሮሞ ነፃነት ግንባር ሊቀ መንበር ዳውድ ኢብሳ እና የኢዜማ መሪ ብርሐኑ ነጋ ጋር ለቃለ መጠይቅ ተቀምጧል። ሱራፌል ስለሆነ የሚረባ ነገር ብንጠብቅ አይከፋም…	neutral
“ከሱስ መውጣት ከባድ ነው” ለሚሉ ሰዎች ትልቅ አርአያ??	neutral
አንቺ በታክሲ አትሄጂ የት ደረሱብሽ! ደሞ አገር ቤት ገባሽ እንዴ?	neutral
ወ/ዊ ሰላም ላንተይሁን!  ትናንት ምሽት በኤልሻዳይ ቴሌ. የቤተሰብ ፕሮግራምህን ከባለቤቴ ጋር በመሆን ተከታትያለው:: ወትሮም ቢሆን የ30 ደቂቃ ትምህርትህ ላላጠ…	neutral
ከሚቀጥለው ሰኞ ጀምሮ በሚኒስትር መስሪያ ቤቶች ደረጃ አዳዲስ ሹመቶች እንደሚኖሩ ከወደዛው አካባቢ ወሬ ሰማን	neutral
የመንደር ሽፍታ አሸነፈው! ድንጋጤው አለቀቀውም ደርግ ቀይሽበር EDU ኢሓፓ እያል ሲገለው ወያኔ ነፍጠኛ እያለ ሲያሽማቅቀው   ሌሎቹም በኢኮኖሚ እንዳይታትር በፖለቲካው  ነቃ ብሎ እን…	neutral
የመጨረሻ እስትንፋሳ እስኪያደርጉ ድረስ ከፍተኛ ሥቃይ ይሰማዎታል ፣ የደምዎ መስመር ይሰቃያል እናም ከሞተ በኋላ ወደ ሲኦል ዋሻዎች ይገባል። ከሠራው ኃጢአት እራስዎን ለማዳን ምንም ማ…	neutral
ከድርጅት ህልውና እና ከግል ጥቅም በላይ በማያስቡ አድርባዮች የተሞላ ፓርቲ መለኮታዊ ሃይል ካልሆነ ለቀጣዩ ምርጫ አማራጭ ሆኖ ለመቅረብ የሚያስችለው የመዋቅርም ሆነ የርዮተ-ዓለም ለው…	neutral
እንዴ ጭራሽ ትዊተር ላይ አንያችሁ ነው?	neutral
መኪና አስመጪዎች በረቂቅ ኤክሳይስ ታክሱ ዙርያ መግለጫ ለመስጠት ሚድያ ጠርተው የነበረ ቢሆንም ፍቃድ አላመጣችሁም ተብለው እንደተከለከሉ ገልፀዋል!	neutral
ዲን ዳንኤል ክብረት ስለ ፍቅር ያስተማረው ክፍል ሦስት	neutral
ጥቁር በአማርኛ	neutral
የተለያዩ የአረብ ሀገራት የውጭ ጉዳይ ሚኒስትሮች በሊቢያ ወቅታዊ ጉዳይ ላይ ውይይት አደረጉ	neutral
ቆይ ግን ሚሊኒየም አዳራሽ ብግባ ሳልረጋገጥ እተርፋለው	neutral
ያ ?? ግለሰብ የአማራ ክልል መንግስትን በአክትቪስትና በአክራሪ የኦርቶዶክስ ህገወጥ ተግባርና አሳፋሪ የእምነት ነፃነት በመጠበቅ ረገድ መልካም ነበር ማለት ይቻላል::❓	neutral
የኢትዮጵያ ሙስሊሞች ብሎ አላለም አገራችን ድሮም አሁንም በተለይም በአባይ ውሀ  ምክንያት ጠላቶች እንዳላት የታወቀ ነው ! ነገር እየስነጠቁ ህዝቡን…	neutral
እንደውም ወደፊት ፀባዬ ተሻሽሎ ውሻ ከወደድኩ እና ካሳደኩ ሳላስፈቅድህ ሁላ አቦል ብዬ እንደምጠራው ቃል ገባለሁኝ።	neutral
ሀሚልተን ቲቪ ይክፈቱ  አሁን ጀበሉ ንግግር በማድረግ ላይ ነው	neutral
መጀመሪያ ተወዳደሩ ሳይለን ??	neutral
ሕፃን ልጅ ናት ብዬ ጭኔን ባንተርሳት እንቅልፍ ወሰዳት እውነትም ሕፃን ናት ??	neutral
5- ከየትኛውም ክልል የሚመጣ ተማሪ ከሌላው ክልል ተማሪ የተሻለ ህይወት የለውም:: ቢኖረው ኑሮ ሀገር አቋርጦ ሌላ ቦታ አይሄድም ነበር:: በአጠቃላይ ከደህንነት ለመውጣት የሚጥር ድሃ…	neutral
ወይ ዝቅጠት  ......???!!!  ሀገሬ እንደ ብራዚል ሆና ??!!!  ፖሊሱንስ መች ይፈሩታል ?? ከጎን ለጎን አብሮ እየሄደ ??!!	neutral
ብር ቢሆን አሪፍ ነበር	neutral
እንዳቺ ስንት አይነት ሰው ቢኖር ነው የደም አይነት የተጠየቅሽው	neutral
አስተያየት መስጠት ላይ ትምሮ የግዕዝ ቁጥር ማንበብ ላይ ድፍሮ ነሽ መሰለኝ ጀለስ ?? ለማንኛውም ደግመህ አስተያየት ከመስጠትህ በፊት የለጠፍኩትን ደ…	neutral
???? የሚያጠግብ እንጀራ ከምጣዱ ያስታውቃልና ፈጣሪ አምላክ የብልፅግናችንን ደስታ ለዘላለም አፅንቶ ያኑርልን። አሜን!  ❤????ጥሌ-ዘመቂ	neutral
ሳይጨብጥ  ሰው ሳያስገድል ፣  መንገድ ሳይዘጋ እልፉን ነፃ አውጪ ፣ አእላፉን መንጋ አንቀጠቀጠው ፣  እስክንድር ነጋ ። ድል ለዲሞክራሲ ✊??✊??✊??????❤️  ድል ለኢትዮጵያ ✊??✊??✊??…	neutral
ጉድጓዱን እና የቧንባ ስራዉን ጨምሮ 2000000ብር	neutral
4000 is needed. አቦ ሌሎቹ እቁብ ቦታ ሄደው ነው ብለህ ተመዝገ።	neutral
ነጋን እንደምትፈሩ እግዚአብሔርን ብትፈሩ የት በደረሳችሁ። ያው ግልጽ ጦርነቱ በይፋ ተከፍቷል። እስኬው የአንድ ሺህ ሰው ግምት እንዲህ አንቀጥቅጥልኝ።	neutral
እስከ አሁን ድረስ ከ100 ቦታዎች በላይ የተቃውሞ ሰልፎች ተደርገዎል ።ሚሊዎኖች አደባባይ ወጠዎል። የህዝብ ድምፅ የሚሰማው ስንት ሲሞላ ነው?!…	neutral
I will ኣያዋ ብጣዕሚ ልገርም ትሕትና ለለዎ መኽበሪ ሰብ ጭዋ ቆልዓ እዬ.ብቀደማይ ታይ እዪ ስኻ ልባዕልኻ ብተክሊል ተ…	neutral
ቪድዮውን እየው ታሪኩ ፊልም ነው የሚመስለው	neutral
ሚስት እንደ እጅና እንደ ዓይን ሊሆኑ ይገባል።እጅ ሲጎዳ ዓይን ሊያለቅስ፥ ዓይን ሲያለቅስም እጅ እንባን ሊያብስ ይገባል።  ቅዱስ ዮሐንስ አፈወርቅ ??	neutral
እኛ እኛ ማን መሆን አያስፈልገንም ልላችይ ትየቆመለ ይላ ኑላፕሮውአ ርገናመለ ንውያሪመጀመየ ቀጥሎ መሞከር የሚፈልገው ማን ነው ልጋልፈስያ ርገነ ኝሳወ ልህያ ቅለጥመለ	neutral
ዛሬ ማታ ዶሮ ለመሥራት እየተሠራ መሆኑ ተገለፀ??	neutral
ATV: ቃል ምስጋናን መብርህን ኣማኑኤል ኢያሱ ብዛዕባ ቅብጸታዊ መጥቃዕቲ ዕሱባት ህግደፍ	neutral
የኢሕአዴግ አባል የነበሩ ድርጅቶችና አጋሮች በውህደት አዲስ ፓርቲ የመመሥረት መብት ቢኖራቸውም ኢሕአዴግን መውረስ አይችሉም፤ አቶ ጌታቸው ረዳ	neutral
ክስ ተመስርቶባቸዋል??	neutral
ክትክታ ደሞ እኔ አላውቅም???♂️	neutral
እኔ ራሱ እኮ የረብሻ ብህሪያ በድፍረት የወጣችው ዚን እንዳሻው ሲሆን አይቸ ነው	neutral
2)ከቀረጥ ነፃ ሲሆን ከአገርውሥጥ ግን ቀረጥ ከፍለን በገባ ወረቀት አትመን ተወዳዳሪ ሊያደረግን አልቻለም ለሚባለው ቀረጥ ከፍለው የገባና መፀሀፍ ሢያትሙ ላተሙት መፀሀፍ ብቻ የከፈሉት…	neutral
እንዴ!???? እነዚህ ቃላቶች ለካስ ሌላ ትርጉም አላቸው	neutral
የኔ ቆንጆ በተለይ ነጭ ልብስ አትልበሺ  ????	neutral
ከእኛ ሳተላይት የተገኘ መሆን አለበት ይህንንም ??	neutral
ዳቦ 3 ብር ገብቷል ለማለት ነው አመሰግናለው!	neutral
አሁን የፍርሃት ጊዜ አይደለም ሃአ የእኔ ሰዎች	neutral
ተፃራሪ ሀቅን መርጦ መተው ከመዋሸት በምን ያንሳል? ለበጎስ ስራ እውቅና መስጠትስ ውዳሴ የሆነው እንዴት ነው?   ጋዜጠኝነትህን መጥቀሴ የሙያውን መሰረታዊ መርህ ጠንቅ…	neutral
ለጠላ ያለኝን ፍቅርን አማልክቱም ያውቃሉ እንደው እኔንም አትርሳኝ	neutral
?? እኔ የረጅም ጊዜ ብሶቴ ነው አሁንም  ተዉኝ ??	neutral
የጁሀር ስራ ነው። ጭራሽ ብሎ ብሎ ቀኑን ገለባበጠው??	neutral
በፍጹም የኢትዮጲያ ህዝብ ጠንቅቆ አውቋችዋል በቃን ፍቱን  ትክክለኛ ለውጥ እንሻለን  ለሌላ ባርነት እስር ግድያ አንዘጋጅም።	neutral
ቱግ ብዬ አላውቅም!! አሉባልታ ያለመረጃ ማውራት እንጂ ስድብ አይመስለኝም፡፡ ወደ ስድብ ሮጠህ ከመግባትህ በፊት ያልክበትን…	neutral
የመጀመርያ ሰሞን ጨዋታዎች ለአዲስ አሰልጣኞች እንደ ጫጉላ ነው ሞይስም በዌስትሀም 4 አግብቶ ረምርሟል ...የመጀመሪያው አጋማሽ አርሰናል ግማሽ ምርጥ ነው ግማሹ ጉብዝናው በሙሉ ደካማው ማንቼ ተሸፍኗል	neutral
ወረዳ ታግተው ከነበሩ ታዳጊዎች የ7 ኛው ህይዎት አልፏል። በአጋቾቹ በጥይት ተመቶ ቆስሎ የነበረው ታዳጊ በጎንደር ሬፈራል ሆስፒታል የህክምና እርዳታ ቢደረግለትም መትረፍ አልቻለም።…	neutral
መንግስት የለም የሚያሰብል ብዙ ወንጄል አይተናል። የደምቢ ዶሎው የእህቶቻችን እገታ ግን በመንግስት ላይ ተስፋ አስቆርጦኛል። በቦኮ ሃራም አለም የተጠየፍነው ወንጄል እዚህ እስኪደርስ…	neutral
ወር ያህል ቆይተሽ አልሰጥም  ትያለሽ? ያን ዳሌ ተሸክመሽ?  ከንፈርሽን አሞጥሙጠሽ ይህ ምስኪን እባክሽ ስጪኝ ሲልሽ ድምፅሽን ከፍ አርገሽ አልሰጥም ትያለሽ እንች ልጅ በጣም ክፍ ነሽ።	neutral
????????THE YEAR OF REVIVAL!!????????  ሶምሶንም ስለ ሁለቱ ዓይኖቼ ፍልስጥኤማውያንን አሁን እንድበቀል፥ እግዚአብሔር አምላክ ሆይ፥ እባክህ፥ አስበኝ፤ አምላክ ሆይ፥ ይህን አ…	neutral
እንስቶች በተፈጥሮአቸው መኖር(ሴኩሪት) ነው የሚፈልጉት::የተሻለ ካገኙ ያን ሚሰጥ ለሌላው ነገር ግድ አይላቸውም::	neutral
ሃጉለሀሰን (የሃገሬን ጉብል/ጉብሊት  ለሀገሬ ሰው ንቅናቄ ) ???????? ካስሽ የኔና ያንተ ፓርቲ	neutral
ይኸንን መንፈስ ማወቅ ለሚታለመው ዲሞክራሲ ስኬት ወሳኝ ነው	neutral
ያሳዝናል በጣም ድል ለዲምክራሲ	neutral
የሚያደርገው ምንድነው ...?  ማእከላዊ ..	neutral
አሳዳጆች ነበር: አሁን ደሞ በተራችን ተሳዳጆች ሆንን አለህ እኮ ህሊናው የቀጣው እና ጥፋቱን ያመነው ቢኒያም:: ከትህነግ ውስጥ አንድ ጥፋቱን ያመነ ሰው…	neutral
የጌት አምልኮን ወይም ቤተሰብዎን ይቀላቀሉ ፣ ልጆችዎ ፣ የልጅ ልጆችዎ እና ልጆቻቸው ለአስር ትውልድ በአንድ ዐይን እና እኩል ባልሆኑ እግሮች የተረገሙ ይሆናሉ ፡፡	neutral
ገና የስጦታ እና ደስታን ለሌሎች የማካለል በዓል ነው። ታዲያ ለምን በእኛ ምክነያት ሌሎች ህይወት እንዲበዛላቸው ደም በመለገስ ትልቁን ስጦታ አናበረክትላቸውም። ደም በመለገስ የዜግነት…	neutral
UN ገባህ እንዴ  ምግብ ለስራ ሴፍቲ ኔት ምናምን	neutral
ኢትዮጵያዊ የተባለ ፍጡር ጀበልም አብይም በጣም ይመጡንታል፡፡ ካለ ሚዛናችን ተቀምጠን ነው የምንሰቃየው፡፡	neutral
መቼም ከናንተ የተሻለ ሲመጣ ያማችኋል ይህ የህውሃት ክፉና መጥፎ በሽታ ነው	neutral
2)በጎንደር ወልቃይት ጠገዴ ወረዳ አንገረብ ወንዝ ኪሻ ላይ ቢገደብ በቀኝ በኩል ለፍራፍሪ እና ለበቆሎ አመች የሆነ ለሠሊጥ የሰለቸ መሪት እያለማ በግራ ፌት ለፊት በጋብላ ዘልቆ አሥከ…	neutral
ሌሎች ግን እርምጃው የስልጣን ጠቅላይነትና ፖለቲካዊ ዓላማ ያለው ነው ሲሉ ያስረዳሉ። እኔም እንዲሁ አስባለሁ።	neutral
ኣሀ ጣልያን እሽሩሩ እያላችሁ ነበር ለካ!	neutral
አይ እሷ እንኳን አትጠፋም 3.5mil?  ከዛ በላይ ከፈለገች ነዉ እኮ ፍርሀቴ ጄሪ ☺	neutral
ኤል ቲቪ - ቤቲ ሾው ከዑስታዝ አህመዲን ጀበል ጋር - ክፍል 1	neutral
ሻይ እየጠጡ ቢሮ አያወሩም እንዴ ኢሄን የሚያክል አዳራሽ ውስጥ ለሰባት ሆነው ብርድ ከሚመታቸው።	neutral
ዳውድ ኢብሳ እና ብርሃኑ ነጋ (ፕ/ር)	neutral
እራስን መሸወድ መጨረሻው መራራ ስለሆነሁሉም ሰው ቢቻል ለራሱ ታማኝ ይሁን  መሆን የፈለግነውን ለመሆን መጀመሪያመንገዱን አሳምሮ ማወቅ ባይቻልም አቅጣጫ ማስመር ያስፈልጋል ቀናቶችሲወፍ…	neutral
ባለፈው ወደ ኢትዮጵያ ስለመጡት አንበጦች ይህንን ሰማሁ።	neutral
ከምርጫ 2012 ማግስት ጥምር መንግስት ተመስርቶ ጃዋር መሀመድ የመከላከያ  ሚንስተር ቢሆንስ ???	neutral
እንዳንቺ  የማላውቀውን ሊያጋሩኝ የሚመጡት አይደለም ችግሬ ገና ለስድብ የሚመጡትን ሳስብ ነገር የተከላከልኩኝ መስሎኝ ነው	neutral
ብዙ ወንዶች ለዛች ልጅ ብብት ጠበቃ ሆናችሁ... ምነው ፈረንጁን ከማግባቷ በፊት የምትላጩላት እናንተ ነበራችሁ እንዴ? ዱቄት ሁላ	neutral
ምነው በሁሉም ዘርፍ ላይ የጠራ እና በየዘርፎቹ ባለሞያዎች የተፃፈ ፖሊሲ ያለውን ኢዜማ ረሳህው?	neutral
የአዲስ አበባ የቤቶች ልማት ዕቅድ ላይ ትችቶች እየቀረቡ ነው	neutral
ከላይ በለጠፍኩት ቪዲዮ ቃል በቃል ህገመንግስቱ መግቢያ ላይ ተጽፏል ብሏል። ህገመንግስቱ ላይ እንደዛ አይነት ነገር የለም። ስለዚህ ነጭ ውሸት ዋሽቷል። Alas!! እኔ አንተን ብሆን ለእሱ አፍር ነበር።	neutral
የአንዱአለም ጭንቅላት መቼም ታስሮ አያውቅም። ሁሌም ነፃ ነው።	neutral
አንቺ መካከለኛ ባለሀብት አይደለሽ እንዴ? እኔ ሀብታም እህት አለችኝ እያልኩ ስኮፈስ? :-)	neutral
በራስ ለማስተዳደር በፉከራ የሚመጣ ነገር የለም፤ በቀረርቶም የሚሆን ነገር የለም! ተግቶ መስራት ብቻ ነው መፍቴያችን፡፡ ...... ኢዜማ የሁገራችንን ችግር ይፈታሉ ብሎ ባዘጋጃቸው 45 ፖሊሲዎ…	neutral
ጌታ ሆይ ?????♀️ አሁን የምር ልሄድ ነው ?????♀️	neutral
♥♥♥ ምርጥ ሙዚቃ! ከወገብ በታችና በላይ ውዝዋዜውን ተመልከቱት እስቲ!  ይህንን ስንስል ማንነት እንዴት መለያየት ይቻላል!?	neutral
ተማሪዎች እርስበርሳቸውን መገዳደል ትተው አብይ አሕመድን ከስልጣን ለማስወገድ ከማሕበረሰባቸው ጋር  መደራጀት ያለባቸው ይመስለኛል።	neutral
ነፍጠኛ ❤???? ክብርና ሞገስ ለነፍጠኞች ቅድመ አያቶቻችን	neutral
ኢህአዴጎች ወንድማችን ናቸው የሚል ፖሠቲቭ አመለካከት ሊኖረን ይገባል ያለ ምክንያት መቃወም ያለ ምክንያት መደገፍ የለብንም! አለ!	neutral
ባንድ ወቅት አንድ አባት በድንገት ይነሱና ቆጥ ሰርቼ ከሰው ተነጥዬ መመነን እፈልጋለው ይላሉ። በገዳም ያሉ የበቁ አባቶች አይሆንም እሱ ያንተ ጸጋ አደለም ቢሏቸውም አሻፈረኝ ካልሆነም…	neutral
ለአዲሱ ስርዓተ ትምህርት ዝግጅት እንዲያግዝ የነባሩን ስርዓተ ትምህርት ጠንካራ እና ደካማ ጎኖች ለይቻለሁ ብሏል ትምህርት ሚኒስቴር፡፡ 2/2	neutral
እሺ! ለእኔ ምን ነበር?	neutral
አጀንዳችንን አንዳንረሳ  አስቀድመውም አህመዲን ጀበልን የኮነኑት ለሌላ ሳይሆን አህመዲን ንፁህ ነው እያልክ እየተከራከርክ መስጅድ አቃጥሎ የጨፈረውን እንድትረሳ ነው !	neutral
ቶሎ መግባቱስ ይሁን፤ ግን ደግሞ እንዲህ ዘለግ ዘለግለግ ያለ ወግ ከቶ ከየት ይመጣ ነበረ? On the bright side	neutral
ሪፖርት| ሀዋሳ እና ቅዱስ ጊዮርጊስ ያለግብ አቻ ተለያይተዋል	neutral
በነገራችን ላይ እሱ ዘፈን ሲገባህ ታፍራለህ	neutral
እያደር አዲስ ብለንሻል። ጉግል ግን ምንድን ነው የሚለው?	neutral
ወረዳ 11 ለጥር 3 ዝግጅቱ ተጀምሯል‼ ????❤ ጥር 3 ላይ በአዲስ አበባ ስብሰባ ማእከል አዳራሽ የወረዳ 11 የኢዜማ ደጋፊዎችን እና ነዋሪውን ለህዝባዊ ውይይት ለመጥራት ቅድመ ዝግጅት…	neutral
በወቅታዊ ጉዳዮች ከጋዜጠኛ ዲኑ አሊ ጋር ያደረግነው ቆይታ ስለ መጣው ያለተሰሙ ጉሳዮችን ይነገረናል ያድምጡት	neutral
አዲሱ Loul ዓመት ግምገማዎች ግምገማዎች ላይ ውሳኔዎች በይፋ ወይም	neutral
ልክ ነህ ሳልጠራ አቤት ነው ምለው! መረጨት ከሚፈልጉት ውስጥ ነኝ	neutral
እሜትዪ ሰዎች ገንዘብ ከፍለው ሲማሩ የፓለቲካ አመለካከታቸውን ቁም ሳጥን ውስጥ አስቀምጠውት ይመጣሉ ብለው ነው የሚያስቡት? ጉዲ ሰዲ! አለ ኦሮሞ።	neutral
8 ድርጅቶች  ፊርማቸውን አኑረው ብልጽግና ፖርቲ  ን መመስረታቸው ታሪክ ነው:: ተቻችለን በእኩልነት ኢትዮጵያን ወደ መልክም ስራት እናሸጋግር መባሉን ውሱን ጏጣዊ አላማን እፅንፎ የያዘ ብቻ እንጂ ሌላ ማን ይቃወመዋል?!	neutral
አሁን ያለው የኢኮኖሚ ሪፎርሙ እየተተገበረ ያለበት አቅጣጫ ባጭሩ...እነ IMF ዝለሉ ስሉን...እኛ..ምን ያክል? ከማለት አንድ ኢንች የዘለለ አይደለም!   ይህችን ምስኪን ሀገር…	neutral
የተሻለውንና በውጭ ሃይላት የማይሾፈረውን ቤተመንግስት መቀለ ላይ ለመገንባት መሰለኝ ትግራይ የሄዱት። ከመንግስት መቀመጫነት ወደ ሙዚየምነት እየተለወጠና ለሬስቶራንትነት…	neutral
አዋን በሰመመን ብቻ ሳይነቃ ኖሮ የሚያልፍም አለ...	neutral
ምርጫ ለመኖሩ እርግጠኛ ነህ ምርጫው ስለማይደረግ አብቹ ያሸንፋል	neutral
ፌር አይደለም ከሀያዎቹ  ባንዲራዎቹ  አስራ ሶስቱ የኢትዮጵያ ባንዲራ ሲሆኑ ሰባቱን ብቻ የተቀሩት  ሀገራተከፋፍለውታል የአሜሪካንና የተቀረው የዓለም ሀገራት የምጣኔ ሀብት ል…	neutral
እኔም እሱን ነው የማውቀው። ጋሽ ባህታም ዘፍነውት ይሆን?	neutral
የዳኛ ጎረምሳ የለም አዎ ዩ አር ኦልድ	neutral
መጠጥ ቤቱ የት ክልል ነው?	neutral
እሄን ደሞ ወይ ኡነት ወይ ውሸት በለን እና እስቲ ማስረጃ እናቅርብ። እስቲ አንተ ዳኝነት ስጥበት።	neutral
ካስሽ ሃሳቡን የማይቀይር ሬሳ ብቻ ነው አልክ እንዴ? ??  ትናንትና የለሁበትም ያልክ መስሎኝ	neutral
ቀላል መስሎን ነበር፣ ከቤት ስንወጣ ሊማሊሞን ስናልፍ፣ አላማጣ መጣ።   ተሰማ እሸቴ	neutral
ዛሬ በጠቅላይ ፍ/ቤት የስራ ክፍሎችና የተገልጋዮች መስተንግዶን ለማየት ድንገተኛ ጉብኝት አርገን ነበር፡፡ ከጠበቆችና ተገልጋዮች ያገኘነው አስተያት ገንቢ ነበር ለምሳሌ፡-  በሀገሬ ፍትህ…	neutral
አጋቾቹ እነማ ናቸው? ለምን ዐላማ እገታውን ፈጸሙት? መንግስት እንዴትና በምን አግባብ ታጋቾቹን አስለቀቀ? ያልተለቀቁ አሉ ወይ? ላጋቾቹ የተከፈለ (ransom) አለ ወይ? ለሚሉትና…	neutral
በህዎቴ	neutral
ኧረ አሁን በእሪ በከንቱ ኮንዶሚኒየም ሳልፍ ትዝ ብላኝ ነው??	neutral
ውጬ ተፍቼው እንዳለ ሻርኩ ሃጥያት ሻርኩህ ሃጥያትህን ለምን የማትነግሩት የስምን መልአክ ትርጉም  የማትሰጡት ትንሽ አሳ አጥማጅ ነኝ በተረት ተረት	neutral
ተንከራቶ እንደቀረ በምን እርግጠኛ ሆንክ????	neutral
ከለውጡ ጋር ከገፉ ከሚነሣ ጉዳይወች ከዋናወቹ አንዱ ነው የሕ አመታት ያስቆጠረ ችግር ሊታይ ይገባል ችግር እየፈታ የለው ለውጡ ልብ ሊለው ይገባል አሁን ድረስ ቆይቶ በመሥማታችን ያሳፍራል	neutral
ዮሐንስ 17  3፤ እውነተኛ አምላክ ብቻ የሆንህ አንተን የላክኸውንም ኢየሱስ ክርስቶስን ያውቁ ዘንድ ይህች የዘላለም ሕይወት ናት።	neutral
ብልፅግና ወይስ ብልግና?   ለአፋቸው ለከት የሌላቸው በሚናገሯት እያንዳዷ ቃላት ህዝብ የሚያስፈጅ እና የሚያጋጩ የኦሮሞ «ፓለቲከኞች» እንደፈለጉ እየፏለሉ ክርስቲያን ታደለ በፍርድ እ…	neutral
Drug የሚለው በምርጫ ለማለት ነው።	neutral
አይ የዘመኑ ልጅ	neutral
ክልል ቤንች ማጅ ዞን፣ ደቡብ ቤንች ወረዳ በሚኖሩ የአማራ ብሔር ተወላጆች ላይ በተሰነዘረ ጥቃት 9 መኖሪያ ቤቶች ተቃጠሉ። ጥቃት የተሰነዘረባቸው ነዋሪዎች ሸሽተው ወደ ሚዛን እና…	neutral
በአፍሪካ ሀገሮች የተላከ የሳተላይት ብዛት 1. ግብፅ: 9   2. ደቡብ አፍሪካ: 8 3. ናይጄሪያ: 6 4. አልጄሪያ: 6  5. ሞሮኮ: 3 6. በትብብር የተላኩ: 3 7. ኢትዮጵያ: 1  8…	neutral
ደርሰዋል ፣ በደንብ ሩዝ ፡፡ ዓለምን እንዲያጠፋ ከእኔ ጋር አብረው ወደሚሰሩበት ወደ ሲኦል የመጨረሻ በሮች በደህና መጡ። እዚህ ጊዜዎን ይደሰቱ።	neutral
ህይወታችሁን ለማንም  ፖለቲከኛ ፓርቲ አትስጡ ክርዳችሁን እንጂ::	neutral
ጎንደር ዩኒቨርሲቲ በተቋሙ መረጋጋት እንዳይፈጠር እንቅፋት ሁነዋል ባላቸው መምህራን፣ ተማሪዎች፣ የአስተዳደር ሰራተኞች እና የጤና ባለሙያዎች ላይ እርምጃ ወሰድኩ አለ።	neutral
የኢትዮጵያ እና የኤርትራን ግንኙነት የማጠናከር ጥረት	neutral
አዲሱ የባ/ዳር ከንቲባ ዶ/ር መሐሪ ከኖርዝ ቴክሳስ ዩኒቨርሲቲ በትምህርት ዘርፍ PhD አግኝተዋል! እንደአንድ የከተማዋ ነዋሪ በቀጣይ 100 ቀናት ጊዜ የሚሰሩትን ገምግሜ አስተያየት…	neutral
ስትወሰልት እዛው በዛው የእጅህን ስታገኘው መልካም ነው	neutral
አሪፍ የፍቅር ሙዚቃ ጋብዘኝ ስትለኝ የካሳ ተሰማን ፋኖ ፋኖ ጋበዝኳት። ??  እንዴት ነው ይሄዳል ኣ? ??????	neutral
ሲሳይ ቢሆን እኔ የአለም ሀብታም እሆን ነበር። አይኔን ቅል አሳክላኝ ለሳምንት ት/ት ቤት አልሄድኩም ነበር።	neutral
ኢኮኖሚ በያዝነው አመት የ10.8% እድገት ያስመዘግባል--- የኢትዮጵያ ብሄራዊ ባንክ  እድገቱ 6.3% ይሆናል--- የአለም ባንክ	neutral
ህግ አሰከባሪ አካላት መጀመራያ ለሥራቸው ታማኝ ለሕዝቡ ቅን አገልጋይ ቢሆኑ ሁሉም ነገር የሚቀል ይመሰለኛል ለሀሳብ ክብር አለኝ	neutral
ይኸ ሰውዬ ግን የሰራውን የመደመር ካልኩሌተር የት አድርጎት ነው ኦፌኮ የገባው? ያመጣውን ለውጥስ ለማን ትቶት ነው? ?? እንቁራሪት ሆነህ እንደዝሆን act ስታደርግ ትከርምና ያው እን…	neutral
ህወሓት ቅዳሜ እና እሁድ ትሰበሰባለች አሉ?   ስብሰባውን ተከትሎ ሚስኪን አሃዳውያን ሲያለቃቅሱ እና ሲነጫነጩ  ዊክ ኢንዳቸውን መና አስቀረችባቸው ማለትም አይደል... ምፅ	neutral
ነፃ የጋዜጠኞች ማህበር ተመሰረተ የሚባለው በስራው ሲያስመሰክር ነው	neutral
የዚህ ችግር እኮ የውጭዎቹ ወደምርት ገብተዋል ሲባል እኮ ብቻቸውን መሆኑ ነው፡፡ በዝቅተኛ መጠን እንኳ ቢሆን አብሮ የሚሠራ ኡትዮጵያዊ ሸሪክ ያስፈልጋል፡፡ የውጭዎቹ ሲወጡ፡ ሁሉም ነገ…	neutral
አበሉሽ ወይ? አጠጡሽ ወይ? እንኳን ሊያበሉኝ እንኳን ሊያጠጡኝ አስረው ገረፉኝ ማነው ገራፊው ጠጅ አሰላፍው እስቲ ና በሉት ኮበለለ አሉ ሚስቱን ጥሩልኝ ወለደች አሉ ምን ወለደች የጦጣ…	neutral
ያዉ በሚኩኩ ቦታ ሆኜ ስጦታዎች ስቀበል ስለነበር ነዉ ይቅርታ ??	neutral
ሰበር ዜና! ኦፌኮ፣ ኦነግ እና ኦብፓ ጥምረት መሰረቱ በሐይማኖት አሸናፊ በኦሮሚያ ክልል የሚንቀሳቀሱት የኦሮሞ ፌደራሊስት ኮንግረስ፣ የኦሮሞ ነፃ አውጪ ግንባር እና የኦሮሞ ብሄራዊ ፓ…	neutral
ምንም አይነት የፖለቲካ ትንታኔ ይሰጠው ቢባል ጨርሶ ሚዛን የማይደፋ ludicrous የሆነ ጥምረት ነው። ግን ጸረ-ኢትዮጲያውነታቸው ብቻ ያዋሃዳቸው bunch of fanatics መሆናቸ…	neutral
ደንጎላ ድንጋይ ነው ሲሉ ሰምቻለው  ደንጎሊጥ እግዜር ይወቅ	neutral
አንተ ስንቴ ነው ልደትህ? ቅርብ ጊዜ ሃፒ በርዝደይ ተባብለን ምንድነው ነገሩ? ነው ወይስ በቫር ተደገመ?????????	neutral
ብሔራዊ ሎተሪ ለስፖርት አወራራጅ ድርጅቶች ለጊዜው ፍቃድ መስጠት ማቆሙን ገለፀ!  የስፖርት አዋራራጅ ድርጅቶች ደግሞ ህጋዊ ፍቃድ አውጥተን እየሰራን ነው፣ ስማችንን ከሚያጠፋ ተግባራቸ…	neutral
BBC News አማርኛ - ባለ አስር አውታሩ በገና እንዴት ይሠራል?	neutral
ጓደኞቼ መኪና ያዙ?? ስራ ያልነበራቸው ስራ ያዙ⚖  የተወሰኑት ትዳር ያዙ?? አኔም የሆነ ነገር መያዝ አለብኝ አልኩና....                                 .…	neutral
ዓላማ ታሪክን መቀየር ነው። ተራ ምርጫ ማድረግ አይደለም፤ የቀደሙት ዓይነት ምርጫዎችን መድገም አይደለም! የእኛ ዓላማ ሰው በታሪካችን ለመጀመሪያ ጊዜ ሉዓላዊ የሚሁንበት ሀገር፣ ከአድዋም የገ…	neutral
ጨለማው ጨረቃ ፣ ሌሊቱ ፣ ዳንሱ ልጆች ፣ ጨለማ እና ጌታ ፡፡ ከጥልቁ ጀምሮ ይመለከታቸዋል። ይህ ማስታወሻ ነው ፡፡ እርሱ ያገኛል። ሥቃይ ት…	neutral
ስለመኪና አደጋ ሲነሳ ስለመኪና አደጋ ማውራት ስለመስኪድ ሲነሳ ስለመስኪድ መናገር ስለትምህርት ከሆነ ስለትምህርት መናገር ስለቤተክርስቲያን…	neutral
የጠጅሽን ማማር        ብርሌሽ ነገረኝ  ከጠላሽ አልደርስም        ምንም ቢቸግረኝ!  አማረኛ ቀላል ነው ምትሉ  ሰም እና ወርቁ ዱቅ??       እየጠጣች ግን????	neutral
አንተ መጀመሪያ እራስህን ፈትሽ የምትሰራው ለአንድ ወገን ብቻ ነው እንዴ? ሞጣ ላይ የተቃጠሉትን መስጅዶች እና የሙስሊም ወንድሞቻችን ቤት ንብረት እያቃጠሉ ስለሚ…	neutral
ጥሬ ሥጋ በልቶ ማግሳቲና ልኡላዊት ሃገርን በመዉረር የራስን ያልሆነ መሬት መያዝ ሁለት የተለያዩ ነገሮች ነገሩ በተቃራንትክክል ሊሆን የሚቻል ይመስለኛል የኤርትራ ሕዝ…	neutral
???? አንቺ እብድ	neutral
አባታችን ብፁዕ ወ ቅዱስ አቡነ ፍራንሲስ ፓትሪያሪክ ወ እጨጌ ዘመንበረ ሮማ በሰው አምሳል ሊተናኮላቸው የመጣን አጋንነታዊ ኃይል ሲከላከሉ። በረከታቸው አይለየን።	neutral
መሰረት ከያዘ በኋላ ግን ብሔርና ሀይማኖት መለየት ይጀምራል።የአካባቢውን ማህበረሰብ ባገለለ መልኩ ዕድር/ማህበር ይመሰርታል።የፈጠራ ወሬ ማስወራት ይጀምራል።ከዚያ እራሱ ባመጠመደው ወጥ…	neutral
በተፈጥሮዬ ዝምተኛ ነኝ እንጂ  የፓርላማ አባል እሆን ነበር Ziad AD	neutral
የኔ ነገር  የማውቀው ይሻለኝ ነበር ለማንኛዉም ሠርጉ ላይ የማታውቂው ሠው ካየሽ እኔ ነኝ	neutral
ታህሳስ 23፣ 2012/ የኢትዮጵያ ኢንዱስትሪ ፓርኮች የውጪ ምንዛሪዋን እያሳደጉ ነው ተባለ	neutral
የአምራች አድራሻቸው የማይታወቅና ተጭበርብረው የተመረቱ 27 የምግብ ዓይነቶች ገበያ ላይ መኖራቸው ተገለጸ	neutral
44 | ወልቂጤ ከተማ 0-0 ቅዱስ ጊዮርጊስ 42 | ሀዋሳ ከተማ 0-1 ድሬዳዋ ከተማ    40 | ሰበታ ከተማ 0-0 ወልዋሎ ዓዲግራት ዩ.	neutral
በእነብሴ ሳር ምድር ወረዳ  ጤና ጽ/ቤት የአለም የኤች አይቪ ኤዲስ ቀን በአለም  ደረጃ ለ33ኛ ጊዜ በአገር ደረጃ ለ32ኛ ጊዜ አየተከበረ ነው፡፡	neutral
እኔ እስካሁን ገርሞኛል፥ ያ መሪያቸው ውጪ ስለሆነ ግራ ተጋብተው ይሆናል	neutral
አይብ	neutral
የፌስቡክ ገፄን የጠለፉት ወሮበሎች ከ6 ወራት በኋላ ዛሬ የእንኳን አደረሳችሁ መልዕክት አስተላልፈውበታል። የአማራ አይቲ ባለሙያዎች ይህን አካውንት እንዳገኘው ወይም እንዲዘጋ በማድረግ…	neutral
ዩኒቨርሲቲ ደሴ ካምፓስ ዛሬ ረፋድ ላይ የተፈጠረውን የጸጥታ ችግር ለማረጋጋት በቅንጅት እየተሰራ መሆኑን የዩንቨርሲቲው ፕሬዝዳንት ዶክተር አባተ ጌታሁን ገለጹ።	neutral
ዬሄ ደግሞ አለ የአማራ ውሿ ዝም ቢሎ ዠሚጮህ። አንደኛው አንተን ይዘው ቢያጠፏ ጥሩ ነበር ሰገጤ	neutral
የከባድ መኪና አሽከርካሪዎች በታጣቂዎች የሚደረገው ዕገታ ይቁም ሲሉ ዛሬ በጎንደር ከተማ ባካሄዱት ሰላማዊ ሰልፍ ጠይቀዋል።	neutral
ለቤት ተቆራጭ ብዙ ታማኝነት ነው ይአ ሲ ኢ ምኤ	neutral
በሆሳዕና ለኦርቶዶክስ ዜሮ ካሬ፣ ለአህዮች መቆሚያ 5ሺህ ካሬ፣ ለፓስተሮቹ ለዮናታን 100 ካሬ፣ ለሣህሉ 50 ሺህ ፣ ለእስራኤል ዳንሳ 36 ሺህ ካሬ	neutral
የወያኔ ልሳን ድርጊታቸውን በቀጥታ ያሰራጭልናል። አሁን ይህንን አፀያፊ ተግባር የተዉት መስሎኝ ነበር። መሸጥ የለመደ እናቱን ያስማ…	neutral
ለማ መገርሳ ትናንት ለስራ ወደ ውጭ አገር ለመሄድ ኤርፖርት በለመደው VIP መስመር ለመግባት ሲሞክር  ከልክለውት ከተራው ተሳፋሪ ጋር ተራ ይዞ እንዲሳፈር በማድረግ ለማዋረድና ለማሸ…	neutral
እንደ ፈለክ ኳስ ብቻህን ማየት የለማ ?	neutral
የሴናሪዮ ቀረጻ ስብሰባ በማን? ስንት ግዜ? ውጤቱ? እና አላማው?  ??   50 ተጽእኖ ፈጣሪዎች   ??   3  ስብሰባዎች 11 ቀኖች 8  ሌሊቶች   ??    4 ሴናሪዮዎች   የተለያየ…	neutral
ከተስፍሽ 2020 ኮሜዲዎች የመጀመሪያው??   እነሱ ራሳቸው በዚህ አባባልህ በሳቅ ሲንፈራፈሩ ይታዪኛል?? ከማል ግን ተቀይሞሃል!	neutral
ቅዱስ ያሬድ ከሀር ትል  ልብ ያለውን ልብ ብትል  6 ጊዜ ቢወደቅም  7 ተኛው አይታወቅም ??  ለቸኮለ ከ 20:07 ደቂቃ ጀምሮ... ኧረ ሙሉው አልበም አርፎ መስማት ነው ??	neutral
ቢቢሲ እንደዘገበው የኦሮምያ ክልል ፀጥታ ቢሮ ምክትል ኃላፊ እኔ አልሰማሁም፤ ለምንድን ነው የምትደውልልኝ?   ኃላፊነት ምን እንደሆነ ያለማወቅ ጥጉ። ፀጥታውን ማስጠበቅ ባይችል እ…	neutral
ያለንበት ጊዜ ወሳኝ ወቅት ነው፤ያለ ወጣቶች ተሳትፎ ምንም መሰራት አይቻልም በማለት ንግግራቸውን የጀመሩ ሲሆን ኢዜማ የወጣቶች ፓርቲ ነው። እንደዚህም ሆኖ ያለው ወጣት በቂ አይደ…	neutral
ጀበሉን ድምፁን ሲሰሙ እና ዘመድኩን እና ስዩም ተሾመ — feeling happy	neutral
ግርማ ሰይፉና የሺዋስ አሰፋ ባይኖሩ የኢዜማ ደጋፊ እሆን ነበር፤ ሆኖም ኢዜማ ምንም ያህል ጥሩ ሃሳብ ቢኖረውም እነግርማን ይዞ ድምፄን ለእነርሱ መስጠት አባይ ፀሐዬ ሰብሳቢ የሆነበት ማህበር ውስጥ እቁብ እንደመጣል ነው።	neutral
አንድ እውነት ልንገራችሁ። በኢህአዴግ በጋራ የተያዙ ንብረቶች ክፍፍል ይደረጋል ሲባል የመጀመሪያው ተጠቃሚ የመጀመሪያው ተጎጂ ይሆናል። Guess who? ፡ ፡ ፡ ፡ ፡ ፡ ፡ ፡ ፡ ፡ ፡ ፡ ፡ ፡ ብአዴን!	neutral
Thread: እነዛው የትላንቶቹ ፤ ህወሓት ጠፍጥፎ የፈጠራቸው፤ ኢህአዴግ ተብዬ አባላት፤ የህዝባችን አሳሪዎች፤ ገራፊዎች፤ ገዳዮችና የአገር ሃብት ዘራፊ ሌቦች፤  የቀን ጅቦች  ዛሬ…	neutral
ስሑል ሽረ ከ ኢትዮጵያ ቡና - ቀጥታ የውጤት መግለጫ	neutral
ሊሆን ይችላል ሳይሆን ነው በቀጥታ ሚኩ። የድሮ እውቀት ስንገልጠው እንደዛው ነው :)	neutral
ኢትዮጵያና ሳዑዲ የሃጅ ጉዞን ማቀላጠፍ በሚቻልበት ጉዳይ ዙሪያ መከሩ	neutral
3ኛ አሁንም ታግተው ላሉት ተማሪዎች መንግስት ሙሉ በሙሉ ሃላፊነት መውሰድ አለበት። 4ኛ በተለያዩ የአገሪቷ ዩኒቨርስቲዎች እየተከሰተ ላለው የተማሪዎች ሞትና እንግልት፥ መንግስትም ባሳ…	neutral
❖ይሄን አርሰናል  ነው ስንናፍቀው የነበረው	neutral
መንገድ መጥረግ ነዋ እንደምታዪው።።	neutral
ስለተፈጸመ የኛ ጁሪስዲክሽን አይደለም››   ምንም ለማለት አቅም የለኝም፣ አለቀስኩ፣ የኔ ጥፋት ነው፣ ባትመጣስ፣ ትምህርቱ ቢቀርባትስ፣ ማን ጥልቅ አረኝ? ከዛ በፊት ብዙ የመ…	neutral
ድሬ ጉዞዬ ላይ ትዝታዬ፣ የምያዝናኑና የማይጎረብጡ ነገሮች ላይ አተኩሬ ትዊት ማረጉን መረጥኩ እንጂ በሁለቱ ከተሞች ውስጥ ያለው ድባብ አይመችም…በቶሎ ሃይ ካልተባለ ለዘመናት ተፋቅሮ…	neutral
በዋናነት ህዝቡ የፈለገው ግፍ ለተፈፀመበት ህዝብ ድምፅ እንድንሆንለት ነው | እስክንድር ነጋ | ክፍል1	neutral
ሴራዎችን ጠንሰስው አንዱን ከሌላዉ በማጋጨት ስልጣን ለመያዝ በሚፈልጉ ኃይሎች ወጣቶች ተታልለው የጥፋት ሰለባ እንዳይሆኑ ጠ/ሚ ዐብይ አህመድ አሳሰቡ፡፡) -…	neutral
አንተ ካሳዬ ደግሞ (የምን ቁልምጫ ነው በመዝገብ ሥምህ መጥራት እያለ ??) የምን በግድ ስደቡኝ ነው?	neutral
ብልፅግና  ወይም  ብልግና  ከኢዜማ  ወይም  ግም-ዜሮ  የተለየ  አይደለም!  አብይ  አህመድም  ሆነ የግም-ዜሮ ካድሬዎች በአለፉት  2  አመታት  ብቻ በፈፀሙት ወንጀለኞች  ብቻ ዘብጥያ  የሚወርዱ   ናቸው!	neutral
good news - እንኳን ደስ አላቹ ሰውዬው ጃዋር  ልክ ሊገባ ነው ከአውሮፓ የምስራች ትሰምቷል	neutral
አዎ ግን ከበዓል በፊት መድረስ አልቻልኩም። ጉርሻዉን .......ፃ! ??	neutral
አሁን አሁን ????:   - ከፍታው ቀርቶብን በቅጡ ዝቅታችንን እንኑረው  - መከባበሩ ቀርቶብን በአግባቡ እንዋረድ  - መፍቀሩ ቀርቶብን በቅጡ እንጠላላ - ሰላሙ ቀርቶብን ቀውሳችን ይቅ…	neutral
ኦነግ በኢኮኖሚው ዘርፍ ኒዬ-ሊበራሊስት መሆናቸውን ዛሬ አወኩ:: መሬት የግል ነው ይላሉ::	neutral
ከዚያም ባሻገር የገጠር መሬቶችና የተፈጥሮ ሀብቶች ለምን እንዲያምሩ አይደረግም? ከሺዎች በላይ በሚሊዮን የሚቆጠሩ ወጣቶች የስራ ዕድል ያገኛሉ።  የሚከፈላቸው ብር ነው፣ ዶላር አይደለ…	neutral
ታህሳስ 21፣2012/ ስራ ላይ የነበረው የብሔራዊ ደህንነት እና የውጭ ግንኙነት ፖሊሲ የሀገሪቱን ወቅታዊ ሁኔታ ከግምት ያስገባ የብሔራዊ ደህንነት ፖሊስ እንዲሆን እየተሰራ ነው መባሉ…	neutral
በዘረኛ  ሆኖ በተዳከመ አቅም ልወጡ የማይችሉትን ትርፍ አልባ ድካም እንደ ትልቅ የህዝብ አደራ እየቆጠሩ  በሀላፊነት ስም ብቻ; የህዝብ ውክልና ስለመኖሩ እርግ…	neutral
ያው ታክሲ ውስጥ ምናምን ማለቴ ነው- ልክ ሳንፈልግ ጆሲን እንደምንሰማው	neutral
ቅድመ ዳሰሳ | ቅዱስ ጊዮርጊስ ከ ድሬዳዋ ከተማ	neutral
ከሞጣው የተቀናበረ ጥቃት ጀርባ «የክልሉን መጅሊስ ሊያፈርሱ የሚንቀሳቀሱ» ሙስሊሞች መኖራቸውን እና ለሚወሰደው እርምጃም ሕዝቡ በጥቆማ እንዲተባበር ጠይቀዋል። ይገርማል!   ?? ተጠቂዎቹም ተዘራፊዎቹም ሙስሊሞች ናቸው፤ ??	neutral
ሀገሬን የሚረዳ ጥናት ላካሂድ ባልኩት ስድብ??? እኮ ስድብ??  ኢትዮጵያዬ እንደው መች ነው የሚያልፍልሽ? የሚያልፍልን?	neutral
ይሄ የሁሉም አዲስ አበቤ እውነታ ነው!! ቢያንስ ወላጆቻቸው ወይም ከዚያ በላይ አዲሳባ ውስጥ የተወለዱ ወይም በልጅነታቸው የመጡ ናቸው።…	neutral
አህያውም ፈርቶ ዳውላውን አለ፤ ገንዘብ ብቻ ያለው ይማር ከሆነ፣ ችግሩን  ፈጣሪውቹ ራሳቸው ፖለቲከኞቹ ነጋዴዎቹ እንደሆነ ግልፅ ነው:…	neutral
በሱ አስተሳሰብ እና አሰራር 1 ዓመት መኖር አቅቶናል ጭራሽ 50 ና 60 ዓመት፣ አለማወቁን እንኳን አላወቀም	neutral
....አይቼው ለካ የሰው ስም ነው ????	neutral
ኩላሊት፣ ጉበት፣ ልብ፣ ሳንባ እና ሌሎችም የሰውነት አካላት ከለጋሾች ሰውነት ከወጡ በኋላ ወደ ታካሚው ገላ እስከሚገቡ ድረስ ያለው ቆይታቸው ጥያቄን ይፈጥርብዎታል? በዚህ ፅሁፍ መልሱ…	neutral
❖ምንም አዲስ ነገር የለም....ሆዜ ያው ነው!	neutral
እንግዲህ ከአሁኑ እንጀምር እዚህ ቤት ደ…	neutral
በአገሪቱ የንግድ እንቅስቃሴ ፍትሃዊ በሆነ ውድድር እንዲመራ ባለመደረጉ አገር ተገቢውን ቅም እንዳታገኝ፣ ሸማቹም ህብረተሰብ ለጉዳት ሲዳረግ ይታያል፡፡ 2/4	neutral
የ 2020  ትልቁ  ስድብ  ኢዜማ  አይርሱ  !  ኢዜማ  ከምንባል  አደርባይ  ብንባል  ይሻል  ነበር የሚሉ  ሰዎች  እየበዙ  ነው!	neutral
የኛው ጅላንፎ ደግሞ ጎትቶ የካዝናው ቁልፉን ሰጣቸው::  FYI- ከኣብይ በላይ ኢትዮጵያ ውስጥ ኦፕሬት የሚያረጉ የሲኣይኤ ኤጀንቶች ስለ ኢትዮጵያ ህዝብ ሚስጥር ሁሉም ያውቃሉ::	neutral
ስለምርጫ አንዳንድ ነገሮቸ ከአንድአፍታዎች ጋር ለአንድአፍታ ከስብሰባ ተናትቤ ያወራኋቸው ነው - ተጋበዙ ;)	neutral
አሳዛኝ ዜና የቤኒሻንጉል ጉሙዝ ክልል ምክር ቤት የከተማ ልማት፣ ንድግ፣ ኢንዱስትሪ ትራንስፖርትና የፋይናንስ ጉዳዮች  ኮሚቴ ሰብሳቢ ክቡር አቶ አብዱልሃይ ሶጃር ዛሬ ከጠዋቱ 1:30…	neutral
ኣሁን ነው የራስን ኣገጭ መያዝ ለፎቶ ከመገልጨጭ??	neutral
እረ ቻይና ነው ሚመለው እኮ ... ለነገሩ ሀገሩ በሙሉ በዱቤ ወስደውታል ለካ	neutral
ጓድ ዮነታን፣  የጉዳዮን አሳሳቢነት ቸል ለማለት የሚያደርጉት ጥረት በርካታ አብዮተኛ እናቶች እና ልጆች ላይ የሚያደርሰውን ጉዳት የተገነዘቡት አይመስለኝም! ????	neutral
እርግጠኛ ሆኘ መናገር የምችለው ጭቆናና መብትን ካንተ ባልተናነሰ ጠንቅቄ እንደምረዳ ነው። አይ ያንተን መጨቆን እኔና ኢብራሂም ካንተ በላይ እናውቃለን የምትለኝ ከሆነ ስቄ ባልፈው ነው…	neutral
ትዝብት  ምእመናን አስቀድሰው ሲወጡ ሆን ብለው ከቤተክርስቲያን አቅራቢያ ጠብቀው እያስቆሙ ጌታ ይወዳችኋል; የሚነበብ እንስጣችሁ እያሉ ምእመናንን የሚተናኮሉ ሰዎች ከድርጊታቸው ሊቆጠ…	neutral
እናተ አዎ ገና ምን አይታችሁ	neutral
በኣክሱም የህዳር ፅዮን ማርያም ኣከባበር ቀጥታ ስርጭት	neutral
††† ?????? ????❤️ ?????? ††† ††† ሳታቋርጡ ጸልዩ፣ በሁሉ አመስግኑ  ††† ††† 1ኛ ወደ ተሰሎንቄ ሰዎች 5:17-18 ††† ✞??????✞አሜን✞??????✞…	neutral
ቀጥሎ መሞከር የሚፈልገው ማን ነው ርቀተስበ ባላባ ነጠለሠየ ድንአከ ጓደኞቼ አይደሉም ልያታይ ጥስው ዶረበ ጽርቅ ድንአ	neutral
የትግራይ ቲቪ ጋዜጠኛ ዳዊት ከበደና ካሜራ ማን ብሃይሉ ውቤ ለትግራይ ቲቪ በቀረበለት ጥሪ መሰረት ወደ አሶሳ አቅንተው ነበር ዛሬ አመሻሽ ላይ በአብይ ቀጥተኛ ትዕዛዝ በፓሊስ…	neutral
አንዳችም የክለብ አመራር የ5 አመት የክለቡን እቅድ አቅርብ ቢባልኮ?? ያለው የለም። ቆይ ከቦርድ ጋር ተሰብስቤ ምናምን ነው የሚለው??።   ስብሰባ ከነማ ሁላ????	neutral
ታህሳስ 24፣ 2012/ የሀገራችን ከተሞች ያላቸውን ሃብት በማስያዣነት ተጠቅመው ከባንኮች ብድር እንዲያገኙ የሚያስችል አሰራር ለመጀመር ታስቧል ተባለ	neutral
ምን ታደርገዋለህ... ብሔርተኝነትን አጥፍተው በሀገር ወዳድነት ተስፋን ለትውልድ ዘርተው እያበቀሉ ያሉ ናቸው ርዋንዳዊያን!!	neutral
ወዮ ህዝቤ አለቀለህ፡ አሁን ነው መፈርጠጥ አለ	neutral
ጉንፋኑን አሸማቆ ለማባረር ነው እንጂ....ምርቃናውን ግን ህዝብ ፊት አናንሳ እንጂ ????	neutral
ሃሃ ኸረ ያን ያህል ድፍረት የለኝም ተው	neutral
ድርጊቱ መፈፀሙ ያልተገባ ቢሆንም ልዩ ልዩ ትንኮሳዎች ቢፈታተኑንም ቅሉ ዳሩ ግን ኢትዮጵያዊያንና ኢትዮጵያችን አንደአጠቃላይ  እንደማህበረሰብ  በአያሌው ግሩም ድንቅ	neutral
በ45 ዓመት ታሪኩ ለመጀመሪያ ግዜ አስቸኳይ ጉባኤ ያደርጋል፡፡ነገ ጀምሮ ለሁለት ቀናት በሚቆየው አስቸኳይ ጉባኤ በኢህአዴግ ውህደት ዙርያ የመጨረሻ ውሳኔ ይሰጥበታል፣የፓርቲው ቀ…	neutral
በአሁኑ ሰአት አብይን መደገፍ ምርጫ አይደለም ግዴታ እንጂ	neutral
አሮጊትን እየኮረጁ ማውራት በአንዳድ ወንዶች ፋሽን እየሆነ መጣ እኮ! ደሞ ቴድሮስ አደባባይ ያለው ሴጣን ቤት እንዳትገባ ፣ ሞባይል ካንሰር እንደሚያስዝ እና ቡዳ እናይበላ…	neutral
ቀጣዩ መልዕክት ሲርባቹህ ለምን ኬክ አትበሉም እንደሚሆን ተስፋ አደርጋለሁ??????	neutral
ከአሜሪካ የውጭ ፖሊሲ ጋር አትጣላ። ??	neutral
አረቄ + ማር + ጦስኝ + የጥቁር አዝሙድ ዘይት አንድ ላይ ተፍልቶ።   ቤተሰብ ግን ቀድምህ ተሰናበት	neutral
ህወሓት ከወዲሁ ውስኔ የሰጠ ይመስላል	neutral
ለቀጣዩ ምርጫ በመጣመር፣ በመቀናጀት፣ ግንባር በመፍጠር እና በመዋሃድ ላይ ላላችሁ ፖፓዎች የአብርሃም የሣራ ያድርግላችሁ። ሌላ ምን ይባላል?	neutral
ለጂንካ ዩኒቨርስቲ የአስተዳደርና ተማሪዎች አገልግሎት ምክትል ፕሬዚዳንት ውድድር ለ3ኛ ጊዜ የወጣ ግልፅ ማስታወቂያ	neutral
«አንሱ ካላችሁ እናንሳ ወንድ፤ የቋራዉ ካሳ አባ ሞገድ፤ መቼ ሞተና መቼ ተነሳ፤ መቅደላ  ያለዉ የቋራዉ ካሳ።»	neutral
ኢፌድሪ መሬት ባንክና ልማት ኮርፖሬሽን ዓላማ 4:  የመሬት ይዞታዎች የመንግስት ተቋማትና የልማት ድርጅቶች ለሚሰጡት አገልግሎት ምቹ ሁኔታ ለመፍጠር በሚያስችል መልኩ ማልማት።…	neutral
በሞጣ የተፈፀመውን የመስጊድ ማቃጠል አስነዋሪ ድርጊት ጤነኛ የሆነ ሰው ሁሉ አውግዞታል። አሁንም ሕዝባችን የሚችለውን በማድረግ ከሞጣ ሙስሊም ወንድሞቻችን ጎን እንዲቆም ጥሪየን አቀርባ…	neutral
በተለይ በአሁኑ ወቀት በከተማችን አ/አ ያለው የአቅርቦት መጠን እና ፍላጎትን ለማጣጣም ይቻል ዘንድ መንግሥት በየ አመቱ ከፍተኛውን በጀት ቢመድብም በተለይ የማይታይ…	neutral
መጽሔት ማኔጂንግ ዳይሬክተር ጋዜጠኛ ፍቃዱ ማኅተመወርቅ ዛሬ ታኅሳስ 23 ከፍተኛ ፍ/ቤት ልደታ ምድብ 8ኛ ወንጀል የቀረበ ሲሆን ከዚህ ቀደም የተፈረደበት የሰባት አመት ፍርድ ይግባኝ ቢ…	neutral
ዮሐንስ 3 (John) 34፤ እግዚአብሔር የላከው የእግዚአብሔርን ቃል ይናገራልና፤ እግዚአብሔር መንፈሱን ሰፍሮ አይሰጥምና።	neutral
አንድ የዘርፉ ባለሞያ ግን በከተሞች የሚኖሩ ዜጎች ብስክሌትን እንደ መጓጓዣ አማራጭ ከመጠቀም ባሻገር በእግር መንቀሳቀስንም መለማመድ እንዳለባቸው ይመክራሉ፡፡ 2/2	neutral
1 ዮሐ 4 (1 Jo) 2፤ የእግዚአብሔርን መንፈስ በዚህ ታውቃላችሁ፤ ኢየሱስ ክርስቶስ በሥጋ እንደ መጣ የሚታመን መንፈስ ሁሉ ከእግዚአብሔር ነው፥	neutral
በእሱ እስማማለሁ:: ግን ተራ ዜጎች ፖለቲከኞችን ሰምተውና አምነው መክነፍ የለባቸውም:: አባሸገር ግን በፖለቲካ ደረጃ ትክክል ቢሆንም ቃ…	neutral
«ሕወሓት ጨቋኝ አይደለም» ቢልህ አንዱ አንተም እንዲህ ብትለው ስህተት አትሆንም።	neutral
ትላንት LTV ላይ በሰጠው ቃለመጠይቅ ሲናገር ሰምቼው ነው።ንግግሩ ምን ያክል ልክ ነው የሚለውን ነበር የጠየቅኩት። ሙሉ ቃለምልልሱ ይሄውና።	neutral
ግዜ ምንድነው	neutral
እርግጥ ነው ይህ አይነት ስብስብ ለማግኘት እንደሚመች ነገር ግን ስፖርቱ ውስጥ የፖለቲካ አጀንዳ ይዞ ያለ ልክ ሲገባ ፖለቲካ ግቡን እንኳን ቢያሳካ ለስፖርቱ ጠንቅ ነው።	neutral
ስልክን ቻርጅ ሳይሰካ ቁጥሩን የሚጨምር ፓስተር መጥቷል አሉ፡   ባንክ አካውንቴ ላይም  ምናለ ትንሽ ቢያስጨምር ??	neutral
ኢትዮጵያዊ መሆን ያንሰዋል? ቆይ ለመሆኑ ምን መሆን አለበት? ባድሜ ላይ ውንድም እህት ያጣ ቢሆንስ በልህ እንኳን ምን አለ ብትቆጥበ?	neutral
ብጸርፊ ይሓይሽ ኢልኪያ። ዘይተረድእኒ ግዳ ከምመራሒኣ ደንቆሮ። ሰብ ብጸርፊ ወይ ታህዲድ ኣይድግፈክን ኢየ ጽባሕ ግን ዓይንና ምርኣይ ውን ከሕፍረኩም ኢዩ እንዳ ከንቱ	neutral
???????????? ከመጥፎ ሃሳቤ ቴራሱ ይገታኛል የምትል መስሎኝ ነበር ?? ኧረ ተፋታት  በአዲስ ዓመት አትነጅሳት ፏ ብላ ታክብርበት ??	neutral
ከአድዋ በፊት አጼ ሚኒሊክን ከታልያን ጋር ላደረጉት ጉንኙነት ይቅርታ ሊጥይቁ የመጡትን ሶስት የትግራይ እና የኤርትራ ባላ…	neutral
ኢትዮጵያ ከ132 በላይ የእርቀ ሰላም ባህላዊ እሴቶች ባለቤት ናት ተባለ	neutral
የኤክሳይዝ ታክስ ባገለገሉ መኪኖች ላይ  በዓለማችን ባሁኑ ወቅት 2 ቢሊዮን የሚሆኑ መኪኖች አሉ፡፡ እነኚህ መኪኖች የአገልግሎት ዘመናቸው እየተጠናቀቀ ሲሄድ መዳረሻቸው የት ይመስልዎታ…	neutral
ማን ትባላለች?  የትስ ነው የጠፋችው	neutral
????ጉራጌ ስራ ፈት አይደለም	neutral
ሌባ ሰርቅያለው ቢልማ ኖሮማ things will not be complicated እንደዚ. . . btw አንዴ ሀገራችን እስትረጋጋ ነው ከዛ መቀሌ ከመሸጉት…	neutral
ስለነዚህ ልጆች ማዛ አሸናፊ መቼ ነው የምትናገረው?	neutral
አሁን የፍርሃት ጊዜ አይደለም ልጣመይ ላኋበ ለመጥለቅ ያህል ወሳኝ ነገር ያስፈልጋል ልናሳሳነያ ድገንመ ንትበሳሳነያ ንኛእ ውሰ ድንአ	neutral
ማንም እኔን ቢያሸንፍ ከብልፅግና ሀሳብ ወዲያ ግን ኢትዮጵያን ለወራትም ቢሆን ማስተዳድር ይከብደዋል። ጠ/ሚ አብይ ትናንት በሚሊኒየም አዳራሽ የተናገሩት 2/2	neutral
እስኪ እባክህ ያለውን ነገር አጋራን።	neutral
ምርጫ ቦርድም ነገሩን በቅንነት በማየት ጥቃቅን ግድፈቶችን ቸል በማለት ወደ ምርጫው እንዲገቡ ጥረት ማድረግ ይጠበቅበታል ብለን እናምናለን:: …. እናምናለ	neutral
ወሎ ዩኒቨርሲቲ ትናንትና የ2ተኛ አመት ተማሪ ገድሏል የተባለ ተጠርጣሪ በቁጥጥር ሥር መዋሉን አስታወቀ። ዩኒቨርሲቲው በተማሪዎች ጥቆማ «ትናንት ምሽት ከ3፡00 ሰዓት ጀምሮ በተደረገ…	neutral
ዛፎች በብዛት እንትከል በማለት እየመነጠሩ ነው ማለት ነው?	neutral
ሀዋሳ ከተማ ከ ቅዱስ ጊዮርጊስ - ቀጥታ የውጤት መግለጫ	neutral
ስለ ዋልታና ፋና አየገባኝም ስለ DW ግን ያገባኛል DW የኔ የው እሺ  እንኳን አሁን ከሰላሳ አመት በፊትም አባትህ DWን ማጥፋት አልቻለም። እርምህን አውጣ??	neutral
ለማያውቀው ያሳውቁ ካልፈለግን የስማነው አለመስማት ብቻ ነው የሚጠበቅብን	neutral
በፊት በአሜሪካ በነበሩበት ወቅት የልብ ቀዶ ሕክምና እንዲደረግላቸው ቢጠየቁም፣ “አልፈልግም፤ አገሬ ገብቼ ልሙት፤” ብለው እንደተመለሱ ታውቋል።  ቅዱስ እግዚአብሔር ነፍስዎን በአብር…	neutral
ጠቅላዩ ከካቢኔ አባላት እና ከብልፅግና አመራሮች ጋር በሸገር እየተከናወኑ ያሉ ፕሮጀክቶችን በመጎብኘት ወደ ሌላዉ የሀገሪቱ ክፍል ስለሚስፋፋበት ሁኔታ ዉይይት አድርገዋል።	neutral
ለኔ ታላቅ ፖለቲከኛ የሚባለው የህዝብን መረዳት አሳንሶ በማየት አንዴ ወታደር፣ አንዴ ጀበና እያለ በድራማ ህዝቡን የሚያዝግ ቀልደኛ ሰው ሳይሆን ህዝቡን የሚያዳምጥ፣ የህዝቡን ፍላጎት…	neutral
እኔ መች እምቢ አልኩ… እንዳለችው	neutral
ይቅርታ አድርግልኝና አህመዲን አሁንም ቢሆን የተባለው ንግግር የ1923ቱ ህገ-መግቢያ መሆኑን ማስረጃ ማቅረብ አልቻለም። የአጼው መንግስት ለሙስሊሞች አስከፊ እነደነበር…	neutral
የሰረቁትን ከመከፋፈላቸው በፊት ተጣልተዋል:: ለዋናው ሌባ: የተበላ እቁብ ነው::	neutral
ታህሳስ 22፣2012  የስፖርት ወሬዎች  ⚫️ባርሴሎና ዳኒ ኦልሞን ለማዛወር ለዳይናሞ ዛግሬቦች ይፍዊ ጥያቄ አቅርበዋል  ⚫️አትሌቲኮ ማድሪድ ስለ ቶማስ ሌማር ጉዳት ማረጋገጫ ሰጥቷል…	neutral
10ሺ እና ከዚያ በላይ አገኛልሁ ብሎ በዚያው ተደፍቶ እንዳይቀር እንጅ …	neutral
ሚዲያወች እባካቹሕ የምታቀርቡትን በደንብ እወቁ ሕግን ያክል ነገር የወጭዜጋ ያከራየ የሚለውን የሳደረ ያከራየ በሰባ ሁለት ሰአት ሪፕርት ማድረግ አለበት ብላቹሕ ለማዛባት የሞከራቹህ ል…	neutral
የአምቦ ዩኒቨርስቲ ሴኔት የተለያዩ ውሳኔዎችን አሳለፈ:-	neutral
የክርስቶስ መወለድን ዋዜማ  ኮንሰርቶችን በመሳተፍና በጭፈራ ቤት፣ በመጠጥ በዝሙት ለማክበር ከተዘጋጀህ ተሳስተሀል።የክርስቶስ ልደት በዲያቢሎስ ቤት አይከበርም በእንግዳዏች ማደሪያ ቤት…	neutral
እውነት ነው አይወዳደርም ሁላ።	neutral
1. ለበዓል ቤተ መንግስት ተሰብስበን የተዝናናነው 2. የመርሜይድን ፈጢራ የበላነው 3. በትምህርት ቤት አጥር እጃችንን አሾልከን ጀላቲና ጂልቦ የገዛነው	neutral
እያንዳንዱ ኢትዮጵያዊ ሊያደምጠው የሚገባ የሩዋንዳዊቷ ምክር[Arts TV World]	neutral
24፣2012 የሕዝብ እንደራሴዎች ም/ቤት ቋሚ ኮሚቴዎች በረቂቅ ህጎች ላይ የህዝብ አስተያየት ለመሰብሰብ ተደጋጋሚ ጥሪ ቢያደርጉም አስተያየት የሚሰጡ ሰዎች ባለመገኘታቸው ምክንያት ፕሮግራሞች…	neutral
ሰይፉ ላይ የቀረበው መኪና የሰራው ልጅ ..ስለመኪናዋ ስም ሲጠየቅ ከበቡሽ ሲል የሳኩት ሳቅ ??????	neutral
ታህሳስ 24፣2012 የሕዝብ እንደራሴዎች ም/ቤት ቋሚ ኮሚቴዎች በረቂቅ ህጎች ላይ የህዝብ አስተያየት ለመሰብሰብ ተደጋጋሚ ጥሪ ቢያደርጉም አስተያየት የሚሰጡ ሰዎች ባለመገኘታቸው ምክን…	neutral
መፅሀፍ በኛ ግዜ ቀረ ??	neutral
ጺሙ የሚዋጋ እንግዳ እናንተንም ስሟል? 2.ትላልቅ ሰዎች ሲያገኙን እሰይ አደገ/ች  እያሉ የሚተፉብን ነገር 3.ከመሸ በኋላ ሰው ቆሞለት ሸኖ ቤት የሄደ? 4. ይቺ ሀገር በዚህ የምትቀጥል…	neutral
አሃ ምልችትአ ትጣምማ ንችኞደጓ	neutral
እድገት እና ስራ ለየቅል?! መሪ ሲተች ከተራ ዜጋ ጋር ማወዳደሩ ግን ዘይገርም ነው::	neutral
ምታደርጉት ጥረት አበረታች ነው ነገር ግን ለመንግስት ሰራተኛም ሆነ ለግሉ አንድ ማነቆ ከሆነ ነገር አንዱ በተለይም በአዲስ አበባ ሀይ ባይ ያጣው የታክሲ ታሪ…	neutral
ከታክሲ ሹፌር ጋ ወክ እያረግን ድንገት ፊትለፊት ትራፊክ ስናገኝ   ልጁ ወደ ቀኝ አልታጠፈም????  ናባክህ በእግርህ ነህኮ??????	neutral
ጎሮቤትህ ሰለም ካልሆነ አንተ ሰላም አትሆንም የኦሮሚያ መንግስት የራሱን ሰላም አያስጠብቅ የሌላውን ያስረብሻል።	neutral
የታል የአበሻ ቀሚሱ? ለማንኛውም መልካም በዓል።	neutral
ይሄ እነሱ ተነጋግረው የሚፈቱት ነገር ነው እነሱ እንደአንተ መርዝ አይደሉም ምነው አልዘገብከውም የሰልፍ ቀን ጊዮርጊስ ቤተክርስቲያን ጋር ሲደርሱ ለቤተክርስቲያን ክብር…	neutral
በሀሳብ መሸነፍን በሰላማዊ መንገድ መቀበል የስልጣኔ መገለጫ ነው-የኃይማኖት መሪዎች	neutral
አንድ መሪ መንገዶችን ከሽፍታ አፅዳ ሲባል መጥረጊያ ይዞ ከወጣ መሪው ነው የሸፈተው።	neutral
መቶ ጊዜ ይሆናል ያደመጥኩት። በከፈትኩት ቁጥር ብዙ ነገር ፊቴ ላይ ድቅን ይላል።	neutral
ይህ መጠን ደግሞ ላለፉት 22 አመታት በድርጅቱ ሳገለግል የነበረ እና አሁንም የሚጠቀስ ነው። በመሆኑም አሁን እና በቀጣይ የሚከሰቱ ችግሮችን ከወዲሁ አስቸኳይ እርምጃ…	neutral
ቡዙየ የምትጫተው ስንኝ .... ምን ያልከሰክስሃል ከምኝታው ስር ሰር፤  መዳኒት ቀባሪ ባላንጣ ይመስል።  እንዴት እንደሚመች	neutral
Amharic knock knock jokes  ኳ ኳ ማነው? እኔ እኔ ማ? እኔማ ዉጪ ነኝ። በሩን ክፈቱልኝ!  ኳ ኳ ማነው? እንቁላል እንቁላል ማ? እንቁላል በሁለት እግሯ መጣች  ኳ ኳ…	neutral
ወዲህ ነው ሀሳቤ፤ የኢትዮጵያ የፖለቲካ ህግ መሰረቱ ዘርን መሰረት ያደረግ እንደሆነና ይህም የሆነን ማህበረሰብ እያቆረቆዘ ቀጥሏ…	neutral
ይሄ በእኩልነት የማያምን የሆነን ቡድን ከፍ እያደረገ ለቡዙሃኑ ክብር የማይሰጥ ኢትዬጵያ ውስጥ ማንንም ገፍተህ መኖር አይታሰብም	neutral
ኢራን ለምንድነው ትዝ የምትለኝ ?	neutral
አበባ ከተማ በዓመት በአማካይ 10 ሺ 800 ሰዎች በእብድ ውሻ በሽታ እንደሚጠቁና ከ20 በላይ ሰዎችም በበሽታው ሕይወታቸውን እንደሚያጡ የኢትዮጵያ ሕብረተሰብ ጤና ኢንስቲትዩት አስ…	neutral
እዚያ ጠብቅ እና እሄዳለሁ	neutral
ሐረር አለ:: በተለይ እነ መላክ ሰፈር	neutral
ዜና  ጋዜጠኛ ያየሰው ሽመልስ ከአ.አ ወደ መቐለ ለመጓዝ  ቦሌ አውሮፕላን ማረፍያ ሲደርስ በፀጥታ ሀይሎች  በደህንነት ስለምትፈለግ መሄድ አትችልም  ተብሎ ታገተ።	neutral
እህታችሁ ዘፋኝ የሆነች ክሊፕ ስትሰራ አፍቃሪውን ሆናችሁ የምትሰሩ ወንድሞች... What are you?!	neutral
ቆይታ 3 ወጣቶች ጋር በስነ ጥበብና ቴክኖሎጂ ዙሪያ አርብ ታህሳስ 24፣ 2012 ዓ.ም. በኢቢኤስ ብቻ! እንግዶቼ የጠቅላይ ሚኒስትሩ ፎቶግራፈር የሆነው አሮን፣ የስትሪት ፎቶግራፈሩ አ…	neutral
ዴሞክራሲ ተብሎ ነው የሚጻፈው፤ አንቱ! ግን፣ ብራኑ ቁጭ ብለን ተነጋግረን እንወስናለን የሚለው፣ እስከዛሬ አልቀመጥ ብሎ፣ ጊዜ አጥቶ ነው?	neutral
የብሪታኒያ መንግስት ሀገሪቱ ከአውሮፓ ህብረት በቅርቡ እንድትወጣ እሰራለሁ አለ	neutral
እንዴ እንዴ ምን አስበው ነው ይሄን ያህል excise tax መጫን!	neutral
እስካሁን ተሸውጄ ነው ለንጉሱና ፣ ለደርግ እና ለወያኔ ስለዚህ ማሪኝ ኦሮምያ	neutral
BBC News አማርኛ - አየር መንገዶች ለምን ሆን ብለው የበረራ ሰዓት ያራዝማሉ?	neutral
እንግዲህ እኝህ ናቸው የጠሚው አማካሪ ??	neutral
ሥራ ስለማይወዱ ስምንት ሰዓት እንኳን መሥራት እንደማይወዱ የገለጹት ጠቅላይ ሚኒስትሩ፣ ‹‹ዕድሜ ለእናንተ የውጭ ምንዛሪ ችግር ስለሌለባቸው በረባ ባልረባው ባንኮክ ይሄዳሉ፤›› ብ…	neutral
በዲያቆን ዳንኤል ክብረት አትፍረዱበት። ሙስሊሞች በከፍተኛ ሁኔታ እየተቃወሙት ሳለ፤ ለሃገር ሰላም ሲባል ከቻለ ከቤተ መንግስት ማስወጣት፤ ካልቻለ ደግሞ መደበቅ ሲገባው፤ ጭራሽ ወደ ሙስሊም ሃገር እንደ	neutral
ወለጋ ላይ እስከ አፍንጫው የታጠቀ ሀይል ቢኖር መከላከያ ሰራዊት ብቻ ነው	neutral
አቫታር፡ የመጨረሻው አየር አጣፊ sent me out ??	neutral
የማህበረሰቡ ቆሻሻ አስተሳሰብ ካልተቀየረ ቆሻሻው በአግባቡ ማስወገድ አይችልም፤ ቆሻሻን መጠየፍ ብቻ ሳይሆን በአግባቡ ከተያዘ ቆሻሻ ሀብት መሆኑን አያጠያይቅም ።	neutral
ለጠቅላላ እውቀት ...¡  በአድስ አበባ የክርስቲያኖች ባለአደራ አስተዳደር ሰብሳቢ ማን ነው?  ሽልማት አለው??	neutral
አንዲት የህግ ባለሙያ ከ 20 አመት በፊት በተካሄደ የሴቶች መብት ማሻሻያ ሴሚናር ላይ እጅዋን አውጥታ ሚስቶች ሳይፈልጉ ባሎቻቸው የሚተኝዋቸው ነገርም ቢታሰብበት አለች። የፌሚኒስት ነገር!	neutral
ኢዴፓ የኢትዮዽያ ብሔራዊ ምርጫ ቦርድ ለኢዜማ ህጋዊ ዕውቅና መስጠቱን በመቃወም ደብዳቤ አስገባ።	neutral
የፌስቡክ ቀደዳ  ከወራቶች በሃላ መራራ ጉዲና ፦ የመሰረትኩትን ፓርቲዬን ተቀማሁ ይላሉ ተብሎ አይጠበቅም ማለት ይከብዳል።	neutral
ህወሃት አማራጭ ሃሳቦችን እና አመንጭዎቻቸውን በጠላትነት የምትፈርጅ፣ የህዝብ ጀሮ እና አዕምሮ በእሷ አብዮታዊ ዲሞክራሲ እና ዘውጌ አፓርታይድ ብቻ እንዲታጨቅ እና…	neutral
በደሴ ከተማ በሚገኘው የወሎ ዩኒቨርሲቲ ቅጥር ግቢ በተቀሰቀሰ ግጭት አንድ ተማሪ ሲሞት ሁለት ሰዎች ቆሰሉ። ድንጋይ መወራወር ጭምር የታከለበት ግጭት መነሾ በግልፅ አልታወቀም??…	neutral
ሃ ሃ ሃ አቶ ዳንዔል ክብረት መዥረጥ ያደረገውን ስልጣን አላዬህም?	neutral
♬ በድካም በብርታት በማግኘት በማጣት የማትለየኝ ጌታ በቀንም በማታ ያላንተ አንዳችም እንዳልችል አውቃለሁ አቅም ጉልበቴ ነህ ኢየሱስ ወድሃለሁ!  ??	neutral
ረዳት ቀብር አስፈፃሚ ቢሆን... ሣጥኑን ከፍቶ..ጠጋ ጠጋ በሉ አንድ ሠዉ ይጨምራል  ??????	neutral
ሸገር ታይምስ ሚዲያ… ሰሞነኛ ጉዳዮች! ****************************** “… ኦፌኮ የጃዋር ጥፋት ማስፈጸሚያ ካባ ነው የሚሆነው፤  ኦሮሚያ ልዩ ፖሊስ የተዘጋጀው ለምር…	neutral
ከቅማንት እና ትግሬ የምትሮጥ ኣማራ: ከኤርትራ መዋጋት ኣማረህ:: ዝም ብላቹ እረፉ:: ካልሆነ ከግብጽ ሆነን: ኢትዮጵያ ወደ 15 ሃገሮች እንከፋፍላታለን::	neutral
ደስታህን ከራስህ ባራቅህ ጊዜ ሕይዎት በአንተ ላይ ትስቃለች፡፡ ደስተኛ በሆንክ ጊዜ ሕይዎት ፈገግታዋን ትለግስሃለች፡፡ ሌሎች እንዲደሰቱ ምክንያት በሆንክ ጊዜ ግን ሕይዎት የከበረ ሠላምታዋን ታቀርብልሃለች፡፡	neutral
ለማንኛውም ሽመልስ አብዲሳ ካስመረቃቸው 10ሺ ወታደሮች ግማሾቹ መተሀራ ካምፕ ቀሪዎቹ አዲስ አበባ እንደሚመደቡ ሰምተናል	neutral
endouቻናልመጥፎ አይደለም	neutral
እሱ ነው የቀረው።	neutral
ትናንት ምሽት ከህገወጥ ሰው አዘዋዋሪዎች ጋር ከተደረገ የተኩስ ልውውጥ በኅላ ከኢትዮዽያ ሊወጡ የነበሩ 62 ሰዎችን መታደጉን በደቡብ ወሎ ዞን የቃሉ ወረዳ አስተዳደር አስታወቀ።	neutral
ተው እንጂ ለዛ ነዋ ሙስሊሞች መስገጃና የመቃብር ስፍራ የተከለከሉት	neutral
9 ቀን ከጠገዴ ወረዳ ከብት በመጠበቅ ላይ በነበሩበት ወቅት በታጣቂዎች ከታገቱ 8 ታዳጊዎች መካከል 6ቹ በአጋቾቻቸው መገደላቸው ተነገረ። ታዳጊዎቹ የተገደሉት አጋቾች በአንድ ሰው…	neutral
የአዲስ አበባ ከተማ አስተዳደር ምክር ቤት መደበኛ ጉባኤ የተለያዩ ውሳኔዎችን በማሳለፍ ተጠናቀቀ	neutral
ከበሮ ይደለቃል በገና ይደረደራል ዋሽንት ምን ይደረጋል? ????	neutral
እውነት ብለሃል/ብለሻል። misunderstood አድርገኸን/ሽን እንጂ እኛም የቤት ልጆች ነን ??	neutral
ሙሉ ግጥሙ ተገኝቷል	neutral
በ1979 የኢትዮጵያ ዛማና መስፋንት በሚመረምር ጽሁፍ ሪሻርድ ፓንክርስት እንደገና ይጁ ጋላእው መሪ፣ ራስ ጉግሳ መርሳ ሲለው ተመልከት።   ውስዝብ አለ በዘሩ ዙሪያ አለማለቱንም ልብ…	neutral
ገቢ የምትጨምረው ወጪ ለመጨመር መስሎኝ ?	neutral
ዶክተር አብይ ወጣቶችን ካርዳችሁን እንጅ ሕይወታችሁን አትስጡ ማለት ምን ማለት ነው? ህይወታቸውን የምወስደውስ ለምን ይወስዳል? እኛ ገዳይ ነን ተጠንቀቁን እንደማለት ይሁን? ወይስ እ…	neutral
እነዚ ሰዎች ቀስ ብለው ክልል እንሁን እንዳይሉ ብቻ ?????♂️	neutral
እና ከዝሆን የትኛው ነው የበለጠ ጉልበት ያለው? ብለሽ ጥያቄ ብትጠይቂ የፌስቡክ መንደር ሰወች እንዴ ምን ትያለሽ ነብርን ማን ይችለዋል ብለው ይመልሳሉ።	neutral
ትልልቅ አይኖቿ ከለሊት እስከ ጠዋት አልቅሳባቸው አባብጠዋል።  አንድ የግቢአችንን ከፍተኛ ሀላፊ ደውለን ጠራን፣ ተያይዘን ወደ ተፈፀመበት ቦታ አመራን፣ የእምነት ቤት ግቢ ነው…	neutral
አይ የሴት ነገር ይሉ ነበር ውይዜሮ አዜብ	neutral
ኣዲስ ኣባባ የሚደረግ ያለ ሃንግ ይቁም ፡ለ ሞባይል ብሎ የሚተ አሪትራዊ ስንት ይሂን? ኢኔ ኣንድ ከነሱ ነኝ ና	neutral
IMF እያለ ገለልተኛ የምጣኔ ሙሁራን የሚያቀርቡት ሀሳብ ተቀባይነት ይኖረዋል ብዬ አላስብም  ሌላው አድር  እበላ ባይ መጠራቀሚያ እንዳይሆን እሰጋለሁ  ሌ…	neutral
ታለንት ጥግ ድረስ ናት ጌታዬ።  ፎሎው አድርገህ ተማር ታተርፋለህ :)	neutral
መረብ ውስጥ ገብቶ እራሱን ያጠፋ አሳ ነው	neutral
ኢትዮጵያ ታሪክ ብቻ ሆና መቅረቷ የተረዳው ዓብይ አሕመድ ክሽፈቱ ለማወጅ ዳር ዳር ማለት ጀምሯል።	neutral
መናደድ ሲበዛ ያስቀኛል....ተብሎ የተዘፈነውን አስታወሰኝ	neutral
ድሮ እና ዘንድሮ ንዋይ ና ፀሀዬ ??????	neutral
?? ?? ወርቅ እንደሚዘንብ ጠብቀህ ነበር ?? ለዛውም በስዕታት ውስጥ አየህ የዚህን ያህል ነው ሰውየውን የምትፈሩት....እኔ እኮ የማዝነው አንተን ፋለው ለሚያደርጉ ሰወች ነው ምስኪን ፂም!	neutral
እንኳን አስቀመጠው ለማንኛውም????	neutral
የሩሲያው ፕሬዘዳንት ቭላድሚር ፑቲንና የጀርመኗ መራሂተ መንግስት አንጌላ ሜርክል በሰሞነኛው የመካከለኛው ምስራቅ ሁኔታ ላይ ለመወያየት በመጭው ቅዳሜ ዕለት በሩሲያ እንደሚገናኙ ሮይተር…	neutral
ልጅና ሚስት ስለሌለኝ ፈጣሪዬን አመሰግናለሁ ይላል አቶ ልደቱ አያሌው	neutral
“እግዚአብሔር አንድ ጊዜ ተናገረ፥ እኔም ይህን ብቻ ሰማሁ፤  ኃይል የእግዚአብሔር ነው::” መዝሙር 62:11  እኛስ በልባችን ዉስጥ ደጋግመን የምንሰማው ምንድን ነው? ጥላቻ፣ በቀል፣…	neutral
መጽሐፍ ቅዱሱን ማንበብ ሳይሆን መተግበር ነው አማኝ የሚያስብልህ! የመጽሐፍ ቅዱስ ጥቅስ ጠቅሰህ ፍትሃዊ ለመምሰል አትጣር! ሁሉም ባኖብሃል።	neutral
ዐቢይ ስምምነቱ ከተፈረመ በኋላ ዐቢይ «ብዙዎች ብልፅግናን የሚቃወሙት እና የሚጠሉት በግልፅ ቋንቋ ሌብነት ጥዩፍ ነው። የማይሰራ፣ የማይተጋ ሰነፍ ከእኛ ጋር መቀጠል አይችልም» የሚል…	neutral
ለአማኑኤል መግቢያው ከሆነ Ill ጎ ፈንድ ሂም። አንድ ወቅት ይሄንም ጋዘጠኛ ይሉት ነበር??	neutral
ዩኒቨርስቲ የአንድ ተማሪ ህይዎት ማለፉን ከተማሪዎች ሰምተናል።	neutral
በዓል ነው እሺ ፣ ስፒከሩን አውጥተው ሰውን ይበጥብጡት   ግራ ግብት ያለኝ ግን ታክሲ ልጠብቅ የቆምኩት ቦታ ያለው ያበሻ ቀሚስ ሱቅ ፣ ረሀብ የሚለቅ የኤፍሬምን ዘፈንን ለምን ገግሞ…	neutral
እኔ አባባሉ ላይ እስማማለሁ። ነገር ግን ያልሁት በመፅሐፍ ቅዱስ ይህ የማጣቀሻ ቁጥር የለም። ምዕራፍ 30 በመፅሀፈ ምሣሌም ይሁን በመፅሀፈ ተግሳፅ ላይ የለም። ከሶፍ…	neutral
ለኢትዮጺያ ሰላም ስንት መስጂዶች ነው   ቀብድ ያሲያዛችሁት    ጥያቄወቻችንን መልሱልን።	neutral
እይሀው እንደታበደለት 2020 ገባ እና ምን ሆናቹ?	neutral
ሌላው የ2019 ትልቅ ዜና፡ የኢትዮጵያ አየር መንገድ ንብረት የሆነው Boeing 737 Max የተከሰከሰበት አደጋ ነበር። በአደጋው የ 149…	neutral
ጥሩ! የምዕራቡ አለም አይነት የማህበረሰብ ንቃት በሌለበት ያንን ማድረግ ከተቻለ እሰየው ነው:: እኔ ግን የፈራሁት ይህ ሰው የሚዘንበትን ወቀሳና ዘለፋ በማሰብ ነው::	neutral
ነፍጠኛ ብሔር ኃይማኖት የለውም አሀሀሀሀሀ…ማሻሻልህ ነው አይደል ከልቤ ነው የሳኩት በውስጥ አዋቂነት ነፍጠኛ የምትለው አማራውን ነው ይገርም…	neutral
በሀገር ዓቀፍ ደረጃ በተደረገ ቅኝት አድራሻቸው የማይታወቁና ተጭበርብረው የተሰሩ 27 የምግብ ዓይነቶች ገበያ ላይ እየዋሉ መሆኑን ተገለጸ!  Link:	neutral
ዓረቢያ ጥረቶች በአፍሪካ ወንድማማቾች መካከል ያሉ ልዩነቶችን ለመፍታት አግዟል፣ የመጀመርያው የጥረቷ ፍሬ የሆነውም የኢትዮጵያና የኤርትራ የሰላም ስምምነት ነውየሳዑዲ ዓረቢያ የአፍ…	neutral
የቴዲ ኮንሰርት ማታ በግርግሩ መሀል ኪስ አዉላቂዉ ልጅ ስልኬን ከኪሴ ካወጣዉ በኋላ ሊሮጥ ሲል በብርሃን ፍጥነት አንገቱን ይዤ ስልኬን የተቀበልኩት አጋጣሚ። ??  Ps:…	neutral
ስኳር በሻይ ነዋ የምትጠጪው?! ??	neutral
የሕይወት ውሃ ጒድጓድ፣ የገነት ምንጭ እሱ ኢየሱስ ክርስቶስ ነው፤ የአብ ኀይሉ፣ ቀኙ፣ ኅሊናው ነው፤ የዓለሙ ኹሉ ደስታ ክርስቶስ ተወለደልን!	neutral
ንሰማይ ግራቱ   እምበር ሰማይ ግራቱ፡ ዝፃረፍ ንወገኑ ንናቱ ናይ ከንቱታት ከንቱ ሙድ ክትሕዝ ብሰናይት መብራህቱ ንስኻ እንከለኻ  ዝሓፍር ብመንነቱ ሽሙ ዝሓብእ ፊት ንፊት  ዘይቃለስ ከንቱ	neutral
??????አረ ፋንድያ ??????በቃ ግንቦት7 (የኢዜማ )ቡቹላዎቹ  ጭንቅላታቸው ከፋንድያ በቀር ምንም አልሞላቸውም ?????? ጢንዚዛ	neutral
አቶ አብይ አህመድ አጠቃላይ ጉዞውን  ስገመግመው አማራን በማዳከምና ኦነጋዊያንን ዝም በማለት የፈለጋቸውን እንዲያደርጉ የፈለገ ይመስላል፡፡	neutral
ኬሚካል ኢንጂነሮቹን መንግስት ቶሎ ሁነኛ ስራ ካልሰጣች ገና ብዙ ጉድ ነው የሚያመጡት።   መቼም የተባለውን ነገር ኬሚካል ኢንጂነር እንጂ ተራ ነጋዴ ያደርገዋል ተብሎ አይታሰብም።	neutral
ከሱ እኮ ደግሞ ይሄ ቂል ተሰብሳቤ! ኦኦኦኧኧኧጭጭጭጭ  ምድረ ባዶ	neutral
ከዚህ በላይ ልትመቺን ነው? ??	neutral
የአገር ውስጥ ምርቶች ብቻ የሚቀርቡበት መድረክ	neutral
የቄሮ መልእክት ነው የእኔ አይደለም	neutral
ስለ አስትሮ መጥፎ ወሬ መናገሩን ይቀጥሉ እና ቤተሰብዎን እበላለሁ	neutral
የፈሪ ዱላው አቅመ ደካሞች ላይ ነው... ጉልበት አለኝ ብሎ ውጊያ የገጠመማ ወታደር እንጂ ተማሪዎችን ከመንገድ አፍኖ አያግትም! ሰላም የማይጥመው በሀገሪቱ የተበተነ ማፍያ ሁሉ አቅመ…	neutral
ከነዚሁ ስህተቶች ሐገሪቱ ካልዋት ሚዲያ የተሻለው ነው	neutral
ሰው ጉብዝናሽን በሹክሹክታ ድክመትሽን ደግሞ በኡኡታ ያወራልና አትጨነቂ	neutral
ከፖለቲከኞች የምንጠብቀውን ዘላቂ ታማኝነት አንዳንዱ ሕልም ብቻ ሲያደርግብን ለጋራ አላማ ከፍተኛ የግል መስዋዕትነት እየከፈሉ ያሉ መኖራቸውም ግልፅ እየሆነ ነው::…	neutral
ሩት 2 (Ruth) 2፤ ሞዓባዊቱም ሩት ኑኃሚንን፡— በፊቱ ሞገስ የማገኘውን ተከትዬ እህል እንድቃርም ወደ እርሻ ልሂድ፡ አለቻት። እርስዋም፡— ልጄ ሆይ፥ ሂጂ፡ አለቻት።	neutral
ደስታችን ሙሉ እንዲሆን ምናለ አርሰናል እና ሊቨርፑል...  ቢዋሃዱ  ?? ??	neutral
የኢዜማን ያህል ጥርት ያለ ፕሮግራም፣ ድርጅታዊ ፍልስፍና እና የፖሊሲ አማራጭ ያለው ፓርቲ አለ? አለ ካልክ ወዲህ በል፡፡	neutral
እኔ እምለው የታከለ ተወርዋሪ ጦር እውን ሆነ እንዴ? አይሆንም ተብሎ ገዳዩ ያከተመለት መስሎኝ ነበር።	neutral
ቦ 737 የሆነው ይህ አውሮፕላን በውስጡ 180 መንገደኞችን ይዞ ነበር። የፋርስ የዜና ወኪል አውሮፕላኑ የተከሰከሰው በቴክኒክ ችግር ነው ቢልም እንዴት በጥቂት ደቂቃዎች ውስጥ ምክ…	neutral
የክልሎች ግንኙነት ረቂቅ አዋጅ ላይ ለመወያየት የአንድም ክልል ተወካይ አልተገኘም~ ኢፕድ   እስቲ የሀገር ለሀገር ግንኙነት ብላቹ ጥሯቸው ይመጣሉ?! ሰዶ ማሳደድ...	neutral
አህመዲንጀበል በባህርዳር ወጣቶች በቲሸርት ምስል ተለበሰ። ዙሩን በራስህ ላይ ማክረር  አደገኛ ነውኮ!!!በማስረጃ መቀጥቀጥ እያለ በውሸት ፍረጃ መንቀጥቀጥ ምን አመጣው።  ዘመገለጥ በየአቅጣጫው!!!!??????	neutral
ሐበሻ ግን ለመጨፈር ምክንያት ነው የሚፈልገው....I’m those ሐበሻs.☺️??  Happy ፈረንጆች new year❤️	neutral
ለማ የተመሠረተዉን ፓርቲ የመቃወም ህገ መንግስታዊ መብት አለዉ።አብይ ይህንን ለመበቀል በግለሰቡ ላይ እርምጃ የምወስዱ ከሆነ አገርቱን ወደ ጦርነት ማምራት ነዉ።  ዶ/ር ሄኖክ ገቢሳ	neutral
ለኡስታዝ አሕመዲን ጀበል ሙስሊም ካልሆኑ ወገኖቻችን  የተሰጡ ኮመንቶች	neutral
ሥልጠና የሚሰጡት ዲባባ ተስፋዬ (ዶክተር) ሲሆኑ በለንደን ሜትሮፖሊታን ዩኒቨርሲቲ እንደዚሁም ኬምብሪጅ ዩኒቨርሲቲ የፖለቲካ ሳይንስ እና ፍልስፍና መምህር እና ተመራማሪ ናቸው፡፡	neutral
እኛ ማለት እኮ ለጎረቤት ሱቅ ተልከን ሳንቲም ሲሰጡን ቤት ይቆጡኛል አልቀበልም ብለን  ስንላክ የምንውል የዋህ ትውልዶች ነን??????	neutral
አዲስ አበባ የጦርነት አውድማ እስኪመስል ድረስ ለሰው ሃገር የአዲስ አመት መለወጫ ይህ ሁሉ ርችት መተኮስ ምን የሚሉት ዝቅጠት ነዉ ። አረ ባካችሁ ምንም በማያገባው ይህን ምስኪን ነዋ…	neutral
በአንድ ሰው ንግግር አስታከህ አማራን ለመሳደብ ስትጋጋጥ አይቼ ገርሞኝ ነው ጥልቅ ጥላቻችሁን ማራገፊያ ቆሻሻ ቦታ ፈልግ	neutral
በርካታ ጉዳዮች በእንጥልጥል ላይ ሆነው ስለምርጫ ማስፈጸሚያ ሕግ መወያየቱ ፋይዳ አይኖረውም የሚል ሐሳብ በፓርቲዎች በኩል በመራመዱ፣ ቦርዱ የጠራው ስብሰባ መበተኑን አክለው ገልጸዋል፡፡	neutral
እንኳዕ ንሕዳር ማርያም ፅዮን ብሰላም ኣብፅሐና!  (ጉዳይ ፀጥታ ዝዓዘዘ ጥንቃቐ ክግበረሉ ኣለዎ።)  ርሑስ ብዓል!	neutral
የት ነው ግን ትምህርት ቤቱ?	neutral
ካስሽ የምሬን እኮ ነው ዘመኑን ተወው እኔ ቢያንስ ስጠፋ ተናግሬ ነው ደግሞ ታውቃለህ	neutral
የደብተራ ስነ ልቦና ተሸካሚዎች ማህበር ሊቋቋም ነው ወደ እኔ አትምጡ ብሏል!! ሙሐጅሩ መሃመድ አቡ ከውሰር መልክትህን አድርሻለሁ!!	neutral
ተው እንጂ ሃሃሃሃሃ። ያው ቀለል ላድርገው ብላ ይሆን? እስኪ ሊንኩን ወዲህ በል	neutral
ደምህ እንባ ነው። እያለቅሽ ነው። ደህና አይደለህም	neutral
ችግሩ ከልጆቹ ሳይሆን ከግቢ ውጪ ሆነው ብርና ድንጋይ አንድ ላይ ቋጥረው የሚያገዳድሏቸው ስግብግብ ሆዳሞች፣ግን በሌላው እጂ እሳቱን መጨብጥ የሚሹ ስልጣን ፈላጊ ቦቅቧቃ የፖለቲካ ደናቁራት ናቸው።	neutral
ሞን አይነት ከባድ ጊዜ እያሳለፉ እንዳሉ ታየኝ ፤ ነፃነትህን አጥተህ በየመንገዱ እና በየሄዱበት መነጋገሪያ መሆን በጣም ይቀፋል።	neutral
ጥሩ አደርገ ይህ ባንዳ ብር አምጡ ነጋ	neutral
በተለይ የሳህን ማጠቢያ....  ውሃት አ ሪሊፍ  እነዚህ ከብቶች	neutral
አንቀፅ 39 ለማለት ነው። የነገርየው ክብደት የሚያሳየው ይሄን ፖፑላር አንቀፅ እንድንሳሳት አረገኝ! ይሰመርበት!	neutral
ስማማ ይልቅ ልደት መች ሆነ?	neutral
እኔ የምለው Zhabesha ዋና አዘጋጅ ሄኖክ እና በጌታቸው ረዳ መካከል personal animosity አለ ልበል ወይስ ሄኖክ ከጌታቸው ጋር obsession ይዞታል?  ሹክሹክታ ስለጌ…	neutral
የአዲስ አበባ የህብረት ስራ ማህበራት ኤጄንሲ ለበዓሉ መሰረታዊ የፍጆታ ሸቀጦች ማቅረቡን አስታወቀ	neutral
ምንም ሰምና ወርቅ የለውም። ቃሉ የግዕዝ…	neutral
የመመረጥ እድሉ ሰፊ ይሆናል: ህዝቡ ደራሽ ይፈልጋል እምነት መጣል: ይፈልጋል: እንፈልጋለን: በዘር ከፋፍሎ ህዝብ  ከህዝብ…	neutral
ሰልፉ የተካሄደው መነሻዉን ቀበሌ 04 ከሚገኘው ትልቁ መስጊድ አድርጎ በመስቀል አደባባይ በኩል በፓፒረስ አደባባይ በአዴት ተራ አድርጎ የጊዮርጊስ ቤ/ክርስቲያን በሚገኝበት አደባባይ ዞ…	neutral
ህግ ለሰው ተፈጠረ እንጂ ሰው ለህግ አልተፈጠረም።	neutral
ተቋማትን በመዝጋት  አመፅን ማስቆም አይቻልም። እንደ መንግስት አስፈላጊውን እርምጃ መውሰድ መቻል ግድ ይላል።	neutral
ይሄ ነገር እንዴት ያለ ነገር ነው? ይሄ አካውንት የአባባ ታምራት ገለታ ነው እንዴ? አልነገርኩሽም ወይ በአጥር ተንጠልጥዬ ያለው ትዝ አለኝ ????????	neutral
ብለኽ ነው ሰው ከበላ ቋንቋ እናገራለው ይላል እንደውም የወፍ ቋንቋን ሳልጨምር እረሳሁት	neutral
ደግሞ እኮ የምትጎራረሱት ነገር አለ ... ከሽሯችሁም ፤ ከፍርፍሩም ፤ ከሽንኩርት ወጡም በላይ የሚደብረኝ ጉርሻ የሚሉት ነገር ነው። በዛ ላይ ደግሞ የፍርፍር ጉርሻ ...	neutral
አይዞን ፣ አጥሚት ምናምን ፍቱን መድኃኒት ነው ??	neutral
እግዚኦ ከየት አመጣከው ይህን ቁጥር ወይስ የቤተመንግሥት ሂሳብ ያዥ ነክ?	neutral
የሰሊጥ አምራቾች አድማ	neutral
በግብርና ሚኒስቴር የገበያ ጥናትና ማስፋፊያ ዳይሬክቶሬት በቁም እንስሳት ግብይት ላይ የገበያ ትስስር ፎረም እና የመስክ ጉብኝት  ከታህሳስ 17-18/ 2012 ዓ.ም አካሄደ፡፡	neutral
ከተመሰረት አመታትን ያስቆጠረው የአማራ ክልል ወጣቶች ማኅበር የገዥው ፓርቲ ተቀጥላ ነው የሚል ወቀሳ ሲቀርብበት መቆየቱ ይታወቃል።	neutral
???? እንኩዋን ደስ አላችሁ እንኩዋንም ደስስስ አለን!  ለሁለት ቀናት ያህል ጉባኤውን ሲያካሂድ የነበረው የመሃይምነ	neutral
የምርጫ ቅስቀሳ ነው አብቹ?	neutral
ሳታኒዝምና አማርኛን አገናኝተው ሲፅፉ ሳይ አሁን ለአራተኛ ጊዜ ነው በዚ ወር ብቻ	neutral
የትኩረት አቅጣጫ የሚባል ነገር አለኮ። የምጽፈው ግላዊ ስብዕናቸውን መሠረት አድርጌ አይደለም። ያሰፈኑት ሥርዓት ላይ ነው። ስብዕናቸው ላይ ማተኮር የሚፈልግ ደግሞ እዚያ ፓርት ላይ ያተኩር።	neutral
ይሄን ሳይ አባቴ ቢሆንስ አልኩ ልብ ይሰብራል እኔ ልጎሳቆል አባብዬ ????	neutral
ፖለቲካዊ ንቃት እስኪዳብር ድረስ በዚሁ ፕሮግራም ገና ለብዙ አመታት መሸቀሉ አይቀርም።	neutral
የሆንክ snoring ወፍራም ጥቁር ልጅ	neutral
ቤት አሁን አገር አያስተዳደረ ነው  ዩኒቨርስቲዎች ይዘጋሉ ሃይማኖት ቦታዎች ይነዳሉ ተማሪዎች በየቀኑ ይሞታሉ ባለስልጣናት በቤታቸው፣በስራ ቦታቸው፣ለስራ ሲሄዱ ይገደላሉ ህዝብ ይሳደዳል፣ይፈና…	neutral
77ኛው ጎልደን ግሎብስ አዋርድ ትላንት ምሽት ሲካሄድ እንግሊዛዊያን አርቲስቶች ደምቀውበታል	neutral
Seife አፍጥኑታ!  ምንድነው እሱ?	neutral
ምንም ሳይነሱ ምልችትአ ትጣምማ ንችኞደጓ	neutral
ብዙ ተማርን የሚሉ ሴቶች እህቶቻችን መአዛ አሸናፊን ጨምሮ ስለ ፌሚኒዝም ስሙን ኡኡ ሲሉ እሰማለሁ የሚገርመኝ ግን በአብይ መንግስት ሰማይ የደረሰው የሴ…	neutral
‹‹የዴሞክራሲያዊ ስርአት ግንባታን ለማደናቀፍ የሚደረገውን ማንኛውም አይነት ሙከራ በምንም አይነት መልኩ አንቀበልም›› ብርሃኑ ነጋ (ፕ/ር)	neutral
ጌታ ሆይ.... ምን እንደምል ሁላ አላውቅም ... ለማንኛውም ስክሪን ሻት እድርጌዋለሁሁ... እህህህህህ	neutral
Awish ተፋጠጥ እና በግ ተራ ነበር የቆየው አንተ እንዲህ ስትንከራተትልኝ	neutral
“ለጥያቄ ትፈለጋላችሁ!”        የሚዲያ አፈና በጠሚ ቢሮ ማቆጥቆጥ ለሃገራችን የሚኖረው አስከፊ አደገኝነት!	neutral
Zekulu ምን ሆኖ ጠፋ ፤ ሰይጣን ከቦለከው በኋላ......?? ካያችሁት ሰላም በሉልኝ ??	neutral
ወዳጅነትንም አየሁት ከአንድም ሁለት ሶስቴ ከሰው ጋራ ልኖር እያለኩኝ ደጄን በመክፈቴ ፈርሶብኛል ቤቴ ቴዲ ታደሰ	neutral
እንደኔ ኣይነት ኣማራ ለኤርትራም ሆነ ለመላው ኢትዮጵያ ህዝብ በጠቀመ። በኤርትራ ህዝብ…	neutral
የመኪና አደጋ ከመብዛቱ የተነሳ ታክሲውን እኔ ካልነዳሁት በቀር አልሳፈርም!!  ????	neutral
የእመቤታች ቅድስት ድንግል ማርያም ዓመታዊ ክብረ በዓል በደ/ነ/ቅ/ዮሐንስ እና መ/ጎ/ቅ/ማርያም ቤ/ክ ህዳር 21/2012 ምስል፦ ፍቁረ እግዚእ ሰ/ት/ቤት	neutral
ባለኝ መረጃ መሠረት በፓርቲዎቹ መካከል 3 አይነት ድርድሮች እየተካሄዱ ነው::1ኛው ከምርጫው በፊት ሊኖራቸው ስለሚችለው ትብብር፣2ኛው ከምርጫው በኋላ እንዴት ሊሰሩ እንደሚችሉና 3ኛ…	neutral
✍በፕሪሜርሊጉ ሊቨርፑል ባለፉት 365 ቀናት ምንም ሽንፈት አልቀመሰም ፣ ባለፈው አመት ጃኑዋሪ 3 ቀን 2019 በማንችስተር ሲቲ ከተሸነፈ በኋላ።	neutral
ኢ ት ዮ  ጵ ያ ዊ ሲያዩ የሚቅነዘነዙ ጠባብ ብሄርተኛች ብቻ  ናቸው:: ኢዜማ ለሁሉም የአገር ዜጏች እኩልነት መቆሙ እስታሁን ያልገባው እውቆ የተኛ ነው!	neutral
እመቤታችን ወላዲተ አምላክ ጥር ሃያ አንድ ቀን በሥጋ ዓረፈች፡፡  “ለዛቲ ብእሲት ሠረቀ ላዕሌሃ ብዕለ ጸጋሁ ለአብ ወአግዓዛ እምእኩይ ውስተ ሰናይ እሞት ውስተ ሕይወት፡፡ጠቢቡ ሰሎሞን ስለ ት…	neutral
ታህሳስ 22፣ 2012/ ሰሞኑን ከአንዳንድ ዩኒቨርስቲዎች የሚሰማው ወሬ አላምር ብሏል..የተወሰኑ ዩኒቨርስቲዎች ለመዘጋት በቋፍ ላይ መሆናቸውን እየተናገሩ ነው	neutral
ጥፋተኞች እንዲያዙ እና በህግ እንዲጠየቁ አትፈልግም ነበር እንዴ? በነገራችን ላይ ስለዛ ደብዳቤ ዝም የተባለው ለምንድን ነው? ደብዳቤውን የጻፉት ሰዎች ምን ታይቷቸው ነው እንደዛ ያለ ማስጠንቀቂያ የጻፉት?	neutral
እናንተ ያልፈለጋችሁኋትን ሀገር እንደፈለጋችሁ የምትዘሉበት ጊዜ አልፏል ከእንግዲህ ሀገራችን ብለን የምንጨቆንበት ጊዜ ሊያበቃ ይገባል!!!	neutral
ለማንኛውም አጀንዳችንን አንዳንረሳ	neutral
አሕመዲን ጀበል በኤል ቲቪ ሾው ላይ እያደረገው ያለውን ቃለ ምልልስ በቲቪ መስኮት እየተከታተልኩት ነበር።  በተለይ ሽብርተኝነትንና ተያያዥ ነገሮችን አስመልክቶ ጋዜጠኛዋን ጨምሮ ሌሎች ሙስሊም ያልሆኑ ወገኖች	neutral
አይ ኢሊሙናቲዎች ናቸው ??	neutral
ዩኒቨርሲቲ የተማርን እኛ የመጨረሻዎቹ... . is loading	neutral
አንዱ መነሻ እስራት አስር ይላል ሊላው አስራምስት ይላል የቱን እንመን? አምስት አመት እስራት እንዲህ በቀላል አየተነበበ የሚታለፍ ነወ?	neutral
መግደርደሬ ፋሽን ነው አለች? ጎንደሬዎች ግን ይህን ሁሉ ዘመን ፋሽን አይከብድም። :)	neutral
እነ ከመግረፊያ የተረፈው አይፋቅበትም?  ደግሞስ ሌላው ተክል ሁሉ አንድ ነው ግልጋሎቱ ያለህ ማን ነው?	neutral
ይህ ሰው ጁዋር ለኢትዮጵያ ሕልውና አደጋ ነው እና ለምርጫ ከመግባቱ ከእዚህ ቀደም ይጠቀምበት የነበረው ኢሜል እና ይዘቱ ለህዝብ ይፋ መሆን አለበት ። እውነተኛ ጁዋር የሚገኘው እዛ ውስጥ ነው	neutral
አንድነት ይቅርብን አዝናኝ እና ቁም ነገር |በተዋናይ ደሳለኝ ኃይሉ	neutral
ሰኒ ጥያቄው ላንቺ ነው ኳስ አፍቃሪ ስለሆንሺ።	neutral
ጠቅላይ ምኒስትር ዐቢይ «ብዙዎች ብልፅግናን የሚቃወሙት እና የሚጠሉት በግልፅ ቋንቋ ሌብነት ጥዩፍ ነው። የማይሰራ፣ የማይተጋ ሰነፍ ከእኛ ጋር መቀጠል አይችልም» የሚል አቋም በመያዙ…	neutral
የጠቅላላ ጉባኤው መድረክ ላይ የሚደረደሩትን ወንበሮች የሚያሳምሩት 6ቱን ሰዎች የስራ ድርሻ(JD) እና እየሰሩ ያሉትን ስራ የሚያውቅ የተቃውሞው ተቃዋሚ ካለ እስኪ ይንገረንና አብረን ተቃዋሚዎቹን እንቃወም??	neutral
ስንቱን ጉድ አየነው?? የእኔ ስጋት በአርሰናል የተሳለቅነው ገና ብዙ እንዳያሳየን ነው	neutral
በየትኛውም የሶሻል ሚዲያ ስሞኑን የተገደሉት  ህፃናት ጉዳይ  አንገብጋቢ  እንዳልሆነ  ግማሹ ኢትዮጵያዊ የፈረንጅ አዲስ ዓመትን ኢትዮጵያ ቁጭ ብሎ ያከብራል ዳንኪራ ይረግጣል ? ምን…	neutral
የቀበሌ መታወቂያ ሳይዝ የፓርቲ አባል ይቻላል? መጀመሪያ ኢትዮጵያዊ የሚል መታወቂያ ሊኖረው ይገባል። ከፓርቲው መታውውቂያ ላይም ኢትዮጵያዊ ይላል።	neutral
አባባ በመቁረቢያ ጊዜዎ ያልሽው እውነትሽ ነው። ሆ! ?????? እውነት አባባ ምን ነካቸው???	neutral
ለ2020 ኢንተርናሽናል ዳኞች የፊፋ ባጅ ተሰጠ	neutral
ብልፅግና ምርጫ ላይ የሚከፍለው ብዙ እዳ አለ:: ይሄ ሁሉ እያለ ግን ሌላ እዳ መጨመር (በታክስ	neutral
የጥምቀተ በዓለ በዩኔስኮ መመዝገቡን አስመልክቶ በተዘጋጀው መርሀግብር ላይ የተወስደ። በደ/ፀ/ቅ/ዑ/መ/ብ/ሰ/ት/ቤት እና የማዕከል ዘማሪያን በጋራ።	neutral
?????? ጆክ ኦፍ ዘ ዬር  እና የኣንክል ኢሱን መምጣት እየተጠባበቃችሁ ነዋ::  ከናንተ ጋ ኣይደለም መኖር መለመንም እንኳን እ…	neutral
BBC News አማርኛ - አቦይ ስብሃት ነጋ፡ ህወሓትን የሚተካ የፖለቲካ ኃይል የለም	neutral
‹‹ይህንን እንዳደርግ ሙያዬ ያስገድደኛል፤ ቤተሰቦቼም ሲያሳድጉኝ ያስተማሩኝ ይህንን ነው›› የኤቲ ኤም ማሽን አዘግይቶ የከፈለውን 4 ሺህ ብር ለባለ ቤቱ ያስረከበው ወጣት	neutral
በእውነቱ እንደ ፉከራው በሀይልም ሆነ በምርጫ ትህነግ የኢትዮጵያ ህዝብን ዳግም ማሸነፍ ከቻለ  መንገዱን ጨርቅ ያድርግለት። ብዙሀኑ ህዝብ በሌላ ምእረፍ  ከተ…	neutral
በጣም ደስ ይላል ግን ከደሴ እስከ አብልኮ ያለው መንገድ በጣም አስቸጋሪ ነው በነካ እጂሽ መንገዱንም አሰሪልን የዘመኗ ምርጥ	neutral
ግልጽነት የሚሹት የፀጥታ ተቋማት ማሻሻያ ሥራዎች	neutral
ገ/መድህን ፎቶ በስዕል (በሰዓሊ ዘላለም)፤ የጃኖ ባንድ ስቱዲዮ (ግቢ) ውስጥ::	neutral
ወደ የግንኙነት ስርዓት ያስተላልፉ የሁለተኛ ደረጃ ትምህርት ቤት ተወዳጅ ምግብ ኬባ ተወዳጅ ቀለም ሰማያዊ የትርፍ ጊዜ ማሳለፊያ በአሁኑ ጊዜ የወደፊት ህልም ያልታሰበበት እየፈለገ ነው…	neutral
ነገር ጥቁር ሽፋን ያለው.... የተረሳ ነገር ባህር ዛፍም ይታጠን ??	neutral
እናንተም ጋ መምጣቱ አይቀርም የበላይ ትዕዛዝ	neutral
ምንድነው የምሰማው? 2:0  በጣም ተንቀናል: ተደፍረናል: እንግዲህ እኔ ሜዳ ውስጥ አልገባ??	neutral
ኢፌድሪ መሬት ባንክና ልማት ኮርፖሬሽን ዓላማ 7፡ በሁሉም የፌዴራል መንግሥት መስራያ ቤቶችና የልማት ድርጅቶች የተያዙ ይዞታዎችን በመለየት የይዞታ ማረጋገጫ የምስክር ወረቀት በራሱ ሥ…	neutral
በነፃ አለመሆኑ እንዴት ሰላም ያመጣል?የችግሩ ምክንያት ወዲህ መፍትሄው ወዲያ አይሆንም?የሚማረውን ቁጥር ይቀሳል ግን ቁጥር ሳይሆን ወንጀል ነው ችግሩ::	neutral
አዎ መሞት ብቻ ሳይሆን ስርዓተ ቀብሩ ተፈፀመ	neutral
ወረዳ በተሽከርካሪ አደጋ የ13 ሰዎች ህይወት አለፈ!  በምዕራብ ወለጋ ዞን ጊምቢ ወረዳ ዛሬ ከረፋዱ አምስት ሰዓት አካባቢ በደረሰ የተሽከርካሪ አደጋ የ13 ሰዎች ሕይወት ማለፉን ፖሊስ…	neutral
ሶ ከማየቴ በፊት አልነበረም ማለት ነው ሎል	neutral
እረ ጉድነው ወይ ቁጥር?????? ??????????????....	neutral
ኧረ ጌታ ይቅርታ ይበልህ ይሄ ለምንም አይመችም	neutral
ከሰይፉ ይልቅ አብይ  በህዝብ ህይወት የበለጠ አይቀልድም።	neutral
ጠ/ሚ ዶ/ር አብይ እባክዎት ከደምቢ ዶሎ ዩኒቨርሲቲ ታፍነው ተወስደው የታገቱ የአማራ ተማሪዎችን መንግስታዊ ኃላፊነትዎን በመጠቀም ያስለቅቁ እና በዚህ ዘመን ከተፈፀሙ እና እርስዎን ከ…	neutral
አብርሃም አበበ የጎንደር ዩኒቨርስቲ የአማራ ተማሪዎች ማህበር ( አተማ ) ተወካይ ጎንደር 6ኛ ፖሊስ ጣቢያ ታስሯል ።እሺ ብአዴን ቅዘኑ ኦነግ በዚህ በኩል የአ…	neutral
ከዚህ ልምድ በመውሰድ ፌዴራሊስቶቹም ተዋህደው ወይም ግንባር ፈጥረው እንዲመጡ እንጠብቃለን።	neutral
በመጭው ቅዳሜ ፋሲል እና ባህርዳር ከነማ የሚያደርጉትን ጨዋታ አብመድ በሁሉም ጣቢያዎቹ  በቀጥታ ያስተላልፋል።	neutral
እንደ ጠቅላይ ሚኒስትሩ ኤክሳይዝ ታክስ  የህብረተሰቡን ጤና ለመጠበቅ ያስችላል።ሆኖም በሲጋራ ላይ እንደዓለም ጤና ድርጅት 30%+ 8 ብር በፓኮ እንጂ ከዚህ ያነሰ ግቡን ኣያሳካም።የገ…	neutral
የማህበራዊ ሚዲያ  ከቤተሰብዎ እና ከወዳጅ ጓደኛዎ ጋር የመረጃዎ ግላዊነት ተጠብቆ  ቻት የሚያደርጉበትና የፅሁፍ መልዕክት የሚለዋወጡበት መተግበሪያ ሲሆን በመተግበሪያው መረጃ ሲለዋ…	neutral
እንዲሁም በሰላማዊ መንገድ በሕዝብ ነፃ ምርጫ ብቻ ተወዳድሮ ለማሸነፍ የሚሠራ/የምትሠራ ዕጩ ማቅረብ 21ኛው ክፍለዘመን…	neutral
እና ሕይወት ብያኔ እና ባህላችን፣ ሚዛን አጠባበቃችን፣ በተለይ አያድርስ ከሚባሉ የጤና ዱብዳዎች ጋር ተያይዞ፥ ጨዋታ፤ የአይዳ ታደሰ ግጥም፤ የሚያሸልም ጥያቄ። 30 ደቂቃዎች አብራችሁን ቆ…	neutral
እስቲ ዘረኝነቱን በማስረጃ??? እኔም ልጅ እያለሁ ፌስቡክ ላይ እስኪያባርረኝ እዘልፈው ነበር: ግን ጊዜ ጌታ ታሜ አርቆ አስተዋይ መሆኑን በግንቦት 7 እ…	neutral
please  follow up on your sources ! ቤተሰቦቻቸው የታገቱባቸውን መልሳችሁ በማናገር የልጆቹ መለቀቅ እውነት መሆኑን አረጋግጡልን .. ኢቲቪን ያመነ ????	neutral
እኔ ፍንጭ ከሰጠሁ የተሟላ መረጃ ማሰባሰብ የእናንተ መስሎኝ ????	neutral
እሺ ብርቱ ሴት ሶስተ ቀን በጫቃ ውስጥ ተቋቋቁማ ስታበቃ፣ አንድም ሰው እንዴት ነሽ፣ አይዞሽ ሳኢላት ቀረ። እንዴትስ ቻእችው፣ በዛ ቻቃ ለሶስት ቀን ካለምንም ነገር።	neutral
የጎንደሩስ ፋሲል ቢሆን እናቱ ሞጋሳ መሆኗን ልትግድ ነው። አይ የደበተራ ነገር።	neutral
በፍጥነት ቀጣይ የትግል አቅጣጫውን ይፋ አድርገህ ወደ ብሄራዊ ትግል መግባት አለብህ፡፡ መካስ አለብህ፡፡ መሮጥ አለብህ፤ ግዜ የለም፡፡   6. በመጨረሻም ኮለኔል አብይ ምን ሊያደርግ…	neutral
እንካን ለቅ/ላሊበላ አመታዊ የልደት በአል በሰላም አደረሳችሁ	neutral
ከቀናት በፊት ይህን ስል ያዳመጠኝ አልነበረም።  ➜ከቀብር ኢራናውያን በኢራቅ ያሉ የአሜሪካ የጦር ሰፈሮች ማጥቃት ጀምራለች።  ➜Proxy War/battle እንዳልኩትም አልሸባብም ጥቃ…	neutral
«እሰይ! ቅጥል!» ምናምን ብለሽ ለማስነቀል ብዙ አይሆንልሽም! ለማንኛውም ሐሳብ ስለሌለሽ ልቦልክሽ ነው። እስከጠዋት ጊዜ አለሽ። እንደልብሽ ስደቢኝና ይውጣ…	neutral
ፀጉር መሰንጠቅ ይባላል እንደዚህ አይነቱ ወሬ	neutral
እንዴት ነህ? ደህና ነህ?  Sincerely ፌደራል ፖሊስ	neutral
ብትወደወም ብትጠላውም አለማድነቅ የማይቻል ሰው። አሳቢነት፣ እውቀት፣ ሞገስ	neutral
??ጠይም ዘለግ ያለ የሰፋው ደረቱ      ፍቅር አላፊ ነው ባረገኝ እህቱ??  Good morning ??	neutral
ፌዴራሊስት ሃይሎች ከባንዲራ show በዘለለ መሬት ላይ ተቋም ማቋቋም አለባቸው። ካልሆነ ወደፊት ከበፊቱ የከፋ ነገር እንደሚገጠማቸው እሙን ነው።	neutral
በጣም ጥሩ :: ድያስፖራው መግዛት ይችላል?	neutral
መስታዎቱ የተሰበረ መነፅር ለምንድን ነው ያደረገው???????	neutral
ፓርቲ ከፈለገው ጋ ይዋሀድ ችግር የለውም ያ ነው ዲሞክራሲ ግን ኢትዮጵያ እንደ ኢትዮጵያ እንድትቀጥል ኢዜማ ይሁን ምርጫችን ❗❗	neutral
ላይ የተፈጸመውን ምን?» እያሉ በኮሜንት ሲያጨናንቁት አይቼ ሣቅቼ ሞትኩ! ???? እሱ «የመስጊድ ቃጠሎና ዘረፋ» ላለማለት ቃል ያሽሞነሙናል። እነሱ «ምንድነው የተፈጸመው ጥራው እንጂ?» እያሉ ይ…	neutral
ኢትዮዽያኒዝም ስለማራምድ ቢሮ አሰሩልኝ በ ጎ ፈንድ ሚ ያለው ሰውዬ ነው አ? ??????  እሰይ! ድሮስ ጉነግ??	neutral
ትንሽ ቆየ ልበል…ያው ከለውጡ በኋላ ሲቆጠር ማለቴ ነው።	neutral
በዚሁ ሞጁል ውስጥ የኢትዮጵያን የስነ ህንፃ፣ የሥነ ፅሁፍ፣ የዘመን አቆጣጠርና የቁጥር ታሪክ በፃፉበት ምእራፍ ሥር ስለ ግዕዝ ቁጥር አመጣጥና ችግር ሲተነትኑ??…	neutral
ጌታ ሆይ አብሮን ስለተማረ ሰው መርዶ አትንገረኝ አንትሽ:: አማንን አስታወስኩት አሁን ገና ሰማሁኝ ስለሆነው ነገር	neutral
ምክር ቤት ራቺብ ጣይብ ኤርዶኻን ወደ ሊቢያ ወታደር ለማዝመት ያቀረቡትን ጥያቄ አጽድቋል። የግብጽ ውጭ ጉዳይ መሥሪያ ቤት ከተ.መ. የጸጥታ ምክር ቤት የውሳኔ ሐሳብ የሚቃረን ተቀባይነት…	neutral
ምንም እንኳን ሀገራችሁን ብትጠሉ፣ በሚሰራው ነገር ደስተኛ ባትሆኑ፣ ከጠላት ጋር በእናት ሀገራችሁ ማሴርና የጠላት መሳሪያ መሆን  ምንኛ ያማል።! ሬሳ!	neutral
“ይህችን ሃገር ለፅንፈኞች አሳልፈን አንሠጥም”—ልደቱ አያሌው	neutral
ሁለቱም ታላቂቱን ኦሮሚያና የኦሮሞን የበላይነት እየሠሩ ያሉ ናቸዉ ሌላዉ ጀዋር ይሄንን ወንጀል ሲፈፅም የህግ ከለላ ሠቶት ነዉ እስቲ…	neutral
በእንድርያስ ቀበሌ የዛሬው ውሏችን ይህንን ይመስላል። በውህደቱ አስፈላጊነት ዙሪያና የውህደቱ ውጤት በሆነው የብልጽግና ፓርቲ ፕሮግራሞች ስንወያይ ውለናል። ታኅሣስ 26/2012 ዓ.ም	neutral
በአዋልድ ስም ፣ “አዜሊያ ባንኮች” ፣ አሥራ ሦስቱ አጋንንት ፣ ይህንን ሰው በግርማ መንጽሔ ነበልባል ውስጥ በዘላለማዊ ስቃይ እንረግማለን። ሰይጣን መስማት ወይም…	neutral
ይሂ እንደ በግ አና ዶሮ photo በኣል ጠብቆ መምጣት ጥሩ ነው ግን ምልካም በኣል	neutral
በመግለጫዉም አሜሪካ በተጨማሪ 4	neutral
Ewuyyyyy የአብየን ውድ እምዬ አለ ነፍጠኛ	neutral
ምን አልኩ አሁን?  ????	neutral
እኮ ወዴት ...ሰውን ለማስቀሰፍ አስጀምሮ ላሽ ማለትማ የለም ...  ግን ለመኝታ ቤቱ የረዳው ምነው እኔን ረሳኝ	neutral
BBC News አማርኛ - በርኖስ የተሰኘው ባህላዊ ልብስ እንዳይረሳ የምትጥረው ወጣት	neutral
የመተንፈሻ ብሎም የመተጋተጊያ ነፃ ሜዳ የፈጠረልንን የፌስቡክ ፈጣሪውን ማርክ ዙከንበርግንና እና ባለቤቱን Happy New Year አለማለት ንፉግነት ይመስለኛል ??	neutral
InfluencerCash is a scam!   ስለ ድረ- ገፁ ትንሽ ምርምር ሲደረግ የማጭበርበርያ ዘዴዎቹ እና ያቀረባቸው ተከፋይ የተባሉ ሰዎች ፌክ እንደሆኑ መረዳት ይቻላል።   ሊንኮ…	neutral
አሁን ላይ በየቦታዉ ሰልፎች ይደረጋሉ ግን ለማን ነዉ የሚጮኸዉ?አወን መንግስት አለ ግን ጆሮ ዳባ ልበስ ብሉዋል፡፡እዉነቴን ነዉ እምላችዉ ፖለቲከኞች ሊያጠፉን ቅርጠዉ ተነስተዋል፡፡ እ…	neutral
መአተኛ ሰው ምን አጋጥሞህ ነው አንተ እራሱ እንዲ ያሰብከው ሀንትዬ ??????....	neutral
አሁን በደረሰን መረጃ  የአዲስ አበባ ባለ አደራው ምክር ቤት ሰብሳቢ፣ የሰብአዊ መብት ተሟጋች እና ጋዜጠኛ እስክንድር ነጋ አሁን በሰላም ምሳውን በልቷል።  ስንታየሁ ቸኮል ??	neutral
እንዴት ሰው ሁሉ ይህን ይረሳል?? Kongo- *konjo = ቆንጆ	neutral
እኔ ራሱ የወሲብ ታሪኮችን አንብቤ ከጨረስኩ ብኋሏ ነው ኮሜንት ላይ  ጌታ ይገስፃችሁ ብዬ ምኮምተው ??????	neutral
በተጨማሪም አሽከርካሪዎች የትራፊክ ሁኔታ ቀድመው እንዲያውቁና አማራጭ መንገዶችን እንዲፈልጉ መረጃ የመስጠት፣ ህጎችን የሚተላለፉ አሽከርካሪዎችን የመለየት እንዲሁም የአደጋና የደህንነት…	neutral
ከጥር 15_17/2012 ታላቅ ክሩሴድ በወላይታ ሶዶ ተዘጋጅቷል ሁላችሁም ተጋብዛችኋል።	neutral
የችግኝ ሚንስትር ኣብይ ሓመድ የድሮ ስርኣት ዛፎች ተቆርጠው በምትኩ በብልፅና ችግኝ ይተካል ብሏል	neutral
ግን ከእናንተ ወገን ብቻ ነው ውነ ኝልገረደያእ ንም ፕላኖቻችን አስፈላጊ ናቸው ትዎለአ ስደ ንኳንእ	neutral
እስራቱን ግድያውን መፈናቀሉን  ሁሉ ለ27 ዓመታት ታግሶ የኖረ ሕዝብ  ከዕስር ተለቆ ግድያ እስራት ቆሞ መንግሥት ሳይሆ የጎሳ አበጋዞች የመንደር ጎበዝ አለቆች ባስቸገሩበት ወቅት  መንግሥትን ምን አምጣ ነው ነገሩ?	neutral
ባንክ ቆሜ የባንኩ ዘበኛ እየተዋከበ መጥቶ 23830 የማነው? ወደኔ እያፈጠጠ በቸኮለ አንደበት ያንተ ነው? እኔ ኮራ ብዬ  አሰብ አድርጌ ኖ የኔ አይደለም ????  ወዮ እስቲ ደህና…	neutral
እኔን ደህና ነህ እንዴት ነህ ትውልድ ጋር ቀላቀልከኝ  :-)	neutral
ጉሙዝ በጎንደር አይኖርም፣የጎንደር ተወላጅ ግን ጉሙዝ አለ። ጋምቤላው በደብረ ብርሃን የለም፣ የደብረ ብርሃኑ ተወላጅ ግን በጋምቤላ ሀብት አፍርቷል። የወለጋ ተወላጅ ደሴ የመሄድ ዕቅድ…	neutral
የምረጡኝ ቅስቀሳ! ለሚመጣው ምርጫ፣ እኔን ብትመርጡ በዘር በሀይማኖት ፣ምትቦጣቦጡ ሰላም ያልገባችሁ፣ ለፀብ የምትሮጡ ከኪሴ መድቤ፣ ከፍተኛ ባጀት ጠብመንጃ ገጀራ፣ ታንክና የጦር ጀት…	neutral
ፍሪምባ የቱ ጋር ነው የሚገኘው አንትሽ?	neutral
ከሁለት ሳምንት በፊት ነበር። እሱ ፕሮቫው ነው?? ተናግሬ ነበር እኮ ያኔም	neutral
እንደ አካባቢው ስያሜው ይለያያል፡፡ እኔ ያደኩበት አካባቢ ገባ ይባላል፡፡ ወደ መሀል ሀገር እና ምስራቅ ኢትዮጲያ ደግሞ ቁርቁራ ይሉታል፡፡	neutral
የኢጋድ ዋና ፀሀፊ  ወርቅነህ ገበየሁ(ዶ/ር) ከወቅቱ የኢጋድ ሊቀመንበር አብደላህ ሀምዶክ ጋር ሊመክሩ ወደ ካርቱም አምርተዋል	neutral
እርር ሚያረግ ነው አሁን እሄ ህፃን ልጅ ለማይረባ ነገር ሰበብ እያረጉ ልጅቹን መማገድ ምን አይነት አዕምሮ እንደሆነም አይገባኝም። እግዚአብሔር ነብሱን በአፀደ ገነት ያ…	neutral
በዓውደ-አመቱ አንተ ኬክ እየበላህ ሌላው ስጋ እየቆረጠ ከሩቅ ስታይ :-) ;-) :-(	neutral
አህመዲን ጀበል ስለ መጀሪያው የ1923ቱ ህገመንግስት መግቢያ ለLTV በሰጠው መጠይቅ ላይ የተነጋረው ነገር ምን ያክል ትክክል ነው? ስለ ህገ መንግስቱ የምታውቁ አካፍሉን እስኪ።	neutral
ዛሬ ታህሳስ 22፣2012 ዓ.ም እግር ኳስን በሬዲዮ ተመልከቱ በእንግሊዝ ፕሪምየር ሊግ በርንሌይ(Burnley) ከ አስተንቪላ(Aston Villa) ቀን 9:30 ላይ የሚያደርጉትን ጨዋታ…	neutral
ሰፈራችንን በዚህ ሌሊት ያነቃነቀው መቼም ጎማ ፈንድቶ አይመስለኝም ....ሲነጋ ይታወቃል	neutral
Yayesew Shimelis ተፈትችያለሁ ብሎ ቢለጥፍም፥ ፌስ ቡክ ገፁ በሱ ቁጥጥር ስር ስለመሆኑ ማረጋገጥ አልቻልኩም፡፡ ስልኩም እንደተዘጋ ነው፡፡ ዱርየዎቹ የሆነ ድራማ እየሰሩ ስላለመሆናቸው እርግጠኛ አይደለሁም፡፡	neutral
በጁሐር መሐመድ የሚመራው እራሱን ቄሮ ብሎ የሚጠራው ነብሰ ገዳይ ቡድን  በመንግስት እየተረዳ ሕዝብን እያሸበረ ስለሆነ በተባበሩት መንግስታትና በአባሎቹ ከአሸባሪ ሊስት እንዲገባ ቆር…	neutral
Breaking: ከ10-15 ድርጅቶች የራስን እድል በራስ የመወሰን ሉአላዊ መብትና ስልጣን የሚቀበሉ የፌዴራሊስት ኃይሎች ያቀፈ ታላቅ ሀገራዊ ድርጅት እንደሚመሰረት የኦነግ ቃል አቀባይ አስታወቀ!  Source: OMN	neutral
የሐሰተኛ መረጃ ስርጭትን ለመከላከል በወጣው ረቂቅ አዋጅ ላይ በህዝብ ተወካዮች ም/ቤት ውይይት እየተካሔደ ነው	neutral
የአንተስ እናት ምን ትሁን? ወልደችህ እንጂ!	neutral
አዲስ አመት ደግሞ በታህሳስ አለ እንዴ	neutral
100ሺ ጀምሮ ይቻላል ግን ለምን ያህል ህዝብ ?	neutral
በዚህ ሁኔታ ላይ ሳሉ ከአጋቾቹ ስልክ ተደወለ። ስምንት ሕፃናት ይዘናል፤ ለእያንዳንዳቸው 120 ሺህ ብር ይዛችሁ ኑ ሚል ትዕዛዝ ደረሳቸው።  እኛ ድሆች ነን። ብር የለንም፤ ምን…	neutral
ሳለ መጣ  ወዲህ ሳይሰማ ተላከ ፤ ከዙፋኑ ሳይነቃነቅ ከቦታውም ሳይናወጥ ወረደ ፤ በሁሉ ምሉዕ ሲሆን በማህፀን ተፀነሰ ማህተመ ድንግልናዋን ሳይከፍት ተወለደ። ቅዳሴ ኤዺፋንዮስ ፵፮ ÷ ፶፩…	neutral
ልጁ ባቡር ነው እንዴ የወደደው?! ሸከተፍ ሸከተፍ (ይዤ-ከተፍ) የሚለው እኔ እማውቀው የድሮ ባቡር ነው :)	neutral
የሰው ልጅ ገነት መግባት ይፈልጋል መሞት ግን አይፈልግም!!!	neutral
ልጅቷ የደህና ነሽ እንዴት ነሸ ዘመን ከሆነች ተበልተሃል። ካልሆነ አፖስቶ ነው :)	neutral
በባህላችን መሰረት በጽዋ ማህበርና በዕቁብ በመደገፍ ህብረተሰቡ ለራሱና ለወገኑ የሚማልድበት ለድጋፍም የሚመክርበት ቤተ-ክርስቲያን እንዲያንጽ ለጠነሰሱ:  ላስተባበሩና ለተሳተፉ ሁሉ ም…	neutral
ሳሊተ ምህረት !!	neutral
በኢትዬ አሜሪካ ወታደራዊ ትብብር ከአሜሪካ አቻቸውጋር ለመምከር የመከላከያ ሚኒስትሩ ለማ መገርሳ ለይፋዊ የስራ ጉብኝት አሜሪካ ገቡ።	neutral
አንበሳማ ሰው ሰፈር ሄዶም ያሸንፋል:: እውነት ለመናገር አርሰናሎች ወደ ቀደመው አሸናፊነታቸው ቢመለሱ ምኞቴ ነው:: አርቴታ ምናልባት ይሳካለት ይሆናል::	neutral
ከማንም ጋር እኩል አይደለም ሁሉም ግለሰብ የተለየ ነው።         እኩልነት ወደ ሰው ልጅ አእምሮ ሰርስሮ የገባ እጀግ አፍራሽ የሆነ ሃሳብ እንደሆነ ልነግራችሁ እወዳለሁ   ልዩ ስለመሆናችሁ…	neutral
ነገሮች እንዳሁኑ የሚሄዱ ከሆነ (በፖለቲካችን እርግጠኛ መሆን ባልችልም) የሚቀር አይመስለኝም እሱ ነገር።	neutral
እና እኔ ወንድ ናት አልኩኝ?	neutral
የእውቀት ደሃ እና የራሳቸውን ኑሮ ማሸነፍ ያቃታቸው ግለሰቦች መሰባሰብያ ሆኗል። ልደቱ አያሌው what an example	neutral
ምን በወጣኝ እቆማለሁ? ቁጭ ብዬ ማየት ነዋ!!!	neutral
ባለፈው አንድ አመት ውስጥ ሚዲያዎች ግጭቶችን  እንዴት ዘገቡ?	neutral
ምንም ሳያገናዝቡ የቆጥ የባጡን በሚዘላብዱት ስትበሳጭ ዝም ማለትም አስተዋፅኦ ነው ትላለች ውዴ:: እንኩዋንም ይህን አይታ አልተበሳጨች::	neutral
አማራ ብሄር ነው ወይስ ሃይማኖት ግራ ገባን እኮ ጎበዝ	neutral
ስራ ከሌለው ግን ምንድን ነው የሚሰራው?????	neutral
፯. በመጨረሻ ተሽከርካሪ ከሚገባበት መዳረሻ ስፍራ ወደ ማደርያ የኤርታዕለ የተመረጠ ስፍራ የ 3 ሰኣት ደርሶ መልስ የእግር መንገድ ስላለው እስከ መመለሻው ማለዳ የሚሆን ኣስፈላጊውን…	neutral
ልቤን ነው ያለችው ግን አይደል እያልክ  ????	neutral
ፖፕለቲካል አክቲቪዝሙ ከዚህ ተምሮ ከእያንዳንዱ ፖስቱ ስር ቆንጆ ቆንጆ ሴቶችን አብሮ አታች ማድረጉን ተያይዞታል።	neutral
በሙስሊሞች የሚጠበቀው የአይሁዶች ቤተ መቅደስ	neutral
የሰው ልጅ ህይወት እንደቀልድ እየጠፋ ባለበት ወቅት የተሰረቀን ልብስ ለብሶ የተገኘው ግለሰብ ተቀጣ ተብሎ በኢፌድሪ አቃቤ ህግ ደረጃ ሲዘገብ ምን ይባላል?   ቅድሚያ ትኩረት ለሚሹ…	neutral
ለማ መገርሳ የዐቢይ ወንድሙ ነው። ወንድሙ ባይሆን እንደተናገረው ያለ ስሜት እያለው እዚያ ስብሰባ ቢገባ እንኳ እጁን ያወጣለት ነበር?  ይልቅ ህወሃት ሹርባ ተሰ…	neutral
ህወሓት በመግለጫው፡ ከፌዴራል መንግስት ጋር የሚኖረው ግንኙነትም ህግና ህገ-መንግስትን መሰረት ያደረገ ብቻ እንደሚሆን እና ከዚህ ውጭ የሚኖር እንቅስቃሴ ተቀባይነት የለዉም ብሏል።…	neutral
ወያኔ ስትጠፋ	neutral
የአማራም ሆኖ የኦሮሞ ጥያቄ እንደሌሎቹ ብሄረሰቦች ጥያቄ በኢትዮጵያ ማእቀፍ ውስጥ ይፈታል የሚለው አተያይ ብቻ ነው ወደ እኩልነት የሚወስደው ። አማካኙ መንገድም እሱ ብቻ ነው ። የኔን ብቻ ስሙኝ እል…	neutral
ሞት በጥቶ ከደጅ ቆሟል ቢሉት...... ዘጠኝ ሞት መቶ ከደጅ ምን አስቆመው ስምቱን ተውና አንዱን ግባ በለው!	neutral
እውነት አዎ! ግን ሁሉም እኮ ያደረገው ነው	neutral
የአብይ አህመድ አካሉ እንጅ ስልጣኑ በሪፐሊክ ጋርድ አይጠበቀም።	neutral
የኦሮሞ ተማሪ እንደውሻ በየቦታው ይገደላል አንተ ግን ... ጊዜ ይፈርዳል ለሁሉም።	neutral
የሴሌብሪቲ አይኑካችንን እንዳገኘን ለማሳወቅ ያህል ነው። ሙዚቃን ለዚያውም ሊድ ጊታር የተማረች፣ የቸከ ወሬ የማትዘበዝብ።   ጃዝ ፍሪደም ነው። ትልሃለች! ??	neutral
ይህ 100% እውነት ነው። እያንዳንዱ ሰፈር (ምርጫ ወረዳ) ወኪሉን ይመርጣል። በምርጫ ወረዳው ሕዝብ ዘንድ ተዓማኒነት…	neutral
በጣም ልብ የሚነካ ህይወት ነው አሁን ያለህበት ግዜ መጨረሻው ሳይሆን መጀመሪያው ነው ወላጆችህን…	neutral
ከነ maintenance companyው ጭምር ካልገዛሁት በቀር በኔ አያያዝ የሚሆን አይደለም። ????	neutral
ደቡብ ክልል አስተዳደር ፅ/ቤት	neutral
እሱ እንኳን ማስተር አድርጎታል ጀማሪው አዊሽ ነው መምህርሽ	neutral
በጎንደር ኛ ፖሊስ ጣቢያ እንደታሰሩም ማህበሩ ገልጿል። እስሩ ጎንደር ዩኒቨርስቲ ዛሬ ከወሰደው እርምጃ ጋር ስለመገናኘቱ አላወቅንም።	neutral
አማራ የሚባል ማንነት የለም ይላል አሁን ደሞ! ወይ ሀይለየሱስ ኣዳሙ!!! ምን ዓይነት ጉድ ነው???	neutral
በመላው አርማጭሆ የገጠር ትምህርት ቤቶች መንግስት መፍትሄ እስኪፈልግ ካልተዘጉ አደጋው ከፍ ያለ ይሆናል።	neutral
አይሞቅ አይበርዳቸው። የሚያሳዝነው የእብሪታቸው ሰለባ የሚሆነው ምስኪኑ የትግራይ ህዝብ ነው።	neutral
ኢትዮጵያና ሱዳን፣ በሱዳን ወደብ አጠቃቀም ዙሪያ ስኬታማ ውይይት አድርገዋል፡፡ እ.ኤ.አ በ2003 የሱዳን መንግስት ለኢትዮጵያ ሎጅስቲክ አገልግሎት እንዲውል በፖርቱ አቅራቢያ የሰጠው…	neutral
ባክህ ይሄን የማያውቅ የለም :-)	neutral
እውነት ነው ያለሱ እርዳታ እንዴት ተብሎ አልጋ ድረስ ይደረሳል	neutral
ለነገሩ ማድበስበሻ ሆነ።  ብቻ ከአንድ ጓደኛዬ ጋር ሆነን የስነ ልቦና ምክር እንድታገኝ አረግን፣ ትንሽ ተረጋጋች። እኔም የምን የሴቶች ማህበር ብዬ ስብሰባ ላይ የልቤን ተና…	neutral
ቲቸር እስክርቢቶ ስትል መምህሩ  አሁን ወታደር ሆነህ ጦር ሜዳ ትርፍ ጥይት ያለዉ ልትል ነዉ? የተባለ ይኖር ይሆን??	neutral
እጉቱ ጎበዝ ናት በጣም አያምታታም??	neutral
ክህደትን የማት ደግፍ ኦሮሞ የሆንክ ሁሉ ከለማ መገርሳ ጎን ቁም!! ይሄ ሁሉ መከራ የደረሰበት ላንተ ሲል ነውና።	neutral
ከምርጫ ወረዳ ከፍ ብሎ ስላለው አደረጃጀትና ውክልና ንገረን	neutral
ሃሃሃ ያው ዳር ዳር ማለቴ ለምን ሆነና?	neutral
ለየትኛውም የኤሌክትክሮኒክስ ችግሮቾት መፍትሔ እኛ ጋር ያገኛሉ:: ማንኛውንም የኤሌክትክሮኒክስ ጥገናዎች ከተሟላ የእቃ አቀርቦት ጋር እንሰጣለን:: 8191 ላይ ደውሉ ይዘዙን	neutral
አገር ሰው ለትግራይ ያለው ፍቅር ልዩ ነው። እውነት ነው የምላችሁ በየቀኑ የኑሮ የሰላም ቀውስ እየገጠመው እንኳ የትግራይ ህዝብ እሱ ያጣጣመውን ለውጥ ሳያጣጥም ታፍኖ መቅረቱ ነው የሚያንገበግበ…	neutral
ይሄ ጥናት በቶሞካ ቡና ስፖንሰር የተደረገ ነው??	neutral
ገና አልታወቀም ።  ነ1214869394360320000ገርግን ICU - intensive care unit ውስጥ እንዳለ ለሁሉም ግልፅ ነው ። በዚህ ምትፅናና ከሆነ ደግ ።	neutral
እስኪ እንገምት፣   በመጪው ምርጫ አዲስ አበባ ላይ ማን ያሸንፋል?   (በግዕዝ አልፋቤት ነው የተዘረዘሩት። ይህ መሬት ላይ ያለውን እውነት አይገልጽም ግን በኔ ትዊተር ክበብ ያለውን ይገልጻል።)	neutral
በኦሮሚያ የአናሳዎች መብትና ግፍ	neutral
4- የሚኒስትሮች ሹመት - በህገ-መንግስቱ አንቀጽ 74/2 መሰረት የጠ/ሚው ስልጣን የካቢኔ አባላቱን (ሚኒስትሮችን) ለፓርላማው በመጠቆም ማስጸደቅ እንጂ በራሱ መሾም አይደለም። በቅር…	neutral
1)የግንባታ ፈቃድ ዋና አላማው ለመኖሪያ ቤት ሕገወጥ ግንባታን ለመቆጣጠር ነው ሠው ካርታ ካለው ውሱን የግንባታ ፍቅድጊዜ ሠውን እንዲሸጥ የሚገፋ ነው የመኖሪያ መሆኑ ተረጋግጦ ቀሥ ብ…	neutral
የትግራይ ነፃ አውጪ ለኔ አጋር ናቸው ከኢትዮጵያ ወጣቶች ጋር በመሆን መብቴን የተቀማሁትን ቤት የደረሰብኝን ጉዳት ሁሉ በአገራችን ላይ የኩልነት መብት ይኑረኝ ይኑረን እናሸንፍ አለን፣ በሀገራችን ኮርተን እንኖራለን አሜን	neutral
ዘመኑ ይሄ ነገር እውነት ነው?	neutral
የአዲስ አበባ ነዋሪዎች መፈክር ግልፅ ነው  ሠፋሪ እያላችሁ ከቤቴ አዲስ አበባ አታፈናቅሉኝ። በኦሮሞ ክልል ተከብሀልና እጅህን ስጥ  ለምትሉት አልሰጥም  ነው ። ባልደራስ አዲስ አ…	neutral
ህይወት እንደዋዛ ቢመስልም ቀላል ሁሉን እያወቁ ሞኝነት ደስ ይላል ?? ?????? — listening to Yohana	neutral
እውነትም አስተኝቷት ይሆናል የመጣው	neutral
በአንድ ሳምንት ጊዜ ወስጥ አራት ሚሊየን ብር የሚጠጋ ዋጋ ያለቸው የኮንትሮባንድ እቃዎች መያዙን የገቢዎች ሚኒስቴር አስታወቀ ኢትዮ ኤፍ ኤም 107.8…	neutral
የአሰልጣኞች ገጽ | ክፍሌ ቦልተና [ክፍል 1 - ቀደምት የአሰልጣኝነት ዓመታት]	neutral
መቼም ኢንፊልትሬት የሚያደርግ ሰው አታጣምና ታየ የምትለውን ቪዲዮ ለምን አታጋራንም። እኛም እንየውና ሀቅ ካለህ የዘመቻህ አካል እንሁን።	neutral
ማታ ችግር ነበር እንዴ ሰላምዬ ??????	neutral
እሁድ ዕለት ከአምናው ቻምፒዮን መቐለ 70 እንደርታ ጋር የምናካሂደው ታሪካዊ ግጥሚያ ሊያመልጥዎ አይገባም!! እሁድ ወደ አሸናፊነታችን የምንመለስበት ዕለት!! ቅዱስ ጊዮርጊስ፣ የኢትዮጵያ እግር ኳስ ንጉስ!!	neutral
ከ ፕ/ር ብርሀኑ ነጋ የኢትዮጵያ ዜጎች ለማህበራዊ ፍትህ ፓርት (ኢዜማ) መሪ ጋር የተደረገ ቆይታ	neutral
ከአስረኛው ከፍለዘመን እንኳን ብንነሳ አገው አክሱምን ገስቷል፣ ኦሮሞ ጎንደር ከፍተኛ የፖለቲካ ድርሻ ነበሩ፣ ጉዲት ከሲዳማ ነው የመጣቹ ብለው የሚያምኑ ምሁሮች አ…	neutral
በአሁኑ ሰአት ምርጫ በማድረግም ይሁን ምርጫ በማዘግየት ያለባትን ፖለቲካዊ ችግር መፍታት የማትችል ብቸኛዋ የአለማችን ሀገር የኔዋ ኢትዮጵያ ትመስለኛለች ። ትስማማላቹ ወይስ አትስማሙም ?	neutral
3ቴ አስበክ የደረስክበት ድምዳሜ ይሄ ከሆነ ችግሩ ከእስኬ ሳይሆን ካንተ ነው ለማሰብ አልተፈጠርክ ይሆናል ፡  እስኪ ደግሞ ሳታስብ ሞክር...	neutral
ለምን አንችልም	neutral
ዛሬ በደንብ ደግፉት ?????? ነገ ዞራቹ እንደ ውሻ ጩሑበት	neutral
መብራት አለማጥፋት እንደትልቅ ስጦታ ይታይላችኋል	neutral
አይ ተጨማሪ ሀይል ከተፈለገ አለን ለማለት ነው??	neutral
News አማርኛ - ገዳ የወደፊቱ የፖለቲካ ስርዓት መሆን ይችላል ፕሮፌሰር አስመሮም ለገሰ	neutral
ፒፒ አሁንም ድግስ ላይ ናቸው!??	neutral
መለየት እና መለያየት አልገባኝም ነበር . . . . ሞት ንፁህ ይመስለኝ ነበር              - Adam Reta	neutral
ታህሳስ 24፣2012  ከዚህ በኋላ ፕሮጀክቶች እንዲመሩበት እና እንዲተዳደሩበት የታለመ ረቂቅ ሕግ ለሕዝብ እንደራሴዎች ምክር ቤት ቀርቧል፡፡ 1/2  ትዕግስት ዘሪሁን…	neutral
የአሰልጣኞች አስተያየት | ወልቂጤ ከተማ 0-0 ቅዱስ ጊዮርጊስ	neutral
ቀን ይቅርታን የምትለምኑበት እና ህመም እና ተስፋ መቁረጥ እንጂ ሌላ ምንም ያልተተዉበት ቀን የሚመጣው ክፉ ይመጣል እናም ሕይወትዎን በመጨረሻ በቀስታ እና በአሳዛኝ ሁ…	neutral
ለተማሪዎች በቂ ጥበቃ እንደሚያደርግ ባለሙያ በዚህ ቀን ካልገባችሁ በፈቃዳችሁ ለቃችኅል የሚል ርካሽ ማስፈራሪያ ከመለጠፍና ጠባቂ በሌለው ተማሪና ወላጅ ከመቀለድ ችግር ያለባቸውን መዝጋ…	neutral
የሚያወሩትን አያውቁትምና ይቅር በላቸው! ጌትሽ አንዳንዴ በዞረ ድምር ይቀባጥራልና ሽሮ ፍትፍት ይሰጠው!	neutral
ደህና ሁ❤️ ማይ❤️… በሌላ ሕይወት (ኢኤል የት ነበርሽ ያለሽ) ፣ ሴት ልጅሽ እሆንሻለሁ… ❤️ (ኢሌቪን? ??) እንመኛለን?! ??) ሁሉንም ቃል ኪዳናችንን ከዓለም ላይ ጠብቀን እንጠብቃለን ፡፡ … ??❤️	neutral
ጋምቤላ ከመሄዴ በፊት ለማ የሚባለው ስም ስድብ መሆኑን አላቅም ነበር ፤ ስድብ መሆኑን ግን የገባኝ ያኔ እና አሁን ነው።	neutral
አቶ ተገኔ ጌታነህ የቀድሞው የፌዴራል ጠቅላይ ፍርድ ቤት ፕሬዝደንት ባደረባቸው ህመም ሕዳር 22 ቀን 2012 ዓ.ም አርፈዋል፡፡ የተሰማኝን መራር ሐዘን እየገለፅኩኝ ለቤተሰቦቻቸው ና…	neutral
በህገመንግስቱ ላይ የተቀመጠን  የልዩ ጥቅም ሀሳብ ነው የጅል የምትለው። ከፍተኛ ጉዳት ማድረስ የ…	neutral
ለዚህ ነው ስጋ በሊታ ለመሆን የወሰንኩት!	neutral
ጊዜህ ደርሷል።  በቅርቡ ያልቃል።  ደም የሚፈስ ደም ነው ፡፡  የእርስዎ ቤተሰብ ከእንግዲህ የለም።  ጊዜው በቅርቡ ነው ፣ በቅርቡ ጊዜዎ ይመጣል	neutral
ኢዜማ እና እስክንድር አንድ ላይ መስራት አለባቹ ያለዚያ ሸገርን የዘረኞች መፈንጫ ነው ምታደርጉት እባካቹ በመተባበር አብራቹ ስሩ	neutral
ጠ/ሚር ዐቢይ አህመድ ከቦረና ዞን የህብረተሰብ ተወካዮች ጋር ውይይት አካሄዱ፡፡ ከያቤሎ ከተማና ከዞኑ ተወካዮች ለተነሱላቸው ጥያቄዎች ምላሽ ሰጥተዋል	neutral
እውነተኛ ታሪክ ነው!  ልጁ ዛሬ አገር ቤት ስልጣን ላይ ነው ታግ አድርጌ ልረብሸው አልፈልግም:: ከነ አያቱ ቀይሮታል እውነት	neutral
አቤት አውቀት አቤት ድድብና ሌላው ቢቀር ልዋላዊ ለገር ምን ማለት እንደሆነ እንኳን በቅጡ ያልገባው ሰው እንዲ ይላል	neutral
ያንተ ስድብ እንትን ከመምሰል የሚያድነው መሠለህ? ጥጥ ሻጭ! ኮባ ራስ!	neutral
የአመሪካ መሰሪ ተጽኖ በምራብ ኤስያ ማገባደዱ ነው አለች ኢራን።	neutral
እስኪ እንደው ይሄ ጥሩ አጋጣሚ ይሁን። የምታውቀውን አንድ በጎ የሆነ ለሙስሊሞች እና ከእስልምና ያበረከቱትን አስተዋፅኦ ንገረኝ።	neutral
የባሶ ሊበን ወረዳ ግብርና ልማት ጽ/ቤት የ2011በጀት አመት እቅድ አፈፃፀም እና የ2012 በጀት አመት የእቅድ ትውውቅ አካሄደ።	neutral
V8 + አቡ ሚስማር = ምቾት	neutral
????????11 ብቻ	neutral
ስለዚህ በትዊተር ድምፅ ሰጪዎች የምርጫ ቅድመ ትንበያ ልትሰራ እንዳይሆን ብቻ ?? የትዊተር ተጠቃሚዎችና መራጩ ሕዝብ አራምባና ቆቦ ናቸው ወዳጄ: ደግሞም ሚያዝያ 30 መስቀ…	neutral
ኢዜማ አቋሙ ከዚህ የተለየ ከሆነ በግልጽ አዲስ አበባ የኦሮምያ ክልል አይደለችም፣ ኦሮምያ በአዲስ አበባ ላይ ልዩ ጥቅም የሚባል መብት ይለውም ብሎ ለህዝቡ ያሳውቅ።	neutral
ይህ በረቂቆች ውስጥ መሆን ነበረበት። እዛ የተሻለች እንደምትመስል ቃል እገባለሁ	neutral
ደህና ነኝ በፒያኖ ክፍል ውስጥ ነኝ	neutral
ታህሳስ 22፣ 2012/ ትንፋሽ ያጠራት አዲስ አበባ በትንግርት የተረፉላትን አረንጓዴ ቦታዎች ዳግም ላታገኛቸው ነው ተብሏል	neutral
የኢዜማ ደጋፊዎች በተለይም አርማውን ይዘው የሚንቀሳቀሱ አባላቱ ማህበራዊ ትስስር መድርኮችን የኢዜማን ሃሳብ ለማስተማሪያነት መጠቀም ላይ ብታተኩሩ ደግ ነበር።…	neutral
ለውጡ አልዘገየም ከዘገየም ምክንያቱ ለውጡን ቅንጣት የማያግዙ ለመተቸት ከፊት የሚሰለፉት ናቸው:: ጥሩ ነገር ስናይ ማድነቅና ማገዝ ከፍ እንጂ ዝቅ አያደርገንም እንለማመደው::	neutral
እስክንድር ምርጫ የሚወዳደረው ስንታየሁ ቸኮል እና ኤልያስ ገብሩን ይዞ ነው?  ባይሆን በምርጫ ጣቢያው ጥሩ ተፎካካሪ ሊሆን ይችላል…	neutral
አውሮፓም አብዛኛውን ጊዜ የኛ ገና እለት ነው በረዶ የሚወርደው ።	neutral
_እስትንፋስ ያለው ሁሉ እግዚያብሄርን ያመስግን??	neutral
ኃጢአተኛ ነፍስህ ከድነት በላይ ነው እናም ሰላምን እና ህመምንም አታውቅም ፣ ብቸኛው የባዶነት ቅዝቃዜ ብቻ ነው የንስሐ ጊዜ ተጠናቅቋል ፣ ምክንያቱም ጥፋቶችህ በክፉ ዓይነትህ ከማንኛውም ተልእኮ ይበልጣ…	neutral
......... አብይ አህመድ ለህዝቡ የሚጨነቀው ስልጣኑን ከህዝቡ ቢያገኘው ነበር። ግን አይደለም። ስለዚህ አብይን የሚያስጨንቀው የፈረንጆቹ ፍላጎት ነው። የኢትዮጵያ ህዝብ ስልጣን ካ…	neutral
ደረቱ/ቷ ጋር አይደል ??	neutral
ገንዘብ ደስታ አይገዛም የሚሉት ነገር ልክ ሊሆን ይችላል፡፡   ኪሴ ገንዘብ ካለኝ ግን፤ ምሽቱ እንዴት ደስስ እንደሚል ??	neutral
መሬት ባንክና ልማት ኮርፖሬሽን ዓላማ 2፡    የፈደራል መንግስት መስሪያ ቤቶችና የልማት ድርጅቶች ስር የሚገኙ ይዞታዎችን አንድ በአንድ መቁጠር እና ካርታ እንዲኖራቸው ማድረግ።…	neutral
መብት በትግል እንጂ በልመና አይገኝም!  ባህርዳር ኢትዮጲያ	neutral
በተመሳሳይ ችግር እየተጠቃህ ከሆነ ግን ማውራት እንችላለን ??	neutral
ሃኒ ያገራችን ልጅ ስለመሆኖ እያጣራን ነው አንቺን ማን ጠራሽ እዚ	neutral
22/4/2012 ዓ.ም     የ     ኢ     ት     ዮ      ጵ      ያ ካሌንደር ✌       ????❤       መልካም ቀን??        ????❤	neutral
አህያ እኮ ክርስቶስን የተሸከመች ከሁሉም የተመረጠች : ሰርታ በእንደ አንተ አይነቱ የማትመሰገን ቀን ተሌት በሰው ደደብ ተሸክማ እንኩዋን የምት…	neutral
ሁሌም እውነት አይደለም የተለየ ኮንቴክስት ያጋጥማል።በአፍ መፍቻ ቋንቋ መማርን ተመልከት።መንግሥት ፖሊስ ቀርፆ፣ካሪኩለም፣መምህራ…	neutral
የሚዲያው ነገር የሚታወቅ አይደል ካስሽ! የመንግስት አፍ ? በተፈቀደላቸው ልክ የሚሰሩ እንደነሱ ሆነህ ስታስበው ደግሞ on record መረጃ የሚሰጥ ካላገኙ ምን ማድረ…	neutral
ቀልደኛ ነህ  1ኛ ዲያስፓራው ነው ድሐ 2ኛ በባህር በኩል ሰው የሚጠፋው ለህክምና መሆኑን አላቅም እንዳትለኝ ብቻ	neutral
Jantelagen - ስዊዲን፡ ስለ ሀብት ማውራት ነውር የሆነባት አገር	neutral
ቢያንስ መናገር ይችላሉ ስረድ ጉርደያኪስእ ልብምጭ እና ለምን ይሻቸዋል ልናሳሳነያ ድገንመ ንትበሳሳነያ ንኛእ ውሰ ድንአ	neutral
ሚስት ለባል መሆኑ ይሆን?	neutral
እንኳን ኮስት ሼሪንግ ኖሮ ድሮ ት/ት ሙሉ ለሙሉ ነፃ ሆኖ እያለም ችግር አልተፈጠረም። ችግርን በቅጡ ሳያጠኑ ለመፍትሄ መሮጥ እና ዋና…	neutral
ገቢና ቁጭ ብዬ ከኋሏ የተቀመጠችው የሰፈራችን ልጅ ሰላም አለችኝ... በቃ አርፈሽ ቁጭ በይ ይከፈልልሻል ??????	neutral
አቶ ለማን እስከዛሬ በከፈሉት ዋጋ አክብሮታችን ባይለያቸውም ከሁኔታው የተረዳሁት ዶ/ር አቢይ ለያዙት የአንድነት እና የአብሮነት ሃሳብ ምን ያህል ዋጋ እየከፈሉና ወዳጆቻቸውን እያጡ መሆናቸውን ነው።	neutral
ኧረ እኔን ጨምሮ ብዙና እልፍ አእላፍ ወንዶች አለን። ቀልብ መግፈፍ ግን ደስ ይለኛል ፣ ስለ ባል ምርጫው መልካም ዕድል ??????	neutral
በዛኛውም ወገን እንደዛው ነው  :-) ከአንድ ሌላ አፍሪካዊ አገር ቆንጂት ጋር ከታየህ አገር የከዳህ እህል “ምነው ምን ነክቶህ ነው?” .... ስትመለስ ደግሞ “በል እዛው የዋልክበት” ይሉሃል ሃሃሃ	neutral
ሀሳብን በነጻነት የመግለጽ መብት የድሞክራሲ ኦክስጅን ነው ይባላል	neutral
ግልገሏ እኮ ልቀቂኝ ሊህድበት እያለች ነው ???? ኧረ እየሰማናት	neutral
በነገራችን ላይ ኢዜማ የአይዲዮሎጂ ፖለቲካን መሰረት አድርጎ የሚሰራ ፓርቲ ነው። ብልፅግናም ወደ አይዲዮሎጂ ፖለቲካ እያደገ ነው። በሁለቱ መሃል ልዩነት የለም ብለው…	neutral
የምድር ዝቅተኛውና ሞቃታማው ቦታ     አፋር እና ጨው?? ጌጥ አለን ግን አላጌጥንበትም ጫጫታ ላይ ነን??   ዋሉልኝማ??  ????❤	neutral
ለአንድ የድሀ ገበሬ ልጅ ተምሮ ከድህነት ለማምለጥ የተንጠራራን ልጅ ወደመጣበት ማለት ህልምን ተስፋን አልፎም ዛሬን መጨርገድ ነው። ይህ ባይገባህና መሪዎቻችን…	neutral
የሚያሳዝነው እነዚህን ጥያቄ በገዛ እጃችን ስልጣን ካሳቀፍነው እና በደንብ ካመቻቸ በኃላ ምናልባት ከ10ዓመት በኃላ እናነሳና ያኔ ይገባናል ...ጅብ ከሄደ ውሻ ጮኸ ይሆናል	neutral
የረጋ ወተት ሲነጠር ቅቤ ይወጣዋል; ከዛ የተረፈው (ቀጭን ቆምጣጣ ፈሳሽ)	neutral
ማንእንዳለው አላቅም በፊት ግን ድላችን ሀውልት ሲባልነው ማቀው	neutral
What’s on your mind ይለኛል እንዴ??  ሸይኽ አሕመድን ጀበሉ! ሐፊዞሁሏህ !  ይበልጥ! ጀበል ሆነ!!	neutral
የሽሮ ድንፋታ እንጀራው እስከሚቀርብ እንዲል ቢመስልም የሰሞኑ የትህንግ ጫጫታ ናቅ የሚያረጉት ጉዳይ አይደለም። ምክንያቱም ተስፋ የቆረጠ እንኳን ለሌላው ለራሱም ግድ የለውምና፣ እንደዚ…	neutral
Gemechu ሎተሪ ያዞር የነበር ጊዜ ለሸጠለት ሁሉ መልካም ዕድል ይል አልነበር?  አሁን ከነSabawi ሥራዎችን ከተረከበ በኋላም፣   ለምዶበት ቁልቋልም ሲሸጥ መልካም ዕድል…	neutral
አይደለም እንዴ?	neutral
እረ በናትሽ አጣዬ ላይ አላሀ ክበር አያሉ ቤተክርስቲያን ሲያቃጥሉና ሲዘርፉ ያለዉን ቪዲዬ አጣሁት 46ሠዉ የገደሉበትነ እረ ፈልጊልኝ ይሄ ሠዉዬ አማራ ላይ ዝ…	neutral
ቃል ነበረ ቃልም በእግዚአብሔር ዘንድ ነበረ ቃልም እግዚአብሔር ነበረ ይህ በመጀመሪያው በእግዚአብሔር ዘንድ ነበረ። ሁሉ በእርሱ ሆነ ከሆነውም አንዳች ስንኳ ያለ እርሱ አልሆነም በርሱ ሕይወ…	neutral
ከኔ ምን አጥተህ የሚለው ዘፈን  ዛቻ ነው ወይስ ማስፈራራት ???	neutral
ተረክበ ጌታ ተገኘ ~~ ቅዳሴ ጎርጎርዮስ ፧፧ እንኳን አደረሳችሁ፧	neutral
ወሎ ዞን ግዳን ወረዳ (የቀድሞው ላስታ አውራጃ አካል ነው)… ትምህርትቤቶቹ የሚገኙት በወረዳው ወንዳች ተብላ በምትጠራው አነስተኛ የገጠር ከተማና ብርግነት ትብላ በ…	neutral
በልመና፣ ለቅሶ እና ፀሎት የሚመጣ ነፃነት የለም። ነፃነት የተባበሩ ክንዶች እና ያበሩ ሃሳቦች ትግል ውጤት ነው። አዲሳቤው ወይ ከወለጋ እና ባሌ የሚሰፈርለትን ነፃነት እሽ ብሎ መቀበ…	neutral
አወል ቃሲም ጋዜጠኛ መሆኑን አላውቅም ነበር። ሚዲያዎች ሲያቀርቡትም ምሁር እያሉ ነው።	neutral
የምር የመጀመሪያዬን ፍቅረኛዬን ስጀነጅናት የተጠቀምኩትን ቃል ብቋጥበው ኖሮ አውን በቋጠብኩት ቃል 5 ሚስት አገባ ነበር ????	neutral
የልጅትዋን ውበት ሳይ የግልገሏ ድምፅ ሳልሰማው አለፈኝ ?? መልክቴ ለኮንጆዋ ይድረስ	neutral
በዶክተሮች እና በcursive ፀሁፍ መካከል ያለው ግንኙነት.....	neutral
ስለ ትሁት ድፍረቴ ይቅርታ እድርግልኝና፤ እንዴት ነው ተቀምጠህ እያለ የምትራመድ የምትመስለው? ሥፍራውን ቀላል አፍሰኸዋልንዴ!	neutral
ታህሳስ 29፣2012  ኢትዮጵያን በዚያ በዚህ እያጋጠሟት ላሉ ችግሮች ይህ ቢሆን ይሄ ቢደረግ ሲባል ይሰማል፡፡   የፖለቲካ ሳይንስ ተመራማሪዎችስ ምን ይላሉ?  ንጋቱ ሙሉ…	neutral
ጥሩ ጅምር ነው ከፖለትካ እስኞች ተጋሩ መጎብኘትህ	neutral
የህዝባችሁን ስነ-ልቦና ባላገናዘበ መልኩ የሚደረግ ትግል ዋጋ ያስከፍላል፣ አማራ ሰድበከው ኢትዮጲያን ብታሞግስለት የማይቀየም ህዝብ ነው፣ አውራ ፈ… 2012	neutral
ደግሞ ጃዋርን የሚደግፍ ሁሉም ወያኔዎች ማለት ጀመራቹ? ትንሽ ቆይታቹ ኦሮሞ ሁሉ ምን ልትሉት ይሆን?	neutral
በኛ እምነት አሁን ባለው ሁኔታ ወደ ምርጫ የሚገባ ከሆነ በማግስቱ ውይም በዕለቱ ወደ ቀድሞው 2010 ሁኔታ ነው የምንመለሰው። አቶ ልደቱ አያሌው	neutral
Stolen from twitter:  “ሕወሃት ከዚህ በኋላ ቤተ-መንግስት የምትገባው 200 ብር ከፍላ ነው።” ??????	neutral
መድሃኒታችን እየሱስ ክርስቶስ በቤተልሄም በተወለደ ጊዜ እኛ ኢትዮጵያውያን የዛሬ 2000 ዘመን በቤተልሄም ተገኝተን ለተወለደው ህፃን የሰገድን፣ ወርቅ ያቀረብን፣ እጣን ያቀረብን፣ ከ…	neutral
ፎቶ አንድ ሰው ብቻ ነው የቆመው።	neutral
የልጅቱን ተገቢ ጥያቄ እንዲህ አራክሶ ማቅረብ ለኢዜማ እንዴት ሆኖ ነው ጠቃሚ የሚሆነው?	neutral
የህዳሴ ግድብ አሁን የሚገኝበት ሁኔታ።	neutral
አንቺን ብሎ አዋቂ!ዝም ብትይ ይሻል ነበር፤ዝም ማለትም አንድአንዴ ቁንጅና ነው።	neutral
ይህንንም ለኦሌ ብለን ነበር ከቸልሲ ጋር የሲዝኑ መክፈቻ ጨዋታ ላይ...	neutral
ህሊናዎን ይማርካሉ ፡፡  የክፉ ጩኸት ጫጫታ እንደሚሰማህ ከነፍስዎ ጥልቅ ባሕር ደም ይወጣል ፡፡  እርስዎ የሚያደርጉትን እናውቃለን ፣ እናም የመጨረሻውን ዋጋ እና ቅጣትን ይከፍላሉ።	neutral
ሰውየው ግን ጤና የለውም ...	neutral
ጋሽ ባሕታ እንደዘፈነው አላውቅም ነበር። የጋሽ ምኒልክ ወስናቸው ግን ቃላት አይገልፁትም ??....ትስለዋለህ እኮ  ውውውውይይይይ (እንዳትስቅብኝ ደግሞ ??)	neutral
ዛሬም የአርማጭሆ ልጆች ታፍነው ረብጣ ገንዘብ እየተጠየቀባቸው ነው፡፡ በእለተ ገና በምራብ አርማጭሆ ጋብላ ቀበሌ ዳብዲቅ ከተባለ ቦታ የ16 አመት ህፃን  በአጋቾች ተጠልፎ ተወስዷል፡፡…	neutral
ለመገመት ይከብዳል የትራም እና የሂላሪ ክሊንተን ምርጫ ላየ ለመገመት ይከብዳል:: ለማንኛው የ21 ክፍለ ዘመን ትልቁን ሚና የሚጫወተው ሚዲያ ነው:: በሚዲያው የሰውን ጆሮ…	neutral
የህዝቡን ብዛት ይህን ያክል ማለት አልችልም በዚህ ሰኣት ነገር ግን ባለሞያው በበለጠ ቢያስረዳኝ አሪፍ ነው	neutral
ይሄ ጥያቄ ለትህነግ ይመራ:: እንዴት አውቆ: ዘር ሃረግ ሳይቆጥር: ሙር ሳያማክር: አንተ አማራ ትሆን ኦሮሞ:…	neutral
ride  ጥያቄ?  ራይድ ከፍለን ኤርፖርት ደርሰን ገና ውስጥ ሳንገባ አደባባይ አከባቢ  ዉረድ  የሚሉት ነገር ግራ የሚገባው በኤርፖርት አውቅና  የሚፈጸም ነዉ…	neutral
???????????????? ወይኔ እህቴን! Wollof ለመማር ዝግጅት ላይ ነኝ ሁላ	neutral
እንዲህ አይነት ብትሰራማ የት በደረሰች	neutral
ኋላ መቅረት ማለት ሰው ሁሉ ስለ አስቴር አዲስ አልበም እያወራ አንተ ስላልሰማኸው ምንም ማለት አለመቻል ነው!	neutral
ኢትዮጵያን የሚወድ ቴዲን እንደወደደ ይቆጠራል። ቴዲን የማይወድ ኢትዮጵያን_____    ሀ. አይወድም    ለ. ሊወድ ይችላል    ሐ. ሊወድም/ላይወድም ይችላል   ሳያይ አይኔ ብረ…	neutral
ኦቦ በቀለ ገርባ ጋዜጠኛዋ የመጀመሪያውን ጥያቄ ስታቀርብለት (ጥያቄ እንኳን ለማለት ይከብዳል) በቀጥታ አጀንዳውን መዥረጥ አድርጎ ፅፎ ያዘጋጃትን ማነብነብ ይጀምራል።   የተማረ ሰው…	neutral
በቦሌ ዋና መንገድ ወደ ብዙ ብርሃን እየተጠቀመ እያለ በመንገድ መብራቶች ውስጥ የኤሌክትሪክ ኃይል እጥረት አለ? በዚህ የተነሳ ወደ አንዳንድ አካባቢዎች ማሽከርከር አስቸጋሪ ነው:: የቀለበትመንገዶችን ጨምሮ????	neutral
ታህሳስ 30፣ 2012/ የሳይንስና ከፍተኛ ትምህርት ሚኒስቴር በዩኒቨርስቲዎች ተቋርጦ የነበረው ትምህርት በቂ ጊዜ ተሰጥቶት ይካካሳል ብሏል	neutral
ዛሬ ጠቅላይ ሚኒስትር አብይ አህመድ ለሰይፉ ፋንታሁን ከሰጡት ምክር ጋር በተያያዘ  ስለ ሰይፉ የማወቀውን በጨረፋታ	neutral
በተስፋ የምትጠብቅ እናት በሠላም የላከችው ልጇ ሬሳው በሳጥን ተጭኖ ሲመጣላት የሚሰማትን የሀዘን ስሜት ከባድ ነው ስለዚህ እማራለሁ ብለሁ ብለው ሄ…	neutral
Key: አንድ ሰው ሌላ አፍሪካዊ ከተባለ ከሌላ አፍሪካዊ ጋር ቢታይ harass ሊደረግ ቀርቶ ልብ ሊባልም አይችልም::	neutral
ምን ማለት ነው ? 50 አመት ስልጥን ላይ እቀመጣለሁ ነው ? አልገባንም	neutral
የባህርዳር እና ኮምቦልቻ ሙስሊሞች የሚሉትን ስማቸው። እየዋሹንም ከሆኑ ንገረን እስቲ…	neutral
አዲስ አበባ ዋካንዳ ናት እንዴ?! ልብ ወለድ ከተማ? የነዋሪዎችዎም የኢትዮጵያውያን ሁሉ ናት! አደራ የተሰጠው የለም::ህዝብ የሚወስነውን ያውቃል::አዲስ አበባ የጏሳ ፖለቲካ ሰለባ አ…	neutral
አሳዛኝ ዜና  ዛሬ ታች አርማጭሆ ዋልያ ቀበሌ አንድ ገበሬ በሺፍቶች ተገሏል ሲገደል አምስት ህፃናት ተጠልፈው ተወስደዋል። ከነዚህ ውስጥ ልጃገረዶች ይገኙበታል።	neutral
አሬራ|የተናጠና ቅቤው የወጣለት እርጎ| ይገልጸዋል ብዬ ነው።	neutral
ምክር ቤቱ የሽብር ወንጀልን ለመከላከል እና ለመቆጣጠር የቀረበውን ረቂቅ አዋጅ አጽድቋል	neutral
ክልል የኮሌራ በሽታ በተከሰተበት ጎፋ ዞን ከነገ ጀምሮ የክትባት ዘመቻ እንደሚያካሂድ የክልሉ ጤና ቢሮ አስታወቀ። ቢሮው ክትባቱን የሚያካሂደው በበሽታው 4 ሰዎች መሞታቸውንና 180 አንድ…	neutral
እሼ አዲሱ ዓመት ተቀሽቧል? ምንሸጋገረው ወደ 2020 ነው ወይስ 1991?	neutral
በጣም ቀላሉን ስህተት ከሂሳብ አለመቻል ጋር እያገናኙ እንዲህ መገልፈጡ ይህ ነገር ከፍየሏ በላይ ነው ያስብላል። Sorry…	neutral
ታሪክ የጦርነት ዋና መተረቻ ተደርጎ የሚጻፈው አሁን ያለው ከባለፈው የተሻለ እንደሆነ አድርጎ በማቅረብ ሰው ወደጎረቤቱ ሳይሆን ወደባለስልጣናት እጅ እንዲነሳ ለማስቻል ነው፤ ስለዚህም ብዙ ጊዜ የጦርነት ታሪክ ፖለቲካ ነው።	neutral
በዚህ አቋማችሁ ምን ያህል ጫናና ማዋከብ እንደሚደርስባችሁ መገመት ይቻላል። ቢሆንም ለትግራይ ህዝብ አማራጭ ሀሳብና ለኢትዮጵያ ህዝቦች አንድነትና እኩልነት የሚከፈል ዋጋ ነውና በርቱ።…	neutral
መልካም የገና በዓል ለሁላችን!!!	neutral
ፕሮፌሰር መረራ መራራውን ትግል የጀመረበት ሁኔታ ነው ያለው ።	neutral
ስለሆንኩ ይህ ላላጋ ነው ብዬ አሰብኩ	neutral
FactCheck   እስካሁን ከፍተኛ የአሜሪካ ጀነራል በኢራን ጥቃት እንደተገደለ የትኛውም የኢራንም ሆነ አለም አቀፍ የዜና አውታሮች አልዘገቡም!  ታድያ የዚህ ዜና ምንጭ ከየት…	neutral
በእኛ ጊዜ AWTI ተማሪዎች  እያለን ጉተማ (RIP) የሚባል የትግራይ ልጅ ነበር:: ወይ ጊዜ ደጉ !!	neutral
በሁሉም  አካባቢ  ውይይቱ  ይቀጥል ::ብልጵግና   ይበልጵግ::	neutral
ኣቶታምራት ኣስተውለው ይናገሩና ለማወቅ ከፈለጉ ኣልተማርንም ኣንማርም ኣላልንም ግን ኣገራችን ኣሳልፈን ኣንሰጥም እንደገና ማወቅ ኣለባቹ እናንተ ያግራቹ ችግር ሳትፈቱ የ ሃገራችን ጉዳይ ምን ኣገባቹ???ሰው መብት ኣለው	neutral
ያሁኑ ኢዜማ ፖርቲ ና ኢህአዴግ ያሁኑ ብልፅግና ፖርቲ  ሁለቱም ፀረ አዲስ አበባ ፀረ ኦርቶዶክስ ፀረ አማራ ናቸው ይሄ ሃቅ ነው ባለቀ ሰዓት ስም እየቀያያሩ  ቢመጡ አላማቸው አን…	neutral
ሲኒማ መዝናኛ አይደለም ፡፡  ስነጥበብ የማይመች እና ግትር መሆን አለበት።  ለመዝናኛ ፊልም ካዩ ASS ፣ LAZY እና ALIENATED ናቸው።	neutral
ላይ ነፍጠኛ የነፍጠኛ ልጅ ነኝ። የቆቅ ክንፍ እየበላሁ ያደኩ፣ የጅግራ ቅልጥም የቀለጠምኩ፣ ደግሞ ለገና በሰሳው ዱለት የፈሰኩ፤ ነፍጠኛ የነፍጠኛ ልጅ ነኝ የሚዳቆ ቋንጣ ስጋ እንደቆሎ…	neutral
ለማ:ለምን ውህደቱ ፈጠነ  ይሄን እኔ ልመልሰው ሳትዋሃዱ እስኪ ምን አይነት ምርጫ ነው የሚካሄደው የሃሳብ ፍጭት የሌለበት?ማን ለወጣቱ የስራ እድል የሚፈጥር ፖሊሲ ይዞዋል?ማን ግብር ይቀንስልኛል?…	neutral
ምንም ሳያላምጥ የሚውጥ ደጋፊ አለው። ሰው አያገኘውም ብሎ ሳይሆን ትርፍ እና ኪሳራውን አስልቶ ነው። የፈለገህን መርጃ ብታቀርብ የሚሰማ የለም። አውቆ የተኛ... ነው ነገሩ።	neutral
አብይ ለችግኝ ብሎ ያወጣው 40 ቢልየን ብር ስንት ቀዳዳ ይሽፍን ነበር? ወጣቱ ስራ ፈጣሪ ሆኖ እራሱን እንዲቀይር ቢሮክራሲ…	neutral
ዮሐንስ ቧ ያለው ለአማራ ህዝብ ምን ጠቀመ ?	neutral
በዋናነት በተከታታይ ድራማና የቴሌቪዥን ፕሮግራም ዘርፍ የሚበረከተው 77ኛው ጎልደን ግሎብ አዋርድ ዛሬ ምሽት ይካሄዳል	neutral
ሰዉ ግን ምግብ ላይ ????????	neutral
ወይ ፈጣሪ አሁን ደሞ ቡና መጠጣት ልጀምር ነው	neutral
...እስኪታወቅ ድረስ ቢያንስ ወደቤተሰቦቻቸው በሰላም ይሸኙ። ቢያንስ በህይወት ይቆዩ ለማለት ነው። በተረፈ ደህና እደር።	neutral
1.የታሸገ ምግብ ብለን ጅልቦ ለበላ ነው  2.ኣምባ ንጉስ ማንጎ እና አምባ ሾክ በፍቅር የገመጥ ነው	neutral
የኢራቅ ምክር ቤት በአገሪቱ የሰፈሩ 5200 የአሜሪካ ወታደሮች ለቀው እንዲወጡ መንግሥትን የሚጠይቅ የውሳኔ ሐሳብ አጽድቋል። የምክር ቤቱ ውሳኔ ተግባራዊ እንዲሆን በመንግሥት መጽደቅ ይኖርበታል።	neutral
የመኖር ዋስትናችን/ተስፋችን መመስረት ያለበት ‹‹ነፃ አውጥቸሃለሁም ነፃ አወጣሃለሁም›› በሚሉ ፖለቲከኞች ላይ ሳይሆን በሕዝቡ ‹‹የኖረ፣ ያኖረንና የሚያኖረን›› የዳበረ የአብሮነት/የመ…	neutral
በዓመት ከ6 ቢሊዮን ብር በላይ ለጡረተኞች ይከፈላል   -ዝቅተኛ ክፍያ 1ሺ 258 ብር ሲሆን ትልቁ ደግሞ 153	neutral
ትንሽ ብትገፋ ፀበል ይዛ ነው የምትመጣው ስልህ ??	neutral
ምርጫ2020 ለኦሮሞው   አሁን ባለው ሁኔታ የሚቀጥልበት ወይም  በኢትዮጵያ ፖለቲካ ከቀደመው የተሻለ የኦሮሞ ህዝብ ወኪሎችን ለስልጣን የሚያበቃበት ነው ።	neutral
በዚህም 2 ተማሪዎች አንድ አመት ከትምህትር ገበታቸው እንዲታገዱ፣ 39 ተማሪዎች ለሁለት አመት ከትምህርት ገበታቸው እንዲታገዱ እንዲሁም 11 ተማሪዎች ሙሉ በሙሉ ከትምህርት ገበታቸው(ከዩኒቨርሲቲው) እንዲሰናበቱ ተወስኗል፡፡	neutral
አሁን በኢትዮጵያ ብልፅግና የሚባል ፓርቲ የለም። ብልፅግና ፓርቲ የሚባል ፓርቲ የመመስረት ፍላጎት ግን አለ።...	neutral
ክልል ርዕሰ መሥተዳድር አቶ ተመሥገን ጥሩነህ የሞጣውን ክስተት ለማጣራት የኢትዮጵያ እስልምና ጉዳዮች ከፍተኛ ምክር ቤት የላካቸውን ልዑካን «ስብሰባ ላይ ናቸው» በሚል ሰበብ ሳያናግሯቸው ቀሩ…	neutral
እኛ ኢትዮጵዮውያን የራሳችን አዲስ አመት አለን የለንም ላሉት ከሆነ ጥሩ ነው ግን ዘርዘር አድርገው ለማን	neutral
የኤርትራን ፖልስ እንደ አርሲ እና በሌ አቅም ይለለውና ከዱላ ውጭ ምንም እንደኖር ማድረግነው ስትል እውነትም ጥሬ ስጋ መብለት ከሰውናት እንደ ምያወጠና ከአውሬ ጎኒ…	neutral
በዚህ የእግዚአብሔር ፍቅር በእኛ ዘንድ ተገለጠ፥ በእርሱ በኩል በሕይወት እንኖር ዘንድ እግዚአብሔር አንድ ልጁን ወደ ዓለም ልኮታልና። (1ዮሐ. 4፣9)	neutral
ዛሬ በወሎ ዩንቨርስቲ ለገደልከው የድሀ ልጅ  ነገ በጥፍ ቢመለስልህ እዳታለቅስ	neutral
ጠቅላይ ሚኒስትር ዶክተር አብይ አህመድ ብልፅግና ፓርቲን የተቀላቀሉ ድርጅቶች የስምምነት የፊርማ ስነ ስርዓት ላይ ያደረጉት ንግግር	neutral
በሕይወት ሆነን ብንኖር ወይም ብንሞት የጌታ ነን።ስለዚህ ሙታንንም ሕያዋንንም ይገዛ ዘንድ ክርስቶስ ሞቶአልና ሕያውም ሆኖአልና።??✝️✝️??✝️✝️	neutral
የቀረበችሽ ለበቀል እንዳይሆን ማጣራቶች እያደረግን ነው። የመፅሐፍ ቅዱስ ስም ስለያዘች ልናምናት አንችልም ????????	neutral
በአዲስ አበባ በተካሄደው በዚህ የመጨረሻ የቴክኒክ ውይይት ቀድሞ ስምምነት ተደርሶበት ከነበረው በተለየ፣ ግድቡ ከ12 እስከ 21 ዓመታት እንዲሞላ የሚያደርግ የጊዜ ሰንጠረዥ ግብፅ ማቅ…	neutral
የሀገር ህልውና እና ጥቅምን እናስከብር ሲባል ግብፅ አባት ሀገር ሆና ኤርትራ እናት ሀገር የምትሆንበት ስሌት አይገባኝም? ??	neutral
የኢትዮጵያ ህዝቦች ምታውቋዋትም እማታውቋዋትም ለእህታችን ቤዛ ታደሰ እንድረስላት ካለችበት የጉልበት በሽታ እንድትድን ሁላችንም እንረባረብ ስል በአክብሮት እጠይቃለሁ: በስልክ ቁጥሩዋ ለመር…	neutral
ፀጉር ቤት ተገድጄ የማየው ፊልም  . . . ሸሚዙ እስከ ሆዱ የተከፈተ ስራ ቀጣሪ ቁጭ ብሎ ልጅቷ  የማንትሴ  ልጅ ነኝ ስትለው Wooooow እንደዚ ቆንጆ ልጅ አላቸው እንዴ? እሷም መሽኮርመም?????♀️?????♀️	neutral
የጠ/ሚ ዐብይ የምርጫ ቅስቀሣ የአዲስ አበባ ወጣቶች ድምፃቹን እንጂ ሂወታቹን ለማንኛውም ፓርቲ አትስጡ	neutral
የጉዞ ማስታወሻ፣ዓፋር   በዓፋር የሚገፕው በኣለም ሞቃታማ ስራ ተብሎ የተሰየመው የኤርታዕሌ እሳተ ገሞራ ለማየት ፍቃድ ካላቸው የጉዞ ወኪሎች ውጪ መጓዝ ኣይመከርም.ጉዞው  ጥንቃቄ የሚፈልግ…	neutral
የአማራ ባለሀብት አቶ ወርቁ ቃል የገቡት 5ሚሊዮን ዛሬ አስረክበዋል፣ 3ሚሊዮን ለተቃጠሉት መስጂዶች ሲሆን፣ 2 ሚሊዮኑ ደግሞ ጉዳት ለደረሰበት ቤተክርስቲያን ሞሆኑን ተናግረዋል!…	neutral
ያልገባኝ ነገር። አሁን ያለው መንግስት የአማራ መንግስት ነው እንዴ? የአማራ ህዝብ ሰልፍ ስለወጣ ብቻ የነሱን ጥያቄ እሚያዳምጠው። የአማራ ህዝብ ድምጽ እና ለቅሶ መቼ ሲሰማ አይተዋል?	neutral
BBC News አማርኛ - “ኦዲፒ ዋጋ የተከፈለባቸውን ጥያቄዎች ወደ ጎን መተው አይገባውም” ፕ/ር መረራ ጉዲና	neutral
አማራ ቴሌቬዥን ወገንተኝነቱን ያቁም!  በባህርዳር የሙስሊሙ ማሕበረሰብ በነቂስ ወጥቶ ሰላማዊ ሰልፍ በማድረግ ላይ ይገኛል።	neutral
ለመምቴ ምንማለት እንደሆነ ራሴን እየጠየኩ ሹክሻክን ጨመሩልኝ ????	neutral
ሐይ የ ታዳሺ ትዊቶች ይታያሉ! ትም / ቤት የጠለቀ ነው ነገር ግን በትዊተር ላይ ታዋቂ አይደለም	neutral
ሲጀምር 63-45=18	neutral
ጠያቂ:  የኢትዮጵያ ችግሮች እነማን ናቸው??  መላሽ:  አማራ እና ኦሮምያ ክልል።  Bitter truth.	neutral
... የማይሆን ከሆነ ተደራጅተው የራስን ፕሮግራም ቀርፆ ለህዝብ ማቅረብ። ይሄኛውን አማራጭ ሲያዩ ግን አንድ መርሳት የሌለባቸው ነገር ቢኖር የመራጮችን ድምፅ…	neutral
በአብዛኛው ጊዜ ባሎች ከሚስቶቻቸው  ቀድመው ይሞታሉ  ሚስቶች ባሎቻቸው  ከሞቱባቸው  በኋላ በብቸኝነት የሚኖሩበትን ጊዜ ለመቀነስ እኛ ወንዶች at least በ 5 አመት የሚበልጡ…	neutral
እኛ ነን የሚቀርበን።	neutral
ማንኛውም በሰኣቱ የሚጎዳ ነገር ይመስላል ጊዜው ስያልፍ ለካ ለዚህ ነው እንዴ ያስብላል ስለዚህ ነገሩን በየትኛውም ጊዜ ምኑንም ስትቃዎሙ ግንዛቤ ዉስጥ እያስገባችሁ መሆን አለበት።	neutral
ማነው ያ የOMN ማኔጂንግ ዳይሬክተር እንኳንም ብልፅግና ውስጥ ልግባ አላለ።ከፈለገ የፈለገው ውስጥ ይግባ ምንም አያመጣም የፓርቲን ተቀባይነት ከመቀነስ ውጪ!	neutral
ግን ከእናንተ ወገን ብቻ ነው ውወተ ዶክተር ፔቭልን ለመያዝ ክፍያ የሰጡትስ ማን ነው ልናሆይ ዜጊ ምጅረ ምጣበ ትፊበ ያዚከ ናእ	neutral
እነርሱም ሽልማችሁን ለመያዝ እየሞከሩ ነበር ትነኝጠግርእበ ዴንእ ትልቅ ሰው ነዎት ተንናእለ	neutral
ኢትዮጵያን ይበትናል የሚል እምነት የለኝም መሰረታዊ የሆነ የፌደራሊዝም ተቃርኖ ግን አለው አሁን ሁሉም ዝም ያለው የፖርቲ ፕሮግራም ስለሆነ ነው ወደ…	neutral
ጥሩ ማሳሰቢያ ነው:: ተቻኩሎ አቶ ለማን ጥላሸት በመቀባት ጠላትን ከማጠንከርና ማስደስት ይልቅ እስከአሁን ላደረጉት አስተዋፅኦ አክብረን አቢይን እንደግፍ::	neutral
አሁን የፍርሃት ጊዜ አይደለም ሉላችይ ርገናመ ስንያቢ እና ከዚያ በፊት በጣም ረጅም ጊዜ ይሆናል ውነ ቻብ ንገወ ተንናእከ ንግ	neutral
ኦኬ ወደ ሌላ ዛፍ ገብተናል ጎበዝ	neutral
ሥለራሳቹ አውሩ እንጂ  ሰው ብሎ ማለት የራሱን ቀዳዳ የሸፈነ ነውና ??	neutral
በል የተማሰ ጉድጓድ ውስጥ እንዳትገባም ጭምር ተጠንቀቅ ??	neutral
ነገረችህ እኮ።  የደረቴ አጥንት ያምራል አለች።  እንግዲህ ያንን እሷና ያየው ያውቀዋል:) ግን በርግጠኝነት ውበቷ እንደሆነ ነግራናለች።	neutral
የአገር በቀል መገናኛ ብዙሃን ተልኮ እና ሚና ምንድን ነው? ጋዜጠኞችስ እነሱ የሚፈልጉትን ነው ወይንስ የሚገባውን ነው ማስተላለፍ ያለባቸው? እንደ አገርስ?	neutral
Kenema 6 vs 8 Set P Attacking Principal :   _ 2ቱ የፋሲል ተጨዋቾች ከበረኛው በሴንቲሜትር ርቀት ላይ በመሆን ግብ ጠበቂውን ጫና ውስጥ ማስገባት፣  _ አንድ የ…	neutral
Background ላይ ያለው ግን የ ኢህአዴግ ልማት ነው  ሳተላይቱ ቢሆን ይሻል ነበር ??	neutral
የደሃ ልጅ ነው ሚበጠብጠው ለማለት ነው???	neutral
እርሱ ሁሉን ነገር ነበር ሃአ እኛ እኛ ማን መሆን አያስፈልገንም ምረበነልአ ሩጥ ምጣበ ሱእ	neutral
ተልከን አይደለም ነው ????	neutral
?????? ችግሩ ትምህርት ነፃ መሆኑ ነው ሊሉን ነው?	neutral
እውነት ነው ዛሬ የደረሰብኝ ነገር ቀላል አይደለም	neutral
ዛሬ እና ነገ አንቀፅ 39 በዶሮ መልክ ተመስሎ ይመጣልና ተጠንቀቁ  :)	neutral
እርሱ ሁሉን ነገር ነበር ልያታይ ክልመ ፍሃሾማ እሱ በጣም ጥሩ አልነበረም ርበነ ቅውአ ንትንዴ ይቬርሃ ንግ ርገነ	neutral
ዘሙዬ ደግሞ፣ አሁን እኔ አንተ ላይ እደርሳለሁ!?? ????	neutral
የሐሻ ወግ	neutral
ዛፍ ላይ የተቀመጠች ወፍ እምነቷ በዛፉ ሳይሆን በክንፏ ነው።  ምን ለማለት....	neutral
ሁሌ በገና ቀን ተወዳጅ መዝሙር	neutral
እና ዛሬ 11:30 የለም ነው የምትሉት?	neutral
በተግባር ድርጅትህ የሚያደርገው አንተም ዛሬ የደረከው ነው፣አዲስ ነገር አይደለም።ለማንኛውም መልካም ቅዳሜ	neutral
እና እዚህ ጋር አንትሽ ከተቀራራቢ ምስል ውጪ ምን አምጣ ልትለው ነው?	neutral
ቆይ ከሌቦቹ ጀርባ ሚሄዱት ሰዎች ታዛቢ ኮሚቴ ናቸው?!?????♂️????	neutral
ኦቦ ለማ ታላቅ ሰው ናቸው አብዛኛው የኢትዮጵያ ህዝብ በጣም ይወዳችዋል ያከብራቹዋል ብዬ ስል በማጋነን ነው።እሳቸው አንድ ቃል ከተናገሩ ሰሚው ብዙ ነው!!! ለኢ…	neutral
የመሳሪያ ዝውውር፣ በሰዎች ዕገታ እና በታጣቂዎች እንቅስቃሴ ምክንያት አጣብቂኝ ውስጥ የገባው የመተማ ወረዳ አስተዳዳሪ አቶ አባይነህ ወረታ ዛሬ በአማራ ራዲዮ ቀርበው በአካባቢው…	neutral
የማይመሥል ወሬ ወያኔ ወደመቀሌ ሥለሄደ ነው የከፋችው?	neutral
ወያኔ ቴዲ አፍሮን ቁም ስቃይ ሲያበላው ነበር ህዝቤን በሙዚቃ ላስደስት ባለ ; አሁን ደግሞ ባለተረኞች እስክንድር ነጋን ያንገላታሉ ።  ታዲያ ሁልጌዜም እውነት ታ…	neutral
«የእኔንም የሕይወት ታሪክ አንዳንድ ሰዎች  ባለማወቅና በመሳሳት  ወይም በምቀኝነት  እውነት አስመስለው ጽፈው ፤ ሌሎችን እንዲመስላቸው ለማድረግ ቢፈትኑ ፤ የውነተኛውን ነገር ከስፍራ…	neutral
እኔ እከተልሃለሁ እና ባገኘሁህ ጊዜ እገድለዋለሁ እና ውሾችንም እመግብሃለሁ ፡፡ አሳማህ ቤተሰቦችህ ይጠሉሃል እነዚህ ሸረሪዎች በክፍልህ ውስጥ እንዲዘዋወሩ…	neutral
ስለምን እንደምናወራ ግልፅ እንዲሆን ነው ??	neutral
ቱሪስቶችን በጎንደር ለማቆየት ያለመ አዲስ መንገድ	neutral
ወጣት የሚባል ነው ይላል ዘገባው፡፡ በመሆኑም እዚህ የህብረተሰብ ክፍል ላይ የምናደርገው ኢንቨስትመንት ነው የሐገራችንን መጻኢ እድል የሚወስነው ለዚህ ደግሞ የወጣቶች የስራ እድል ፈጠ…	neutral
ጅማ አባ ጅፋር ከ ባህር ዳር ከተማ - ቀጥታ የውጤት መግለጫ	neutral
የከተማ አስተዳደሩ ሪፖርት ለህዝብ ተወካዮች ምክር ቤት	neutral
ከእንግዲህ ይህን ማድረግ አልችልም ፣ ሰውነቴ እያብለጨለለ ነው ፣ የት ማምለጫ እንደሌለበት።  በእኔ ላይ ሲወርዱ ማለቂያ የሌለው ማለቂያ የሌለው የጨለማው ሜዳ ይሰማኛል እናም ወደ ኋ…	neutral
በእርግዝና የመጀመሪያ ወቅት ላይ ፅንስ ማስወገድ የፈጠረቦትን አእምሮዋኢ ቴናዎ ላይ ያደረሰውን ተጽኖ ያካፍሉን	neutral
እሺ በድምጽ ብልጫ እንወስና ዲሞክራሲያዊ እናርገው!	neutral
የመንግስት ፕሮጀክቶች የሙስና ተጋላጭነት	neutral
የብዙዎቻችን መሰረት	neutral
❖11:00 ሰዓት ላይ ከኢምሬ የተለየ ቡድን ሊዮንበርግ እንደሚያሳየኝ ተስፋ አደርጋለሁ!	neutral
ፀዲ ግን ሙዷ ከባድ ነዉ ???♂️	neutral
የአራት ኪሎ ወንበር በምንድነው የተሰራው እንዲህ ህዝቡን የሚያተራምሰው? ለህዝብ አስበን ነው ብላችሁ ቅንድቤን እንዳታስቁት።	neutral
በተጨማሪም የጤና ሳይንስ ኮሌጅ መምህሩ እና ተመራማሪው ዶክተር ዋቅጋሪ ደሬሳ ናቸው፡፡ 3/3	neutral
አረ ወይኔ እዚ ቤመ ውስጥ ግብዣ ያልተጠራሁት እኔ ብቻ ነኝ ልበል...	neutral
ስትተኙ ልብሳችሁን እንጂ ልባችሁን አውልቃችሁ አትተኙ:: አንዳንድ ሰው ወጥ አቋም የሌለው ሊተኛ ሲል ልብሱን ብቻ ሳይሆን ልቡንም አውልቆ ስለሚተኛ ነው::	neutral
ህወሃት..ከብልጽግና ጋር ስለማልዋሃድ... የንብረት ክፍፍል እናድርግ ብላለች:: ለመሆኑ ንብረቶቹ እነማን ናቸው ..ዋልታ ፋና ሜጋ ወጋጋን ወይስ ሆርን አፌርስና ዛሚ ወይስ አብዮታዊ…	neutral
ከታች ምን ይላል ??	neutral
ቢያንስ በአስቱ ዘፈን ክትክታ እና ወይራ…	neutral
ዛሬ እንኩዋን እረፍት አታደርግም  በ አውዳመት እንኩዋን ??ትንሽ እንኩዋን እፈር እስኪ ??????	neutral
ሰዉ ጅምር ፍጥረት ነዉ፡ በቃለ እግዚአብሔር ተገንብቶ የሚያልቅ	neutral
Apologies for spamming your timeline :-) በቂ ገንዘብ ከተሰበሰበ ክረምት ሳይገባ የእድሳት ስራውን ማከናወን ስለሚቻል ነው፡፡ ክረምት ከገባ አይደለም እቃ ተሸክ…	neutral
የኢትይፕጵያን ኡነተኛ አመሰራራት እና የረጀም ጊዜ ያላቋረጠ መንግስት ግንዛቤ ውጽት ሲገባ ነው ፌደራሊዝም የሚለው አካሄድ ትክል መልክ ሊይዝ…	neutral
ብልህ ሰው  የኣርበኛ ሸዋረገድ ገድሌን ስብእና ያስተውላል  በርታ ወንድሜ!!! ????♥️	neutral
በጣም የሚገርም ነገር ነው  ለካ ቀድሞ ገድሎታል።	neutral
ዲጂ ሊ፡ እስኪ ተቃቅፈን ወደ ግራ ወደ ቀኝ እንበል? This guy: አረ ላቦሮዎቹ ነው እንዴ የላኩሽ   ????????	neutral
እኮ... በግ ላይ ምኑ ጋር ነው ያለው?	neutral
• ብሬ እድሜ ልኩን ደብረዘይት ሢል ከርሞ፣ ናዝሬት ሢል ከርሞ አሁን ብሾፍቱ አዳማ ምናምን የሚል ነገር ገርሞኛል? አዳማ አዳማ በዝቷል ምን ተደግሧል ሠዎች?  ••• !	neutral
ገበያ መር የውጭ ምንዛሬ፡  በእሳት ጨዋታ?	neutral
የፕራይቬታይዜሽን አዋጁ በቀላሉ ወደኋላ ሊመለስ የማይችል ዘላቂ ተጽዕኖ ያለው በመሆኑና አስቸኳይ ባለመሆኑ፣ ተግባራዊ መሆን ያለበት ሀገር ተረጋግቶ መክሮበት በመሆኑ በችኮላ ጸድቆ ወደተግባር እንዳይ…	neutral
በመጀመሪያው ኢሄአዴግ ዘመን የሸወደኝ  ፓለቲከኛ እና አክቲቪስት ብዛቱ?????♂️።ጢባጢቤ ነው የተጫወቱብኝ።	neutral
ከፍተኛ የክልልና የፌዴራል የሥራ ኃላፊዎች በሰሜን ሸዋ ዞን ደብረ ብርሃን ከተማ ከክልሉ ባለሀብቶች ጋር የንቅናቄ ...	neutral
ለማንኛውም ሸዋፈራሁ ደሳለኝ   ከህወሀት ወደ ህዳሴ ጉዞ ማስታወቂያ   ከወራት የማገገሚያ ቆይታ በኋላ ወደ ብልፅግና ጉዞ የሚል ማስታወቂያ ጀምሯል  ታድሎ	neutral
ዞን ምክር ቤት የሀድያ ብሔር በክልል የመደራጀት ጥያቄዉን የክልሉ ምክር ቤት ባለማስፈጸሙ ለፌዴሬሽን ምክር ቤት ይግባኝ አቀረበ፡፡	neutral
“ኢህአዴግ ባለፉት 27 ዓመታት ያደራጃቸውን ፓርቲዎች ይዞ መቀጠል ሲያቅተው፣ ሌላው የኢህአዴግ ክንፍ ደግሞ ይዞ ለመሄድ እየሞከረ ይመስላል” – ፕሮፌሰር	neutral
ዓለማችን የተረጋጋች ትሆን ዘንድ አሜሪካ የኢኮኖሚ ቀውስ ቢያጋጥማት ጥሩ አይመስላችሁም? ቻይናና ሩስያ ደግሞ ቢበለፅጉ?	neutral
እድሜ ላይ እንደ ትምርት double መተህ ነው የሚመስለው ??	neutral
ጥንካሬያችሁ የሚለካዉ መጀመሪያ ለአባላቶቻችሁ ዋስትና መሆን ስትችሉ ነው። እነ ክርስቲያንን አስፈቱ	neutral
★አዲስ አበባ ስቴዲየም ላይ ኳስ ልታይ እየገባህ .... _ በሩ ላይ «የሴት ቦርሳ አይገባም»  ስትባል  _ እረ?  ትንፋሽስ ይገባል??? ብለህ እየጠየክ የምታሳየው ሁኔታ  _ _ እ…	neutral
ያንተና የመስሎችህ ምስክሮች ደግሞ የውሸት ፋብሪካ አቋቁመው በአገራችን ጠላቶች ገንዘብ እየተረዱ ቆም  ብለው እንኳን ምን ያህል እራሳቸ…	neutral
ለአፍሪካ ህብረት ሰላም ማስከበር ተልዕኮ በ3 አመታት ውስጥ 141 ሚሊዮን ዶላር ወጥቷል ተባለ	neutral
ምንም አንሆን አይዞን!! እንቅልፍ ያደህያል ሲሉ ሰምቻለሁ	neutral
በመሆኑም እነዚህን ችግሮች በተለይ በተጠቃሚዎች አድራሻ ይከሰት የነበረውን የማይታይ የውሃ ብክነት እና ብክለትን 100%  አለማንም ሙያተኞች በተጠቃሚዎች በእራሳቸው…	neutral
1ኛ ሳምንት የኢትዮጵያ ፕሪምየር ሊግ ጨዋታዎች | ቀጥታ የውጤት መግለጫ	neutral
ናቶቶ ሳምሶን ከእርምጃው ኮክ ሲወጣ ዓይኖቹ ከእርሷ ጋር የተጋነነ ነበልባልን ከመጋራት ሲወጡ	neutral
ትችቶቹም ሙገሳዎቹም በቀኃሥ ግለሰባዊ ስብዕና ላይ የተንጠለጠሉ ስለሆነ እዛው እንቆይ።እስኪ በዘመንህ ሚዛናዊ ሆነህ የንጉሰ ነገስቱን ስብዕና ያነፀርክበትን አንድ ትዊት…	neutral
በብልፅግና እና በኢዜማ መካከል ያለው ልዩነት ምንድነው?   . . . . . . . . . . . . . . . . . . . . . ምንም!!!!	neutral
ባለሥልጣኑ እኮ የአካባቢውየሚዲያ ሥርጭትንየሚቆጣጠር ነፍጠኛ ሰራሽ አገር አፍራሽ ተግባርን አደባብሶ አገርየማያፈርስ የመኪናን አደ…	neutral
ኧረ ሰው ነኝ ያልከው ሰው ነኝ ብለህ እስክታምን ድረስ ስለጨቆኑህ እንጂ ዛፍ ነበርክ አለማለቱም ደግ ነው	neutral
እቁብ እና እድርም ሳይጀምሩ አይቀርም እንደ አያያዛቸው ሆ	neutral
ዛሬ መጥቶ ነገ የሰፈሩ እድር ሊቀመንበር ይሆናል። በድግስ ቦታ አስተናጋጅ፣ለሀይማኖት በዓል አስተባባሪ ይሆናል። ብሔርና ሀይማኖት ሳይለይ ሁሉም ጋር ይገኛል። ሀብት ያፈራል። ወግና ማ…	neutral
ጉድ አንድ ሰሞን ነው	neutral
ታኬ ላይ ሙድ መያዝህ ነው እንዴ Indeed! ስትል? ??	neutral
በ3 መዝገብ የተከሰሱ 6 ግለሰቦች በፍርድ ቤት ውሳኔ እንዳገኙ ምክትል ጠቅላይ አቃቤ ህጉ ጠቅሰዋል፡፡  ሰበታ ላይ ቀላል ጉዳት በማድረስ ወንጀል ተከስሶ 6 ወር የተቀጣው ግለሰብ አንዱ ነው ብለዋል፡፡ 2/3	neutral
*ትምርት ቤት የሌላቸውን የሚያሰራ ፣ የ ግብርና ድጋፎችን የሚያደርግ እና ለ ቆቦ አስተዳደር ወሳኝ የተግባር ሰው።ይህን የ ቆቦ ወረዳ አዩብ ትምርት ቤት ከ መሰረት ድንጋይ…	neutral
በቀጣይ ቴክኒዎሎጂው ወደ ስራ ሲገባ አሁን ባሉ ቁጥራቸው በ አአ 560000 በለይ ለሚሆኑት ነበርና በቀጣይ በግል እና በመንግሥት በሚገነቡ ግንባታዎች የገጠማ ስራ ላ…	neutral
አይደለም። አይኔ ነው	neutral
የአዲስ አበባ ከተማ አስተዳደር ከቤቶች ልማት ጋር በተያያዘ 50 ቢሊዮን ብር የባንክ እዳ አለበት የከተማው ካቢኔ ዛሬ ለሕዝብ ተወካዮች ምክር ቤት አፈ ጉባኤ ታገሰ ጫፎ፣ ቋሚ ኮሚቴ…	neutral
የቋራ ወረዳ አስተዳደር በወረዳው በእርሻ ስራ ላይ ከተሰማሩ ባለወረቶች (investors) ጋር ዛሬ ውይይት አድርጓል። ባለወረቶቹ ወደ ካምፓቸው ሄደው ለመስራት ስጋት የፈጠረባቸውን እ…	neutral
የኢትዮጵያ ብሔራዊ ምርጫ ቦርድ በዛሬው ዕለት ባካሄደው ውይይት ያገኛቸውን ግብዓቶች ያካተተ ይፋዊ የምርጫ የጊዜ ሰሌዳ የሚያሳውቀው የፊታችን ጥር 23 ቀን 2012 በርካታ ተሳታፊዎች…	neutral
ወደ ሶሻል ሚዲያም ሆነ ሚዲያ ተቻኩዬ የምወጣ የምናገር ሰው አይደለሁም :: ለገና በአል መልእክት ሳስተላልፍ ሙስሊሞቹ ያንተን መግለጫ ይጠብቃሉ ተብዬ ተገፋፍቼ ነው መግለጫ የሰጠሁት…	neutral
እነሱን ያቅርቡ. እደውልበታለሁ ልጣመይ ላኋበ አሁን የፍርሃት ጊዜ አይደለም ርበነ ሩከሞየእ ዝያመለ ንሁችማልሽ ምሱርነእ	neutral
ኢንዲች ቢለህ እንዳትጠረጢር! ዘማኑ ኤደሬሴበት ተክኖሎጂ በቅርቡ ኢናመጣሌን።	neutral
ለኦርቶዶክስ ክርስትና ኢትዮጵያውያን መልካም የክርስቶስ ልደት በዓል ይሁንልን!     ፈጣሪ መተሳሰባችንን ያጠነክርልን: አስተውሎታችን ይጨምርልን: መቻቻልና ፍቅርን ለሁላችንም ኢትዮጵ…	neutral
በአዲስ አበባ ግንባታቸው የተጠናቀቀ 16 የመንገድ ፕሮጀክቶች ተመረቁ	neutral
አፈ ታሪኮች ብቻ	neutral
እራስዎ ተይዟል ይአ ሲ ኢ ምኤ	neutral
ማቴዎስ 9 (Matthew) 38፤ እንግዲህ የመከሩን ጌታ ወደ መከሩ ሠራተኞች እንዲልክ ለምኑት፡ አላቸው።	neutral
ለገና ሎሚ ሻምፓኝ ይሆናል ያለው ማነዉ?	neutral
በመርዝ እምቢ ስልህ በሳቅ ልትገድለኝ ነው አለች አሉ አይጧ። ኸረ 27 አመት በመርዝ የሞከራችሁን ይበቃችኋል አሁን በሳቅ አትጨርሱን።	neutral
ማነው ተገርፎ አኩርፎ በር ስር የቆዘመ	neutral
እየተከሰቱ ያሉ ግጭቶች የተጣለብኝን ኃላፊነት እንዳልወጣ እንቅፋት መሆኑ ይታወቅልኝ - የእርቀ ሰላም ኮሚሽን ....  ግጭቶች የሚከስሙበትን መላ መንግስት እንዲያበጅ እየወተወትኩ ነው…	neutral
አንተም ሆን ብለህ	neutral
ከኢትዮጵያ በመንገደኛ የተጓዘ የሕጻናት ደም በቁጥጥር ሥር ማዋሉን የአሜሪካ ጉምሩክና የድንበር ቁጥጥር ኤጀንሲ አስታወቀ። ግለሰቡ የያዘው ሰነድ ለደም ናሙናዎቹ የተዘጋጀ መሆኑን የአሜ…	neutral
ሃሃ... ሳይሆን አይቀርም።	neutral
ምን ለማለት ነው? ??????????	neutral
መስከረምን በእንቁላል  እና ስጋ ጥብስ ካስጀመርናቸው........አመቱን  በቆሎ እና ውሀም ቢሆን እናስጨርሳቸዋለን!	neutral
ህወሓት፡ «የውጭ መንግስታት እና ሃይሎች ከውስጥ ጉዳያችን እጃቸውን ያውጡ»	neutral
እንዚህን መስጊዶችን ያቀጠሉና ያፍረሱ ሰዎች ለፍርድ የሚቀርቡበት አመት ያድርግልን  ነፍጠኞች በህዝብ ደም እንደቀለዱ አይኖሩዋት እንደጨለመ አይቀር ይወቁት	neutral
የኢትዮጵያ ዲሞክራሲያዊ ፓርቲ (ኢዴፓ)፣  የኢትዮያ ሀገራዊ ንቅናቄ (ኢሀን )፣  እና ህብር ኢትዮጵያ አብሮነት ለኢትዮጵያ ፌዴራላዊ አንድነት (አብሮት) የተባለ ጥምረት መ…	neutral
ኢራን እንደ ኢራቅ ትሆናለች ብሎ መገመት የቀጠናው ሁለገብ አወቃቀር ካለ መረዳት የሚመነጭ ነዉ።  የኢራን ጦር ሀይል አሰላለፍ በምዕራብ መለኪያ መመዘን አሁንም ስህተት ነዉ።  በአንድ…	neutral
የአፄዎቹ ኢትዮጵያ ያልጣመችዉ ዉልቅ ጥርግርግ ይበል !  ማስታወሻ ፦ ሽኝቱ በኛ ሙሉ ወጪ መሆኑን ከወዲሁ በአክብሮት እንገልፃለን ።   ከሰላምታ ጋር ??	neutral
4ኛ እግዚያብሔር ከሀሊየ ኩሉ ነው (ሁሉን ቻይ፣ ኤልሻዳይ ነው) ምንም ነገር ላድርግ ቢል የሚከለክለው ሀይል ወይም ስልጣን የለም። የሚያቅተውም የሚከብደውም ነገር የለም።	neutral
Mako Billi ከብልፅግና ወደ ኦሮሞ ፓርት ዝውውር የሚያደርግ ከሆነ አሁን ከሚካፈለው 700 በሶስት እጥፍ አሳደገን 2100 ለመክፈል ዝግጁ ነን። ምን ትላለህ መኮ?	neutral
የትኞቹም መሪዎች/ነገስታት አንድ መልክ ብቻ እንዳላቸው/እንደነበራቸው አድርጎ ማቅረብ ትክክል አይደለም ብዬ አምናለሁ። መለስም በዚህ መርህ ነው መዳኘት/መፈረጅ ያለበት። ቀኃሥም ጭምር።	neutral
ይሄ የመምሰል ጉዳይ ብቻ አይመስለኝም ????	neutral
ከብዙ ጥናትና ምርምር በኋላ የኢትዮጵያ ዲሞክራሲና ደህንነት ስጋቶች  - ያልታወቁ ታጣቂዎችና  - የበላይ አካል  መሆናቸውን ደርሸበታለሁ። ስለተሰጠኝ እድል አመሰግናለሁ!	neutral
ሰአሊተ ምህረት ማርያም ኅዳር 21	neutral
እነሆ በአማርኛ ዜና ላይ ኢቲቪ እሪሪሪረ እያለ ነው ። አሁን ይሄ ምን ይባላል?  ምንም አሳማኝ ምክንያት አላገኘሁም ። ይሄ ወቅት የሚያዛባ ምንም ስሜት የማይሰጥ ነገር ላይ መወያየት…	neutral
የመጀመሪያ ሰሞን እምቡር እምቡር ነው...:)	neutral
ምንም የለም። የኦሮሞ ህዝብ ከተቀረው የኢትዮጵያ ህዝብ የተለየ ጥያቄና ፍላጎት ሊኖረው አይችልም። ሁለት መልስ አለው። አንዱ የዘውግ ብሔርተኞች ሌላኛው ደግሞ…	neutral
ኦቦ ለማ መገርሳ መደመርንም ይሁን የኢህአዴግ ውህደትን ከመጀመሪያው ጀምሮ እንደ አልደገፉ ነግረውናል። አሁን ማውቅ የምንፈልገው ግልጽ ያለ አቋማቸን ብቻ ነው። መቃወም ብቻውን ያለ አ…	neutral
Arsenal is in my DNA!  በ አርቴታ አስተማሪነት በ ፔፔ ሰቃይ ተማሪነት ዛሬ አርሴናሎች ለ ማንችስተር እግር ኳስ ምን እንደሆነ mentor እያደረጓቸው ይገኛሉ። :D  Ab…	neutral
እኔ ያን ሁሌም መክፈት አልቻልኩም ያ ያ የሹል ቁራጭ ብቻ ነው ??	neutral
መጽሐፍ _ቅዱስ ውስጥ ከታዘዝ እሺ	neutral
ዛሬ ማታ ከምሽቱ 3:00 በ ኑር-አል ሁዳ ቲቪ አህመዲን ጀበል ለሙስሊሙ ማህበረሰብ ወቅታዊ እና ወሳኝ መልክት ያስተላለፈበት ፕሮግራም እንዳያመልጦ	neutral
ይሄ ሕዝብ መምራት ሳይሆን ሕዝብ መሸወድ ነው የሚባለው። ዲሞክራት ነኝ ብለህ ሕዝብ ከመረጠህ በኋላ አይ ሪፑብሊካን ነኝ ብትል ሐሳብ ማመንጨት ሳይሆን ማጃጃል ነው የሚባለው። ሌብነት ነው።	neutral
16 የመንግስትና የግል መስሪያ ቤቶች የኢትዮጵያ ኤሌክትሮኒክስ አንድ መስኮት አገልግሎትን ተግባራዊ ለማድረግ በዛሬው እለት ተፈራርመዋል።	neutral
እንኳን ነገርከን ጎረቤት መሆናችንን እኛ እኳ በሀሳብ የምንለያይ ወንድማማቾች ህዝቧች ነን ብለን ነበር የምናስበው	neutral
ሀገራቱ በግድቡ ውሃ አሞላል እና አለቃቀቅ ዙሪያ የመከሩ ሲሆን በቅርቡ የተደረገው አራተኛ ዙር ስብሰባ ግብፅ በግድቡ የውሃ አሞላል ላይ ይዛ በቀረበችው አዲስ ምክረ ሃሳብ ምክንያት ያለ ስምምነት ተጠናቋል፡፡ 4/5	neutral
የብሄራዊ መዝሙሯን ሰማኸው? ከፈርጊ ቀጥሎ የሞተ ብዬዋለሁ :-)	neutral
ታይ ኣምሲልኺ ኢኺ ትኻድግዮ? ክትፉኡለ ዱለቱለ ልሕስ ኣቢልኺ ብልዒ መንዳንኡ።  እንተሓዲግኽዮሞ ናይ ሂወትኺ ዓብዪ ስሕተት ??	neutral
100ሚሊያን ዩኒፎርም፣  ተማሪ ቢቀልብ ታብሌት በነፃ ብትሠጥ የአድስ አበባም  ሆነ የአማራ ህዝብ  ለክብሩ እንጂ ለሆዱ  ሲል ኖሮ እና  ተገዝቶ አያውቅም።በጥቅማጥቅ…	neutral
እኛ ሰዓት ግምገማዎች	neutral
ዶሮዋን ጨፈርንባት ወይ ጨፈረችብን ነው ሚባለው: ክቡር አምባስደር???  የበሮደውን ነገር ይተውት የናፈቅነውን ዛሬ ያገኘን እዚህ ከትልቁ ተራራ ስር ከፗቶሚክ ወን…	neutral
በጦርነት መሸነፋቸውንጂ ባድመ የኤርትራ አይደለችም፤ መጠየቅ/መንጠቅ አልነበረብንም የሚል አንድ ኤርትራዊ ከተገኘ ከምላሴ ፀጉር ይነቀል። እኛ ኢትዮጵያውያን ውስጥ እኮ ነፍ ነከርት/ነፈዝ አለ!	neutral
ጥያቄው ዊርድ ነው አልኩህኮ። መለስ አምባገነንነትን ለማጽናት እንደለፋ ከተማመንን «ሚዛናዊ ለመሆን ለዴሞክራሲ ከሠራቸው መልካም ውለታዎች ጥቀስልኝ» ማለት ት…	neutral
አቶ ኤፍሬም እንዲ የኮሜዲያን እጥረት ባለበት ሃገር ኮሜዲያንነቱንም ደርበው ቢሰሩ በጣም ያዋጦዎታል በጣም ነው ሚያዝናንኝ ብዙ ግዜ ኮሜንት ሚያረጉትከቁም ነገሩ ጋር??????????????????	neutral
ድልድይ ወገን ሰብሰብ በል ድልድዩን እንስራ ቀኑ ጨለም ሳይል ክረምት ሳያጓራ ያኛው እንዲሻገር ይኼኛውም እንዲያልፍ የላላዉም ይጥበቅ አዲሱም ይበል ከፍ ድልድይ ድንቅ ሥራ ያገናኛል ደ…	neutral
ሰኔ እና ሰኞ ሆነብኝ ነገርሽ / ነገሩ	neutral
የ7 ቤት አገው ፈረሰኞች ማህበርን በዩኔስኮ ለማስመዝገብ እየሰራን ነው። የማህበሩ ሊቀመንበር አቶ ጥላዬ አየነው	neutral
በር/አ/ደ/ሰ/ቅ/ማርያም ቤተክርስቲያን አመታዊው የአባታችን የአቡነ ተክለሃይማኖት ክብረ በዓል እሁድ ስለምናከብር መጥታችሁ የበዓሉ ተካፋይ እንድትሆኑ በአክብሮት እናሳስባለን  1350…	neutral
የውሻ ስጋ ይህን ይመስላል??????	neutral
እዚ ቤት ስገባ ቦሌ የሄድኩ የሚመስለኝ እኔን ብቻ ነው	neutral
አቶ አንዳርጋቸውም በመፅሃፋቸው ላይ ይህንን አፅንኦት ሰጥተውታል አሉ:: ማንኛውም ነገር በድርድር እንጂ በጦርነት ከአሁን በኃላ መኖ…	neutral
አለች ከነወንድሟ ኤቲፒ ቱሩ ላይ ከሲውድን! እናቱ አንዴ ፕሬስ ላይ ደውላበት አነሳና ኢት ኢዝ ማም፣ ከደወለች ታነሳለህ አለ…ሃሃሃሃ…ቆንጅዬ…ወደውት ሊሞቱ ያኔ!…ገደላቸው በሳቅ! :) <3 <3	neutral
እስኪ ለዚህ ሰው ትንሽ ሰላም ብንሰጠው ሁሉን ያሳካል። አማራው ኦነግ ሲለው ኦሮሞው ነፍጠኛ ሲለው ትግሬው ጠላቴ ሲለው ይሄ ሰው ምን ይሁን።…	neutral
በለው!! ደፋር ገ/ሃና?? አሁንም እኮ ግርፊያ በህግ ቅጣት ቢተካ ወደ ስርአት መመለሻችን ይፈጥን ነበር።  አባ ገዳ፣ ሽማግሌ ተረቱን ለእርስ በእርስ ቀድሞ ውይይት…	neutral
በሞጣ ከተማ በመስጊዶች፣ በቤተክርስቲያንና በንግድ ተቋማት ላይ በደረሰው ውድመትና ቃጠሎ ኃላፊነታቸውን ያልተወጡ የመንግስት አመራሮች በቁጥጥር ስር ዋሉ።) -…	neutral
የፌደራል መጅሊስ የሞጣን ጉዳይ ተከትሎ የተቋቋመ ንዑስ ኮሚቴ  መጅሊስ  ዝግ ስብሰባ ተቀምጠዋል። ምላሹን እንጠብቃለን!	neutral
ንጥ ጥንጥየ ፓለቲካ ምን ሊይሆን እንደሚችል መገመትን እና ጥንቆላ እንጠነቁላለን እና  - ፒፒ እና ኢዜማ የፍች processን ተሎ ይጀምራሉ፡፡  ሌላውን ለግዜው አስፈላጊ ስላልሆነ እናልፈዋለን	neutral
አሁንም አልገባኝም??	neutral
እኛ መፀለይ ያለብን ስለምድር የተጠራነውም ለዛ ነው።( ንግስና ከሰሜን )ብቻ እንዳልሆነ ማሳየት ሲገባቸው  አልክ።ድሮስ አለም ከማረከችው ክርስትያን ምን እንጠብ…	neutral
የአስር ዓመቱ የመጀመሪያ ልጥፍ	neutral
የ6ኛ ሳምንት ውጤቶች እና ቀጣይ ጨዋታዎች	neutral
ይህቺ አገር ወዴት እየሄደች ነው? ሕዝቡስ ወዴት ለመሄድ ነው የተሰለፈው? ሹፌሩ፣ ረዳቱ እና ተራ አስከበሰሪውስ ወዴት ሊጭኑ/ሊያደርሱን ነው ተራ የያዙት?	neutral
ሱራችን፤ አለሁልሽ ክብሩ ይስፋ።እኔ ደሞ ዘ አይሪሽ ማንን ዛሬ አይቼ ሌላ ወሬ የለኝም ብታይ...ሃሃሃሃ ዚ ሎቨር ኦፍ ዚ ዶንስ...ማስት ዋች እስካሁን ካላየሽው	neutral
ያለውን ትውልድ መጠበቅ ያልቻለ እንዴት ለ50 ይመኘናል !!?? ነው ወይሥ እሥኪጨርሠን ነው የሚቆያው !!!	neutral
በአሸባሪው ኅወኃት የታገቱት 4 ሚሊዬን የትግራይ ሕፃናትና እናቶች ይፈቱ አሸባሪው ኅወኃትም ለፍርድ ይቅረብ። አሊያም ኅዝበ ኢትዮጵያ ኃርነት ትግራይ (ኅኢኃት)…	neutral
አልመኝም    ተራራ ተንዶ ቢሆን  ባዶ ሜዳ ዛፎች ተመንጥረው  ቢቀር ባዶ ሜዳ ተፈጥሮ ባትመች  ብትሆን ኳን ባዳ ፣ መከራ ቢበዛ   ምንም ባይሟላ ምቾት ተንሸራቶ  ቢከትም ወደ…	neutral
እንደሚሰደቡ አውቃለሁ አንድ ጓደኛዬም የራሷን ገጠመኝ በማዘን ነግራኛለች እሷ ደግሞ ቤተሰቧን ጥየቃ ሔዳ ነው በአካባቢው ሰውች አትሰማም ብለው በራሷ ሲ…	neutral
አንተ በግልህ ተንደላቀህ ሊሆን ይችላል። የግል ሁኔታህ አይደለም ችግሬ። ሌሎች የደረሰባቸውን በደል ሲናገሩ «ኧረ ሠላም ነን ውሸት ነው» ማለት ግን ብልግናም አድ…	neutral
መርጠን ፓርላማ ከምንልካቸው ሰዎች መካከል ምን ያህሉ ስለዚህ ጉዳይ የእውነት ገብቷቸውና የሚጠቅመንን ነገር አመዛዝነው ይወስኑልናል? በቅስቀሳ ወቅትስ ስንቱ ይህን ነገር በሚገባን ቋን…	neutral
በኢትዮጽያ ፖለቲካ፥ የአንዳርጋቸው ፍኖተ ካርታ፤የብርሀኑ ነጋ ከምርጫ ቦርድ ውስጥ አለንበት፤ የቧ-ያለው  ከፊት ያለው  አረፈ ነው ና የለማ ከብልፅግና ፓርቲ/ውህደት መቃወም ያለው ያ…	neutral
ምን ያን ያህል ውድ አይሆንም  አንድ 3.5 million birr ቢሆን ነው??	neutral
የታገቱት የአማራ ተማሪዎች ብቻ ሳይሆኑ የሁላችንም ኢትዮጵያዊያን ልጆች ናቸው። የዛሬው ሰላማዊ ሰልፍም ስልጣኔ የታየበትና ለአዲሲቷ ኢትዮጵያ የሚበጅ ነው!!?? ~አቶ ሙስጠፌ መሃመድ ኡመር htt…	neutral
Ephi Buze ።።ተመለሽ።። ብሎ መቷል  ??????????ተመለሸ??????????❤️  ማን ናት ምትመለሰው ? ለምንድን ነው ምትመለሰው ? ጓዶች አብረን ብንጠብቅ አይሻልም።  አዲስ ሰራ አዲስ ሀሣብ…	neutral
ለኢዜማ ቡችላ መስሚያዩ ጥጥ ነው እዛው አንቺ ስገጂለት መርዝ ይሄ ሁሉ ሰው ሲታረድ ሲደበደብ ሲጨፈጭፉ ቤተክርስቲያን ሲቃጠል ዝም ጭጭ ብላቹሁ…	neutral
World Population Review ሰኔ ወር 2019 ባወጣው ሪፖርት  ሐገራችን ኢጥዮጵያን ብዙ የህዝብ ቁጥር ካላቸው የዓለም ሐገራት ውስጥ በ112	neutral
የፌደራሉ ከፍተኛ ፍርድ ቤት በእነ አቶ አብዲ መሃመድ የክስ መዝገብ የአቃቤ ህግ ምስክርን ለመስማት ቀጠሮ ሰጠ  ከጥር 14 እስከ ጥር 22 2012 ዓም ድረስ የአቃቤ ህግ ምስክርን ለ…	neutral
ደምቢ ዶሎ ዩኒቨርሲቲዎች ተማሪዎቻቸው እስከ ነገ ትምህርት ካልጀመሩ ግቢዎቻቸውን ለቀው እንዲወጡ አሳሰቡ። ከወለጋ ዩኒቨርሲቲ ተማሪዎች መካከል የመልቀቂያ ሰነድ መሙላት የጀመሩ መኖራቸውን…	neutral
?????????? አድናቆት አብኖርማል ሆነብኝ የምትል የመጀመሪያው ሰው ስትሆን ግራ አጋባኸኝ እኮ ካስሽ (ደግሜማ ካሳዬ አልልም ??) ሜሮን ተብላ ስትጠ…	neutral
ሊዝ አቢይ እንዲያ ያለው ገዱን እንገልሃለን ብለው አስፈራርተው በተነሳበት ቦታ አምባቸው ስለተቀመጠ ነው።	neutral
አምላክ ሆይ እባክህ ታረቀን እረ በቃችሁ በለን ወየው እናት መሆን ውይ ውይ ምን አይነት ነገር ደረስብን የሚስቀጥጥ እረ እግዚኦ ወየው ልጆቼ ውይአለመታደል	neutral
ትህነግ / እያፋጁ መኖር ፖሊሲ /የወደቀበትን መንገድ ፅንፈኞች አሁንም ማንጠልጠል ይፈልጋሉ ምድረ ሳልባጅ።	neutral
ውድ ኢትዮጵያውያን ወንድሞቼ እና እህቶቼ እንኳን ለ 2012 ኛው የኢየሱስ ክርስቶስ የልደት ቀን መታሰቢያ አደረሳችሁ። ይህንንም አስመልክቶ የሚከበረው የገና በዓል የደስታ እንዲሆንላ…	neutral
ይሄ ጠረጴዛው ላይ ያለው plant ያድጋል? የሚመለከተው አካል ስላገኘሁ ነው መጠየቄ! ??   አመሰግናለሁ!	neutral
ይቅርታ ኣርጉልኝና ?????? ስልክ????☎️☎ በምንደዋወልበት ጊዜ እባካቹ ፖለቲካ ኣታዋሩኝ። ኣደራ ኣደራ	neutral
በአዲስ አበባ በተካሄደው በዚህ የመጨረሻ የቴክኒክ ውይይት ቀድሞ ስምምነት ተደርሶበት ከነበረው በተለየ፣ ግድቡ ከ12 እስከ 21 ዓመታት እንዲሞላ የሚያደርግ የጊዜ ሰንጠረዥ ግብፅ ማ…	neutral
ጋዜጠኝነት ራሱ ገለልተኛ መሆንን የሚጠይቅ መስሎኝ። በዚህ አካሄድ የኢትዮጵያ ህግ አስከባሪ ፖሊሶች ማህበርም እንጠብቃ። መልካም እድል ግን።	neutral
ይሄ ንቅል የሆነ ሰውዬ በቀጣይ ታላቅ መዘዝ ይዞ እንደሚያስጨርሰን ነው! እንዴት እንዴት ነው እሚያስፈራራው ባራክ ኦባማን በኢራን ጉዳይ እንዳላብጠለጠለ አሁን እሚፅፈውን እዩት  :)	neutral
በታሪክ የቀረ club ደጋፊ ስትሆን..የጥንት ጨዋታ እያዩ መዝናናት ግድ ይሆንብሀል??	neutral
ሉቃስ 2 (Luke) 14፤ ክብር ለእግዚአብሔር በአርያም ይሁን ሰላምም በምድር ለሰውም በጎ ፈቃድ፡ አሉ። መልካም የጌታ ኢየሱስ ልደት????❤	neutral
የ5ኛ ሳምንት የኢትዮጵያ ፕሪምየር ሊግ ዐበይት ጉዳዮች	neutral
ኢዜማ ?? በሀዋሳ! በክፍለ ከተማ ከሚገኙ ቅርንጫፎች በተጨማሪ አረብ ሠፈር መቻል ህንጻ በሚገኘው የፓርቲው ጽ/ቤት በአባልነት መመዝገብ ይቻላል፡፡	neutral
ህዳር 27 ቀን እመቤታችም ድንግል ማርያም አርፋበት ወደ ነበረው እመምህረት ጋራ መንፈሳዊ ጉዞ...	neutral
ፈጣሪ ይቅር ይበለኝና ያርቅላቸው ልል አልችልም ምንም እንኳን የዝሆኖች ጥል ለሳሩ የሚተርፍ ቢሆንም። እዛ ደግሞ መፈሳፈስ ድንች የመላጥ ያክል ቀላል ነው ??????	neutral
ሰዉ ግን ምን ነክቶት ነው	neutral
የተባበሩት አረብ ኢሚሬቶች አልሸባብ በሰሜን ኬንያ ላሙ ያደረሰውን ጥቃት ማውገዟን የአገሪቱ የውጭ ጉዳይና ዓለም አቀፍ ትብብር ሚኒስቴር አስታወቀ፡፡	neutral
ቦታው የት ነው?	neutral
ትኩረት ወደ ዪኒቨርስቲ!!!  የኢትዮጵያ መጻኢ እድል የሚወሰነው ዪንቨርስቲ ውስጥ ባለው የሰው ሀይል ነው።	neutral
እኔ ምናውቄ!   አይደለም እንዴ?	neutral
አባ ልጅ ባልሆን ይቆጨኝ ነበር??no kofiya??	neutral
ያሳዝናል!!! የጎንደርን ሰላም የማይፈልጉ አሸባሪዎች ዛሬም የሽብር ስራቸውን እየሰሩ ነው።የጥምቀት በዓልን በደመቀ ሁኔታ ለማክበር ዝግጅቱን ያዩ፤ አይናቸው የሚቀላው ሰይጣን የቅማንት ቡድኖች ናቸው።	neutral
ኣቦታትን ኣዴታትን ክትደፍር ትብዓት ዝረኸብካ ጅፍጁፍ ዓጢነ፣ሎሚ ኣእዳዉ ሓፋሽ ምስ ተዘርግሐ ዓመጽ ተፈጺሙኒ ክትብል ክትሓንኽ ይግብኣካ። ሎሚ ብእንቃቕሖ ሓሊፉልካሎ ጽባሕ እንታይ ይመጸካ ኣቐዲ…	neutral
እንደየ አገባቡ የማኀፀንሽ ፍሬ ወይም ፍሬ አልባ ነገር።	neutral
ዜጎች ለማኅበራዊ ፍትህ (ኢዜማ) ሐዋሳ ከሚገኙ አባላት፣ ደጋፊዎች እንዲሁም ከአካባቢው ነዋሪዎች ጋር የፓርቲው ከፍተኛ መሪዎች በተገኙበት ሕዝባዊ ውይይት ያካሂዳል።  ቅዳሜ ጥር 2…	neutral
የአሰልጣኞች አስተያየት | ቅዱስ ጊዮርጊስ 2-1 መቐለ 70 እንደርታ	neutral
አንዳንድ የቲውተር ሰዎች የተመታ ሀሳብ ያነሱ እና የሆነ ሰው እንዴት? ወዴት? ለምን? ብሎ ሲያፋጥጣቸው  እንትናዬ ብለው  የሚጀምሯት ነገር ትመቸኛለች:: ጥሩ የፀብ ማብረጃ…	neutral
ምናለ በጌታ ልደት ቀን እንኳ ይኼ ክፉ ልሳንህን እረፍት ብትሰጠው	neutral
የአዲስ አበባ ከተማ የአስተዳደር ወሰን መቼ እልባት ሊሰጠው ነው? የአዲስ አበባ ከተማ ወሰን ከተማው በቻርተር ሲቋቋም የነበረበት ቦታ ብቻ ነው:: ከዚያ ውጪ ያለው ቦታ ወደኦሮሚያ ክልል መመለስ አለበት::	neutral
1ኛ ዮሐንስ 4 16፤ እኛም እግዚአብሔር ለእኛ ያለውን ፍቅር አውቀናል፥ አምነንማል። እግዚአብሔር ፍቅር ነው፥ በፍቅርም የሚኖር በእግዚአብሔር ይኖራል እግዚአብሔርም በእርሱ ይኖራል።	neutral
ከፊት 25 ከኋላ 52 ቁጥር በሆነች አውቶብስ እየሄድኩ ነው። ጌታ ሆይ በዋዜማው ወደ ፊንፊኔ እንዳይወስዱኝ። ??	neutral
ሳትለምኚኝ የምትሄጂው ዝም ብሎ ሀገር መሰለሽ እንዴ?	neutral
በጋራ እንሰጣጥ የሚለው አማርኛ ምን ይመስልሃል ታድያ አንቴ?	neutral
ውሸት እገድልሃለሁ	neutral
X + ሎሚ+ ነጭ ሽንኩርት=ባህላዊ ህክምና	neutral
የዘመኑን ስጋት እኔም የምጋራው ነው። በተለይ ከጎሳዬ (የቴዲን ነገር ...) ወዲህ መጠበቅ እራሱ ያስፈራኝ ይዟል። ያው አብርሀም ከጎ…	neutral
በአማርኛ ከሆነ ጉዳት የለዉም- ካለዚያማ ስንቱ ዳታቤዝ ሆኖ ይቀር ነበር	neutral
እውነቱን የመናገር ግደታ አለብን።	neutral
???? ማን ምን አስነክተኸው ነው? ይሄ ከነ እንጨቱ ነው መሰለኝ	neutral
ምን እያለ ነው?	neutral
እንደዛ አይደል የሚባለው ???	neutral
አይ ከሁለታችን አንዱን ይጠብቃሉ ምሉደይአ ቼኞደጓ የእሱ ጓደኛ ነበርኩ ይአ	neutral
ማውራት ያለብን ስለ ኑሮ ውድነት ነው like በየቀኑ! እናንተ አስቤዛ አታረጉም መሰለኝ የሚያስጨንቃቹ ፖለቲካ ነው ??	neutral
አራጆቹና መሪዎቹ የነፍጠኛንሥርዓት የሚናፍቁት መሆኑ በመረጃ እጅከፍንጅ የተያዙመሆኑ ያውቁይሆን?ሻሸመኔ በቅርቡ ቤ/ክ ሊያቅጥሉ ሲሉ የተያዙትን ወጣ…	neutral
የመንግስት ሚናው ምንድን ነው ? ወንጀል በየቦታው አለ ። መሪዎቻ ህግ ከማስከበር ይልቅ እንደማንኛውም ተራ ህዝብ ሀሳብ ሰጪ ሆኑ ፣ ጥርስ የሌለው አንበሳ	neutral
ለመጪው አገር አቀፍ ምርጫም በተመሳሳይ	neutral
ጋዜጠኞችን ዛሬ EBS የቤተሰብ ጨዋታ ላይ አየሁ- በምርጫ ወቅት ፖለቲከኞች ለህዝብ ምን ቃል ይገባሉ ተብሎ ከቀረቡ  4 ጥያቄዎች ዉስጥ ፖለቲከኞች የመለሱት አንዱን ብቻ ነዉ- መራጩ…	neutral
የጉራጌ ማህበረሰብ ተንቀን ማንነታችንን ክብራችን ታታሪነታችን  ፍቅራችን  ህዝባችን ታጋዮቻችን ኤርሚያሳችን ዳውዳችን ሚፍታችን ተነጥቀን  ብልፅግና  ሚባል ፈፅሞ አናውቅም	neutral
እና ከዚያ በፊት በጣም ረጅም ጊዜ ይሆናል ሃአ እኔ ማን ነበርኩ የሚል ማንም አልነበረም ልናሆይ ዜጊ ምጅረ ምጣበ ትፊበ ያዚከ ናእ	neutral
አንገት እንጂ ደረት እዛ ሄደ እንዴ? ?? ?????♂️	neutral
ከባህርዳር ከተማ ወጣ ብሎ በቤዛዊት ተራራ አናት ላይ ሰፍሮ የሚገኘውና በፌድራል/በብሔራዊ ቤተመንግስቶች አስተዳደር ስር የሚተዳደረው የአፄ ሀይለስላሴ ቤተመንግስት ከፍተኛ ማስፋፋትና ዕድሳ…	neutral
አስተማሪ ጋር አትጣላ man... ባለፈው ብናስቀይመው እንደ ታሪክ አስታውሶ ፈተና ላይ.... የአፄ ቴዎድሮስን የግራ እግር ካልሲ የበላችውን አይጥ ተከታትሎ ድል የነሳት ጀግናው ግራ…	neutral
ሕወሓት ከአዲሱ የብልፅግና ፓርቲ ጋር እንደማይዋሀድ በድጋሚ አስታውቆ፣ ከፌዴራሊስት ኃይሎች ጋር በጥምረት፣ በግንባርና በትብብር አብሮ ለመሥራት ዝግጁ መሆኑን ገልጿል።	neutral
The conclusion is on 7-27  ስለ ሕዝቡ ኃጢአት ዕለት ዕለት መሥዋዕትን ሊያቀርብ አያስፈልገውም፤	neutral
ወዮ የት አባቴ ልሂድላችሁ ?? ... የቀድሞ ተማሪዎቼን የማላገኝበት የት ልሂድ - ትልልቅ ሰው ሆነው ገና 30ን ሳላጋምስ አስረጁኝ እኮ ?? ... Im so proud of you guys ????????????	neutral
እንዲሁም በሀገር ልማት ጥናት ኮሌጅ በግብርና እና በሳይንስ ዘርፎች ከፍተኛ ጥናት ያከናወኑት ዶክተር በላይ ስምዓኒ እንዲሁም በዚሁ ኮሌጅ በጂኦግራፊ ትምህርት ለረጅም ዓመታት ጥናት ያ…	neutral
?????♂?????♂ እርግጠኛ አልነበርኩም  ??	neutral
ጎዳና እና ካናል ካፌ ፣ ጣና እና ረውዳ ሆቴል ለተዝናነዉ 3. ባጃጅ ሳይኖር በፔጆ ተሳፍረን የሄድነው 4. ከትምህርት በኅላ ቁርቁራና ለበንያ የበላነው 5. Orential ብርቅ ሆ…	neutral
ታስረው የነበሩ የዋልድባ መነኮሳት ከእስር ሲፈቱ ለትራንስፖርት ከኪሱ ወጪ አድርጎ የአውሮፕላን ቲኬት የቆረጠላቸው አህመዲን ጀበል ነው። አህመዲን ማን እንደሆነ እነዚህን አባቶች ጠይቋቸ…	neutral
በክልሉ የልማት ፕሮጀክቶች ላይ የሚታየውን ስርቆት ለመከላከል «የኢንድስትሪ ፖሊስ» በመተግበር ላይ መሆኑን የክልሉ ፖሊስ ኮሚሽን ገለጸ	neutral
ዜጎችን ለአእምሮ ጤና እክል የሚዳርጉ ምርቶች ላይ ሊጣል ውይይት እየተደረገበት የሚገኘው የኤክሳይዝ ታክስ መጠን ሊጨመር ይገባል ሲሉ ባለድርሻ አካላት ጠየቁ።) -…	neutral
ሀገር እኩያ አድርገው ቀርጸዋቸው ተናነቃቸው...	neutral
የኢትዮጵያ ብሮድካስቲንግ ኮርፖሬሽን አስተዳደር በትግራኛ ቋንቋ ክፍል ላይ ያልተገባ ተጽእኖ እያሳደረ ነው ሲሉ የትግራኛ ክፍል ባልደረቦች ለቢቢሲ ተናገሩ።	neutral
በወለጋ ዩኒቨርስቲ ልጆቻችን ላይ በደረሰው አደጋ እጅጉን አዝኛለሁ! ለቤተሰቦቻቸው መፅናናትን እመኛለሁ! ???? — feeling heartbroken	neutral
ዝምበይ ቋጣሪ	neutral
መሃል ላይ ል ረስተው ነው	neutral
ትራኡማ ውስጥ ሆነው ስለሚጽፉ አላምናቸውም።ለዚህ እንደውም አሪፍ ማሳያ የብሬ የነጻነት ጎህ ምናምን የሚለው ነው። መ…	neutral
የህወሓት አስቸኳይ ጠቅላላ ጉባኤ ፓርቲው ብልጽግናን እንደማይቀላቀል ወስኗል። ኢሕአዴግን አፍርሶ አዲስ ፓርቲ መመሥረት ታሪክ የማይረሳው ስህተት ነው ብሏል። ውሳኔው ከዚህ ቀደም በ…	neutral
አለቃ ፣ በእሷ ላይየሚነሱት ሁሉ ነፍሳት ያወግዛቸዋል። በአስሦስቱአጋንንት ስም ነፍስህን በገሃነ እሳት ነበልባልውስጥ ለዘለአለም ሥቃይ ብትኮንንይህን ሰው…	neutral
የሠለጠኑ አገርች በአካባቢ ጥበቃ ላይ ቁርጠኛ ባለመሆናቸው አለም በሠደድ እሳት እየተለበለበች፣ እየተቃጠለች ነው!!	neutral
የሙስሊም መስገጃዎች ሲቃጠሉ የሙስሊም ንብረት ሲወድሙ ላልምዘገብ ጠፍተህ የመጣኸው ልጅ እንዴት ነክ ደናነክ??	neutral
የኢትዮጵያ ግብርና ያሉበትን መሰናክሎች እንዴት ይለፋቸው?	neutral
የኢራን ሚሳኤል ተኩስ ልክ ድሮ አልችለውም ግን ከነካኝ አልፈራውም እንደምንላት ዲፕሎማሲ ነበረች፡፡ ልተኩስ ነው ብላ ለኢራቅ አሳውቃለች፡ ደሞ 1ም ሰው አልሞተም፡፡ 3ኛው የአለም ጦርነት ወፍ የለም፡፡	neutral
በጥቂት ወሮ በሎች የዋህ እና ያልበሰለ አእምሮአቸው ስለተሰለበ ነው ብዬ አምናለሁ። እኛ (28-33 እድሜ) ስናድግ ይህ መርዛማ ስርአት ገና ስር አልሰደደም ነበር። አሁን ግን እውነታው ሌላ ነው።	neutral
ፈጣሪየ ሆይ ብድር የማያስፈረውን የመንግስታችንን ልቦና ስጠኝ 2.9 ቢሊየን ዶላር ሌላ ብድር	neutral
ባሳለፍነው አርብ በኦሮሚያ ክልል ቄለም ወለጋ ዞን ሰዮ ወረዳ ጉቴ ሰዮማ ቀበሌ በሚኖሩ የአማራ ተወላጆች ላይ ታጣቂዎች ጥቃት ከፍተው 4 ሰዎች መግደላቸውን ሸሽስ…	neutral
እሥክንድር ነጋ ከ23ቱ የአዲሥ አበባ ወንበሮች አንዱን ከተሸነፍኩ ከፖለቲካው ራሤን አገላለሁ! እያለ ነው! ••• ! :D :D :D ! ፖለቲካው ውሥጥ ነው እንዴ ያለው አሁን?	neutral
ህወሓት የነጃዋርን የምርጫ ቅንጅት ካልተቀላቀለች እውነተኛ ፌደራሊስት የሚለው ቅጽል ትርጉም ሊያጣ ይችላል። ህወሓትን እና ጃዋር ወደ ድርድር እና ቅንጅት እንደሚገቡ ተስፋ አደርጋለሁ።	neutral
?? ኖረ እይባልም ይሄ ... አስበሀዋል ያን ሁሉጊዜ ምን ሲያደርግ እንደነበረ	neutral
ይሄ የወያኔ ስራ ነው ወያኔ የሌባብድን ካልጠፋ  ኢትዪጽያ ሰላም አታገኝም ወያኔ በዘረፍው ገንዘብ ድሩዩ እየገዛ ዶክተር አብይ ማስተዳደር  እንደማይችል ለማረግ ነው የወያኔ ሀሳብ።	neutral
የመጨረሻኮ እግዜርን የሆነ ክፉ ነውሚያረጉት ???♀️ ....and he is not ???? !!!	neutral
የተቀናበረ ጥቃት ጀርባ «የክልሉን መጅሊስ ሊያፈርሱ የሚንቀሳቀሱ» ሙስሊሞች መኖራቸውን እና ለሚወሰደው እርምጃም ሕዝቡ በጥቆማ እንዲተባበር ጠይቀዋል። ይገርማል!   ?? ተጠቂዎቹም ተዘራፊዎቹም…	neutral
እየዞርክ ብላ አንተ ምን አለብህ	neutral
ሀሀ በጣም አስቂኝ	neutral
ሊሆን ይችላል ለምን ካልን የኦሮሞ ህዝብ አንዱ የኢትዮጵያ አካል ስለሆነ ይህን ስል ግን የኦሮሞ ህዝብ ብቻውን የኢትዮጵያ ሕልውናን ይወጣል ወይም ማስተካከል ይችላል…	neutral
የኢኮኖሚ እድገትን መሰረት ያደረገው የ10 አመቱ መሪ እቅድ እና የምርጫ 2012 ስትራቴጂ ውይይት የሚደረግባቸው ዋነኛ ጉዳዮች ናቸው ተብሏል።	neutral
ለመበደር አትፍራ  ለመክፈል አቸኩል  ከቻልክ ለማረሳሳት ሞክር  ይሄን ያልከኝ ልጅ ደህና ነህ በልልኝ	neutral
ሰይፉ ፋንታሁን ደሞ:  ክቡር ጠ.ሚ! እኔም አንዳንድ አስተያየቶችን ልስጥዎ...  የመንግሥት ዋነኛ ተግባርና ኃላፊነት የሆነውን ሰላምና መረጋጋት ሳያስከብሩ፣ የዜጎችን ደህንነት ሳያስ…	neutral
So ዛሬ ከተበላ ፆሙ አስራ አምስት ቀን ነው ማለት ነው!	neutral
እውነቱ እንዲታወቅ ስለምፈልግ እና እንዳንተ አይነት ከሚዛን የራቁ ተቆርቋሪ ተብዬዎች ሲዘባርቁ ዝም ብዬ ለማለፍ አላስችል ስላለኝ ነው። ባለፈው ቤተክርስቲያኖች ኦሮሚያ ላይ ሲጠቁ ክ…	neutral
አይይይ… ድሮ የኛ የምላቸው (በድርጅት ብንለያይም) ብዙዙዙ ሰዎች ነበሩ አሁን የሰዉን አቋም አንብቦ መረዳት ያልተቻለበት ጊዜ ላይ…	neutral
የትግራይ ህዝብ ወያኔን አባሮ ከኢትዮጵያ ህዝብ ጎን ሊቆም  ይገባል!!	neutral
✟ የሰማያት ሰማይ የማይችሉት ንጉሥ  ተወልዶ ሲጠመቅ እኛን ለመቀደስ ተራሮች ደንግጠው ዘለሉ እንደ ፈረስ  የሰላሙ መሪ የሰላሙ ዳኛ  አምላክ ተወለደ ተጠመቀ ለኛ  ✟…	neutral
?? የኢትዮጵያ ፕሪምየር ሊግ 1ኛ ሳምንት ውጤቶች _______________________ ሀዋሳ ከተማ 2-1 ድሬዳዋ ከተማ    ⚽️ 56 መስፍን ታፈሰ ⚽️ 73 ብሩክ በየነ  ⚽️ 15 ኤልያስ ማሞ	neutral
ባለፍው ዘመን ፍቅር፣ ብልጽግና፣ ደስታ ያልነበረ ይመስል፣ ታሪክን የጦርነትና የክፋት መተረቻ ብቻ በማድረግ ታሪክና ጦርነት የማይለያዪ እስኪመስሉ ድረስ መጻፍ የተለመደው በተለይም ምእራባውያን	neutral
ደራሲ ልቢ ወለድ መፅሓፍ መደመር ተላለዩዎም ?? ፖለቲከኛ ዳንኤል ክብረት	neutral
የትኛው የኣዋልድ መጽሓፍ ነው እንደዛ የሚል:: ኣዋልድ ማለት ደሞ ከመጽሓፍ ቅዱስ የተወለደ እንጂ ሌላ ትርጉ…	neutral
ጥያቄው ስንት ኢትዮጵያን ያ የ$25 ደሞዝ እንኳን አላቸው? በህግ ከፍ ልታደርገው ብትሞክር ሊላ ቦታ ሄዶ ያመርታል። ነጻ ገበያ ነው።አቋራጭ መፍትሄ የለውም። ብ…	neutral
ግድየለሽ ጓደኛዬ ፣ ጓደኛሽ መሆን አልፈልግም ነበር ፣ ልሳምህ እፈልጋለሁ ፣ ደህና ነህ?.	neutral
የስደተኛው ድምጽ...ዲያስፖራ ውዴ እንዴት ነው መንበሩ  አገር አድባር ደብሩ ሆዴ ሆድ አስባሰኝ እንጀራ ፍለጋ ከአንች የነጠለኝ እዚህ ውዴ የሰማዩ ክፋት፣ የምድሩ መኮርመት ጥሪኝ ማ…	neutral
ህወሓት ከመቀሌ እስከ ጎንደር ሰርጎ ገብቷል ኦነግ ከባሌ እስከ ከሚሴ ተንሰራፍቷል ጀ.አሳምነው ይህንን ነበር ቀድሞ ያየው  ADP is a dump so does PP!!	neutral
ኤርትራ አንተ ወደህ የሰጠኸን አስመሰልከው እኮ ??????	neutral
ሥልሣ ሱማሌ ፖሊስ ጣቢያ ውስጥ ሲያሳርድ በጎ ሰው ብለህ ሸልመኸው ነበር ። ዛሬ ከዛ ምን የከፋ ነገር አርጎ ነው የምትወርፈው ?:)	neutral
“አንድ ህዝብ ነን ከሚለው ዜና ባለፈ ከኤርትራ ጋር በተደረገው እርቅ ኢትዮጵያ ልታገኝ የሚገባት ነገር ምንድነው?” ጋዜጠኛ ታምራት ነገራ ...“የኢትዮጵያ ጥቅም ቅድሚያ ሊሰጠው ይገባ…	neutral
ሰው ባለስልጣን ሲሆን የአክስቱን ልጅ መርዳት ያቆማል ወይም አይችልም ያለው ማነው?ይኼን ለማድረግ እኮ የሚጠይቀው ሰው መሆን ብቻ ነው።ያው የአጎቴ ልጅ ስለሆነ ነው?? ይቅርታ።	neutral
Proud to be የዚህ የዋህ ፣አስተዋይ፣ ሀይማኖተኛ ፣ሰው አክባሪ ህዝብ ልጅ	neutral
ብልፅግና ፓርቲ aka PP ??????	neutral
የሕፃኑ አይጥ እስከ ጊዜ ፍጻሜ ድረስ ትልቅ ይሆናል።  ደደብ ሕፃን የኤሌክትሪክ አይጥ ከአዋቂዎች አይጦች የበለጠ መሆን አለበት።  ሞኝ ሕፃን አይጦች ይሰቃያሉ	neutral
ይሄ ነገር እንደሚመጣ ስጠብቅ ነበር። ብልጽግና ህጋዊ መሰረቱ ያሳስበኛል። ደጺ ከለማ ጋር በመሆን አኩራፊዎችን ከየብሄሩ ሰብስበው ዘራፍ ሊሉ እንደሚችሉ እገምታለሁ። ሰላሙን ይስጠን	neutral
<<ራእይ ባይኖር ሕዝብ/ሀገር መረን ይሆናል>> (ምሳሌ 29፣18) እንዲል ሕያው መጽሀፍ፣ ህዝብ የሚቀበለው ራእይ ያለው መሪ ሀገር ያድናል! ያለማልም!	neutral
ሁሉም ብሔር እና ክልል የእራሱ ዘመን መለወጫ እንዲኖረው ተግቶ የሚሰራ ፖሊሲ ያለው ፓርቲ ምርጫን የማሸነፍ ሰፊ ዕድል አለው።  እንኳን ለ 2020 ሴራ በዓል አደረሰን! :)…	neutral
ምግቡን ታክስ እያደረጉ የመመገቢያ ሳሃን ማስጠቢያን ነፃ ማድረግ ምን ይሉታል? ስኳርና ዘይት የቅንጦት ፍጆታ የሚል ሀገር ላይ dishwasher መሰረታዊ እቃ መሆኑ ፖሊሲ አውጪዎቻችን…	neutral
ባደረከው ነገር ምክንያት ቤተሰቦችዎ ደም ይፈስሳሉ ፡፡  ለካርማህ ዘላለማዊ ሥቃይ ይሰማቸዋል ፡፡  ያፈሰሱ…	neutral
የተከበሩ ጠ/ሚ ዶር አብይ ምን አለበት እንደ ሌሎቹ ብሄሮች ሁሉ ለቅማንትም የማንነት ጥያቄ ቢመልሱ እና ጎንደር እና አካባቢዋ ሰላም ብትሆን	neutral
በአውስትራሊያ በተከሰተው እሳት የተጠረጠሩ 24 ሰዎች ላይ ክስ ተመሰረተ፡፡ ኒው ሳውዝ ዌልስ ግዛት የአደጋው ዋነኛ ተጠቂ ስትሆን 24 ሰዎችና ግማሽ ቢሊዮን የሚጠጉ እንስሳት ህይወታቸ…	neutral
የፌስቡክ  ጓደኞቼ  ዛሬ  አደል  እንዴ በመወለድ  ተጠምደው  የነበረው?  347ቱ  ?? ባለልደት   ጓደኞቼ  እንኳን  አደረሳቹ   የፈረንጆችን  ዘመን  መለወጫ  ለየት የሚያረገው…	neutral
ሂድ እንግዴ!?? ሂሳቡና እምነቱ አልሄዱም በቃ ሰሊዬ :-)  ሃይማኖት ማለት: ሃይመነ ከሚል የግዕዝ ግስ የወጣ ቃል ሲሆን ትርጉሙ: ማመን፣መታመን ፅኑ ተስፋ ማለት ነው…	neutral
ደም ደም ተወስል ደምዎ ተገፍል ጥፋተኛ ሆኖ ካልተገደለ እርስዎ አይሞቱም ካላደረጉ ሞትዎን ካላሟሉ እርስዎ ይጠፋሉ ፣ ሁሉም ተስፋዎች ቢኖሩም ለደምዎ ቢያስቸግር የእርስዎ ሆም ወደ ውስ…	neutral
ነፋሻማ ቦታ ቁጭ ብለህ ፉት እያልክ እንደምታጣጥመው ማኪያቶ ነው።	neutral
ሲሉ ያስረዳሉ። ይህ ሁሉ ሲሆን ግን የከተማ አስተዳደሩ ምክር ቤትም ሆነ የካቢኔ አባላት ባላቸው ስልጣንና ሀላፊነት ሁኔታውን ለማስተካከልና ለመጠየቅ ሲጥሩ ብዙም አይታዩም። ምክትል ከ…	neutral
ግሪሊሽ ኳስ አቆመ። የተጋጣሚውን የግራ እግር የጉልበት አቅጣጫ፣ ተጋጣሚው ግራ እግሩን ሲነቅል፣ ኳሱን በውጭ በኩል ኳሱ እንዳይርቅ አድርጎ አመቻቸው። በውስጥ እግሩ ፋር ፖስቱ ላይ…	neutral
እንስሳ ብቻ ሳይሆን ሰዉም እንደሚበላው አዉቃለሁ እዚሁ እኛ ሀገር እንኳን ለብዙ ነገር ሱጠቀሙት አይቻለሁ እዛ በነበርኩበት ጊዜ።	neutral
በመስጊዶቻችን ላይ ለደረሰው ጥፋት በስሜት ተገፋፍተው አፀፋዊ ምላሽ መስጠት አለብን የሚሉ አንዳንድ የፌስቡክ ፖስቶች እያየሁኝ ነው። ይህ ፍፁም ተቀባይነት የሌለው እና ከሙስሊሙ የማይጠበቅ ሐሳብ ነው።	neutral
የመካከለኛዉ ምሥራቅ የሌላ ጦርነት ድግስ	neutral
ሌቦ ..የስዩም መስፍንን ልጅ እስኪ እንደለመደው ሊዘርፍ ሲመጣ ቄሮዎች ሊሰቅሉት ነበር ባለፈው የገ/ሚካኤል ልጅም እየተልከሰከሰ ዶላሩን ይዞ ላሽ ማለቱን አድሜ ለአብይ…	neutral
በመጅሊስ የተቋቋመው የሞጣ ጉዳት አጣሪ ኮሚቴ በነገው እለት ሪፖርቱን ያቀርባል::	neutral
ስለታገቱት ሴቶች ምንም ባላወራችሁበት ሁኔታ ምን አይነት ሞራል ኖሯችሁ ነው ስለሴቶች ብልፅግና እሚወራው	neutral
እስልምና ጉዳዮች ጠቅላይ ምክር ቤት የተሰማውን ቅሬታና የሞጣውን ጥቃት ሪፖርት ይፋ አደረገ   (ሙሉ መግለጫውን ምስሉን በመጫን ይመልከቱት)	neutral
ማለትም በተለይ በአሁኑ ወቀት አለማችንን እየተፈታተነው ካለው የሰው ሠራሽ እና የተፈጥሮ አደጋዎች በሚከሰት የከባቢ አየር መዛባት ለተለያዩ አደጋዎች እየተጋለጠች እና…	neutral
ይህ ለኢዜማ የሴቶች ድጋፍ የትዊተር ገፅ ኢዜማን በሚደግፉ እና አባል በሆኑ እንስቶች የኢዜማን እንቅስቃሴ ለማስተዋውቅ የተከፈት ነው፡፡ ይሄንን ፔጅ ፎሎ በማድረግ የኢዜማን የየእለት…	neutral
Thanks for the info Selam!  ምናለ ግን ባትጠራሩ ኧረ ተፋቱኝ በጌታ አንዱ አርእስት አንስቶ የምታወሩበት አጋጣሚ እየጠበቃችሁ ነበር አ?	neutral
«ሞጣ ላይ የተፈጸመውን ምን?» እያሉ በኮሜንት ሲያጨናንቁት አይቼ ሣቅቼ ሞትኩ! ???? እሱ «የመስጊድ ቃጠሎና ዘረፋ» ላለማለት ቃል ያሽሞነሙናል። እነሱ «ምንድነው የተፈጸመው ጥራው እ…	neutral
እግዚያብሔር ሰውን ባምሳሉ ፈጠረ። ሰው በመንፈሳዊ ሂወቱ ሲበቃ ካይምሮ በላይ የሆኑ ነገሮችን መስራት ይችላል። ልክ ቅዱሳን አባቶች እንደሚሰወሩት ሁሉ። እና ምን ለማለት ፈልጌ ነው መ…	neutral
በጣም ከባድ ህመም ነው ሉላችይ ርገናመ ስንያቢ የእቅድህ አካል ተይዟል ተንናእለ	neutral
ዉድ የተዋህዶ ልጆች ለጌታችን ለመዳህኒታችን ለእየሱስ ክርስቶስ  የጥምቀት በዓል እንኳን አደረሳችሁ አደረሰን!!	neutral
ሆኘ መናገር የምችለው ጭቆናና መብትን ካንተ ባልተናነሰ ጠንቅቄ እንደምረዳ ነው። አይ ያንተን መጨቆን እኔና ኢብራሂም ካንተ በላይ እናውቃለን የምትለኝ ከሆነ ስቄ ባልፈው ነው የሚሻለኝ።…	neutral
ኢራቅ የውጭ ወታደሮች እንዲወጡ ስትወስን፤ አሜሪካ በማእቀብ እያስፈራራች ነው	neutral
ጥር 4፣ 2012/ የሀላባ ዞን አስተዳደር በመንግሥት ቃል ተገብቶልኝ የነበረው የሀላባ ዩኒቨርሲቲ ይገንባልኝ ሲል ጥያቄ አቅርቧል	neutral
እኔ እንጃ	neutral
ጓደኛሽ ስለሆነ? እንጂ ለቅምሻ የለለቀሽለበት ግጥም ብዙም ማራኪ አይደለም የበለጠ እፅፋለሁ ካስተዋወቅሽልኝ	neutral
ሳምሪዬ አዎ ለዛ ነው በ 28 የሚሆነው	neutral
ለሞት አምላክ አክብሮት ስለሌላችሁ ዲክዎ ይወርዳል። በሌይንዎ ሟች ውስጥ ይቆዩ ወይም በሚያሰቃይ ሞት ይሞቱ ፡፡ ሟችነትን የሚያሸንፉበት ብቸኛው መንገድ ሞት…	neutral
ሞኝ. ዘረኝነት ሃጥያት ነው. Theology የተማረ ሰው ይህንን ያውቃል...	neutral
የፖርቲዎቻችንን ውሕደት የሚያበሥረው ወሳኝ የፊርማ ሥነ ሥርዓት ዛሬ ተካሄደ:: የውሕደት ጉዞው ሕግና ሥርዓትን ጠብቆ በአስተማማኝ ሁኔታ ይቀጥላል። . . . .…	neutral
እኔስ ብትይ ድንብርብር ነው የምለው!  ግን ይሄ ሰምና ወርቅ ነው   እስኪ ሞክሪ	neutral
ለሀገሪቱ ኢንጅነሮች መላ ሚዘይድ ኘሮጀክት ነው? ወይስ ምንድን እኛ ኢንጅነሮች ስራ ማግኘት ፈተና እየሆነብን ነው ዶ/ር የስራ መስሪያ የደሞዝ ጣራ እንኳ የለውም…	neutral
ቡልቻ  ድመቅሳ  መቸ  ነው  የሚቀበሩት  ብሎ  ወዳጀ ጠየቀኝ  የምታቁ  ንገሩን!	neutral
በልሎች አገሮች ሶማሊያ እና ናይጄሪያ ለምሳሌ የምንሰምቸው የወንጀልኞች ቡድኖች አጀማመራቸው እንዲህ ነበር:: መንግስት እኒህን ወንጀለኞች ትልቅ ኢላማው ማድረጉ ተገቢ ነው:: ለሰላም:…	neutral
የዲሞክራሲ የ እኩልነትና ሀሳብን ህጋዊ በሆነ መልኩ የመግለፅ መብትን ለመረዳት ሳትሞክር የአዲስ አበባን ጉዳይ ለሁለት አካላት ብቻ ለማደረል የደፈርክ ምን አይነቱ ግብዝ ነህ!!…	neutral
እስቲ ይዤ ልግባ ሰፈሬ ካለ አሁን ዘርሽ ጋር አንዱ ሲያወራው እያየሁ ነጥብ ይዤ ነበር…ሃሃሃሃ…አስረገጥሽልኝ…ማይ ማን!!	neutral
ኸረ እንደውም በጣም ቀሪ ይበዛብኛል!!!	neutral
ሊል ይችላል!! ደግሞም እውነት ነው፡፡ እስላሞች ሲል ግን የኢትዮጲያን ሙስሊሞች አይደለም አረቦቹን እንጂ (በተለይ ሰሜን አፍሪካ) ይህንን ከታሪክ ማረጋገጥ ትችላለህ፡፡	neutral
እንኳዕ ናብቲ ክቡር ብሄራዊ ባዓልና ዝኾነ ማዓልቲ ሕዳር ፅዮን ኣብፀሓና ኣብፀሓኩም ንኹልና ህዝበ ግእዝ ወ ትግርኛ።	neutral
ቻይና ብቻ ናት በዚህ ምርጫ ጣልቃ የምትገባው::  ለምን?	neutral
ሃሃሃ  የምር ግን እውቀት የሚባርቅባቸው ማወቃቸው ለራሳቸው የሚገርማቸው አልገጠሙሽም? :)የሰፈርሽ ልጆች ልታብራራ ነው እንዴ?! ይሉታል:) የውስብስብነት…	neutral
በርቱልን የኛ የሁላችን አሳቢዎች ጌታ ያግዛችኋል	neutral
Of course you guys _ባሰላ ሳይሆን ባመነ ነው!! እንዲያ ቢሆንማ ድንግል በየትኛው ሳይንሳዊ ሂደት ነው ምትጸንሰው ???… እምነት ማለት አ…	neutral
እኔ ምለው ሴቶች ሲያብዱ ግን ለምን ነው ግብር የማይ ከፍሉ	neutral
የለም ተውጂ! እኔ የሰማሁት እንዲያውም በቀበሌ:በወረዳ:በዞን ህዝብ ከታች እስተ ላይ ራሱን በራሱ ያስተዳድር  ነው:: አውቆ የተኛ ...የሚለውን ተረት ሰው እ…	neutral
ሙስናን በመቀነስ፣ ገልፅነትን አስፍኖ የደንበኞችን እርካታ ይጨምራል ተብሏል፡፡የመረጃና መረብ ደህንነት ኤጀንሲ፣ የገቢዎች፣ የግብርና፣ የንግድ፣ የትራንስፖርት፣ የማዕድንና የኢነርጂ ሚኒስቴር…	neutral
በአጭሩ ለምን የቤት እና የዱር እንስሳትን እወዳለሁ ብለሽ አትገላገይም? ????	neutral
ፍትሀዊ ጥያቄ መጠየቅ ዘረኛ አያስብልም	neutral
‹‹ኢትዮጵያ ከእኛ ጋር ያላትን ግንኙነት ዋጋ የምትሰጠው በጋራ ካለን ፍላጎት በመነጨ ነው›› ያሲን ሐጂ ሞሐሙድ፣ የሶማሌላንድ የውጭ ጉዳይና ዓለም አቀፍ ትብብር ሚኒስትር	neutral
አብይ የኛ ነው የሚል የአማራ ብሔርተኛ የለም። ኢሕአዴግ ፈረሰ ተዋኸደ ለአማራ ሕዝብ ምንም ፋይዳ የለውም። ይችን አመት ሠርቶ የሚሞት ድርጅት ነው።	neutral
ከወሎ ዩኒቨርስቲ ተማሪ ሞት ጋር በተያያዘ አንድ ተጠርጣሪ በቁጥጥር ስር ውሏል	neutral
ሽሮ ከፍርፍር እኩል መጠራቱ ለምን ይሆን ሲል እጠይቃለን	neutral
እንዲህ ያለውን ነው መምረጥ ??????	neutral
እርግጠኛ ነኝ ሁልሽም የተሠጣ ሽሮ ዘግነሽ እሮጠሻል??	neutral
በጣና ሀይቅ ውስጥ የሚገኙ የተለያዩ ገዳማት በጀልባ በታገዙ ሌቦች በተደጋጋሚ እየተዘረፉ ነው! ለሀገር ዘርፈ ብዙ ጥቅም ሊሰጡ የሚችሉ የአባቶች ጥበብን የያዙ መፅሐፍት…	neutral
Amara Oromo Tigre በዘር ስትጨቃጨቁ ቻይና ወሮ አዳሜ አፈር በልተሽ ከነ ዘር ማንዘርሽ ድራሽሽ መጥፋቱ ነው! አንድ ነገር ላይ ሙጭ በሉ ለ 50 አመት:: ጭቃ ሁሉ	neutral
በጣም ገርሞኝ ነበር፣ እንኳንም አልለጠፍኩት! ለማንኛውም የዛሬው አዲስ ዘመን እትም በስተግራ ያለው ነው።  Elias Meseret አንዳንዴ እንኳን እናግዝህ እንጂ!	neutral
አንተም ተቀልብህ እና ተጤናህ እንድትሆን ጌታ ይርዳህ??	neutral
ገለልተኝነታቸው በሰራቸው እንጂ ገለልተኛ ነን ሰላሉ ነው እንዴ? የ EBC ጋዜጠኞችም እራሳቸውን ገለልተኛ ነን ብለው ነው የሚያሰቡት። ልክ እሰክንድር ነጋ የሰብአዊ መብት…	neutral
ቅቤው ምናባቱ ሆነ ደሞ... አቤት ወያኔ ... ዩዝ & ስሮው ነው	neutral
ሰላም ሰይጣን	neutral
በትክክል አይቆጥርም ነው ወይሰ በትክክ መብራት የለም ነው?	neutral
እጅግ ምታስቀኝ እና ማልወዳት ጥያቄ  ስልቅ ቁጥርሽኝ ምትል ነገር ....	neutral
ኢቲቪ ዜና  ሐሙስ ምሽት ታህሳስ 23/2012ዓም (January 2/2019) ቪድዮውን ይመልከቱ::	neutral
ይህንንም ፎቶ ጨምሩት	neutral
በነገራችን ላይ አላህ ሃገራችንን ብቻ ሳይሆን ዓለማችንንም ሰላም ያድርግልን።  አሜሪካና ኢራን አሁን ላይ የገቡት እሰጣ ገባ ወደ ከፍተኛ ደረጃ እንዳይደርስ ስጋቴ ነው።	neutral
ይቅናህ! አማራ ብለህ ብትወጣ ጥሩ ነበር!	neutral
የዥብ ችኩል ቀንድ ይነክሳል ይባላል። ቆይ ረጋ ብለን የነፋሱን አቅጣጫ እንመልከት ;  ምንአልባት ነፋሱ ወደ ቶሮናዶ ከተቀየረ ባይሆን መጠለያ እንዳናጣ ።	neutral
ሲጀመር በሚልየን ዳላ ያሳደሰውን ቤት ሲለቅ እኮ ነው ??	neutral
ዜና ዕረፍት በደቡብ ሬዲዮና ቴሌቪዥን ድርጅት ባለፉት 11 ዓመታት በጋዜጠኝነት ስታገለግል የነበረችው ጋዜጠኛ ትዕግስት ገንታ ባደረባት ህመም በህክምና ስትረዳ ቆይታ ታህሳስ 27 ቀን…	neutral
ለሙስሊሞች__ተገቢውን___ክብር ስለመስጠት ለነርሱም ስለማዘንና መራራት ሐዲስ 27 ቁ 235	neutral
ትርፍ የወሰደውን እንደሚመልስልን ተስፋ አለኝ ??	neutral
አስገራሚው ሰርግ !!! : ስድስት ቻይናውያን ጥንዶች ዛሬ በሀዋሳ ሀይሌ ሪዞርት ተሞሽረዋል።  በኮንስትራክሽን ዘርፍ የሚታወቀው CCCCC የተባለው ድርጅት ባልደረቦች እንደሆነ ተነግሯ…	neutral
ለማ እንዴት ነው ስልህ እናንተ እንዴት ናችሁ ያልከው ልጅ ደህና ነህ እንዴት ነህ?	neutral
አላለም ኧረ ሺየም የለም እንዴ ጎበዝ	neutral
አንዳንድ ነው ወይስ አንድ  ይብራራልን ??	neutral
እንደ ኢራን ብሔራዊ TV ከሆነ በሚሳኤሉ አደጋ 80 የአሜሪካ ወታደሮችን አንድጃለሁ ብላለች።	neutral
አንተ ቆይ አማራ ነኝ ምትለው፣ ሁለት ቤት ሶስት ቤት ብቻ የዘር ሃረግህን ቆጠረህ ነው ወይስ የሆነኮመዲና ውስጥ genology table አለ እንደ ንጉስ ዘር። እስቲ ሄንን እናውራበት።	neutral
የዘመናት ልፋታቸው በአንድ ጀምበር ለወደመባቸው የሞጣ ወንድም እህቶቻችን ጨርቆስ የገበያ ማዕከል 197	neutral
ብልፅግና ፓርቲ  ኢትዮጵያን ወደ ብልፅግና የሚያሸጋግር የ10 ዓመት መሪ እቅድ ማዘጋጀቱ ተገልጿል። (ፋብኮ)????	neutral
መሀመድ ቢን ዘይድ እ.ኤ.አ. በ 2019 ለሰላም ከፍተኛ አስተዋጽኦ ያበረከቱ ምርጥ የአረብ መሪ ተብለው ተመረጡ፡፡ አክራሪነትን ለመከላከልም ከፍተኛ ሚና ተወጥተዋል ተብሏል፡፡	neutral
ጎንደር ዞን ጠገዴ የታገቱት ስድስት ታዳጊዎች ለምን ተገደሉ?	neutral
አቶ ለማ መገርሳ : ከዚህ ድርጅት ውጣልን ብለው እስካልወሰኑ ልዩነቴን ይዤ እሟገታለሁ። እኔ ብቻ ስላሆን ቅራኔ ያላቸው፣ የሚከራከሩ ብዙ አሉ። ከሆነልን እናስተካክላለን፤ (((ካልሆ…	neutral
የደቡብ አፍሪካ ፕሬዝዳንት ሲሪል ራማፖሳ ክቡር ጠቅላይ ሚኒስትር ዶ/ር ዐቢይ አህመድን ኪምበርሊ ላይ ሲቀበሏቸው።	neutral
ነፍጠኝነት ለሀገር ሉዓላዊነት ፣ ለህዝብ ነፃነት የቆመ ኢትዮጵያዊነትን በማያጠነክር ፣ ጎጠኝነትንና ዘረኝነትን በማስውገድ አንድነትን በመ…	neutral
የተነቃቃ ኦዚል እና ከአጠገቡ ጥቂት ጥራት ያላቸው ተጫዋቾች . . በቃ አማራ ክልል የገባ ጥይት በለው! ??	neutral
እግዚአብሔር እማ ሁልጊዜስ አብሮን አይደል ያለ ?  ችግሩ እኮ እሱ ሲሰራልን እኛ እያፈረስነው አይደል ?	neutral
የህዝባዊ ስብሰባ!! የኢትዮጵያ ዜጎች ለማህበራዊ ፍትህ ጥር 3/5/2012 በወቅታዊ ጉዳዮች ዙሪያ የፓርቲዉ ከፍተኛ አመራሮች በተገኙበት ህዝባዊ ውይይት 6ኪሎ በሚገኘዉ ስብሰባ መዕከል…	neutral
እንዴ በእርግጠኝነት ልናሳሳነያ ድገንመ ንትበሳሳነያ ንኛእ ውሰ ድንአ በመቃብር ውስጥ ወንድም ልጋልፈስያ ርገነ ኝሳወ ልህያ ቅለጥመለ	neutral
የእስልምና እምነት ተከታዮች ለሚፈጸሙባቸው «ተደጋጋሚ የመብት ጥሰቶች የአገሪቱ ሕገ-መንግሥት በሚያዘው መሠረት መንግሥት ጣልቃ በመግባት በአፋጣኝ  መፍትሔ እንዲሰጥ» የኢትዮጵያ እስል…	neutral
መንፈሳዊ አባቴ ሊታከሙ ሆስፒታል ሄደው ዶክተሩ በደምዎት ውስጥ ያለው የስኳር መጠን ወርዷል ሲላቸው አባቴ ምን ቢሉ ጥሩ ነው ስንት ኪሎ ብገዛ ይስተካከላል ብለውት እርፍ	neutral
የከርስ ፍሬ በሚለው ትርጓሜው እዳሪ፣ዝቃጭ፣ከንቱ ትርፍ፣ቆሻሻ፣አልባሌ ሊሆን ይችላል።	neutral
ወደ ትግራይ መግባታቹ ካልቀረ ኣዲግራትም ኣማራ ኣለ።  1 ኮታ ብትይዙለት ጥሩ ነው።	neutral
መጀመሪያም የማይጨበጠውን ብሄርህን ነበር እኮ ሊቆጠር የነበረው።	neutral
News እሁድ ሀዳር 21 ቀን 2012 ዓ.ም.  የሳምንቱ ዋና ዋና ዜና ትንታኔ	neutral
የመጀመሪያውን ለመናገር አውሮፕላኑ ላይ ለመቆየት ይችላል ውቸና ጊላፈስአ ንችቻኖላፕ እኔ ማን ነበርኩ የሚል ማንም አልነበረም ልላችይ ንሆሊ ሚራገስአ ሱእ ትባልናም	neutral
በህክምናው ዘርፍ ጠበብቶች የተገኙ በርካታ የቴክኖሎጂ ግኝቶች አሉ፡፡ ከነዚህም መካከል የህክምናውን ዓለም ይበልጥ እንደሚያዘምኑ ተስፋ የተጣለባቸው አበይት የቴክኖሎጂ ግኝቶች በተከታዩ…	neutral
ከኢትዮጵያ እስልምና ጉዳዮች ጠቅላይ ምክር ቤት የተሠጠ ጋዜጣዊ መግለጫ	neutral
• ሃገራዊ ምርጫው ስለሚካሄድበት ትክክለኛ ቀን • የሃገሪቱ ወቅታዊ የፀጥታ ችግር በምርጫው ላይ ስለሚኖረው ተፅዕኖ • ስለ ምርጫ ቦርድ ወቅታዊ አቋምና ዝግጅት • ስለ ፖለቲካ ፓርቲዎ…	neutral
ለሱዋ ደስ ይበልህ ቆንጆ ሞልትዋል ደግሞ ውበት የውስጥ ነው መልክዋን አሳምራ ጭራቅ ልትሆ ትችላለች	neutral
የፍሳሽ ድምፅ ተንናእለ ትልቅ ሰው ነዎት ሱነይሳ ምንም	neutral
ትዊተር በቃሽ ስላለኝ ነው እንጂ የነጭ ሸሚዝን ነገር ልጨምርበት ነበር መቅዲ። ትንሽ ፈካ ያለ ልብስ ለብሰሽ እንኳን ለመቀመጥ የሚቀፍ ስንት የታክሲ ወንበር ያጋጥምሻል። ይሄኛው ሲጨመርበት እንግዲህ ኢማጅን	neutral
ጃል መሮ በወለጋ ጫካ ውስጥ ሽርሽር ላይ ነው እንዳትለኝ ደብል ስታንዳርድ ይሉሀል ይሄ ነው።	neutral
እንዴ ይህ ቅጠል ደግሞ ጫት ይመስላል ??	neutral
መዝሙር 30 (Psalms) 3፤ አቤቱ፥ ነፍሴን ከሲኦል አወጣሃት፥ ወደ ጕድጓድም እንዳልወርድ አዳንኸኝ።	neutral
እውነት በእናትነት ፈተና ላይ የወደቅንበት ወቅት ነው ለልጆቼ በጣም ፈራሁ የልጆቹን ቤተስቦች ሳስብ ውይይይ  ማንም ይሁኑ ማን  እግዚአብሔር እባክህ ልቦናቸው…	neutral
በዚህ አያያዙ አማንይኹን ረዳ የቀጣዩ የአዲስ አበባ ከተማ ከንቲባ መሆኑ አይቀሬ ነው !!	neutral
OMN ግን ከመንገድ ላይ ነው እንደ ተጋባዥ እንግዳ ለቃለ ምልልስ ይዘው የሚገቡት?	neutral
እኔ ጓደኛዬ ነበር ሱነይሳ ምንም አዪ ዪአ	neutral
ምን አውቃለሁ!?	neutral
አበባ ላይ ህግ ለማስከበር መንግሥት አቅም አይደለም ያነሰው፤ መረጃ አይደለም ያጣው:: አ.አ ላይ ህግ ለማስከበር መንግሥት ፍላጎት ነው የሌለው:: ለማረጋገጥ ካሻህ አራት ሆነህ ኮከብ የሌ…	neutral
ያንን መስቀለኛ ጥያቄ መለስክ ወይስ እንደኛው አይተህ እንዳላየህ ላሽ አልከው	neutral
ምን ብዬ ልንገራችሁ? እንዴት ብዬስ ልግለፅላችሁ? የወለደች ድንግል እመለከታለሁ የተወለደ ሕፃንም አያለሁ፡ እንዴት እንደ ተፀነሰ [እንደተወለደም] ግን አላውቅም......    ¶ ቅ…	neutral
የመላእክት ፊት አጋንንታዊ እውነታዎች አሏቸው ፡፡ ነጩ የተወሰነ ድብቅ ጥቁር አለው። ጥሩ ሁል ጊዜ ክፉን ይፈልጋል ፡፡ ብርሃን በጨለማ ምክንያት ነው።	neutral
እኔ ሰደቃ ስትይ የሆነ እርድ ነገር ነው እየታየኝ ያለው ??	neutral
2/ስለችግሩ ለማወቅ የፈለገ ከአዲስ አበባ በስተደቡብ የሚገኘውን አባ ሳሙኤለ ግድብ ያቆረውን የተበከለ ውሃ በማየት የጠ/ሚንስትራችንን ትልቅ…	neutral
ዋናው ነገር መስታወት ቤት የሚኖሩ ጎረቤት ላይ ድንጋይ እይወርውሩ ማለት ነው:: ለሁሉም እማራ ባለመልካም ባሕርይ ሕዝብ ነውና እግዚእብሔር ይጠቀዋል	neutral
በጋዜጠኛ እስክንድር ነጋ የሚመራው የአዲስ አበባ ባለ አደራ ምክር ቤት (ባልደራስ) ራሱን ወደ ፖለቲካ ፓርቲ ለመቀየር አልሞ ስብሰባ ማድረግ ቢያቅድም፡ ስብሰባው በመንግስት ፀጥታ…	neutral
ኧረ ግለጥ...የኔ ቆንጆ አታቀርቅሪ ቀን ያልፋል ብሎ የአለማየሁ ሂርጶን ዘፈነብኝ ብላ ኮረንቲ ስትጨብጥ አላየሃትም እንዴ?!	neutral
ሌኦች ምራፎች የሚያወሩት ስለ ጋላ ገናናነት መውደም እኒአ የቴውድሮስ ሁለተኛው መነሳት ነው። የትውልድ ጥናቶች ጎንደር እና በተለያዩ አውራጃዎች የነበርውን ውስብስብ ሁኔታ ያብራሩ ነበር።	neutral
የመጠያ አጠቃላይ የመጀመሪያ ደረጃ ትምህርት ቤት ከ80ሺህ ብር በላይ ገቢ አሰባሰበ፡፡ በምስራቅ ጎጃም ዞን በእናርጅ እናውጋ ወረዳ የመጠያ አጠቃላይ የመጀመሪያ ደረጃ ት/ቤት 48ኛውን…	neutral
ይሄ ማን ነው እስኪባል ስለምጨፍር ይታወቅብኛል	neutral
ማርያም ለመሄድ ዝግጅት አመት አመት ያድርሰን አሜን	neutral
ዛሬ ታህሳስ 25 ነው!   ባለፈው ወር እንዳረግነው ወር በገባ በ25 ሶሻል ሚድያ ላይ የተለያዩ መልእክቶችን እናስተላልፋለን።   ለዛሬ ይህንን መልእክት ሁላችንም ሼር በማድረግ ወይም…	neutral
ሃሃሃሃ...እሺ አይተናል።ማናት ግን የጋሽ ይመር ልጅ በናትሽ?!	neutral
ስድብ የተሸነፈ ሰው ምልክት ነው	neutral
????❤??  የቤተ አምሐራ /ወሎ/ ንጉስ <ንጉስ ሚካኤል አሊ> የአደዋው ጀግና፣ አይበገሬው አማራ ተንታ ከተማ ላይ ዋጋ ሲከፍልበት መኖረው ባንዲራው የደመቀ ሐውልቱ እነሆ!!!	neutral
For no reason ልመና ስለምትወድ ነው እንጂ እኮ እሺ ብዬህ ነበር	neutral
ምክትል ከንቲባው በከተማይቱ ተቀባይነትና ይሁንታ ለማግኘት ባላቸው ጉጉት የተሻለና ፈጣን ውጤት ለማምጣት ያደረጉት እንደሆነ ግምታቸውን የሚናገሩ የአስተዳደሩ ሰራተኞች አሉ። ሌሎች ግን…	neutral
ማሚ እንዳለችሽ ይደርሳል ዋናው ማመንሽ ነው	neutral
ታኅሣሥ 26 - 27 እሁድ እና ሰኞ ከቀኑ 10 ሰዓት ጀምሮ የወንጌል እና የዝማሬ አገልገሎት  በካራ ደብረ ምሕረት ቅዱስ አማኑኤል. ቤተክርስቲያን ተዘጋጅቷል። ሁላችንም እንገናኝ ዘን…	neutral
በህዳር ወር ከወጪ ንግድ 190 ነጥብ 73 ሚሊየን የአሜሪካ ዶላር ተገኘ	neutral
እስቲ የጠላ አጠማመቅ ቅደም ተከተል ንገሪኝ እላታለሁ	neutral
ህምም! እኔ ወይ ኢትቪ ተሳስቷል ማለት ነው!  እውነት ያልከውን አሳየኝ አልኩህ አንተስ ጋር የታለ እውነቱ?!??????	neutral
የኩሽ ህብረቶችም እድሜ ለዳውድ በግዜ ተቀነጠሱ። መቼም እነ ሰናይት ከዚህ በኋላ ሰው አያደርጉትም። ሌሎቹም አንቺ ትብስ አንተ ብስብስ ተባብለው ነገሩን ፈተውቷል። ተንሳፈው መቅረታቸው ነው። ምስኪን	neutral
ዎላይታ ራሱን ችሎ ክልል ከመሆን ውጪ ባሉ ሌሎች አማራጮች ላይ ዐቢይ ለመወያየት ሐሳብ ቢያቀርቡም የተሳታፊዎችን ይሁንታ ሳያገኝ ቀርቷል ። ዞኑ የደቡብ ክልል ምክር ቤት መልስ መስጠት ካልቻ…	neutral
ጨቅላይ ሚኒስቴር አብይ አሜሪካና ኢራንን ለማስታረቅ ልኡካን ቡድን ይላኩል ን እንጂ ክቡር ሎሬት??	neutral
ህዝባዊ ስብሰባ ለሐዋሳ ከተማ ነዋሪዎች በሙሉ፤  የኢትዮጵያ ዜጎች ለማኅበራዊ ፍትህ (ኢዜማ) በሐዋሳ ከተማ ከሚገኙ አባላት፣ ደጋፊዎች እና የአካባው ነዋሪዎች ጋር ጥር 2 ቀን 2012…	neutral
የOMN ን  ቡልሽት  ባዶ  ለማስቀረት  ኦሮምኛ  የሚናገ  OMN 2  የሚባል  ቲቪ  ክፈት ! ይህን  ለማድረግ  ከቆረጥክ  እኔጋ  $ 5000  ዶላር  አለህ!	neutral
ዝም ያለዉ ጌታ መናገር ሲጀምር እናንተን አያርገኘ	neutral
እነሱ እንደ ሰው የሚያስቡ አይምሰልህ። ውስጣቸው ያከማቹት በክፋት የተሞላ እብሪት ጦርነት ለመጀመር በቂ ነው። በዚያ ላይ የተፈረካከሰው የብርሃኑ ጁላ ጦር አይመክታቸውም።	neutral
ጋና የብሄራዊ ቡድን የእግር ኳስ አስልጣኞችን በሙሉ ከስራ አሰናበተች	neutral
አሁንም የተግባር ሰው ብቻ  / ፒፒ ውስጥ እንዳይታይ!??	neutral
በእሳቸው ቃልና በቅዱስ ሲኖዶስ ውሳኔ መሰረት ስርዓተ ቀብራቸው ዛሬ ከሰዓት በኋላ ብፁእወ ቅዱስ ፓትሪያርክ አቡነ ማትያስ፣ ሊቃነ ጳጳሳት፣ ካህናትና ምዕመናን በተገኙበት በደብረሊባኖስ ገዳም እየተፈፀመ ነው፡፡ 3/3	neutral
የመጨረሻ እስትንፋሳ እስኪያደርጉ ድረስ ከፍተኛ ሥቃይ ይሰማዎታል ፣ የደምዎ መስመር ይሰቃያል እናም ከሞተ በኋላ ወደ ሲኦል ዋሻዎች ይገባል። ከሠራው ኃጢአት እራ…	neutral
አሜሪካ በኢራቅ በሚገኘው ኢምባሲዋ ላይ የደረሰውን ኃይል የተቀላቀለበት ተቃዉሞ ተከትሎ ተጨማሪ 750 ወታደሮቿን ወደ መካከለኛው ምስራቅ መላኳን  የአሜሪካ መከላከያ ሚንስቴርን ጠቅሶ…	neutral
ወሬኛ!  ለ25 ዓመት የት ኖሮ ነው ገና ሁለት ዓመት ያልሞላውን አብይ መንግስት የሚተቸው ?	neutral
የኢትዮጵያ ፌደራላዊ ዲሞክራሲያዊ ሪፐብሊክ 5ኛው የህዝብ ተወካዮች ምክር ቤት ባካሄደው ጉባኤ የተለያዩ ረቂቅ አዋጆችን መርምሮ ለሚመለከታቸው ቋሚ ኮሚቴዎች መርቷል፡፡	neutral
የሞቱትን የወለጋ ዩኒቨርስቲ ተማሪዎችን ልትለን ከሆነ የገደላቸው የመኪና አደጋው ሳይሆን የኦሮሞ ባለስልጣናትና የአካባቢው ማህበረሰብ ነው::	neutral
ኢዴፓና ሁለት ተቃዋሚ ፓርቲዎች አብሮነት የተሰኘ ትብብር መሠረቱ	neutral
እግዚያብሔር በበሀሪው ቅዱስ ነው ለቅድስናውም መጠን አይወጣለትም።  ሀጥያት የማይስማማው ቅጽስና ነው ያለው ማለታችን ነው። እንደፍጡራን የዝንባሌ ውጣት ሳይሆን ባህሪው ነው። እየጨመረ ወይም እየ…	neutral
Crypto Currency  በሁለተኛ የዓለም ጦርነት ግንኙነቶችን ሚስጥራዊ ለማድረግ ታስቦ የተፈጠረው ስነ-መሰውር (Cryptography) (ክሪፕቶግራፊ) የተሰኘው የመግባቢያ ቃል ኡሁን ባለ…	neutral
መንግስት ዩኒቨርሲቲ ውስጥ ያሉ ስርዓት አልበኞችን ስርዓት አስይዞ ሰላማዊ የመማር ማስተማር ሂደት ለማስኬድ ባለመቻሉ እናት የልጇን እሬሳ እያለቀሰች ትቀብራለች።	neutral
ቆ ይ እኔ ሳላቅ አጥንት ሆነ እንዴ? እናንተ እኮ አትነግሩንም ????	neutral
“የሚትለምን ሀገር : የማትለምን ቤተክርስቲያ ነዉ አባቶቻችን ያወረሱን” - ዳንሄል ከብረት  ግን ከሁለቱ ማንነዉ በልመና የምበልጠዉ?	neutral
ሁሉም ነገር ሲጀምር እና ሲቀጥል አንድ አይሆንም ሲያልቅም እንደዛው።	neutral
አሪፍ ጥያቄ ነው ኃይልዬ....በአንድ የምርጫ ክልል የሚኖር ዜጋ ማንነቱ ሳይገድበው በአከባቢው ያሉ ሰዎች ከመረጡት ይወከላል…	neutral
በኢትዬ የሽግግር መንግሥት ይመስረት  የሚል አቋም የያዙ ሶስት ፖርቲዎች በጋራ ለመስራት ተስማሙ ።	neutral
ወይ ዘንድሮ  አለ አፍሬም ታምሩ ! አቶ ለማ መገርሳ  ምን ነካቸው  ? እንዴት ሰው አገር  እየመራ   ወርዶ መደር መምራት ያስባል።  ይሕ ለኦሮሞ ሕዝብ  ስድብ ነው ። ኦሮሞ ሃገር…	neutral
???????? እውነትም ሁለት ምት	neutral
ሆነ ይህ አቶ ተመሥገን ለክርስትና እምነት ተከታዮች «እንኳን ለገና አደረሳችሁ!» ብለው መልካም ምኞት ሲገልጹ ሙስሊሙ ላይ ደሞ «ለምወስድባችሁ እርምጃ ተዘጋጁ» ዓይነት ዛቻ ሠንዝረዋል! ሰው እ…	neutral
ወረዳ አስተዳደር በወረዳው በእርሻ ስራ ላይ ከተሰማሩ ባለወረቶች (investors) ጋር ዛሬ ውይይት አድርጓል። ባለወረቶቹ ወደ ካምፓቸው ሄደው ለመስራት ስጋት የፈጠረባቸውን እገታ…	neutral
ታህሳስ 21፣ 2012/ በተሻሻለው የኤክሳይዝ ታክስ ሙሉ በሙሉ ከታክስ ነፃ የተደረጉና ከፍተኛ የዋጋ ቅናሽ ይኖራቸዋል ተብለው የሚጠበቁ ምርቶች መኖራቸው ተነገረ	neutral
ኦሮሚያ ክልል ዩኒቨርስቲዎች እየዘጋ 10 ሺ ልዩ ፖሊስ ያስመርቃል:: ዕውነትም ለውጥ አለ	neutral
የራሰ በራነት መድሐኒቶችስ ምን ያህል ውጤታማ ናቸው?	neutral
እስኪ እንደው ፖለቲከኞቻችን ትንሽ ከአፍንጫቸው እራቅ አርገው ያስቡ፤ የ100 ዓመት መርሀ ግብር ማሰብ ባይችሉ እንደው የቅርቦን እስኪ መገመት ቢለምዱ ምን አለ…	neutral
ከፍተኛ ችግር፣ ሃዘን፣ መረበሽ ለሷ አይሆናትም ኑሮዋ በቀጽታ፣ በተራ መንገድ፣ ለዘብ ባለመንገድ ቢያልፍ ነው ሚታያት፣ ድስታንም ሃዘንንም አታውቀውም	neutral
ኧረረረ መረባረብ ሴቶች?? ጎብዛችሁ የለም አንዴ ?? እኔስ DM አይፈቀድልኝም???	neutral
Ethiopia : አዲሱ ብልጽግና ፓርቲ  የኢትዮጵያን ሁለንተናዊ እድገት እና የህዝቦችን እኩል ተሳታፊነትን የሚያረጋግጥ መሆኑ ተገለፀ፡፡ በየካ ክፍለ ከተማ  ስለመደመር ፍልስፍናና…	neutral
ታህሳስ 23፣ 2012/  በኢትዮጵያ የመንገዶች ቅየሳና የቅድመ ጥገና ጉድለት በመኖሩ የመሬት መንሸራተት እያስከተለ ነው ተባለ	neutral
ብሎ አላሰበም ነበር እናም ያለው መፍትሄ እቺን ካርድ መዞ ሙከራ ማረግ ነው።  ሚያሳዝነው ግን እስከመጨረሻው ላይታመን ካርዶን ይዞ ቂጥ መግባቱ  ነው ።  የው ያሁሉ መሃላ ለዚሁ ነው!	neutral
ጎሽ ካስሽየ!! ገርሞኝ ስታዘበው ነበር	neutral
በእዉነት ያስብላል ቲቪ ላይ የሚቀርቡ ሁላ ደህና ፍሬ ነገር ሲያወሩ አናያቸዉም። ቆይ ከኛም የተደበቀ ማደደቢያ ተከፍቶ ይሆን?	neutral
አጠቃላይ የከተማው ነዋሪ ወይስ የምርጫ ወረዳው አካባቢ ያሉትን ብቻ ነው???	neutral
እንዴ! ዶሮ ነው እንጂ፤ ቡናማ በየቀኑ አገኘው የለ!  እኔ በሕይወቴ በግም ዶሮም አርጄ አላውቅም። የእንስሳት መብት ጉዳይ አሁን የመጣ ነው፣ እኔ ግን እንደው ከድሮም ነፍስ ማጥፋት…	neutral
እንኳን እርሶንም በሰላም አደራስዎ የምሰሩት ሥራ የስማሰግኖታል ከብልዕግና ፓርት ጋር  አገራችንን ወደ ድሞክራስ እንዳምታደርሱ አልጣራጠም??????	neutral
ይሄ መብታችን የደፈረ ነው ደሞ ጋዜጠኛ ነኝ ይላል ።ኣለን በምሉ ኣለም እኛ  ኤሪትራ ነን ኤሪትራ እኛ ናት  ታምራት	neutral
ደሞ በነጻ መማርና፣ ግጭትን ምን አገናኘው?  (መቼም መክፈል የማይችለው ድሀው ነው የሚበጠብጠው እያሉን አደለም ብዬ ልረዳ  እየሞከርኩ ነው)	neutral
ለሴቶችና ለአካል ጉዳተኞች አመቺ መፀዳጃ ???? ??♿️ በመኖሪያ ቤት  ??♿️ በት/ቤት ??♿️በመስሪያ ቤት  ??♿️በመናፈሻዎች  ??♿️በመንገድ ላይ (የሕዝብ)  ✅በማንኛውም ቦታ   አስፈላ…	neutral
ጅል:: ኢሳያስ ላንተ ከሚቀርብህ ኦነግ ለኔ ይቀርበኛል:: ከትግሬ ይልቅ ኦነግ ኢትዮጵያዊ ነው:: ለዛውም እንደ ትግሬ አናሳ ያልሆነ::	neutral
ደሞ ገና መጣ  የገና ጨዋታ መጫወቻ ኳስ ምንድን ነው ስሟ  ጂኒ ጃንካ እያሉ ጋሽ  ውብሸት ወርቃለማሁ አዛ ሊያረጉን ነው ?????♂️	neutral
ጠቅላይ ሚኒስትር ዐቢይ አሕመድ በኦሮሚያ ክልል በምትገኘው የቦረና ዞን ከያቤሎ ከተማ ነዋሪዎች ጋር ውይይት አካሄዱ።	neutral
ልብ በሉ ኦሮማራኮ ከበተነው ቆየን የኢሀዴግ ሪፎርም ለጆሐር የብቻው ድል ስታረጉ ግዜ ጀምረን አንተያያታለለን አልን ።እኛ ትግሬዎች አገር ወዳድ አርበኞች ነን ላገር ሲባል ሁሉምጋ ነው ምንገጥመው ።	neutral
ውድድሩ ከዘቀጡት ሳይሆን ህዝቡ ከሚጠብቀውና ከሚገባው አንፃር ቢሆን ያለበትን ደረጃ ለመናገር ይርዳል።	neutral
እሱ አዲስ አመት ነበራ ??	neutral
ድንግል ሆይ ለምኝልን	neutral
ታህሳስ 21፣2012  በተሻሻለው የኤክሳይዝ ታክስ ሙሉ በሙሉ ከታክስ ነፃ የተደረጉና ከፍተኛ የዋጋ ቅናሽ ይኖራቸዋል ተብለው የሚጠበቁ ምርቶች መኖራቸው ተነገረ 1/3  ትዕግስት ዘሪሁ…	neutral
?? ቀዩ መንግሥቱ ሃ/ማርያም ፣ ?? የብልግና ፓርቲ አባል እና መስራች፣ የእናቱ ጥፋት ልጇ የኢትዮጲያ መሪ እንደሚሆን እንጂ እንዴት እንደሚወርድ አልነገረችውም‼	neutral
ሻሸመኔ 2.2 ሚልዮን ብር ተከፍሎዋቸው ቅድስት ቤተክርስቲያንን ሊያቃጥሉ ሲሉ የተያዙ ግለሰቦች ትያዙ ግን ለምን ቤተ ክርስትያን ምን አደረገች ?እውነት የእ…	neutral
ለቤት ተቆራጭ ብዙ ታማኝነት ነው ምድንወ ጥስው ርብቃመበ ከአንድ የሠለጠነ ባላባ በስተቀር ውነ ንድንምለ ውመከሸሚየ ንሉብምጭ	neutral
ከኔ የባሰችው ይሄው መጣችልኝ የፃፍኩትን ሳትረጂኝ እኔን ይሄው እየተሳደብሽ አይደል ቢያንስ እኔ ገልጫለሁኝ ስለምን እንደፃፍኩኝ ስለ ሙቭመንቱ እኮ…	neutral
አንቀስ39 ለአፈፃፀም አይመችም ወይስ መኖር የለበትም? ለሚለው ጥያቄ ቁርጥ ያለ መልስ አልሰጠም ቅድም እንዳልኩህ የሚል ማጭበርበር ነው የሚጠቀመው።ኢዜማ ብሔሮች እራሳቸውን በራሳ…	neutral
አይደለም አንድ ለባዶ። ጎንደር ጉድ እያለ እነ ፀጋዬ ገብረመድህን፣ እነ ሰለሞን dheሬሳ፣ እነ በዓሉ ግርማ፣ አብይ አህመድ አማርኛን አፉ…	neutral
ማርያም ጽዮን  ኢትዮጵያን አደራ  ኣኽሱም ፅዮን  ኢትዮጵያን አደራ ምልጃሽ ይሰውራት ከዘረኞች ሴራ	neutral
አቶ ለማ ከነልዩነቴ በፓርቲው እየተሳተፍኩ እቆያለሁ ማለታቸው ተስፋ ሰጪ ነው:: ግን እሳቸው ህዝባችን ብለው ቅድሚያ የሚሰጡት ለኦሮምኛ ተናጋሪዎች ሲሆን ጠቅላይ ሚኒስትሩ ደግሞ…	neutral
ጥያቄ: ስኬት ላንተ ምንድን ነው? እኔ: በቀን ውስጥ ከተጠቀምኳቸው ታክሲዎች ውስጥ በሁለቱ እንደ Derfek Fekadu መነጋገሪያ ርዕስ ሆኜ መስማት!  ስለምርጫው ማን ያወራል? ይፈተፍቱህ የለም እንዴ አባቴ!? ??????	neutral
ማማማማማማማ እኔ???? በስማም በል አረ ልጅ አገርድ ነኝ።  ይሚሉ ሴቶች ምን ፈጃቸው??	neutral
ወረኛ ነገር ነህ በቃ ትግልህ በውሸት የተመሰረተና በባዶ ሀሳብ የተመረኮዘ ነው። ልብ ካለህ ፖሊሲ ቀርጸህ ታገል!!	neutral
አሰምፕሽን ኢኮኖሚክስ ላይ ቀረ የሷ ከሁለቱም የተቀዳ ነው	neutral
እንኳን ለጌታችን ለመዳኒታችን ለኢየሱስ ክርስቶስ የልደት በአል በሰላም አደረሳችሁ	neutral
አቶ ርስቱ ከአስተዳደር ወሰንና የማንነት ጉዳዮች ኮሚሽን አባላት ጋር ተወያዩ	neutral
ኢትዮጵያ የአለም ሁሉ ተስፋ ነች።    ደመናው ቢከብድም ከማረስ እና ከመዝራት አናቆምም ። የዘራነውን መልካም አዝመራ ለመሰብሰብ  ያችን ብሩህ ፀሀይ እጠብቃለን።    በዕርግጥ የጽድ…	neutral
???????? ቅድም መግረፊያ ነው ምናምን ስትሉ አልነበር?	neutral
በሀገራችን ሳይንቲስቶች የተሰራ ?????????♂️	neutral
እረ! ወይ ምክንያቱን ለይተው አወቁት ፐ! አይ አንቺ ሃገር እንደው ግን ይገርማልም ያሳዝናልም። በፊታ ትዲያ ለምን እንዲ በየቀኑ ግድያ አልነበረ ???????? ??????????.....	neutral
ምርጫ ልዩነት አያመጣም። እንዋጋ..ዘራፍ..  የምትሉ ውጭ የምኖሩ አክቲቪስቶቻችን እባካችሁ ትንሽ ተረጋጉ። ውጊያ ካማራችሁ ትኬት ቆርጣችሁ መሄድ ነው። አለዚያ እቺን 5 ወር እንኳ ሶብር አድርጉልን።	neutral
መጀመሪያ ኦሮሞን እናሰባስብ የሚለው ቀመር አንድ ነን የሚለውን ፍላጎት ማቆምና ችላ ማለት የሚጠይቅ ከሆነ በዚህ መልክ የሚጎለብተው የጎሳ ስብስብ ነገ የተገነባውን የጎሳ ስሜት…	neutral
ሸዋ እስኪነሳ እጠብቃለው፤ የኢትዮጵያም እንደገና መነሳት ከዚህ ይጀምራል ብዬ ስለማስብ ነው። ጎጤ ሆይ! ሸዋ ሲባል ወደ ሆነ ጎጥ ለመክተት አትድከም፣ የቆየ የሃገር አስተዳደር ብሒሉን…	neutral
ሰሜን ኮሪያ የንዩክሌር እና የአህጉር አቋራች ሚሳይል ሙከራ ዳግም እንደምትጀምር የሀገሪቱ መሪ አስታወቁ	neutral
አንዳንድ ሙስሊም ጓደኞቼ እና የዚህ ገፅ ተከታታዮች መስጊድ ሲቃጠል እና የተቃውሞ ሰልፍ ስናረግ ሳትፅፍ የሚል መልእክት በብዛት እያደረሳችሁኝ ነው!   ሊንኩን በድጋሜ ልጋብዛችሁ:…	neutral
በጣም ቬጂ ከመሆኔ የተነሳ ከስጋ ዘመዶቼ ጋር ሁሉ ተቆራርጫለሁ አላለም: ???♂️ እሱ ይርዳው	neutral
ቢያንስ ለመመረጥ ት/ት በነጻ እናረጋለን በሚሉበት ዓለም ገና ሳይመረጥ የነገ ሀገር ተረካቢዎችን የት/ት ወጪ ጨላ አላግዛችሁም ለማለት ከደፈረ ቢመረጥ/ሲመረጥ እንዲያውም ቅድሚያ ካልከፈላች…	neutral
ነፃ	neutral
ፍትህአወቅ ይልሃል ☺ በነገራችን ላይ ኦቤክስ የመጣ ጊዜ ከሊሞው ጋር ሰልፊ ስትነሳ አንዱ ጋዜጠኛ ፎቶ ቀጭ አድርጓት ሙድ ይዞባት ነበረ ☺	neutral
በለው.....የእናንተ ለስልጣን መከታከት ነው እንግዲህ ሰላማዊው ሰው በመሃል ህይወቱን የሚያጣው:: ምፅ	neutral
ቀላል ??	neutral
በመንግስት ማሳበቡ ጠቃሚ አይደለም፡፡ ወለጋ ውስጥ በኦነግ ስም የሚንቀሳቀሰው ሃይል ነው ተጠያቂው፡፡ በዞኑ የሚገኙ ባለስልጣ…	neutral
የግለሰብ ነፃንት ላይ የተመረኮዘ ጠንካራ ፌደራላዊ ሥርዓትና መንግስት ለመመስረት እንጣር፣ዘር ተኮር የሆነ የትም አያደርስም።መበሻሸቅ ብቻ ነው ትርፉ።	neutral
በአማራ ክልል ከአምስት ሚሊዮን ሄክታር በላይ ሊጠበቅ የሚገባው የተፈጥሮ አካባቢ መኖሩን የአካባቢ፣ ደንና ዱር እንስሳት ጥበቃና ልማት ባለስልጣን ጠቆመ	neutral
መንከራተቱ ነዉ ያሳሰበኝ እንጂ ተንከራቶ እንደማይቀር እርግጥ ነዉ ??	neutral
ከድስቱ ነው እቱ ወይም ከቁሌቱ ሽሮን የመሰለ የለም የምግብ ብርቱ	neutral
ግለ ሂስ መሆኑ ነው?	neutral
የፕሮጀክት ፕሮፖዛል ግምገማ ፪  ከጠዋት አንስቶ በተከናወነው መርሀግብር  በስራ ዕድል ፈጠራ፣ ችግር ፈቺ ምርምር እና ገቢ ማመንጨት ላይ ያተኮሩ 14 ፕሮፖዛሎች ቀርበው ገለፃ ተሰጥቶ…	neutral
አዲስ አበባ ከተማ እና አካባቢዋ ነዋሪዎች ዳሸን ባንክ በ100 ሚሊዮን ብር የሚተገበር የማህበራዊ ኢንቨስትመንት ፕሮጀክት ይፋ ማድረጉ ይታወቃል፡፡ ስለሆነም ስለምዝገባው ዝርዝር መረጃ…	neutral
ሆይ ኑ ጉዳችሁን እዩ!!?????♀️?????♀️?????♀️	neutral
ጋዜጤኛ ተመስገን ደሳለኝ  ወዳጁ እንኳ ብትሆን አይምርህም	neutral
ብሶቴን አመጣሃው (ላይክ ብሶት ያነሰኝ ይመስል) ... በስም እጥረት ኖቤል ብዬው ነበር ግን ያው ከአሻጋሪው ቅቤ ሽልማት በኋላ እንግዲህ ወደፊት ሲያ…	neutral
ምን ኣይነት ቅጠል እየቃመ ነው???????? የ ርጠበ ፋራ ነው??????????  ይሄ ዶንቆሮ ኢትዮጵያን ይሁን ኣምራ ኣይወክልም፤፤ በኛ በ ኤርትራውያ በኩል ኢትዮጵያ ትጠንክር…	neutral
ሣምንት ነው ምንተያየው ብዬ ነው። ደግሞ ወደ አገሪኛዋ ስንመልሰው ለኔ ጋሼ የሚለውን መጠቀሜ ነው	neutral
ይደረግ መርህ የሌለው መደዴ ፖለቲከኛ በዛ የሃገሩን ጥቅም በኢጎ ቅርጫት ውሰጥ ከቶ የሚያላዝን የውስጥ ጉዳይን ከሃገረዊ ጥቅም የማይለይ 120 ሚሊዮን ህዝብ ተሸክሞ Compassionat…	neutral
አዳማ ከተማ ከ ፋሲል ከነማ - ቀጥታ የውጤት መግለጫ	neutral
ኢትዮጵያዊ ወይንም ኤርትራዊ ማለቴ ነው!!	neutral
ሰኞ Thread  1.ጉዳዮቻችንን፣ የተረጋጋ ሀገር ሰላምና ብልጽግና ከማምጣት እንጂ ከአይዲዮሎጂ አንጻር እንደማይመለከት  2.አጀንዳዎቹን በድርድርና ሲወርድ እንደ ህዝቡ አውድ የማስፈጸ…	neutral
የህገመንግሥቱን መግቢያ በመለጠፍ ውለታ ማን ይዋልልን? መቸም ውሸት ከሆነ ብዙ ሰው አያገኘውም ብሎ መሆን አለበት??	neutral
ጊዜ ለሚካሄደው የ2012 ዓ.ም ሀገራዊ ምርጫ 50ሺ የምርጫ ጣቢያዎችን፣ እስከ 300 ሺ የምርጫ አስፈጻሚዎች እና 50 ሚሊዮን መራጮች ሊኖሩ እንደሚችሉ ታሳቢ ያደረገ ዝግጅት በ…	neutral
በአንተ ቤት አራዳ መሆንህ ነዉ! አትዋሽ ማንም የሚልህ የለም እነሱ መቼ ሰዉ አጥተዉ ነዉ አንተን የሚጠይቁት?ለዛዉም እንደማትወዳቸዉ እያወቁ አይጠይቁህም።	neutral
እንደ ሀኪም አንገት ላይ ጣል ማድረጉ?!	neutral
በሶሻል ሚዲይ ተለኩሶ ወደ ከፍተኛ ህዝባዊ ሰላማዊ ሰልፍ የደረሰው የታግቱት ተማሪዎቻችን ይፈቱ ዘመቻ ካገር ወስጥና በወጪም በአለም አቀፍ ደረጃ በታወቁ ሚዲያዎች ጭምር ሽፋን አይተሰጠ…	neutral
ሃሳብ! ቤተሰቦቻቸው ወደሚዲያ እስኪቀርቡ ድረስ ግን በተመሳሳይ ሃሽታግ ካምፔይን ማድረጉ ጥሩ ይመስለኛል፡፡	neutral
መልካሙ ተበጀ <<ያን ጎራ>>  ??ያን ጎራ ያን ሰፈር በየት ልክሰሰው በየት አግኝቼ በየት ልውቀሰው ደብቆብኛል ያችን ኩሩ ሰው።፣??	neutral
Sleep vs nap ?? ቀኑን ሙሉ ከተኛህም መች ይቀራል	neutral
በጊዜው ከፍ እንዲያደርጋችሁ ከኃይለኛው ከእግዚአብሔር እጅ በታች ራሳችሁን አዋርዱ። እርሱ ስለ እናንተ ያስባልና የሚያስጨንቃችሁን ሁሉ በእርሱ ላይ ጣሉት ፡፡ 1 ኛ ጴጥሮስ 5.6-7	neutral
ሌላ አለው እንዴ?	neutral
ተሥፋ =ሠሙ ጥሩ ነው።  ሥጋት=ችኮላውና ወርቁ ዉስጥ የተደበቀው ሚስጥር ምን ይሆን? የህዋሃት ፍቺ! ያልታቀፉ ድርጅቶች? ትኩረት ያተሰጠው/ተንጠልጥሎ ያለው የደቡብ ብሄር ብሄረሰቦች…	neutral
በፈረንጆቹ ገና እና አዲስ አመት ቀድመን አቅምና ገንዘባችንን ጨርሰን የኛ ድንቅ የሆነው ገና ገና ሳይደርስ እንቅልፍ እንቅልፍ አለን::በቃ ምን ይደረጋል ገና እና ጥይትን ተኝቶ ማሳለ…	neutral
አህመዲን ጀበል ስለ ሞጣ ሲያላዝን ውሎ የሚያድረው በቃጠሎው አዝኖ ሳይሆን እራሱ ያቀነባበረው ስለሆነ ከዚያ ለማምለጥ ነው ከሞጣ ከተማ ሙስሊም እና ክርስቲያን የበለጠ  በጉዳዩ ያዘነ…	neutral
የኢትዮጵያ ፕሪምየር ሊግ 6ኛ ሳምንት መርሐ ግብር	neutral
ታህሳስ 22	neutral
ነው። የትኛውን እውነት ብለን እንቀበል?!	neutral
የማንችስተር  መቀጥቀጥ  ይሁን  ያርሴናል ማሸንፍ እንጃ፤  ድርብ  ድርብርብ  የሚሉት ነገር ነው መሰል ????	neutral
ወግ ወጉስ ተይዟል፥ ችጋር አንቆ ይዟል አለች አያቴ ??????	neutral
ይሄ ልጅ አዳማዬን ዋንጫ አስበልቶ ኮሌታዬን አቁሜ ጃኬቴን እያውለበለብኩ ፣ እያፏጨው የምቦርቅበት ቀን ነው የናፈቀኝ	neutral
Sorry ኣባ መልእክቱ ለኣቶ ተስፍዩ  ስለሆነ ነው ::	neutral
ለምን ተስፋ እንቆርጣለን ለምንስ እንዋረዳለን ከኛ እሚጠበቀው መጣር መስራት ስህተትን ቶሎ ማረም አለቀ	neutral
ይሄን ሲሰማ አዝማሪው ምን አለ?    ናፍቆቴ ናፍቆቴ አይልም ወይ ሰዉ፤    ጉርሻ እየናፈቀዉ ፣ ሆድ እየባሰ…	neutral
የእውነት ግን ማንቼን ማሽነፍ ትልቅ ነገር እንዳይመስልሽ ቃል። ስብስባችሁ የmidtable ቡድን ራሱ አይደለም??	neutral
ዛሬ የቀድሞው ኢህአዴግ መጋዘን ሲፈተሽ የተገኘው ቀሪ የህወሃት ንብረት፡፡	neutral
ሕዝቅያስ  ቢጠይቅ አምርሮ                     የባከነ ሰአት በነብዩ በኩል                ጌታ ጨመረለት ስላልተለወጠ                አባካ…	neutral
በዉሃ ውስጥ የሚኖር የዉሃ እናት  የሚመስል ፍጥረት	neutral
በመላው አለም ፕሮፌሰርነት ማዕረግ የሚሰጠው በወጣትነት ዘመን ሲሆን እኛ አገር ደግሞ ምሁሩ ጡረታ ሊወጣ ትንሺ አመት ሲቀረው ነው። ትምህርት ሚኒስቴርን የሚመሩት ሰዎች ፀረ እውቀት ስ…	neutral
በጣም ከባድ ህመም ነው ተንናእለ እርሱ ሁሉን ነገር ነበር ውነ ንማ ስትጡሰየ ያፍክ ዝያመለ ንልቭፔ ርተክዶ	neutral
አህመዲን ጀበል የሚባሉትን ግለሰብ አቻምየለህ ታምሩ እርቃናቸውን ነው ያስቀራቸው! ውሸት ሁለተኛ እንደማይደግሙ ተስፋ እናረጋለን! ይሄው ነው::	neutral
የኢኮኖሚ ኃይላቸውን ለሚገነቡ ልሂቃን ምቹ ሁኔታን ይፈጥራል። አብዛኛውን ድሃና ምስኪን ለድህነቱ ምክንያት የሆነው የሌላ ብሄር ቋንቋና ኃይማኖት ተከታይ የርሱ ቢጤ ድሃና ምስኪን እንደ…	neutral
ይቅርታን የምትለምኑበት እና ህመም እና ተስፋ መቁረጥ እንጂ ሌላ ምንም ያልተተዉበት ቀን የሚመጣው ክፉ ይመጣል እናም ሕይወትዎን በመጨረሻ በቀስታ እና በአሳዛኝ ሁኔታ የሰው…	neutral
ከፍተኛ ሊግ | አዲስ አበባ ከተማ እና መከላከያ አቻ ተለያይተዋል	neutral
ምስኪን ናት በተለይ እቺ ሳሙኝ ሳሙኝ ትላለች።	neutral
! ሚዛን መጠበቅ በምድርም በሰማይም ይሁን የሚደነቅ ነው!!!	neutral
በኢትዮጵያ የሃገር መከላከያ ሚንስትር ለማ መገርሳ የተመራ ከፍተኛ የልዑካን ቡድን የኢትዮጵያ እና የአሜሪካንን የሁለትዮሽ የመከላከያ ትብብር ለማጠናከር ዛሬ ጠዋት ዋሽንግተን ዲ.ሲ.…	neutral
በሐይማኖት አሸናፊ የሚለው የዘጋቢው/ዋ ስም ግን ሌላ ትርጉም እየሰጠኝ ተችግሬያለሁ	neutral
ኢዜማ	neutral
በዚሁ ከቀጠልን በወረሃ ታህሳስ “መልካም እንቁጣጣሽ” የሚል text ይደርሰኛል ??	neutral
የኦሮሞ ፌድራሊስት ኮንግረስ ሊቀ-መንበር መረራ ጉዲና እና የፓርቲው አዲስ አባል ጃዋር መሐመድ፤ የኦሮሚያ ብሔራዊ ፓርቲን በመመሥረት ላይ የሚገኙት ብርጋዴር ጄኔራል ከማል ገልቹ እና…	neutral
ሲጀምር አሁን ባለው ሁኔታ ምርጫ የሚያሸንፈው ወይ ክላሽንኮቭ ወይ ብሄር ያለው ነው። ስለፖሊሲ ግድ የሚለው መራጭ እምብዛም…	neutral
ሙስናውና የመልካም አስተዳዳር እጦቱ በእጅጉ እጨመረ ነው።	neutral
እንደዛ ካልሆነ በስተቀር ሰውዬው ማንንም አይቦልኩም	neutral
ስብሓት ቃል በቃል ብሏታል  ጃፓኑ ሰውዬ (?????? ያማሞቶ ) ነው የሾመው ብሎ	neutral
የህግ ስዎችን እንዴት ማሸነፍ እንዳለበት የሚያውቀው እሱ ብቻ ነው!! ሲመጣ መደበቂያ ፈልጉ	neutral
የሙስሊም ሴት ፎቶ ማድረግ አስፈለገ? ሃ ሃ ሃ ወዳጅ ለመምሰል ነው ወይስ ሙስሊሞችም አሉ ለማለት??	neutral
ይፈራሉ?  እኔም አላጠቃህም። የምርምር ማስታወሻዎቹን እንደገና አነባለሁ።	neutral
10ኛው ከፍለ ዘመን አገው አክሱም ገባ፣ ከዛ ብሁላ እስከ 12ኛው ከፍለ ዘምን ድርስ ሰፊ የህዝብ migration በማድረግ፣ ሁሉንም የአክሱም ማሃበርዊ ክፍል ተዋህዶ እዛው ቀረ። አሁ…	neutral
ብቻየን አይደለሁም አንተም ማወቅህ ገርሞኛል:: አስቴር ዘፈን ላይ ብቻ ክትክታን የሚያውቅ ነፍ ነው	neutral
አገር ምድሩ እንኳን ከትካች እንጂ ክትክታ አይደለም!	neutral
አንተ ብቻ ነሽ	neutral
Last one.  . .የአምናን ቀን አማሁት፣ ለአፌ ለከት የለው የዘንድሮው ባሰ፣ እጅ እግር የሌለው ...   ሥነቃል  ለኢ-ልቦለድ ፅሁፎች ሶፍት ስፓት አለን የምትሉ ብታነቡት ታተርፋላችሁ፤ የወዳጅ ምክራችን ነው። ??	neutral
የውስጤ  ሀሳብ እሷ ታውቃለች!!  የቃላት ማነሱ ችግር የለውም ያለውን ይበቃ ነብር  ኤድቷን በትኖርልን ጥሩ ነበር እንጂ ያሬድዬ??	neutral
ያኛው ኢህአዴግ ልማት እንዳይደናቀፍ ስንል የተውናቸው ሙሰኞች አሉ ይል ነበር ይሄኛው ኢህአዴግ ደግሞ ለአገር ደህንነት ሲባል ዝም ያልናቸው መአት ሙሰኞች አሉ እያለ ነው። አገር ደህና ነች ወይ???	neutral
ከእንትን ፋብሪካ ሰራተኞች ጋር ከሚደረግ የበዓል ዝግጅት ወደ ጭልት ያለ የፖለቲካ እና ማህበራዊ ፍልስፍና ወደሚተነተንበት የበዓል ልዩ ዝግጅት ያደረግነው ሽግግር ሲጥም።	neutral
thanks ሰሊናዬ?? ሰኞ አኞ ከሚለው ቃል የመጣ ነው የሚመስለኝ እና አያልቅም በዛ ላይ????	neutral
ከተማ በሃይማኖት ተቋማት እና በንግድ ተቋማት ላይ በደረሰው ጥቃት እጃቸው አለበት ተብለው የተጠረጠሩ ወደ 80 ያህል ግለሰቦች በቁጥጥር ስር እንደዋሉ የአማራ ክልል ርዕሰ መስተዳድር…	neutral
በዚህኛው ገና በሚዲያዎቻችን የታዘብኩት ነገር የሳንታ ክሎስ ፊቸሮች በየፕሮግራሙም ሆነ በየማስታወቂያው ተበራክተው መታየታቸውን ነው:: ይሄ ድንቁርናን መሰረት ያደረገ አካሄድ ነው:: በእንጭጩ መቀጨት ይኖርበታል::	neutral
የበላይ አካል ማለት ግን ማንን ነው የሚወክለው? ስም የለውም? አድራሻ የለውም? የስልጣን ደረጃውስ አይታወቅም?  ግልፅ መሆን አለበት፡፡  We demand democracy!	neutral
ይች ከኢራኑ ዘመቻ ለመሸሽ ያመጣሃት ምክኒያት ናት	neutral
ጅቡቲን ሊያስገዛ በሚችል የገንዘብ መጠን Financial & HR system ገዝተው እዳ ህዝቡን እያሸከሙት ነው። ቀደም ሲል ያሸናፊውን ድርጅት ውድቅ ተደርጎ ማለቴ ነው።	neutral
ሲሉህ እሰማለሁ...ብዙዎች ሲበሉህ አያለሁ...ከዛሬ በኋላ ስምህ fried bread ይሆናል..  ስምህ ማነው?  ጮርናቄ	neutral
OFC እያደረገው ያለው ህዝባዊ ውይይት የሚያስደስት ነው ። እዚ ፊንፊኔ ያላቹ ነገ በሚሊንየም አዳራሽ  “Barii Finfinnee” በሚል ርዕስ በተዘጋጀው ህዝባዊ ውይይት ላይ እንገናኝ ።	neutral
በ30 ሺህ 300 ካሬ ላይ የአድዋ ፓርክን እንዲሰራ የ4.6 ቢሊየን ብር ውል የወሰደው የቻይናው ጂያንግሱም ያለ ጨረታና ያለ ግልጽነት ያገኘው ውል ነው።	neutral
ይህን አውሮፕላን በመገልበጥ ላይ ልናሆይ ዜጊ ምጅረ ምጣበ ትፊበ ያዚከ ናእ እነሱን ያቅርቡ. እደውልበታለሁ ልላችይ ንሆሊ ሚራገስአ ሱእ ትባልናም	neutral
ፌክ አካውንት አለሽ ማለት ነው?	neutral
እባክህ ምን እንደሚያስቅህ ትነግረኝ ቤተማርያም?	neutral
ታድያ liberal ስንል፣ ለምሳሌ ምን ድነው ከ libertine የሚለየው እስቲ የሚአቅ ቃለ። እኔ ምፍረአው ቃሉን ደጋግመን ስንሰማው፣ እንለየዋለን ፣ ያደሞ ያወቅነው እዲመሰለን ይሆናል።	neutral
አንድም ጊዜ በማላውቀው ቋንቋ SMS ገብቶልኝ አያውቅም ነበር! ብጥብጥ አደረገኝ ኧረ ምን ይሻላል? ቋንቋ ሳልማር...? የቴሌ ነገር ይገርማል!	neutral
እኔ እየደነቀኝ ያለው ይሄ ሁሉ ህዝብ የኔን መሰደብ አስመልክቶ ላይክ የሚያደርገው ነገር ብቻ ነው	neutral
Ethiopia በአርማጭሆ ሕጻናትን እና ሾፌሮችን በማገትና ገንዘብ በመጠየቅ ሠላም በማደፍረስ ሲንቀሳቀሱ የነበሩ ወደ 50 ግለሰቦች በቁጥጥር ስር ዋሉ	neutral
ወሳኝ ኦሮሞ ናቸው፣ ምንም ጥያቄ የለውም።	neutral
ምን ትላለህ፡ ሁሉም ታዋቂ ኣዳራሾች፡ መኖሪያ ቤቶች፡ ጽፈትቤቶች፡ ድልድዮች፡ ፎቆች፡ ቤተክርስትያኖችና ሃውልቶች በሙሉ በውጭ ኣገር ሰዎች ነው የተሰሩት። ስለዚህ የ…	neutral
YEEEEEEEEeeeeeesssSSSSSSS!!!✊?? እናቴ ጫት መጋጥ ነው የምትለው?????? ከብትነት ምንም አይጠቅምህም ጎበዝ!!	neutral
መርከብና አውሮፕላን  በሚሰርቁ ሰፈር ይህ ምስኪን መገኘቱ .....ያው ተስፋ አንቁረጥ ለማለት ነው!	neutral
እሳት ውስጥ የገባ ጎማ ሆነ እኮ????????...	neutral
የጅዋር ታሪክ እያበቃለት ነው በተለይ ከህውሃት ጋር የገባው ጋብቻ ግልጽ ሲወጣ እና የተቀላቀለው መድረክ ያባረረው ለት የኦሮሞ ሕዝብም የገንዘብ እና የእውቅና ጥማቱን የነቃበት ወቅት ላይ ነን።	neutral
ዑስታዝ_አቡበከር_አህመድ እንዲህ ብሎ ነበር ➡  ካደረጉት ክፋት የበለጠ የሚያመው የንቀታቸው ብዛት የፈፀሙትን ጥፋት ራሳቸው ሙስሊሞች ናቸው የፈፀሙት ማለታቸው ነው   እውነት ነው ያማል! ??????	neutral
አንች ልጅ... you are always speaking ma mind... ጭንቅላቱን(የእኔን) እያነበብሽ ፃፊ የተባልሽ እኮ ነው የምትመስይው... ምን ጉድ ነው! ለማንኛዉም Danke ብያለሁ	neutral
እኔ ማን እንደሆን አላውቅም	neutral
አንዳንዴ ይህ ነገር እኮ እንደው ሽንትም ሲመጣ ብድግ ይላል አሉ....?????♂️?????♂️???????????♂️?????♂️?????♂️?????♂️	neutral
የባህል ምን? የባህል ምግብ? የባህል አልባሳት? የባህል መገልገያ ዕቃዎች?	neutral
የመጀመሪያው ገዢ ነው የምሆነው! ??	neutral
እና ምን ለማለት ነው?   ሆድ ልታባባ!	neutral
ምን አልኩ???? ዝም	neutral
እና ነገ ቅዳሜ ሊሆንልሽ ነዋ	neutral
በቃ የገና ሳምንት የልደት ቀን ሲመጣ ብለን እንዘምራለን- ከዚያ it’s all up to you	neutral
አቋም: ህወሀት አሀዳዊዉን ብልፅግናን አይቀላቀልም:: ለህብረብሄራዊ ፌደራሊቶቹ የፖለቲካ ካምፕ አንድ ግብአት ይመስለኛል::	neutral
እስከ ህልፈታቸው ቀን ግንቦት 14/1980 ዓ/ም ድረስ የዝነኛው 102ኛው አየር ወለድ ክ/ጦር ዋና አዛዥ  በኤርትራ በረሃ በማዕሚዶ ጦርነት ላይ በመጨረሻዋ ደቂቃ እራሳቸውን ለሀገራቸ…	neutral
መጨረሻም ወ Mal Fakaata?  ብሎ ሲጠይቅ ተማሪዎቹ እርስ በእርስ ተያዩና ወደ ሁዋላ ዞርው ሱሪያቸውን ዝቅ አድርገው አሳዩ!	neutral
የ28 ቀበሌ ልጆችን እየጠራብሽ ነው ሚዩት ም	neutral
ስድብ ብቻ ስለሆንክ እኔ ጨርሻለው፡፡ አንተ በደንብ ልኬን ምትነግረኝ ነገር ካለህ መቀጠል ትችላለ፡፡ ቻው	neutral
በገና በዓል ገበያ የአቅርቦት ችግር   አለመኖሩን ሸማቾች ገለፁ-----ኢቲቪ መኖሩን ሸማቾች ገለፁ--------ዋልታ  ማንን እንመን? እኔ ግን ለዛሬ ዋልታን አምኛለው	neutral
የጆሲ ሾው ግን የመዝናኛ ፕሮግራም ተብሎ መጠራት አለበት ወገን?	neutral
ፌስቡኩ ሁላ ምርጫ ቅስቀሳ ሸተተሳ ይጀመር እንዴ?	neutral
የፈጠራ ባለሙያዎች ማህበር ህጋዊ እውቅናን በማግኘት ተመስርቷል!  ማህበሩ ታህሳስ 12 በሲቪል ማህበራት ኤጄንሲ ተመዝግቦ በሀገር አቀፍ ደረጃ በፈጠራ ዘርፍ እንዲቀሳቀስ እውቅና ማግ…	neutral
በጣም ምትደነቅ የአድስ አበባ ከተማ ከንትባ ነህ ኢንጂነር ታከለ በዝህ አሥደሣች በሆነዉ ሥራህ ይህ ሕዝብ ማገገልህን ቀጥል እኔ በራሴ በጣም አደቅሃለዉ የክብር ምሥጋናየ ይድሬስህ ደህና ሁንልን	neutral
ዛሬ በድንምብ እንደታየው ኦሮሞ እንደዚ በኢትዮጵያ ንግሰነግስቶች ጋር ለረጀም ዜዜ ከሰራ፣ ለምን ድነው ኢቶጵጵያ ዛሬ በዘር የተከፋፈለችው።	neutral
ቆይ ከፊት ምን አይቶ ነው አረግ	neutral
“ጌታቸው አሰፋ የዜጎችን ኢ-ሰብአዊ አያያዝ ሲቃወም፤ የሚያደናቅፉት እነ ደመቀ ነበሩ። - አቶ አስመላሽ ወስላሴ  (የአይጥ ምስክር )	neutral
እውነተኛ መሆኑን ነዋ?! እመብርሀንም ብትሆን የውሸት ዜናን ማጋራት የምትወደው አይመስለኝም ??	neutral
??... አቅምን አውቆ መኖር ጥሩ ነው እናቴ::	neutral
wow!! በዚሁ መሰረት የአማራ ሕዝብ ቁጥር 2 ወይም 3ሚልዮን ነዉ ማለት ነው.	neutral
ህወሀት አባታዊ ትግስቷን እየተወጣች ትገኛለች። የህወሀት ትግስት አለማድነቅ አይቻልም  (ዲማ ነገዎ) (የሰሞኑ የአላማጣ ከተማ ሁኔታ የTPLF ትዕግስት ማሳያ ነው Tariku Solome Rebso)	neutral
??????ሃሃ እኔም እንደዛው ጎንደር አርፈው ወደ ራስ ደጀን ሲሄዱ ትልቁ ሰይጣን ትልቅ ተራራ ስር ነው ብለን እናስብ ነበር???♂️ አይ ልጅነት እና ጅልነት	neutral
እኔ ማን ነበርኩ የሚል ማንም አልነበረም ፅምድ ሽሳፍየ አንድ ቅርጽ በረዶ ውስጥ ይታያል ልያታይ ክልመ ፍሃሾማ	neutral
እንኳን. ለጌታችን. ለመዳኒታችን. እየሱስ ክርስቶስ  የልደት.  ቀን  አደረሳችው	neutral
ወጣቱን ደጋሚ ሊማግደው ነው ብር አምጡ ነጋ ክክክ ወጣቱ ከእስክንድር ጋር ነው	neutral
Haha ከብቶ ለመረዳት በደንብ አባምጪ ወደድኩሽ ላለሽ ሁሉ መቼም በርሽን አትፍችም አደል? ምኔን ብለሽ መጠየቁን አደራ እንዳትረሽዉ	neutral
የሰዎች አዘዋዋሪዎች በሱዳን መጋዘኖች ዘግተውባቸው የነበሩ 102 ሰዎች መመለሱን በኻርቱም የኢትዮጵያ ኤምባሲ አስታወቀ። ኢትዮጵያውያኑ ወደ መካከለኛው ምሥራቅ አገራት በሕገ-ወጥ የሰዎ…	neutral
ማን ፊት ምን ማለት እንዳለብኝ በዝግ ከራሴጋ ስብሰባ እቀመጣለሁ ??	neutral
ትናንት ያወጣችሁትን የአቋም መግለጫ በአማርኛ አላየነውም ነበር …….ለካ ከመግለጫው አንዱ ህወሃት ስሟን  ጀዋር ብላ መቀየሯ ነው፡፡ ??????ቀስ እያልሽ ሌላውንም ተርጎሚልን	neutral
ለሪፐብሊኳም ዕውቅና ተነፈጋት? ወገኛ ቀበሮ ሙክት ታበራለች አሉ።	neutral
እልህ ______ ያስውጣል? ለሚለው ጥያቄ ትክክለኛው ምላሽ፥ ሀ.ቢላ ለ.ዱላ ሐ.ምላስ መ. ፓርቲ??	neutral
ሲሰራ ጀምሮ IG ላይ እየተከታተልኩ ነበር ፣ እድል ገጥሞኝ ባለፈው ሰሞን ነው ያየሁት	neutral
Word ????  ፩) በላህ?  ፪) በቤትህ ሞቀህ?  በቃ የሰው ፍላጎት ቀላል ነበር ሲጀመርሳ  ምን ዝውርውር ቅብዥብዥ ወደ ቀልብ የሚቀልበን  እንዲህ እስከሚታጣ?	neutral
ሸዋርቢት ደብረ ገነት ቅድስት ማርያም ቤተክርስቲያን! ⛪????❤	neutral
በደረትዎ ላይ ያ ምንድን ነው? ይህን ያህል መጥፎ የሆነው ለምንድን ነው? በልብዎ ውስጥ ቀዳዳ በመቆፈር ሰይጣን ነው ፡፡ ሁሉም ሰው ይጠቁማል እና ይስቃል። አንጨነቅም ፡፡ ሃሃሃሃ	neutral
እንደ ድመት ፕፍፍፍ የምትሉት ነገር አለ ደሞ!	neutral
ወይ በድርድር?! በኣባ ገዳዎች በኣካባቢው ወጣቶች በዛ ብሚንቀሳቀሱ ፀጥታ ሃይሎች በተቀናጀ እንቅስቃሴ..?????♀️	neutral
በጣም ነው ያዘንኩት ፥ ባንቺ መርፌ ለመሰካት ያልፈሩ ባልተማረው ላይ ምን እንደሚሰኩ ፈጣሪ ይወቅ :-)	neutral
አቦ ተፋታን ራስህን ብቻ እንደ ብልጥ  አትይ ተነቅቶብሃል okay እዛዉ ቧ እያልክ ትቀራታለህ ጠብቅ	neutral
ዳኒ ቦይ!  እስቲ የትግራይ ፍርድ ቤት ፕረዚደንት፥ ፖሊስ አዛዥ፡ እንዲሁም የትግራይ የሃይማኖት መሪዎች ለምን ከህወሃት አባልነት ነጻ እንዲሆኑ አልተደረገም…	neutral
ውስጥ የሙስሊም ምግብ ቤት መብዛት; ማርካቶ ላይ የስልጤናጉራጌ ሱቆች መብዛት; ቤተ ክርስትያን ውስጥ በኦሮምኛ መቀደስ አክራሪነት ነው የሚል…	neutral
ጋይስ ከክትክታ ወደ እስክስታ ከዚያ ወደ ችፍርግ የተቀየረው አርእስት መስመሩን ሳይስት ወደ ፍትወት ደርሷል ????	neutral
የ2012 ዓ.ም ሀገራዊ ምርጫ ረቂቅ የጊዜ ሰሌዳን በተመለከተ ከባለድርሻ አካላት ጋር ውይይት እየተደረገበት ይገኛል።  የባለድርሻ አካላት አስተያየትና ግብአት ይሰጡበታል ተብሎ እንደሚ…	neutral
ኡፋ ነው ኤጭ እያለች የዘፈነችው ዘፈን ሰዉ ሲቀባበለው ነበር	neutral
;;በሠሞኑ የአማራ ክልል ሠለፍ የታየው ሥረአት ያለ የክልሉ ወጣት መፈጠሩን -እንኮን የአገር ሀብትና ህይወት እያጠፉ ሰልፍ ሊያደርጉ ፤  አበባ ሣይረግጡ ፣ቅጠል ሣይበጥሱ መልእክት የ…	neutral
ስንቱ በዳሃ እንባ ስንቱ በዳሃ ደም ሰርክ እየታጠበ: ለፍርድ ይቅረብ ያልነው ለምርጫ ቀረበ::  በላይ በቀለ ወያ	neutral
ኧረ በገላጋይ እናንተ ሰወች፣ እንዴ?!? ሽማግሌም አትፈሩ? በሉ፣ አንቺም ተይ አንተም ተው??	neutral
መሪን በጥረቱ መመዘን ድንቅ ቸርነት ነው ለፖለቲካዊ መሪዎች አይሆንም እንጂ::	neutral
2)የሠወች ሠም ከቀደምት ነዋሪወችንን እና ከሌላው የሠሚን ደጋማ ቦታ ጋር ያለው የሠወች የሥም አወጣጥ ጋር ቁርኝት በግልፅ የቦታውን ባለቤትነት ይናገራል በሠው ሥም አወጣጥ ከትግራይ…	neutral
አሁን ስልጣን ላይ ያሉትን ያመጣቸው የህዝብ ብሶት እንደሆነ ዘንግተውታል ግድ የለም ተገፋ ከፍታህ ላይ ሊያወጡህ ስለሆነ በርታ እውነት ያሸንፋል።   ድል ለዴሞክራሲ	neutral
አገሩን ይወዳል satelliteኧን ፕሮፋይል ፒክቸር እንዳረገ ሰው ግን ማንም አይሆንም???? ; አብረን እንተኮስ አላቹሳ	neutral
አበባም ይሁን በየትኛውም የኢትዮጵያ ከተሞች የሚመረጠው መንግስት የሚተዳደረው ሕዝብ በከፈለው ግብር ከሆነ ሁሉም በዛ ቦታ ላይ ግብር የከፈለ ሰው በዛ መንግሥት ላይ ኃላፊነት [እና የ…	neutral
የንብዮዮቹ ቃል በሬት ስር ባቡር እና በኮንዶሚየም ግድዳ ላይ ተጽፈዋል - ፓኡል ሳይሞን ፣ የጸጣ ድምጽ	neutral
ወንድሙን ሲገድሉት፣ ወንድሙ ካልከፋው ደጁ ላይ ቅበረው፣ ደሙ እንዲከረፋው።   ሥነቃል	neutral
ልደት የሚከበረው በታኅሣሥ 29 በሠግር ዓመት ግን በታኅሣሥ 28 ስለሆነ ዘንድሮ የሚከበረው በታኅሣሥ 28 ቀን ነው። ልደት በታኅሣሥ 28 የሚውለው ግን በዘመነ ዮሐንስ…	neutral
ሰብዓዊ መብቶች ኮሚሽነር ዳንኤል በቀለ የጥላቻ ንግግር ረቂቅ ሕግ ስብዓዊ መብቶችን አደጋ ላይ ከመጣል አንጻር ስላላቸው ሥጋት የሠጡት አስተያየት!	neutral
የኤፈርትንም ይጨምራል?	neutral
አዎ ልክ እንደወያኔ ዘመን እኮ ሆነ ?????♂️	neutral
እርሱ የጫት ዓይነት ነው ገለምሶ ፣ አወዳይ...እንደሚባለው ??	neutral
የሮሜ መልዕክት ጥናት 4ኛ ሣምንት ክፍል 10  የሮሜ መልዕክት ጥናት...	neutral
ይልቁንስ.....ግድባችን ሲያልቅ የሚይዘው የውሀ መጠን ከጣና ሐይቅ በ4 እጥፍ እንደሚበልጥ፣ የእንግሊዟን ለንደን ደሞ ዋጥ ስልቅጥ እንደሚያደርግ ሰማችሁ፣ ኣ? እስቲ ጥሩ ጥሩ የአሳ…	neutral
አይጠፋም ??  Most anticipated ብሎ ማለት ግን ንጥት ያለ ነጫጭባ ውሸት ነው:)	neutral
ሃሃ ለኮስኩኮ...አይኔ ነው? ሁሌ እንዲ ነው? ወይስ ኢንስታ ላይ እንደከየፈችው በዛው ቀርቶ ነው... ሺ ሚሊዮን (ቢሊዮን) questions ኢን ማይ ማይንድ  ??	neutral
አብራው ሆስት የምታደርገውን ግን አይተሽልኛል? ??	neutral
እኔ ያንተ እውነት ና ቀልድ ይምታታብኛል hope u ok  ??	neutral
: አሁን ላይ ከዳር ቆመን የምናይበት ጊዜ አይደለም ፡፡ከዳር ቆሞ ማየት መብትን አሳልፎ መስጠት ነው ፡፡ የኢዜማ መሪ  ብርሃኑ ነጋ (ፕሮፌሰር) ዛሬ እሁድ በነጋ ቦንገር…	neutral
የልደት ዳቦ ነው ????	neutral
[FULL DEBATE] በመጨረሻም ቄሶቹ እስልምናን የተቀበሉበት ምርጥ ሙሉ ዉይይት	neutral
የሰይፉ ዋነኛ ሥራ ማዝናናት ነው- በጎ አድራጎት ድርጅት አይደለም የሚመራው። በግሉ ከማንም ዜጋ ያለነሰ እያደረገ ነው። አብይ “ማሳቅን” አቅልሎ ያየበት አይን ግን የንቀት ያስመስልበታል	neutral
የማርቆስ ወንጌል ምዕራፍ 16: 15 - 16 ---------- እንዲህም አላቸው። ወደ ዓለም ሁሉ ሂዱ ወንጌልንም ለፍጥረት ሁሉ ስበኩ። ያመነ የተጠመቀም ይድናል፥ ያላመነ ግን ይፈረድበታል።	neutral
ዜና: አብይ አህመድ ኢኳቶሪያል ጊኒ ሲገቡ በኢትዮጵያውያን አቀባበል ተደረገላቸው   እናቴ: እንደው ፈርዶብን ዟሪዎች ነን የማንገባበት አገር የለም!!   እውነት አናሳዝንም ግን? ያልተሰደድንበት አገርስ የት ይሆን? ??	neutral
ሰዉ አሳቻ መንገድ ለይ ጠብቆ ማጅራት ይመታል። እኔ አሳቻ ቦታ ለይ አግንቼህ እዳዬን ነው ምከፍለው። ምን ለማለት ነው ዛሬ አልያዝኩም ትንሽ ታገሰኝ።	neutral
ባልደራስ ህጋዊ ፓርቲ እንዳይሆን ስብሰባ መከልከል ህጋዊ ተቀባይነት የለውም። ትላንት አመቱን ሙሉ ያለ ህጋዊ ፍቃድ ሲሰበሰቡ ሽፋን ሲሰጣቸው የነበረው መንግስት ዛሬ ወደ ህጋዊ ስርዓት…	neutral
የሻይና ሚዲያ፣ እንደ ባንዲራ ያዥ ለኡነተኛ እና ትክክለኛ ጋዜጠኝነት፣ በቻይና እና ሌሎች አገሮች መረዳዳትን በፈጠር ረገድ አክቲቭ ሚና መጫዎት	neutral
በስመ አብ ወወልድ ወመንፈስ ቅዱስ አሐዱ አምላክ አሜን። እንኳን ለእመቤታችን ቅድስት ባዕታ ማርያም ክብረ በዓል በሰላም አደረሰን። ጸጋን የተመላሽ ሆይ ከቅዱሳን ሁሉ ይልቅ ትለምኝልን…	neutral
እኔ ኮ የሚገረመኝ የአጋሜ እና የሻቢያ ትንቢት ነው በባዶ ሜዳ እድሜ ልካቹሁን ሌብነት ጉራ ጦርነት ባንዳነት በቃ ይሄ ነው መገለጫቹ ?	neutral
ታሪክ የማይረሳው ፎቶ ነው??	neutral
በጣም ጥሩ ግምት! ኮፍያው ከወለቀ በኋላ አዕምሮክ ነፃ ሆኖ እያሰበ ነው። መነፅሩን ስታወልቅ ደሞ የወደፊቱ የሚታይህ ይመስላል።	neutral
Morkata Soressa እንኳን ለአዲሱ አመት አደረሰህ። በመጪው ዘመን ጌታ የብሄር ወላዋይነትህን ይንቀልልህ??።	neutral
አንድ ሀገር አንድ የመከላከያ ሰራዊት!	neutral
የሠው ግንዛቤ እንደአቅማችን የተለያዬ ነው	neutral
ከብዙ ግርግር አባይ ከዋለብት እውነት ከሚመስል አሳች ከበዛበት ዘንድሮም ጉዳዪ ከእውነት ጋር ብቻ እውነትና እውነት ከራሱ ጋር ብቻ...	neutral
ጥግ የያዘ ወሬ፣ቃላት ለምን እንደምንወድ አላውቅም ። ህልውና ፣እጣፈንታ ፣ምናምን ፡ የአሜሪካ ህልውና እራሱ በራሷ ላይ ብቻ ላይመሰረት ይችላል ። we are in the same solar system ok?	neutral
ገንፎ ቅንጬ ክትፎ አፈሉ basta spaghetti eyebelu አፈሉ አፈሉ ??????????????  ከቡናሽ ቀድሞ ደሜ ፈላ ያለው ነው መሰለኝ ?????♀️?????♀️????????	neutral
?????? ትላንት የት ሄደሽ/ህ ነው በፆታሽ/ህ ጉዳይ ቀውጢ አምባጓሮ ተፈጥሮ ነበር	neutral
ክልሉ እርምጃ የሚወስደው ግን ሙስሊሙ ላይ ነው፤  ?? የሰጠው ሰበብ «መጅሊሱን ለማፍረስ የጣሩት ናቸው» የሚል ነው፤ .  ?? ከዚያ በጥቆማ የፈለጉትን ማሰርና ማጥቃት ይጀምራሉ፤ ??	neutral
ፖለቲከኛው በሙሉ በስብሰባና በገቢ ማሰባሰቢያ ሲወጠር ሃገሪቱ ሰላም የምትሆን ከሆነ፤ ለምን አበል እየቆረጥንላቸው ትንሽ ግዜ ሰላም አይሰጡንም።???♂️  Picture ©…	neutral
አዲስ ማለዳ አሪፍ ሀተታ ሰርታለች። ሊነበብ የሚገባ ነው። ይሄ artistic illustration ግን ከጽሁፉ ጋር ይሄዳል? በሀተታው የተገለጹት ነበያት በዚህ ይወከላሉ?…	neutral
የራሳችሁንም እጣ ፈንታ አልያዛችሁም እንኳን የኛን። ኢትዮጵያ ብትፈርስ ወይ Civil war ብትገባ ግን በርግጥ ሙሉ ሀላፊነት የናንተ እብሪት እና ጥጋብ ነው። እናንተን የምናኖር መሰላችሁ ቆሻሻ ጥጋበኞች።	neutral
ብዙም በጁዋር መሀመድ የማታምኑትና የምትቀኑ የ የኦሮሞ ልጆች አንድ ቁርጥ የለ መልዕክት ልንገራችሁ ጁዋር ያለበት ቦታ ላይ ሽንፈት የለም ልጁ የተገባር ሰው ነው ፈጣሪ ካለ የወደፊት ምርጫ አሸናፊ ነው።	neutral
አሁንም የእርስዎ ክፍል ነው፣ ግላዊነቶቻችሁን እየወረወርኩ እንደሆንኩ ይሰማኛል፡፡	neutral
እኔ ማን ነበርኩ የሚል ማንም አልነበረም ምረበነልአ ምንማ ልሚየ ኩርበነ ንማ ኔእ እና ከዚያ በፊት በጣም ረጅም ጊዜ ይሆናል ውወተ	neutral
ግድብ ውዝግብ በተካረረበት በዚህ ወቅት ዩናይትድ ስቴትስ ሀገራቱን ለማስማማት አዲስ የስምምነት ስነድ ለማቅረብ ፍላጎት እንዳላት ዋዜማ ያገኘችው መረጃ ያመለክታል። ዝርዝሩን ያንብቡት--…	neutral
እሱም አንድ ዋና ጉዳይ ነው ግን ጦርመሳሪያ ታጥቀው እንዲገቡ መፈቀዱ አጠያያቂ አይደለም።	neutral
የብልጽግና ፓርቲ ከኢዜማ ጋር መደራደር ጀምሯል፤ በሚል በማህበራዊ ትስስር ገጾች ላይ እየተሰራጨ ያለው መረጀ የተሳሳተ ነው። --- EPRDF official  31	neutral
በሃበሻ ሂስ ትስማማለህ/ሚያለሽ?????    ??????   የሃበሻ ሂስ አባቴ እራሱ ካለበት ሙድ ጋ ብቻ የተያያዘ ነው ሁሌ እንጂ  ከጉዳዩ ጋር ተገናኝቶ አያቅም።   ብሎ እርፍ    ??????	neutral
ምን እንደነገራችሁ ማወቅ ነበረብን ውነድንም ጃምርእ ዩጣቀ ዎድቅዕ ደንእ ፕላኖቻችን አስፈላጊ ናቸው ኝሩገን ኔባ ለስ	neutral
የ አንድ የሰንበት ትምህርት ቤት ፌስ ቡክ ገጽ ያውም የዛ አካል ህጋዊ የ ፌስ ቡክ ገጽይሁን አይሁንየማይታወቅ ነገር ይዘህ በደፈናውኦር…	neutral
ደብረ ጽዮን ቅድስት ድንግል ማርያም ገዳም⛪♥   አርባምንጭ ????❤	neutral
ለቤት ተቆራጭ ብዙ ታማኝነት ነው ልጣመይ ላኋበ ስለ ባኔ ንገሩኝ ፅርቅ ፍወ ትሊሌየ	neutral
ሣምንታዊ የስፖርት ዘገባ 20 04 2012	neutral
ድህረ_ምርጫ_የትንኮሳ_ቁ_2 ~~~~~~~~~~~~~ ወጣቶች ካሁን በኋላ ድምፃቹን እንጂ፣ ለማንም ቢሆን ህይወታቸውን እንዳትሰጡ ጠ/ሚ ዐቢይ አሕመድ  Waa malee manni hin aaru! 1/2	neutral
አስማ ግዮርጊስ እና ስራው፡ የጋላ ታሪክ እና የሳዋ ነግስታት።	neutral
የኢፌዴሪ መከላከያ ሚኒስቴር ለአክቲቪስት የሚሆን በጣም ጥሩ የWiFi Connection እንደሚኖረው እንጠብቃለን ??	neutral
ከነ ድንኳኑ ነዋ ለዛውም ???♂️?????? የሠርግ ይሁን የለቅሶ እሱ ይወቀው	neutral
ይህ ፓርቲ ከእነ ጃዋር (ፌደራሊስቶች) ጋር በጋራ ይሰራል ተብሎ ይጠበቃል። የሲዳማ ብልጽግና ባለስልጣናት ባደራጁትና ባስታጠቁት ኢጀቶ ሲደበደቡ ማዬት ያጓጓል ??	neutral
ባለቤቴ ጋር በፆሙ እለት እበላለሁ አትበላም  ገጥመናል።	neutral
የዓድዋ ድል በዓል ሲመጣ በዓመቱ እረበሽ ጀመረ ቀርቶብኝ ትምክህቱ  አላመጣው ነገር ሶሎዳን ተራራ ታሪክ ብሎ ዘራፍ አሁን የለም ጉራ  በጥላቻ ሲገፋ ተጋሩ ነፃ ሆነ ይዟል ሀገሩ አይሻለሁ በቴሌቪዥን ያለ ታሪክ ኣስቀርተሺኝ	neutral
በሰረገላ እነዚያም በፈረስ ይታመናሉ        እኛ ግን በአምላካችን  በእግዚአብሔር ስም ከፍ ከፍ እንላለን።”       /መዝ ፳:፯/    መልካም ቅዳሚት ሰንበት♥      ኢትዮጵ…	neutral
ጎበዝ የህወሃትን ሙሉ መግለጫ አማርኛውን ያለው ሰው እስቲ ጀባ በሉኝ	neutral
እሁድ ነሀሴ 10/2012 ምርጫዉን በማስመልከት ዝናብ እንማይዘንብ ታዉቋል-ሜትሮሎጂ ለምረጫዉ በቂ ጃኬትና ጥላ አዘጋጅቻለሁ -ምርጫ ቦርድ	neutral
ጥሩ ሰው ሁን!!  ?? ጥሩ ሰው ለመሆን እንዴት ህግ ያስገድደኛል ይላል ሰው?   ?? ምግባርና ጨዋነት እንዴት በህግ ይደነገጋል?   አብዱ አሊ ሒጅራ ከመዓዛ ብሩ ጋር	neutral
100% ያላቸውን እየሰጡ፣ ዘዎር ብሎ የማያያቸውን አመራር ሳይ ግን አዝናለሁ። I swear	neutral
እንኳን ወደ ሰፊው እስር ቤት በሰላም መጣን ነው ያለው እስክንድር ሲለቀቅ ።	neutral
ዎረስት ፓርቱ እሱ አይደል ታዲያ??? ዩ አርኖት ሰፖዝድ ቱ ሪመምበር እኮ ??????	neutral
ቴዲ አፍሮ  በመስቀል አደባባይ የሙዚቃ ኮንሰርት ሊያቀርብ ነው።	neutral
Twos company. ምቾትን ያላማከለ እውነታ?  ለኛ መካከለኛ ቅርበት ያለው ጓደኛችንን እስኪ ስትገናኙ ሰብሰብ ስትሉ ደውሉልኝ ምንለው፥ እስኪ ተደራጅታቱ እንድ ሰው ሙሉ (1…	neutral
በአማራ ሥም የሚደረግ ጨዋታ  ዶ/ ር አቢይን ለመቃወም ሕወሓትን መደገፍ  ምን ዓይነት የአማራ ትግል ነው?	neutral
ወዶ ነው ሚመልሰው ???? መንግስት ጆሮ ግንዱን ይዞ ነው ሚቀበለው ሆሆሆሆ????????	neutral
እውነት ከሆነ ለምን በአንድ ሚዲያ እንኳን አልሳዩንም???	neutral
????????   በአማራ ደም  ለመቀለድ የአጋርነት ፍቃድ አገኘ ተብሎ ይነበብ	neutral
የሷ ሰዓረ ስለተገደለባት እየሰጠችው ያለው ምላሽ የሚያስቀና ነው። Go Iran Go	neutral
ምንድን ነው እሺ አሁን እሄ?       አዪዪዪ	neutral
እሱን አላውቅም!ብዙ ሰዎች ከተረባረቡበት Ok. ለምንም ስራ ይመቻል የሚለው ግን በጣም ከባድ ነው	neutral
የቼልሲ ደጋፊዎች ስለ ሳንኮን ማውራት ቢዘጋ መልካም ነበር። ተፎካካሪ ዶርትመንድ ተጫዋች ግን እርስዎ የአንጎል የሞቱት መንትዮች አናጢውን ለማበላሸት ወደ ቼሊየር ለመሄድ ለማመን ያሰቧቸዋል	neutral
ተወው ይአ ይአ ይአ ምለደይአ አንድ ቅርጽ በረዶ ውስጥ ይታያል ልሳነይ ትሳእ ዎአ	neutral
ከ4.1 ቢሊዮን ብር በላይ ዋጋ ያላቸውን አክሲዮኖች የገዙ ባለአክሲዮኖች ቁጥርም ከ70 ሺህ በላይ ደርሷል።	neutral
እኔ እኮ አይደለሁም ሃኒቾ ከላይ እየጠየቀች ነው ??	neutral
???????? እውነት ይሄ መልስ ገዳይ ነው	neutral
ኢየሱስ ክርስቶስ እንኳን አስፈላጊ ሆኖ ሲገኝ በትር አንስቷል! ??	neutral
ዲናዬ  ያዉ አዲስ ፍቅር እኮ በጣም አስቸጋሪ ነዉ። ??	neutral
ፍርድቤትን የማያከብሩ ከህግበላይ ነን እያሉ ንብረት ከኦረሚያ የምርምርሰወች እየነጠቁ ምንታመጣላችሁ ይላሉ ።ከህግበላይ ከሆኑ ለማን አቤትእነበል	neutral
ከባህር ዛፍ በፊት ስላለው ነገር ፤ እርሱማ የትናንት ነው |መቶ ምናምን ዕድሜ| ??	neutral
ኢዜማዎች የእስክንድር የመሰብሰብ መብት በገዥ ቡድን መከልከል እንዲህ ሊያስፈነድቃችሁ ባልተገባ ነበር  ምንም ዛሬ የመንግስት ወዳጅ ፓርቲ (በቀድሞው አጠራር አጋር ፓርቲ) ብትሆንም…	neutral
ይህንን ያላገኙ ብዙ ስዎች አሉና ከልብዎት ከሆነ ይቅር ይበልዎት ግን እንኮን አደረስዎት ሳልል አላልፍም	neutral
Lol እኔ የማውቀው መሃል አዲስ አበባ ተወልጄ ማደጌን ነው! ነገር ግን ከነጮቹ Snow የሸዋ ገበሬ የእህል ማሳ እና የአደይ አበባ ውበት ይቀርበኛል ብዬ አስባለሁ።	neutral
ሌሎች ክልሎች በተወዳዳሪነት የሚያድጉበት መልካም እድል ሊሆን ይችላል	neutral
ባለ ተራ እና አምባገነኖች ሁሌም ኮሽ ባለ ቁጥር ይደነብራሉ እውነት ሁሌም ታሸንፋለች!! ድል ለዲሞክራሲ!!!	neutral
የአባቶቻችን ታሪክ እንደግማለን ያልከው ልጅ ... እንዴት ነህ ደህና ነህ ??	neutral
እና ሚስጥርህን መናገሩ ጥሩ ነው??????	neutral
ጥር 21፣ 2012/ “ዱካ ሁሉ” የተባለ የተሳፋሪ፣ የአሽከርካሪና የመኪና ደህንነት መጠበቂያ መሳሪያ በራይድ መኪኖች ላይ ይፋ ሊደረግ ነው	neutral
እና ደህንነት ናቸው?	neutral
ኧረ አንተ ምን አድርገህ ካስሽ ሊቆሰቁሰው ነበር አልተሳካለትም	neutral
እኔ የሚገርኝ ነገር ብኖር ፖለቲካን ለማራመድ ቤተ እምነት ማቃጠል ለምን አስፈለገ? እኛ የሚናቀው ፖለቲካን የሚያራምዱ የተማረ ሰው ነበር፡፡ እንኳን የተማረ ሰው ያልተማረ ራሱ ቤተ እ…	neutral
በምስሉ ላይ እንደሚታየው በአሁን ሰአት አንዳንድ አየር መንገዶች መስመራቸውን እየቀየሩ እና የኢራቅ እና ኢራን የአየር ክልልን በመተው ወደ ሌላ አቅጣጫ እያመሩ ነው።	neutral
አማን ነፍሴ። ነፍሱን ይማረውና በጣም ከዚህ በላይ ተንኮል ይፈጥር ነበረ። በጣም ነበር የምንቀራረበው። ቻርሊ ቻፕሊ	neutral
አብሽር ቮድካውን ዋዜማ ከመግባቱ በፊት እናደርሳለን ??	neutral
ንግስተ ነገስት ጣይቱም ጭምር የጁ መሆኗ ይካዳል ወይ?	neutral
ለዘላለም ተኛ	neutral
እኔ ምለው ትክክለኞቹን Massage ቤቶች የት ነው ሚገኙት? እንዴትስ መለየት ይቻላል? for real back pain?! ብርድ ሳይመታኝ አልቀረም! ግን ጎረምሳም እንዲያሸኝ አልፈልግም!	neutral
...ቃል እግዚአብሔር፡ ነበረ፤             ዮሐ ወንጌል ፩:፩     ቃል ሥጋ ሆነ!  ጸጋንና እውነትንም ተመልቶ በእኛ አደረ!        ዮሐ ወንጌል ፩:፲፬	neutral
???????♂️ ማን ነው እሱ ይሄ ይውጣ ይሄ ይግባ የሚል ነጭ አብሲት?! ስም ማጥፋት(defamation) ወንጀል ነው! ወንጀል ደሞ ያስከስሳል ያስቀጣልም!	neutral
sent me this and I found it hilarious... ??????   “ሀበሻ ማለት ሊማር የመጣ ወንድሙን ከፎቅ ላይ ወርውሮ እየጣለ ለአውስትራሊያ ካንጋሮ የሚያዝንና ፀሎ…	neutral
ቡዜ እየባከነ ያለ ሌላው የትውልድ ምርጥ ድምፅ ነው።  ተረጋጋሽ ወይ . . ኩኩዬ . . አሁን ደግሞ ፀሀይቱ! ዛሬ ቁጭ አድርጋ ልታሳድረኝ ነው።	neutral
አረ ውሸት በቃን ሌላው ቢቀር እውነት አውሩ	neutral
የኢትዮጵያ ሴቶች ከፍተኛ ሊግ የሁለተኛ ሳምንት ውጤቶች እና ቀጣይ ጨዋታዎች ሊንኩን ተጭነው ይመልከቱ	neutral
???? .... ከሆነ ብዬ ነው እኮ	neutral
እነዚ ችግሮች አንድ ቀን ምስኪኑ ገበሬው በቀጥታ ምርቱን ወደከተማ አስገብቶ እንዲሸጥ እድል እንዲከፍት ምኞቴ ነው።	neutral
እንግዲህ ከጠ/ሚነት የበለጠ ስልጣን ስለሌለ ፣ኃላፊነት ላይ ያሉት እሱ የሾማቸው ስለሆኑ ምንም ማድረግ ካልቻለ ከኃይለማርያም ደሳለኝ በምን ተሻለ?	neutral
ላለመድገም እንዲረዳን ብታስታውሰኝ ጥሩ ነበር።	neutral
ዛሬ ከረፋዱ 4:00 - 5:00 ሰዓት ሰፊ ዘመቻ እናደርጋለን።   አጀንዳዎች:- ?? የቀሩት 6 ተማሪዎች እንዲለቀቁ  ?? መንግስት ግልፅ መረጃ እንዲሰጠን  ?? ስለ ነገው  የኢትዮጵያ ተማ…	neutral
የሚጠሉኝ የገባቸው ናቸው አቶ አብይ  ልክ ኖት ባሻዬ :)	neutral
በፍጥነት ይፈቱ!! ፋኖ እኮ ናቸው!	neutral
ግን ዲሞክራሲያዊም ሆነ ሰብአዊ መብቱ ሲነካ ከሱ ጋር ነኝ!	neutral
ተጨዋች መሃመድ ናስር ጠፍቷል። ወደ ክለቡ ተመልሶ አያውቅም። የት እንደገባም መረጃ የለም። ሀድያ ሆሳና ለኢትዮጵያ እግርኳስ ፌደሬሽን መጥፋቱን አመልክቻለሁ ብሏል።  Source : Soc…	neutral
በነዚህ ዜጎች ላይ እየደረሰ ላለው Harassment  ሃጉለሀሰን (የሃገሬን ጉብል/ሊት  ለሀገሬ ሰው ንቅናቄ ) እጅ የሌለበት መሆኑን ይገልጻል!!!	neutral
የፍሳሽ ድምፅ ኩርበነ ኛደጓ ሱእየ የመጀመሪያውን ለመናገር አውሮፕላኑ ላይ ለመቆየት ይችላል ምኙገላአ ትነይባቀተ ፍገደመበ ታጦስ ንተንአየ ልቭፓ ርተክዶ	neutral
መስጂድ ሕልውናችን || በወቅታዊ ጉዳይ ላይ የተደረገ የጁምዓ ኹጥባ በሸይኽ ሙሐመድ ሓሚዲን|| Khutba by Sheikh Mohammed Hamiddin  (ሊንኩን ይጫኑ)…	neutral
ስለቦነስ የሚወራውም ሆነ የሚማረው በታህሳስ መጨረሻ ሳይሆን በሰኔ መጨረሻ ነው ??ወርሃ ቦነስ?? - የኛን የቦነስ ባለማዕረጎችን ትዝታም ባትቀሰቅስ	neutral
2ኛ ምሉ ስፉህ ነው omni-presenet   እግዚያብሔር ስፍራን ይወስናል እንጂ ስፍራ እግዚያብሔርን አይወስንም። በሁሉ ነገር ውስጥ የሚገኝ ነው።	neutral
That explains ሰሞኑን ለ ሶስት አምፓል 800 የሚቆጥረውን ነገር	neutral
እስካለኝ መረዳት ለፊውዳሉ ስርአት ጥብቅና የሚቆም አላየሁም። አንደማንኛውም ከሀይማኖት የተጋባ መንግሰታዊ ስርአት የሀይማኖትም ይሁን የባህል ወገንተኝነት እንደነበረው መካድ የሚቻል አይመስለኝም።	neutral
አገር ለመመስረት መጀመሪያ በሁለት እግር መቆም የሚያስፈልግ ይመስለኛል እየሆነ ያለው ይሄ ነው ከእዚህ በህዋላ ኢትዮጵያዊነት በተግባር እንጂ በአዝማሪ የምትቆም አይመስለኝም አዎ በተግባር::	neutral
No one:  Habeshas: ጸና ነሽ? እንደምን ነሽ? ሁሉም ሰላም ነው? አንቺስ ደና ነሽ?	neutral
ከንትባችን ላይ ግን አድሎ አያየን ነው...የራሳችን ከተማ እንድናቋቁም እየገፋፉን ያሁነያ	neutral
ምሽት ቤት አካባቢ ብልት ይቀሰራል¡ የተቀሰረ ብልት ደግሞ ምን ያስፈልገዋል¿	neutral
መከልከሉን ልክ ነው ለማለት ሳይሆን ብዙም ተገኝቶ በማያቀው ስታድየም ኳስ ለማየት እንዳልሆነ ግልፅ ይመስለኛል...	neutral
ሁሌ ተዝረክርኬ ስወጣ ነው እንዴ ማፈቅራትን ልጅ ማገኛት ????	neutral
ጠዋት የኢትዮጵያ፣ ግብፅ እና ሱዳን ሚኒስትሮች አዲስ አበባ ላይ በህዳሴ ግድብ ዙርያ መምከር ጀምረዋል!   ኢንጂነር ስለሺ በቀለ የአሁኑ ውይይት በግድቡ አሞላል፣ አጠቃቀም እና ድርቅን የ…	neutral
Lol. የእኔ እህት እንደኛ አንጀትሽን ቢያሳርረው ቁንጅናው ይጠፋሽ ነበር! ?? መልክ ሰላም አይሆን ምን እናርገው...ምፅ!	neutral
Australia በተነሳው ሰደድ እሳት ከ500 ሚሊዮን በላይ እንሰሳት ሞተዋል ። ??	neutral
ብርግነትና አካባቢዋ ላሉ ገጠሮች አንፃራዊ ቅርበት ያለው ትምህርት ቤት መኖሩ ልጆች እለታዊ ኑሮ የሚያታግላቸው ወላጆቻቸውን በእረኝነቱ፣ አጨዳውና ዉሃ መቅዳቱ የሚረዱበት ግዜ እንዲኖራቸ…	neutral
የእስር ቤት ዘበኛነት ከሚያምርበት ሰው ሌላ ምን ለመስማት ይጠበቅይል ?! ለማንኛውም እዚህ ስትዘባርቅ ስራህን አትዘናጋ ...ማነህ ዘበኛ	neutral
የአደዋ ተጋሩዎች ተጠቃሚ ሊሆኑ ይችላሉ ከሌሎቹ! ግን አፈር የበሉት ኦሮሞን፣ ጠባብ ብለው ሢገሉ አማራን ትምክህተኛ ብሎ ሢገሉ አንድም ቀን ትንፍ አላሉም! ጭራሽ ዞረው ጌታቸው አሠፋ ነን ሢሉ ነበር!	neutral
JustAsking  ሐበሻዊቷ ሴት Expensive ይላል የለበሰችው ሹርብ ደረቷ ላይ ያለው ፅሁፍ ይሄ ነገር የሐበሻ ሴቶች በእርግጥ ውድ ቦታ ነው? ??	neutral
ባህል አለም ላይ ሲያሸንፍ፤ ትክክል ነው ብለን የምናስብ፡ የሌሎች ባህል እኛ ጋር መጥቶ ሲያሸንፍ፤ በፍጡም ልክ አይደለም ብለን የምንጮህ!  የወደድከውን ባህልህን አስተዋውቅ፤ ከዛ ታሸንፋለ…	neutral
በችሎቱ ላይ ፖሊስ ከጠየቀው የ14 ቀን የምርመራ ጊዜ ውስጥ፣ ፍርድ ቤቱ የ12 ቀን የጊዜ ቀጠሮ በመፍቀዱ፣ እስከዛው ተጠርጣሪው ማረፊያ ቤት እንዲቆይ መወሰኑን ለማወቅ ተችሏል።	neutral
??????... በቃ ሁለተኛውን ቶሎ ብላችሁ	neutral
መሰለኝ ምን ያረግልኛል ትክክለኛውን መልስ ነው ምፈልገው?	neutral
አሁንም ጥያቄያችንን አንርሳ እኛኑ ወንጅለው ወንጀለኞችን ከእስር እየለቀቁ ነው ::ወንጀለኞች ለፍርድ ይቅረቡ ! በአማራ ክልል መዋቅር ያሉ ወንጀለኞች ለፍርድ ይቅረቡ ! የወደመው የሞጣ ሙስሊሞች ካሳ ይሰጥ !	neutral
ተማሪዎችን መቼ ነው የምትለቃቸዉ?የወለጋ ገበሬንስ መቼ ነዉ ከአሸባሪዎቹ ወንድሞችህ ሰላም የምትሰጣቸው??  ያዉ አሸባሪዎቹ ወንድሞቻችን ናቸዉ ስላልከነዉ ያኔ 85 ንፁሃንን የገደሉ ጊዜ	neutral
የ አዞ እንባ መሆኑ ነው???፡፡ ድንቅ ነው	neutral
እና 105  አመት ትኖራለህ እያልከኝ ነው፡ እሺ ምን አረጋለው ይሁና አንተ ካልክ	neutral
ኦኦ መደመር እና መቀነስ ሚና መቼ ተቀያየሩ! አይነግሩንም እኮ አለ ሸምሱ  ??????	neutral
ድንቄም እውነተኛ ዲሞክራሲ! ለማያቃችሁ ታጠኑ	neutral
ኢንቨስትመንት በተጨባጭ መልኩ ከኦሮሚያ ወደ አጎራባች ክልሎች እየሄዱ ነው	neutral
ወይአልከሰኩች ወይ አልቦለኩሽ ወይ መልሼ አልሰድቡክሽ። ምን ታድርጊ አንቺ፣ ፈንጪ እንጂ ልክ ደካመ የተገኘ ይምስል። እሱ ነው የቢብያበገኝ፣ ደከም ያለ ሰው ላይ እንደዚ እንደምትሆኚ ሳቅ	neutral
ልጁ ስልኩን ተሰርቆ አልመጣም..እያለቀሰ  እኔ የሚያሳዝነኝ እኮ ስልኩ አደለም ቴሌ የሰጠኝ 200MB ስጦታ ነው ????	neutral
ያቀረብከው ማነጻጸሪ ጥራዝ ነጠቅ ነገር ነው። ዝምብለህ እንኳን ከጫካ ወደ ከተማ በሰላም ገባችሁ ብትል በቂ ነበር። OLF will separate sh**t :)	neutral
ምሽት በአማራ ክልል፣ አገው አዊ ዞን፣ አዮ ጓጉሳ ወረዳ እሁዲት ከተማ ቤተክርስቲያን ለማቃጠል ሙከራ አድርገዋል የተባሉ 3 ግለሰቦችን ለመያዝ የአካባቢው ማህበረሰብና የጸጥታ ሀይሎ…	neutral
ከአሁን በኃላ ከመስጂድህ ላይ ብቻ ሳይኾን ከራስህ ላይም ተከላከል። ኢትዮጵያዊያን ሙስሊሞች ከአሁን በኃላ ተስፋችሁ አላህ ብቻ ነው።	neutral
የኢትዮጵያ አየር መንገድ ግሩፕ መሠረታዊ የሠራተኛ ማህበር ሊቀመንበር ካፒቴን የሺዋስ ፈንታሁን እንደገለጹት፤ ምንም እንኳ በተቋሙ አለቃ የመፍራት መንፈስ የቆየ ቢሆንም በአሁኑ ወቅት…	neutral
• ከታች ያለው አማራ ክልል ነው! እዚያ አዲሥ ናቸው መሠለኝ ብሩን እያተሙት ነው! አንዳንድ የአማራ አክቲቪስቶች ደሞ ለፖለቲካ እየተጠቀሙ ነው! እሥላም ብለን ሣናልፍ የተቸገረ ሠው እንረዳለን! :D :D :D !	neutral
እኔም ልክ እንዳንተው ነኝ	neutral
እኔ በአማርኛ ጥሩ ነኝ	positive
ዛሬ ጁመዓ በወሎ ኮንቦልቻ የተደረካ ከባድ መልክት ያለው የቃውሞ ሰልፍ ብልፅግና ፓርቲ ብልፅግናችሁን አሳዩን	positive
ጥበበኛው የፍቅር አስተማሪ ቴዲ አፍሮ	positive
ከአባይ ግድብ አማራ ልዩ ጥቅም ይገባዋል !	positive
ለምን እበሳጫለወ፡፡ አሉባልታ አታውራ አልኩ እንጂ ኢዜማን አትንቀፍ አላልኩም!!! ነቀፌታህን ጭብጥ እና መሰረት ባለው ነገር ላይ አድርግ ነው ያልኩት፡፡	positive
የሀገሩን  ችግር የሚያውቅ እና መፍትሔ የሚያመጣ በትክክል የሀገሩ ሰው ነው። ይቺ ወጣት ለእንጀራ መጋገር የሚያስፈልገውን አብሲት በተለየና በቀለለ ዘዴ በማዘጋጀት ለእናቶቻችን ውለታ ውላለች ።   ከሰይፉ በኢቢኤስ	positive
ኢትዮጵያ መሪ አለ የሌለው ህዝብ ነው ያልከው ሰውዬ ደህና ነህ እንዴት ነህ?	positive
አምላከ ቅዱስ ዑራኤል መልአክ ቀኑን የተበረከና የተቀደሰ ያድርግልን፡፡ በሰላም ያሳደረን በሰላም ያውለን፡፡ አገራችንን ኢትዮጵያን ዳሯን እሳት መሃሏን ገነት አድርጎ ይጠብቅልን፡፡  አሜን!!!	positive
ጥሩ ጊዜ፣በተለይ ቆመን .....ተንቦገቦገች ያልናት!!	positive
መልካም እሴቶችን በማሳደግ ችግሮችን በሰላም ለመፍታት ሁሉም ዜጋ አብሮ መቆም አለበት፡- የኃይማኖት አባቶች	positive
ኢትዮጵያ በደከመች ጊዜ በግፍ የተወሰደባትን የባህር በር የጊዜ ጉዳይ ነው እንጂ ማስመለሷ አይቀርም ።ከቻይና እና ቦሊቪያ ብዙ ልንማር ይገባል ።	positive
የኛ ቁልጭ መኩሪያ ነሽ እኮ!!	positive
አዲሱ አመት የሞጣ ቆሞጬ መሰጊድ የነኮ የሚያልቅበት ያርገዉ	positive
የኔ ቀደምት ነብር ታጋይ????	positive
መልካም አርጋ ነው የተጫወተችው	positive
እርግጠኛ መሆን እፈልጋለሁ እና እንደተለመደው ውሸት እየተናገሩ አይደለም	positive
ጥር 21፣2012  በኮሮና ቫይረስ ተጠርጥሮ ለተጨማሪ የላብራቶሪ ምርመራ ወደ ደቡብ አፍሪካ ተልኮ የነበረው የ4 ዜጎች ናሙና ከቫይረሱ ነጻ መሆኑን የጤና ሚኒስቴር ሚንስትር ዲኤታ…	positive
አትሌት ኃይሌ በጣም ጠቃሚ ነገሮችን በሃገራችን እየሰራ ነው እጅግ ሊደነቅ ይገባል! (እስቲ እኔና ኃይሌ መቶ ሜትር እንሩጥና ካሸነፍኩ አንድ መኪና ለኔ ጀባ  ይበሉኝ! )	positive
እጅግ በጣም የሚስደስት ነው በእውነት ቡዙዎች መነፅራቸውን ብያስተካክሉ መልካም ነው	positive
እኛ እንኳ እያየን ብዙ ነገሮች ተቀይረዋል... መልካም አዲስ አመት ፍፄ!	positive
በትክክል ለአዲስአበቤዎች የቆመ ፖርቲ  ባልደራስ ለእውነተኛ ዲሞክራሲ ✊??✊?? ድል ለዲሞክራሲ ✊??✊??✊??✊??????❤️  ድል  ለኢትዮጵያ ✊??✊??✊??✊??????❤️	positive
እኮ እኔው... ኧረ ምን ቆርጦኝ ...ግን ለመቀየም በቂ ምክንያት አለኝ ብለህ ታምናለህ?	positive
ትግራይና ህወሓት ለያይቶ ማየቱ ይሻላል፡ ደሞ ይሄንን ጉዳይ ክልሉን ለማጥቃት ነው። መስማማት እንዳለ ሆኖ አለመስማማት should be acceptable. ሌላው ቀጣዩ ምርጫ ሚፈታው ጉ…	positive
አሜን፣ በረከታቸው ይድረሰን።	positive
ስለዚህ ጌታ ራሱ ምልክት ይሰጣችኋል፤ እነሆ፥ ድንግል ትፀንሳለች፥ ወንድ ልጅም ትወልዳለች፥ ስሙንም አማኑኤል ብላ ትጠራዋለች።  (ኢሳ 7: 14)	positive
የብዙ ነገሮችን ሀቅ እንጠብቅ እናውቅ ይሆናል=== ነገር ግን በጣም የቸገረን የአላህን ሀቅ አለመጠበቃችንና አለማወቃችን ነው!!	positive
ኢትዮጵያዬ ያበራችበት ቀን! ደጋጓቹ ጸጋ ዘአብ እና እግዚኃርያ  የወንጌል ገበሬ ፣ ጻድቅ ፣ንጹሕ ፣የጠራ ፣የተፈተነ ተጋድሎው ያማረ ፍሬ ለዓለም ያበረከቱበት ልዩ ቀን።	positive
ሆይ እውነተኛ የሆነውን ነገር ሁሉ ጭምትነት ያለበትን ነገር ሁሉ  ጽድቅ የሆነውን ነገር ሁሉ ንጹሕ የሆነውን ነገር ሁሉ  ፍቅር ያለበትን ነገር ሁሉ መልካም ወሬ ያለበትን ነገር ሁሉ  በጎነ…	positive
የቅዱስ ሚካኤል ረድኤት በረከቱ ምልጃው አይለያችሁ  መልካም እለተ ሰንበት ይሁንልን አሜን	positive
የሰው ልጅ የመስከንን ጥቅም ከቡና መማር አለበት። ??	positive
ትለያለህ እኮ እግዚአብሔር አንተን የኢትዮጵያ ጠቅላይ ሚኒስትር ያርግልኝ  ??	positive
በውጭ ያሉ የሀበሻ ልጆች	positive
ዘገዩ ጋሼ ሃሃሃ ማድረጉ ይቅርና ባለማቃጠል ከተባበራችሁን በቂያችን ነው በነገራችን ላይ በጣም እናመሰግናለን ሙስሊሙን 1 እና ጠንካሮች ስላደረጋችሁን	positive
ከዩንቨርስቲዎቻችን ጋር የጀመርናቸው ዎርክሾፖችና ዌብናሮችን ተባብረን ብናጠናክራቸው ተጨባጭ ውጤት በእምርታ እንቀዳጃለን፡፡	positive
ታከለ ኡማ የአዲስ አበባ መሬትን በራሳቸው ፍቃድ ከቦታው እየተገኙ የእጅ ስልካቸውን ለባለ ሀብቶች በመስጠት ችግር ሲፈጠር ከጥታ ለሳቸው ብቻ እንዲደወል በማድረግ እየሰሩ እንደሆነ ብዙ…	positive
የአባቷ ?? አመሰግናለሁ ????	positive
እሺ ና: ስድቡ ይቅር እና እንነጋገር !	positive
ድል ለዴሞክራሲ	positive
ይህ አማርኛ ነው እባክዎ ከእኔ ጋር ይስማሙ	positive
ከተከተሉ አይቀርማ እስከ መጨረሻው ነው። ??	positive
የውብዳርዬ እንኳን እግዜር አተረፈሽ የኔ ቆንጆ	positive
እኔ ሴት ነኝ እኔ ለልጄ እናት ነኝ  እኔ ለእናቴ ልጅ ነኝ  እኔ ለአባቴ ተስፋ ነኝ እኔ ለወንድሞቼ እህት ነኝ  እኔ ለባሌ ሚስት ነኝ እኔ ለሀገሬ ዜጋ ነኝ ለመንግስት ህዝቡ ነኝ  የተታፈኑት ሴቶች እኔም ይመለከተኛል	positive
የትም ይሁን መደራጀት ነው።	positive
መልካም እሁድ ይሁንላችሁ.??????	positive
ውይ ጆኒዬ። የኔ ወዳጅ የኔ አክባሪ። እዛ ስለመለስኩ ያየኸው መስሎኝ እኮ ነው። አፉ በለን	positive
ፀረ ህዝብ ስለሆንክክርስቲያንም ሙስሊምንም አትወክልምበቃ ፀረ ህዝብ ነሀ !ምንምማድረግ አይቻልም:የሰዎች ሁሉ ጠላት የሰውሰይጣንነህ:ስለዚህ ክርስትያኑ በስመአብ…	positive
2020 የራሳችንን ችግር የምናወራበት አፍ ብቻ ሳይሆን የሌሎችንም ችግር የምንሰማበትት ጆሮ እንዲሰጠን ምን ምኞቴ ነው ??  መልካም አዲስ አመት ✌	positive
ጣት የሚያስቆረጥም ምግብ ሲሆን ጥርግርግ ነው።	positive
የዓለም ፡ ካቶሊኮች ፡ መሪ ፡ ተሣሥቼለሁ ይቅርታ ፡ አርጉልኝ ፡ አሉ። ላፍሪካ ፡ መሪ ፡ መሣሣት ፡  ሠዉ ፡ መሆን ፡ ነው። ማረምም ፡ ሠዉ ፡ መሆን ፡ ነው።  ማለታቸው ፡ ነው።	positive
ማንኛውም ስራ የሚሰራው በኃላፊነትና በተጠያቂነት ነው። ውሸት ነው የሚል አካል መክሰስ ይችላል። ይህን መረጃ ያወጣው አካል  በኢትዮጵያ ቢሮ ያለው የተመዘገበና የሚታወቅ ድርጅት ነው።	positive
በሞጣ የተፈፀመውን የመስጊድ ማቃጠል አስነዋሪ ድርጊት ጤነኛ የሆነ ሰው ሁሉ አውግዞታል። አሁንም ሕዝባችን የሚችለውን በማድረግ ከሞጣ ሙስሊም ወንድሞቻችን ጎን እንዲቆም ጥሪየን አቀርባለሁ።  አማራ…	positive
ተስፋ አደርጋለሁ -	positive
ወይንም የቁጠባ ልምድ መለዎወጫ	positive
ነፃነት በዱላ እያላችሁ ወርቅ የሆነ የወጣትነት ግዜያችሁን በማይረባ ፀብ ጫሪዎች በሚለኩሱት እሳት አታንዱ። ይሄ ግርግር ለናንተ ታዝኖ ሳይሆን የግል ብልፅግና ማግኛ ዘዴ እንደሆነ ግል…	positive
ጠቅላይ ሚኒስትር ዐቢይ አሕመድ ቦረና ዞን ያቤሎ ከተማ ገብተዋል ጠቅላይ ሚኒስትሩ ያቤሎ ሲደርሱ የአካባቢው የሀገር ሽማግሌዎችና ነዋሪዎች ደማቅ አቀባበል አድርገውላቸዋል፡፡ EBC	positive
በሙስልሙ ህብረተሰብ ጥላቻ የታወሩ ፔጆችን ብሎክ ማድረጊያው ጊዜ አሁን ነው አዲስ አበቤበሚል ከሚጠራው ፔጅ እንጀምራለን ይሰማል !!!!!	positive
ታዋቂው የኬንያ ቴሌቪዥን ጣቢያ ሲቲዝን ቴቪ ኢትዮጵያ ለላሙ ፕሮጀክት መሳካት ያላትን ቁርጠኘነት እንደሚከተለው ዘግቦታል	positive
እንዴ ፌሪ እኔ እኮ እዚ የመጣሁት አንቺን ከአጥፊዎች ልከላከል ነው	positive
ሉቃስ 1 46፤ ማርያምም እንዲህ አለች፡— 47፤ ነፍሴ ጌታን ታከብረዋለች፥ መንፈሴም በአምላኬ በመድኃኒቴ ሐሴት ታደርጋለች፤ 48፤ የባሪያይቱን ውርደት ተመልክቶአልና። እነሆም፥ ከዛሬ…	positive
የተረጋገጠ ዜና። በምእራብ ወለጋ ሸምቆ ከነበረው የሸኔ/ኦነግ ተዋጊ 1478 ያህሉ መሳሪያውን ፈቶ እጁን ሰጥቷል። በአሁኑ ሰአት ጫካ የቀሩት ጥቂት ቁጥር ያላቸው ናቸው።  የሚያዋጣውም ይኸው ነው።	positive
ይሄም የገብረ ክርስቶስ ደስታ ልዮ ግጥም ነው ፣ ግዜ ስታገኚ እይው	positive
አሜን ; ሰላም ብሩህ ሳምንት ??	positive
ቢኒ እኔ ደንበኝነቴን ለማጽናት ቃል ገብቼ ነው፥ አንተስ? ????	positive
እንኬው ክንደብርቱ ሰው፣ በርታ እንደምታሸንፍ እርግጠኛ ነኝ።	positive
ሃይማኖቴ ፍቅር ነው::                                   ሃይማኖተይ ፍቕሪ ኢዩ::	positive
ፈታኝ ወቅትን ማለፍ፣ ቢከብድም ባይከብድም፤ የመስዋዕት ምድር፣ ከከፍታ አትወርድም። →←	positive
በሀገራዊ የሳይበር ደህንነት ዙሪያ ለቋሚ ኮሚቴ አባላት ሥልጠና ተሰጠ  ሀዋሳ፡ ታህሳስ 27/2012 ዓ.ም (ደሬቴድ) በሀገራዊ የሳይበር ደህንነት ዙሪያ ለሕዝብ ተወካዮች ምክር ቤት የ…	positive
?? ብዙ ሰዎችን ስለሚያስመርሩ ደላሎች በስሱ ተጭዋውተናል። ጠይቀናል። ይሆናል ይጠቅማል ያልነውን ጠቁመናል። እጅግ ያማረ የመስፍን ወንድወሰን ግጥምም አለን። ለ30 ደቂቃዎች አብረን እ…	positive
እርስዎ እንዳሉት ይሁን??	positive
በሰላም መድረስህን ለማስታወስና ፈጣሪን ለማመስገን ብቻ እኮ ነው ካስዬ ሌላው ትርፍ ነው??	positive
ገነትና ሢኦል ቢኖሩም ባይኖሩ! እንደ አክልለማሪያም ደግ ሠረቶ ማለፍ ሣይሻል አይቀርም።	positive
በአንተ መሪነት ኢትዮጵያ በለፀገች እድገት ማየት ምኞቴ ነው	positive
ለእየሱስ ባሪያዎች!! የኢብኑል ቀይም አልጀውዚያህ ድንቅ ግጥም ግርድፍ ትርጉም በኢብኑ ሙነወር	positive
መልካ_እረኛ_በጎቹን_ያበለፅጋል_እንጂ_በበጎቹ_አይበለፅግም!!!!  ??ብፁዕ አባታችን አቡነ ይስሐቅ በረከትዎ ይድረሰን	positive
????  ወረኛ	positive
?? ከኃላ የሚቀረው ፈሪ ነው ይልቅ ዝም ብለህ ተቀላቀል	positive
መንበረ አክሊሉ ጀግኒት ነሽ። እግዚያብሄር እድሜና ጤና አብዝቶ ይስጥሽ።	positive
መልካም ልደት ለውድ እናቴ መቅደስ ( አስካለ ሃና) ! ረጅም ዕድሜ ከጤና ጋር የምትወጂው የማርያም ልጅ መድኅኔ ዓለም ጨምሮ ያድልሽ!	positive
ይህ አሳፍሮን ንትርክ ውዝግብ እርግፍ አርገን ትተን ድህነትን መተን ልመናና ምፅዋት ሁሉንም ድል ነስተን ከራሳችን አልፈን ለሌላው ምንተርፍ ለመሆን ካልተጋን መርጠናል ውርደትን በልመና መ…	positive
በአራት ውስጥ ላስቀምጥህ እና በጣም ጥሩ የሆነ ደስታን ልሰጥህ እፈልጋለሁ	positive
ሁለታቹ ስትስማሙ ኢትዮጵያ የተስማማች ነው የመሰለኝ። ሁሌም ሰው አንድ የሚያደርገውን ነገር ካጠናከረ ልዩነትን መሸከም ቀላል ነው። ሰላም እደሩ።	positive
የአማራ ክልል ኤሌክትሪክ አገልግሎት በኃይል ማከፋፈያ ጣቢያዎች ዙሪያ የሚስተዋለውን ውስንነት ለመፍታት ከሚመለከታቸው ባለድርሻ አካላት ጋር በቅንጅት መስራት እንዳለበት ተጠቆመ	positive
የ1 ሚሊዮን ብር ድጋፍ ያደረጉት በጎ አድራጊ!  ኑሯቸውን አሜሪካ ያደረጉ አንድ በጎ አድራጊ ግለሰብ በትግራይ ለትምህርት ቤት ማሰሪያ አንድ ሚሊዮን ብር ድጋፍ አደረጉ።	positive
እውነተኛ የዜጎች እኩልነት አሻራ ታሪካዊ የትውልድ ትንሳኤ ምእራፍ ብልጽግና ከኢትዮጵያዊነት ጋር ወደፊት!!!!	positive
የተሻለ ሃሳብ ይዞ የሚመጣ ካለ ለመማር ዝግጁ ነን  ለመማር መዘጋጀት ጥሩ ፀጋ!	positive
በታላቁ የኢትዮጵያ ህዳሴ ግድብ የውሀ ሙሌትና አለቃቀቅ ላይ ያተኮረው የሶስትዮሽ ውይይት በስካይ ላይት ሆቴል እየተካሄደ ነው	positive
አንቺ ብለሽማ አስሬ አይቼው ቢሆን እንኳ ላስራአንደኛ ጊዜም እንዳዲስ ነው የማየው ??	positive
ይሄን እንተርቪው ዛሬ በእሥራት ሚዲያ  እስከማይ ድረስ እስክንድር በባለጊፈሬው ኦብሳ ፍርሃት መንበጭበጩን አላውቅም ነበር	positive
ትክክል ነሽ። ወጣ ያለ፣ ከፍ ቅርብ ቧልት ለየት ያለ፣ አዲስ ነገር ልንማርበት የሚያስችሉን ፊልሞች ቢሰሩ መልካም ነው።	positive
ነገ ቅዳሜ፣ ወንድማችን ታደሰ ደጀኔ፣ በአዲስ አበባ በወዳጅ ዘመዶቹ ይዘከራል። ያልሰማችሁ ጓደኞቻችን ይኸው ማስታወሻው ይድረሳችሁ። የወልደ መድኅንን ነፍስ ይማርልን። ቤተሰቡን ያጽናና…	positive
«ጥፋቱ በይቅርታ ተሸን ;ል ፣ ከሁሉም ጋር በሰላም ለመኖር » ርዕሰ ሊቃነ ጳጳሳት ፍራንሲስ	positive
ብሔራዊ ቴአትር አካባቢ አግኝተን ሸክሙ እንዲቀል ተበላሽተው ከቆሙ መኪኖች አንዱን ሰጥተን አበረታተነው ነበር።  ዛሬ በአዲስ ተስፋ ሥራውን መጀመሩን እና ከችግሩ መሻገሩን በማየቴ ደስ ብሎኛል…	positive
ግንቦት 20 ሊሆን 2 ቀን ሲቀረው።?? ያኔ ነው ትግል የጀመርኩትኮ :)	positive
ይችህ ናት ኢትዮጵያ  ይችህ ናት ሀገሬ መተጋገዝ እንጂ አያስፈልግ ወሬ	positive
አሜን አሜን አሜን እንኳ አብሮ አደረስን ??????	positive
ሃሳብ ካለህ በሃሳብህ ሞግት፣ ካላቻልክ ደግሞ ጨዋነትህን ብታሳየን ይመረጣል፤ ስድብ የሰነፍ ሰው ትልቁ ንብረቱ ነው፤ ራስህን ከቻልክ አርም::	positive
ክቡር ዲሬክተር እንኳን ለብርሃነ ልደቱ ከመላ ቤተሰብዎ ጋር በሰላም አደረሰዎት!!	positive
ማመስገን ትልቅነት ነው፤ አክባሪ ክብሩ የበዛ ይሆናል።	positive
ዐቢይ ስምምነቱ ከተፈረመ በኋላ ዐቢይ «ብዙዎች ብልፅግናን የሚቃወሙት እና የሚጠሉት በግልፅ ቋንቋ ሌብነት ጥዩፍ ነው። የማይሰራ፣ የማይተጋ ሰነፍ ከእኛ ጋር መቀጠል አይችልም» የሚል አቋም በመያዙ…	positive
ስጋሽን ነክሰሽ፣ ፅድቅ ለማግኘት፣ አጉል መላላጥ፡፡ የትግራይ ደም ኑሮት አሽቋላጭ፣ አሽርጋጅና እምበርክካም ሲሆን አያርበትም! ከመምበርከክ ይሠውረን!	positive
ደንበጫ አብማ ማሪያም ። ልዩ ፍቅር አለብኝ ።????❤	positive
ፍሬ ቺኳን ነው? ??	positive
በየ ሺ አሜን ካልን  በሚሊዮን  እድል አለን	positive
እውነት ነው የምትተማመነው መሪ ሲኖርህ እንደ በላይ እምቢ! የማለትአቅም ትገነባለህ::??	positive
የአማራን ህዝብ ህልውና በማስጠበቅ የኢኮኖሚ ተጠቃሚነቱን፣የፖለቲካ ውክልናውን፣ማህበራዊ ተቋማቱን በማጠናከርና ለጥያቄዎቹ መልስ በመስጠት አገልግሉት እንጂ አ…	positive
ደስ የሚል ጸሎት። መልካም ሰኞ	positive
አየር መንገዱ በዓሉን አስመልክቶ ተጨማሪ በረራዎችን ቢያበጅ መልካም ነው ፡  ለ ቢዝነስም ጥሩ ነው።  ግን ከ አክሱም እና…	positive
ለማ ከዳ አልከዳ ከዶር አብይ ጋር ብልፅግና ፖርቲ በመያዝ ኢትዮጵያ ወደ ፊት ????????	positive
ትክክል  ግን ብዙ ሰዎች የተረባረቡበት ስራ ነው።  ስለዚ ሀሪፍ ይሆናል ብለን ተስፋ እናረጋለን። ልጁ እንደሆነ ለምንም ስራ ይመቻል።	positive
እንኳን ለብርሀነ ልደቱ በሰላም አደረሳችሁ፤ አደረሰን፡፡	positive
ኢቶጲያዊነት ልዩነታችን ውበታችን፣አንድነታችን ከራታችን፣መረዳዳት በሁሉ አቅጣጫ ምግባራችን ሊሆን ይገባል እላለሁ	positive
የነገ ትላልቅ ካምፓኒዎች የሚሆኑበትን መንገድ ማመቻቸት እንዲሁም የሐገር ውስጥ እና የውጭ ኢንቨስተሮች ትላልቅ ኢንደስትሪዎችን እንዲገነቡ እና የስራ እድል እንዲፈጥሩ አስፈላጊውን እገዛ ማድረግ አማራጭ የሌለው ምርጫ ነው።	positive
እየተከታተላችሁ ነው?	positive
የኔ ጀግና የኔ ክብር የኔ ቴዲ	positive
Wow!! ድል ለዲሞክራሲ!! ድል ለኢትዮጵያዊነት!!  ????❤	positive
የኢትዮጵያ ዜጎች ማኅበራዊ ፍትህ ፓርቲ (ኢዜማ) ከአዲሱ የውህድ ፓርቲ ብልጽግና ጋር ሊዋሀድ ነው እየተባለ የሚናፈሰው መረጃ ከእውነት የራቀ ነው።	positive
እነዚህ የምርጫ ቦርድ ሰዎች እውነት የኢትዮጵያን ነባራዊ ሁነታ ያውቃሉ????	positive
ምስኪን! ይሀቺ እህታችን ትንሽ ነካ ወሰድ ሳያደርጋት አይቀርም፡፡ ምክራቸውን የምትሰማ አይነት የቅርብ ወዳጅ ዘመድ በቅርብ ካለ ሙያዊ የምክር ድጋፍ እንድታገኝ ቢያደርጉ ይበጃል፡፡	positive
በጣም በጣም ጥሩ ነው? ወድ እህታችን!! እግዚአብሔር ዕድሜ እና ጤና ይስጠሽ<3	positive
01-01-2020 መልካም መልካም የምንሰማበት ይሁንልን! ለበዓሉ እባሪዎች እንኳን አደረሳችሁ።	positive
ለምን የገንዘብ ማሰባሰብ ዘመቻውን እንደጀመርኩ ይቺ ፅሁፍ ተጨማሪ ማብራሪያ ትሰጣችኋለች የሚል እምነት አለኝ...   ?? ዕለታዊ የኑሮ ውጣ ውረድና ትምህርት በብርግነትና አካባቢዋ…	positive
ለወደቁት ምርኩዝ፣ለደከሙት ብርታት መሆን ከቻልክ አንተ አሸናፊ ነህ።አሸናፊነት አንደኛ መውጣት አይደለም።አሸናፊነት ሰው መሆን ነው። ሰው ስትሆን ሁሌም አሸናፊ ነህ!	positive
ለክርስትና እምነት ተከታዮች በመሉ እንኳን ለእየሱስ ክርስቶስ ልደት (ገና) በዓል አደረሳችሁ !!!!	positive
እስኬው እኔ ሙስሊም ነኝ እናም ስለ እውነት እልሀለሁ እደግፍሀለሁ አብሽር ከጎንህ ነን በርታልን	positive
ለመላው የክርስትና እምነት ተከታዮች  እንኳን ለ2012 ዓ.ም ለገና በዓል አደረሣችሁ። በዓሉ የሰላም  የፍቅር የመቸቻል ከምንግዜውም በላይ አንድነታችንን የምናጠናክርበት ባዓል እንዲሆን መልካም ምኞቴ ነው።	positive
እሺ	positive
በጣም እንኮራብሀለው ጀግና	positive
ሼክ መሀመድ አሊ አላሙዲ ለአንድ ወጣት ህይወት የሚለውጥ የገና ስጦታ ሊያበረክቱ ነው ነገ ጠዋት በኢትዮኤፍኤም107.8 የማለዳ የበአል ልዩ ዝግጅት ላይ ይጠብቁ ከጠዋቱ 2፡00 እስከ…	positive
Ethiopia : ሰላምና ደህንነት ከሌለ ብልጽግና አይታሰብም ካለ ሴቶች ሰላም የለም ፤ ካለ ሰላም ደህንነት የለም ። የሰላምና የደህንነት ቁርኝት ለብልጽግና መሰረት ነው	positive
አዎ ልክ ነሽ ሰሊናዬ። አንድ ለእናቱ ነበር ከዚህ በፊት በነበረው ፓርላማ።	positive
4)ሥለዚሕ እያንዳንዳችን ጥቃቅን የምንላቸውን በየቀኑ የምንሰራቸው ክፉ ወይም መጥፎ ስራ ላለምስራት አንሥራ ለመፈፀም ቀላል ነገር ግን በልምድ እና ጉዳት የማያመጡ አየመሰለን አንሰራለ…	positive
አመል ነው እንጂ እኮ ሸበላ ነህ!! ????????	positive
Martin Keown ስለ አርሰናል የሰጠው ትንተና በኛ ግዜ በኩራዝ አጥንተን ነበር ውጤታማ የሆነው፡፡ መብራት ጠፋ ምናምን እያላችሁ አታለቃቅሱ የሚሏትን ነቆራ አስታወሰኝ...	positive
አፄቴዎድሮሰየአጋች ታጋችድራማውን በዛዘመን የጀመሩ ድንቅ መሪ ነበሩ??ለዛውም እንግሊዞችን አግተው መድፍ ያሰሩ ጀግና!ንግሰና ከንጉሰ ቤተሰብ ወጥቶ አንድ ጀግና ሸፍቶ አሸንፎ ንጉሰ…	positive
2)ብናሥተምር ብዙው ሠው የናቅነው ጥቃቅን ስተት ካልሰራ መንግሥት እና ጥቂቶች የተካኑ የሕዝብ ክፍል የሚፈጦሩትን እና ቀደም የተፈጠረውን ሥራ በመሥራት በረከት እና ብልፅግና መድረሥ…	positive
የኔ የሃገሬ ጀግና የሃገሬ ንጉስ ካንተ በፊት ያድርገኝ	positive
ድንቅ አባባል። አመስግናለሁ።	positive
እውነት እውነት ነው!! የተገደሉት 6 ሕፃናት ወላጆች ጋር ብር እንዲያመጡ በተደጋጋሚ ተደውሏል። ፖሊስ ስልኩን ሲያጣራ መቀሌ ያለ ስልክ ነው። የዘገበው…	positive
እናም ሃይማኖቶች በፖለቲካዊ በዓላትና ስብሰባዎች ላይ ንግግር ማድረግ ቢከለከሉ መልካም ነው።	positive
ብራቮ ኢዜማ  ኢዜማ በወለጋ ፣ ጊንጪ ፣ አርሲና አምቦ ከተሞች ህዝባዊ ስብሰባውን ሊያደርግ ነው	positive
?? ነገረኛ	positive
ጉርምስና ተሰምቷችሁ የዜግነት ክብር መዘመር ያቆማችሁት ስንተኛ ክፍል ላይ ነበር?	positive
በሬ ሻኛ ከሰው በላይ ያውላችሁ!	positive
በእውነት ሆነን የአገራችንን ችግር ፈተን ወደ 1 ምዕራፍ እንሻገር። ይኼውም ከድህነት መውጣት ነው።	positive
ቅዱስ ዮሐንስ የሰፈሬ ደብር ♥⛪??  እንኳን አደረሰህ!	positive
በርታልን ብዙዎች ከጎንህ አሉ !!????❤️ ወደፊት ???? ይሄ የኔ ሽልማት ነው ለዚህ መልካም ስራ??????	positive
በተጨማሪ ምግብ ብቻ የሚፈውሱት አስደናቂው ኢትዮጵያዊ ተመራማሪ ሎሬት አለሙ መኮንን	positive
በል እንግዲህ አብረን እንውረግረግ ????	positive
ሳሙኤል ሲታወስ  የወረዳ 19 የኢዜማ ወጣቶች ክንፍ በወጣትነቱ ለሀገሩ መስዋእትነት የከፈለውን ሳሙኤል አወቀን ማስታወሻ በማድረግ ውይይት ተደረገ፡፡	positive
በድንገተኛ ሕመም ሆስፒታል የተወሰዱ መምህራንና ተማሪዎች ጉዳይ እየተመረመረ ነው	positive
እንኳን ለብርሃነ ልደቱ በሰላም አደረሰችሁ	positive
በጣም ረጅም ነኝ፣ቀጭን ነኝ፣የደረቴ አጥንት ያምራል፣ቆዳዬ በጣም ንፁህ ነው፣አይኔ በጣም ያምራል፣ስለዚህ 70% ድረስ የዓለምን ፋሽን ኢንዱስትሪ ባንኳኳ ሊያስከፍትልኝ የሚችል ነገር አ…	positive
ሆድ መሪዬ ዶክተር አብይ ከአንተ ብዙ ነገር የምጠበቅ የኢትዮጵያ ነኝ አንተን ወደ መልካም ሰራ እንድትገባ ሁሌም የአቅምን እደግፋለው በርታ ነው የምለክ አምላክ በሰራ በመንገድ ሁሉ ይከተል ሆድ መሪዬ	positive
እኔ ከ29%ቶቹ እንደ አንዱ መሆኔን አውቃለሁ :)	positive
መስጠት ማለት?…ስማኝ… ለኔ እደሚገባኝ  ልብን ማዘጋጀት ………በጎነት ማሳየት መንፈስን ማሳመን… … መጨመር ደግነት ከሁሉም ፣ ከሁሉም… በርግጥ መስጠት ማለት፣ ቀና ነገር ማሰብ ……ቅን! ሆኖ መገኘት።	positive
በክንድ መለኪያነት፣ በመቆፈሪያ እና መጥረቢያ ዛሬም ዓለምን የሚያስደምሙ ሥራዎችን መሥራት ተችሏል። ባሕር ዳር፡ ታኅሳስ 29/2012ዓ.ም (አብመድ) የሃይማኖት አባቶች ቤተ መቅደሶችን…	positive
“ከመደመር ዕሴት አንደኛዉ ብልጽግና ነው። ብልጽግና የዜጎች ሥጋዊ፣ የስምና የነጻነት ፍላጎቶች በቀጣይነት ማሟላት እንዲችሉ አቅማቸውን ማሳደግ ነው።…	positive
ትናንት ምሽት በአማራ ክልል፣ አገው አዊ ዞን፣ አዮ ጓጉሳ ወረዳ እሁዲት ከተማ ቤተክርስቲያን ለማቃጠል ሙከራ አድርገዋል የተባሉ 3 ግለሰቦችን ለመያዝ የአካባቢው ማህበረሰብና የጸጥታ…	positive
ሁሌም ምርጥ ቀን ይሁንልህ	positive
አዲስ አመት ከአገራችን ዉጭ ላለን ኢትዮጵያዊያን በሙሉ! 2020 አገራችን ኢትዮጵያ ስምምነት መግባባትና መተሳሰብ ወደነገሰበት አዲስ የታሪክ ምዕራፍ እኛ ዜጎቿም ከእኔነት ወደ እኛነት የምን…	positive
ኦቦ ቡልቻ እውነተኛ የእርቅ እና የሰላም አምባሳደር። እግዚአብሔር እድሜ ይስጥልን Sir.	positive
እኔ አድናቂዎ አይደለሁም - የቅርብ ጓደኛዬ ነኝ	positive
...በጣም ጥሩ ሃሳብ ነዉ። ግን እነዚህ ክበቦች ለዉጭ ደምበኛ አገልግሎት ይሰጣሉ ?	positive
መወደድ ሲያንስህ ነው?? ማ ላይ ምን መሰራት እንዳለበት የገባህ አንተ ብቻ ነህ ለተማሪዎች _የምታደረገውን እገዛ የሚደነቅ ነው	positive
እውነት ነው::  ይቅርታና: ግን እንዲህ ያለ እውቀት እንዳለ ዛሬ ነው ያወከው?	positive
አሜን ይመጣል    ደስ የሚል ዝማሬ ነው ዘማሪ ጵኒኤል ጌታ ይባርክህ ተባረክ  Doxa Arts studio በቆንጆና ለአይን በሚማርክ ቀረፃና ኤዲቲንግ መልዕክቱን አድርሶናል ተባረኩ…	positive
እግዚአብሔር ነብሳቸውን ይማርልን! ቤተሰቦቻቸውን ያፅናናልን!	positive
መልካምነትህን አደንቃለሁ። ግን ክቡር ጠቅላይ ሚኒስትር ቅድሚያ ለሚሰጠው ስጥ ።ይህን ነገር እኛ ተራ ዜጎች እናደርገዋለን አንተ የሀገራችንን…	positive
መጠጡ እኮ ከሁለገቧ ጋር ነው ከናንተጋር ሀሪፍ ቡና ነው .....	positive
እውነት ነው ናቲዬ። ነገሩ አማራ ክልል ወይም ሌላ ቦታ ቢሆን አሰብኩትኮ... ቆሻሾች!??	positive
ሱሬ ፕሮግራማችሁን ተከታትየዋለሁ ይበል የሚያሰኝ ነው ነገርግን ከዚ በላይ ብዙ ሀሳቦችን ታነሳላችሁ ብዬ እገምታለሁ ጥሩ ጅምር ነው በርቱ።	positive
ልደቱ የኢትዮጵያን ፖለቲካ ጥንቅቅ አድርጎ የሚያዉቅ እዉነተኛ ሰዉ ስለሆነ ነዋ!!!	positive
እንዲህ አይነት ርዕስ ጽፎ ለበዐል ይጠብቁን ድንግርግር ይላል ግን አሻም በበዓልም አልቀልድም ካለ ምን ይደረግ? ??  ስሜነህ አያሌውና ሱራፌል ሲጠይቁ እንኳን ብንሰማ ይሻለናል በውነት።	positive
ኦነግ፣ ኦፌኮ እና ኦብታ ጥምረት መሠረቱ። የሚበረታታ ነው!	positive
ሀቅ ነው! አሁንም እየተጫወተ ነው። አንዳንድ ሙዚቃ አይጠገብም እኮ	positive
እግዚአብሔር ያክብርህ አብያችን ማክበር ያስከብራል !!!!	positive
ወደ ኤፌሶን ሰዎች-Ephesians :6   17 የመዳንንም ራስ ቁር የመንፈስንም ሰይፍ ያዙ እርሱም የእግዚአብሔር ቃል ነው።	positive
ሳላሀዲን ሰዒድ ለፈረሰኞቹ ተስፋን ይዞ መጥቷል	positive
ህወሓቶች ሆይ!ለማ በመገንጠሉ አትቦርቁ!ይልቅ በጊዜ አገር ለማዳን ተፍ ተፍ በሉ፡፡ ከዚህ በኋላ የሚነሳው ቀውስ ህወሓትን ወደ ስልጣን የሚመለስ ሳይሆን ህወሓትን ሱማሊላንድ የሚያደርግ…	positive
ብልፅግና ፖርቲ (pP) ኣዳዲስ ሹመኞች	positive
መልካም   2020  ለኢትዮጲያን  ሁሉ!	positive
ያለመሰልቸት እንጥራለን የተከበሩ ጠቅላያችን ብቻ ወደ ቀድሞ ልእልናችን ወደ ብልፅግና እንድረስ	positive
ብልፅግና ፓርቲ በእውነትና እውቀት ላይ ተመስርቶ ኢትዮጵያን የሚያሻግር አስተማማኝ ድልድይ ነው! - ጠ/ሚ ዐብይ አህመድ	positive
ዙሪያ ያሉ የተወደዳችሁ ጓደኞቼ ሁሌም ጤናማ እና ደስተኛ ሁን ??????	positive
ከያዕቆብ ድንኳኖች ይልቅ፥ እግዚአብሔር የጽዮንን ደጆች ይወደዳቸዋል ። የእግዚአብሔር ከተማ ሆይ ፥ በአንቺ የተከበር ነገር ይባላል። ?? ጽዮን ማርያም  ለሃገራችን ኢትዮጵያ ፍጹም ሰላም ፍቅር ታብዛልን…	positive
ጥሪ...መደገፍ የምትሹ  በፖለቲካል ሳይንስ እና ዓለም አቀፍ ግንኙነት የማስተርስ ዲግሪ ያለው ጋዜጠኛ ስለሺ ዳቢ በሺዎች የሚቆጠሩ ሆሊውድ ሰራሽ ፊልሞችን ወደ አማርኛ በመተርጎም እና…	positive
ለአዲስ ሹም 100 ቀናት መስጠት በማእራቡ አለም የተለመደ አሰራር ነው:: It would work for us too.	positive
ተነሳ ወንድሜ ጠራችህ ሴቲቱ  ጀግና የጀግና እና ያቺ ልበ ብርቱ	positive
ጥሩ ጥሩ ስሩ መልካም መልካሙን አስቡ እዉነት እዉነቱን ተናገሩ  ዉጤታችሁ ያማረ ይሆናል ❤️	positive
አስተማማኝ ከባቢ መኖር አለበት የሚለው ትክክል ነው ቢኒ። በአጠቃላይ ግን Pros and cons ነው ማነፃፀር ያለብን ብዬ አስባለሁ	positive
በሀገሪቱ እድገት ውስጥ የግንባታ ዘርፉን ሚና ለማሳደግ መንግስት ድጋፍ ያደርጋል - ጠ/ሚ ዐቢይ	positive
ተባረኩ፣ ሀገርን እንጅ ግለሰብን እንከተል፣ ሀገር በእናንተ እጅ ናት፣ ስለሀገር ልንተጋገዝ ልንከባበር ይገባል። እናድጋለን ካልን እናድጋለን፣ የሚያደናቅፈንም በቀላል…	positive
ነገሮችን እንደአመጣጣቸው መቀበል የግድ ነው  በዛው እሳቤ ኑሮ ትቂት ጊዜ ነው እዳናሰብነው ምትገኘው	positive
እንደው ምን ላርግህ !!! ሀገራችን አንተ ስላለህላት እደለኛ ነን ፡፡ የገባቸዉ አሁን ያደንቁሃል ፡፡	positive
ኢጅረር ታከለ ኡማ ለተማሪዎች የገና ስጦታ የሚሆን በነፍስ ወከፍ አንድ አንድ ታብሌት ሰጡ።  ኢትዮጵያ እየበለፀገች ነው ጎበዝ??	positive
ሚገርም ልምድ አለው በሱ ረገድ ??	positive
ኢህአዴግ የሚለው ስም መጥፋቱ ብቻ ለብልፅግና ክብር እንድሰጥ አድርጎኛል አሁንም እንዲህ ነው ብልጽግና ❤	positive
አሰፋ የትዝታው ፈለግ ጀግና	positive
በርታልን የኛ አንበሳ	positive
ሰላም ለምድራችን ይሁን! አንዳንዴ ዝም በማለትና ወሬ ባለማራገብ የሀገራችንን ሰላም በትንሹ ማስጠበቅ እንችላለን	positive
የሚአርፍ ሰው እየዛለ ይሄዳል እሄ ማለት ችሎታን ለመጨመር ከተፈለገ ሁሌ ችሎታዎ ላይ መስራት ያስፈልጋል። አንድ ነገር ማግኘት ከፈለጉ ፣ ወሳኙ ነገር እርምጃ መውሰድ ነው። ስንቱ ሙከራ ነው ከጥረት ማነስ የሚከሽፈው	positive
ውይይቱን ለጊዜው አቋርጠው ወደሀገር ቤት ተመልሰው ቢመክሩበት ጥሩ ነው!!! ግብፅ ከሗላ ሆና ተፅእኖ እያደገች ይመስላል !!!	positive
በጉጉት ሲጠበቅ የነበረዉ ግባ በለዉ ሸዋ የተሸ ባላገሩ እና አስራት ቦሰና ሙዚቃ ተለቋል።  በጣም ደስ የሚል ክሊፕ ነዉ።	positive
ለማንኛውም  በሰላም ላደራቹህ ወገኖቸ -- ፒፒፒፒ አገር አፍርሳ ታድራለች ብየ ፈርቸ ነበር:: ሳያቹህ ያው እዛው ናቹህ :: መልካም   ኢህአዲግ ሲፈርስ አገር ይፈርሳል እያሉ ለሚያደ…	positive
ይቅርታ ፡፡  እኔ በአማርኛ ጥሩ ነኝ	positive
ባለፉት 6 ወራት ከአዲስ አበባ-አዳማ ፈጣን መንገድ ከ192 ሚሊዮን በላይ ብር ገቢ ተገኘ። በዳንኤል መላኩ	positive
ፌድራሊስት ኮንግረስ ሊቀ-መንበር መረራ ጉዲና እና የፓርቲው አዲስ አባል ጃዋር መሐመድ፤ የኦሮሚያ ብሔራዊ ፓርቲን በመመሥረት ላይ የሚገኙት ብርጋዴር ጄኔራል ከማል ገልቹ እና የኦሮሞ ነ…	positive
ምንም ጥርጥር የሌለው ምርጫ የአስቱካ አልበም ምርጥ ነዉ።	positive
ኤፍሬም እና አስቴር አወቀ ከብዙዎቹ አዝማሪዎች የተሻሉና የበሰሉ መሆናቸውን የሚነግሩህ በዝምታቸው ነው።  ረጅም እድሜ ለአንተ ኤፊ!	positive
በዚህ መሰረት ሃይለ-እግዚአብሔር አድሃኖም፣ ማርቆስ ኤልያስ ፣ ግርማቸው እንየው እና ዮናስ አዘዘ በዛሬው እለት ወደ ደቡብ አፍሪቃ አምርተዋል።  ቲክቫህ ስፖርት	positive
ጌታ መልካምን ነገር አድረጎልኛል ስለ ሁሉ ስሙ ይባረክ !! በወንድ ልጅ በርኮኛል ዛሬ ማለዳ.	positive
ለፕ/ር  መራራ ጉዲና ከፍተኛ ክብርና  አድናቆት አለኝ ። እኒህ በኢትዮጵያ አጭር ታሪክ ብዙ ውጣ ውረድን ያሳለፍ  የተማሩና ያስተማሩ ውድ የኢትዮጵያ ቅርስ ናቸ…	positive
እኔም ስልኳን ተቀብዬ፣ መምህራኖቿ ፈተናዎቿን እንዲፈትኗት አሳምኜ ተመለሰች። የክፍለ ሃገር ልጅ የሆነችው አጭር ቀጭኗ ልጅ በጥሩ ውጤት ትምህርቷን ቀጠለች።	positive
ስለዚህ የሚዲያው ዘገባ እንደተጨነቀ ወላጅ ሆነን ብናየው ከሀሳብ እና ከጭንቀት እንዲያርፈ ትልቅ አቅም አለው። ብንችል የምንተቸውን ነገር ብንመርጥ ከይቅርታ ጋር። 1/2	positive
ማርያምም አለች።  ነፍሴ ጌታን ታከብረዋለች መንፈሴም በአምላኬ በመድኃኒቴ ሐሴት ታደርጋለች የባሪያይቱን ውርደት ተመልክቶአልና እነሆም ከዛሬ ጀምሮ ትውልድ ሁሉ ብፅዕ…	positive
ድል ለዲሞክራሲ? ??	positive
??  ተሞኝተን አይደለም ምናመልክህ ኢየሱሰ ኢየሱስ የምንልህ በደንብ ገብቶናል አንዴ ፍቅርህ ልንርቅ እኛ አንችልም ከእቅፍህ! ?? ተሞኝቼ አይደለም የማመልክህ ኢየሱስ ኢየሱስ ሁሌ ምልህ…	positive
እንኳን አብሮ አደረሰን መልካም ሰበት	positive
የከፍተኛ ትምህርትን በሰፊው ለማዳረስ በመንግስት ውስን በጀት መገደብ አይኖርበትም። ይሄ መልካም ሀሳብ ነው። የተማሪዎች በብድር መማር…	positive
እስኬ በርታ የአዲስ አበባ አይደለም የኢትዮጵያ ህዝብ ካንተ ጋር ነው    ድል ለዲሞክራሲ	positive
በሄደበት ሁሉ ወገኔን የሚል መሪ የሰጠን ምስጋና ይድረሰው ከማለት ውጪ ሌላ ምን ይባላል!	positive
እኔም እና ባነበብኩት ቁጥር ሸዋፈራዉ (የወንዶች ጉዳይ) ትዝ ይለኝና ፈገግ ያደርገኛል።	positive
ማሻአላህ ስታምሩ  አብይ  አላህ ይጠብቅክ  የኝአ ጀግና	positive
አንተ ለኛ ትለፋልህ አምላክ ይርዳህ የኔ ደግ ትሁት	positive
የደጋጉ አበዛዝ ለጉድ ነው። ዳዊት ያሉህ ያለ ነገር አይደለም። አቦ እድሜህን ያርዝመው።	positive
ዶክተሩ አዲስ ፊልም ጥር 8፣9፣10 እና 11 ይመረቃል	positive
አሜን አሜን አሜን!?? መዓረይ?? እንደንዚህ ያሉትን ደጋግ ሰዎች ያብዛልን ያኑርልን  ፈጣሪ??????	positive
ይቅር እንበል ቁስል የሚሽረው መንፈስ ሚያገግመው ያለፈ ቀን ህመም ግርሻ እማይሆነው ልባችንን ከፍተን ውስጣችንን ገልጠን በንፁህ ልቦና ሁሉንም አድምጠን ነገን ለመለወጥ በጋራ ተስማምትን በደልን…	positive
ኧረ አሪፍ መዝናኛ ይሆነናል ??	positive
14 ሴ.ሜትር የሚረዝም ቀንድ ከአንድ ግለሰብ ጀርባ ላይ ተወገደ	positive
não traduz ??????  ልዩ መንገድዎን እና የእናንተን እያንዳንዱን ዝርዝር እወዳለሁ። እኔ የተቻለንን ሁሉ አደርጋለሁ ምክንያቱም ስለምወድህ ሙሉ በሙሉ እወድሃለሁ	positive
ዛሬ በኣአ ቦሌ ኤርፖርት መግቢያ ታላቅ የወንጌል የምስራች በሃይልና በስልጣን ተሰበከ ፡፡	positive
አታላይ ንቤ ደከመች ዛሬ ??	positive
እምየ ፥ጎንደር ፥ታሪካዊ ፥ ምድር ፥ እንግዳ፥ ተቀባይ ፥ህዝብ፥ ያለብሽ፥ከተማ ፥ሰላምሽ ፥ይባዛ። የኢትዮጵያ ቡና ደጋፊዎች  እናመሰግናለን የተከባራችሁ የአገራችን ተዎዳጅ ቡድን ደጋፊዎች??	positive
እንኳን አብሮ አደረሰን ፍፁም ??⛪   ጭንቅ አማላጅቱ ቸር ወሬ ታሰማን ለምስኪን እህቶቻችን ።????❤	positive
ክብርት ዳጊ በርችልን: አንቺ ገብቶሻል የ፳ ፩ኛው ክ/ዘመን ጀግንነት ምን እንደሆነ ገብቶሻል::	positive
ርሑስ ጋማ ፍጼ! ❤️????  የፍጼ ጋብቻ የፌዴራሊስት ኃይሎች መጭው ተስፋ ብሩህ እንደሆነ ያሳያል! ??  መልካም ጋብቻ! ??	positive
ዛሬ ደግሞ ፕሮፌሰሩ ሌላ መንፈስን የሚያረካ እውቀት እንካችሁ ብሎናል! ጋዜጠኛውንም እናመሰግናለን!	positive
አቤቱ እንደበደላችን ሳይሆን እንደቸርነትህ ይቅር በለን እግዚኦ????????????????????????	positive
2)ለሕገወጥም መንገድ በር እየከፈተ ነው የግባታ ፈቃድ ለድርጅት ለንግድ ተቋማት አሥፈላጊ ነው ግንባታው በአጭር ጊዜባለመጠናቀቁ ሐገር ከሚያመነጨው ኢኮኖሚ ታጣለች መኖሪያ ቤት ተሎ ባ…	positive
2)በተለመደው ቁጥር ልምድ በመውሠድ በማቀናጀት ሥልትን ብንጠቀም ከእልፍ በለይ ለሠየሙት ሥያሚወች በተለመደው ቁጥር ለነ ሚሊወን :ቢሌወን :ትሪሊወን ወዘተ ቢሆን  ፲፻  ፳፻ …	positive
በርታልን የኛ ጀግና	positive
አሜን ሠላሚና??	positive
ለመላው የዕስልምና ተከታዮች በሙሉ  የዛሬው ጁምአ ሠላማዊ ፍቅርና መስጠት  የተሞላበት እንዲሆን ተመኘን	positive
ቅዳሜ ይጀመራል! በአፍሪካ ታይቶ በማይታወቅ ደረጃ ከመሓል እሥከ ጥግ የምርጫ ቅሥቀሣ እናደርጋለን! • አገሪቷን በአንድ እግሯ እናቆማለን! • እናሸንፋለን!	positive
ጠ/ሚ ዶ/ር ዐቢይ ለዓለም አቀፉ ማህበረሰብና በውጭ ሀገር ለሚኖሩ ኢትዮጵያውያን የእንኳን አደረሳችሁ መልዕክት አስተላለፉ።	positive
በደቡብ አፍሪካ የሚኖሩ ኢትዮጵያውያንን ትኩረት አድርገው ከፕሬዝዳንት ሲሪል ራማፎሳ ጋር ተወያይተው ኢትዮጵያውያን ትኩረት እንዲያገኙ የሚያስችል ስምምነት ላይ መድረሳቸውን ጠ/ሚ/ር ዶ…	positive
እኛም ስለሀገራችን ስንል እስከመጨረሻው ከጎንህ ነን ክቡር መሪያችን ። ኢትዮጵያ እና ኢትዮጵያዊነት ለዘላለም ይኑር አሜን	positive
እግዚአብሔር የትምከተኞችን ሀይል ያፍዝዝልን ሰላም ለሀገራችን ለኢትዮጵያ ??????	positive
በጣም ገራሚ ነው። ከምስራቅ የመጡ ሰብአሰገል በትክክል ጥቁር አፍሪካውያን ኢትዮጵያውያን የአክሱሟ ንግስተሳባና አጃቢዎቿ ናቸው❤	positive
?? Lol በሚቀጥለው ይስተካከላል ብዬ ተስፋ አደርጋለሁ።	positive
ታግሶ ለኖረ ግዜ መልስ አለው።	positive
እንኳን ኣደረሰን ለሁላችን መንግስታችን	positive
እውነተኛ ሚድያ መሆኑን አመነበታ	positive
መሪያችን ሆይ፣  ለሕዝብዎ፦ የፓርቲዎቻችንን ውሕደት የሚያበሥረው ወሳኝ የፊርማ ሥነሥርዓት ዛሬ ተካሄደ ሲሉ ያበሠሩትን የምሥራች አይቼ የደስታ እንባ ተናነቀኝ…	positive
የዘሃበሻ የ2019 የአመቱ ምርጥ ሰው አትሌት ደራርቱ ቱሉ ሆኖዋል	positive
መልካም ልደት እንኳንም ተወለድክ ረጅም እድሜ ከጤና ጋር እመኝልሃለሁ።	positive
መፍቴው ብርቱ አስተማሪ ከአለም ገበያ መኮናተር ነው፣ በቃ !	positive
አቤቱ ጌታ ሆይ ደጉን ዘመን አምጣልን	positive
ስልጣን ላይ ያለ ፓርቲ ከተፎካካሪ ፓርቲ ጋር አንድ ላይ ሊሰራ የሚችልበት እድል አለ ብለን ማሰባችን ራሱ ትልቅ ለውጥ ነው። በ97 መንግስት ታንክ መሃል…	positive
??????  ሕፃን ተወልዶልናልና፥ ወንድ ልጅም ተሰጥቶናልና  አለቅነትም በጫንቃው ላይ ይሆናል ስሙም ድንቅ መካር ኃያል አምላክ የዘላለም አባት፥ የሰላም አለቃ ተብሎ ይጠራል።  (…	positive
አሳማኝ ሀሳብ ነዉ።	positive
ሀገራዊ በሆኑ የተሻሉ ማህበራዊ ጉዳዮች ላይ ጥሩ ጥሩ ሀሳቦች ላይ እየተወያየሽ በደካማው ሰይፉ ሾው ላይ የዚህን ያክል ትኩረት ማድረግሽ ይገርማል ??	positive
ውስጥ እስካሁን ከአንድ ሚሊዮን የማይበልጥ መኪና ነው ያለው፡፡ 110 ሚሊዮን ሕዝብ ባለበት አገር አንድ ሚሊዮን የመኪና ባለቤቶች እንዳያኮርፉ ተብሎ ሕግ አይቀየርም፤››ጠቅላይ ሚ…	positive
??አንድነታችን ክብራችን??አንድነታችን ግርማ ሞገሳችን??አንድነታችን የመኖራችን ዋስትናችን ነው??????	positive
ህግና ስርዓት ባለበት አገር የአገር እጣ ፋንታ የሚወሰነው በያንዳንዱ ዜጋ የነቃ ተሳትፎ ና ውሳኔ ነው ያ ከሌለ ግን የሚወሰንም የሚወሰንም ነገር የለም ያው እንደለመ…	positive
በኮሮናቫይረስ ሳይያዙ አይቀሩም ተብለው የተጠረጠሩት ኢትዮጵያውያን ከቫይረሱ ነጻ መሆናቸውን ተነገረ	positive
እናታችን ጽዮን ይድረስሽ ምስጋና  (ማኅበረ ቅዱሳን መዝ. ቁ.5)	positive
የጨዋታው ድባብ በአማራ ቴቪ መተላለፍ ጀምሯል። ድል ለቡናማዎቹ! ??	positive
ሪፖርት| ወልቂጤ ከተማ እና ቅዱስ ጊዮርጊስ ነጥብ ተጋርተዋል	positive
ዋናው ነገር እሱ ነው። ዋናው!??	positive
አሁን ተክሉን በአካል መጎብኘት ይቀራል ??	positive
ከኤድስ ይልቅ የመኪና አደጋ እና ጃስ ሲበሉ የሚነሱ ፅንፈኛ ብሄርተኞች የሚፈጁት ስለበለጠ ፊታችንን ወደነሱ አዙረን ነው።	positive
የአማራ ክልል ህዝብ አደለም ወገኔ ለሚለው ሙስሊም ህዝብ ለማንኛውም በፍቅር የመጣ የሰው ዘር ፍቅር የሚሰጥ ለጠላቱ ደሞ እሳት የሆነ ህዝብ ነው። ይህንን ስል አጥ…	positive
ልማት ባንክ የተበላሹና ለመክፈል አጠራጣሪ ብድሮች ላይ እያደረገ ባለው ክትትልና ቁጥጥር ውጤት እያሳየ በመሆኑ የበለጠ ጠንክሮ መስራት እንዳለበት ተጠቆመ፡፡	positive
የተከበሩ ጠቅላይ ሚንስትር። ዳያስፖራውን ማየት መልካም ነው። ተማሪዎች በሽብርተኞች ታግተው ግን ምነው ዝም አሉሳ?	positive
ቤቲ ለመማር ያላት ፍላጎት ከፍተኛ ነው ።  ጀዋርን አይን አይኑን ነው ምትመለከተው።	positive
ማስታወስ ጥሩ ነው	positive
የኔ ውድ እኔ አንዴ መርጬዋለው በቃ የህይወት ዘመን ቡድኔ ነው !☹️	positive
በደህና ጊዜ አውቄያለሁ ለሚመጣውም በተጠንቀቅ ላይ ነኝ??	positive
እንኳን ለብርሃነ ልደቱ በሰላም አደረሰን አደረሳችሁ፡፡ መልካም ልደት በዓል !!	positive
ታማኝ -ስለ አንዷለም አራጌ!  አንዷለም አራጌን የዘመናችን የሰላማዊ ትግል ጀግና ነው።አንዷለም ለነጻነቱ ቆዳውን ቀይሯል ፣ ህጻን ልጁንና ቤለቤቱን በጉረኖ ውስጥ ሆኖ በሳምንት አን…	positive
«የእኛ ዓላማ ታሪክን መቀየር ነው። ተራ ምርጫ ማድረግ አይደለም፤ የቀደሙት ዓይነት ምርጫዎችን መድገም አይደለም! የእኛ ዓላማ ሰው በታሪካችን ለመጀመሪያ ጊዜ ሉዓላዊ የሚሆንበት ሀገር…	positive
ይህም ለህሊናችው የሚስማማው አገልግሎታችው ነው።	positive
አቶ ታከለ ጎበዝ	positive
አሜን አሜን አሜን?????? ለሁላችንም ሰናይ ምሽት ውዴ??♥ መድዬ አባቴ ተዋህዶ እና ኢትዮጵያ ጠብቅልኝ! ????❤??	positive
ሰኞ ምሽት አሎና/ቫርዳስ በጃኖ ባንድ ይደምቃል።  .. ተወዳጅ ሙዚቃዎቻችን አብረን ለመጫወት እና ለመዝናናት ጌቱ ኮመርሺያል 5ኛ ፎቅ ላይ ካለው አሎና/ቫርዳስ እንገናኝ።   Brigh…	positive
ማኅሌታይ ያሬድ አንተ ታላቅ ነህ ። ለኢትዮጵያ ሰዎች ምግባቸውን ሰጠሃቸው መዝ. 73/74:14 ያለውን የመጽሐፍ ቃል ፍጻሜ ያሳየኸን አንተ ነህ ። እኛ ሕጹጻን የዘመኔ ሰዎች ግን…	positive
እንዲህ ስንወዳደስና ስንዋደድ ብቻ ነው የሚያምርብን	positive
ኖኅ ገና ስለማይታየው ነገር ተረድቶ እግዚአብሔርን እየፈራ ቤተ ሰዎቹን ለማዳን መርከብን በእምነት አዘጋጀ፥ በዚህም ዓለምን ኰነነ፥ በእምነትም የሚገኘውን ጽድቅ ወራሽ ኾነ።  ወደ ዕብራውያን 11 ፤ 7	positive
ስው ደስ የሚስኝበትን ያደርጋል	positive
አይገርምም ከሀህወሃት መቀሌ ጥርግ ብላ የገባች ለት ነበር ይህ ተረት የተረተው ሁለት ዓመት ሆነው አትዘገይ እሺ	positive
እንኩዋን አብሮ አደረሰን አቤላ??	positive
ቃል በቃል አልተግባባንም እንዳልክ ነው ምናውቀው!  ለማንኛውም ሕዝቡን በደንብ ማዳመጥ መልካም ነው ጠቅላያችን።	positive
እጅግ  ውብ	positive
ትወልዳለች፤ እርሱ ሕዝቡን ከኃጢአታቸው ያድናቸዋልና ስሙን ኢየሱስ ትለዋለህ።” ማቴዎስ 1፥21	positive
አሁንም ኢትዮጵያ ለትውልድ የሚተላለፍ ጎጅና የግብፅ ምርኮኛ የሚያደርግ ውል ከምትፈርም ውይይቱን አቋርጣ ብትወጣና ሉዓላዊነቷን የሚያስከብር ውሳኔ ብትወስን ነው የሚሻለው።	positive
ዋናው ስነ ልቦናው ነው!	positive
ልባችሁን ዛሬ የሞላው ምንድን ነው? * በፍቅር የተሟላ ልብ ከውስጡ ፀጋ የተሞላበት ንግግር ይፈልቃል / Pastor Getinet Teferi	positive
Não traduza isso:(  ልዩ መንገድዎን እና የእናንተን እያንዳንዱን ዝርዝር እወዳለሁ። እኔ የተቻለንን ሁሉ አደርጋለሁ ምክንያቱም ስለምወድህ ሙሉ በሙሉ እወድሃለሁ	positive
“እናንተ ከእነርሱ እጅግ አትበልጡምን? ከእናንተ መካከል ተጨንቆ በዕድሜው ላይ አንዲት ሰዓት መጨመር የሚችል አለን? እናንተ እምነት የጐደላችሁ እግዚአብሔር ዛሬ ታይቶ በነጋታው እሳት…	positive
ጌታ ኢየሱስ ሰላም ዕረፍት ደስታ ክብር ሞገስ ሕይወት በረከት ብቃት ጥበብ ስለሆነ።	positive
ለእኔ ከወጣቶች እንደ ኃይሉ የሚችል ዘፋኝ የለም።ምናልባትም ከቴዲ አፍሮ ቀጥሎ ምርጡ እሱ. ነው።	positive
የኔ ብሩህ ቀን አሁን ጀመረ	positive
አንበሳ ግቢ	positive
ከብፓ አለመስራቱ አይደለም: አሁንም: ህውሓት ከስራውን ከትግራይ ክልል ወጥቶ በሀገር ደረጃ መወዳደር አለበት..... Anyhoo let’s postpone this till…	positive
“የአብ ቃል አክብሮሽ እናት ያደረገሽ እግዚአብሔር በቃሉ ፍፁም ያከበረሽ የምንመካብሽ መሰላላችን ነሽ“ ????	positive
ጎንደርን በሚገባ የተገነዘበው ብላቴናው የሙዚቃ ባለሙያ ቴዲ አፍሮ ነው---«ጎንደር! ጎንደር! የኢትዮጵያ ዋልታና ማገር!»---ጎንደር ለኢትዮጵያ ታሪክ ማዕከል፡…	positive
ሰበር ዜና - የብልፅግና ፓርቲን የተቀላቀሉ ድርጅቶች የስምምነት የፊርማ ስነ-ስርዓት ዛሬ ዕሁድ ህዳር 21/2012 ዓም በአዲስ አበባ ሲደረግ ክቡር ጠቅላይ ሚኒስትር ያደረጉት አስደና…	positive
ፕሬዝዳንት ሳህለወርቅ ዘውዴ አንድነት ፓርክን ጎበኙ ***********************************  ኢትዮጵያ ያሏትን ታሪካዊ፣ ባህላዊ እና ተፈጥሯዊ እሴቶች ለዓለም በማስተ…	positive
እኔም ጥንታዊውዎቹን እወዳቸዋለው:: ግጥማቸው: ዜማና መሳሪያ አጨዋወታቸው ተሰምቶ አይጠገብም:: ለዛ አላቸው	positive
እንኳን አደረሳችሁ ♥ታቦተ ጽሆን❤ ፈጣሪያችን ክርስቶስን የወለደችልን ቅድስት ድንግል ማርያም በልዑል እግዚአብሔር ትእዛዝ ጥበብና ማስተዋልን በተቀበለ በባስልኤል እጅ በተሠራችው በቃል ኪዳን ታቦት ትመ…	positive
አሜን ለሁላችን	positive
ነፂ ታሸንፊያለሽ የኛ ጀግና	positive
የዛሬዋን ቀን የደረሳችሁ አሜን ያንሳታል ሀገራችንን ትጠብቅልን ዘንድ መልካሙን ሁሉ ይደረግልን ብላችሁ ተመኙ ? ያመት ሰው ይበለን አሜን	positive
ከፍተኛ የመንግስት የስራ ኃላፊዎች ከታገቱ ተማሪዎች ወላጆች ጋር ተወያዩ	positive
ብልጽግና ተመስርቷል። ኢትዮጵያንና መዳኗን የሚሻ ይደግፍ ።	positive
መልካም	positive
ለመልአኩ ለቅዱስ ዑራኤል ወርሃዊ መታሰቢያ በዐል እንኳን አደረሰን ፀሎት ቃል ኪዳኑ ሁላችንንም ይጠብቀን??አሜን	positive
መልካም በዓል የኛ ሰው እግዚአብሔር ይጠብቅህ	positive
???????? ኣይዞን ብሮ የመቐለ ትግርኛ ነው። እኔ ኣለማምድሃለው	positive
ለመላው የፌስቡክ ወዳጆቼ ለ2020 እንኳን በሰላም አደረሳችሁ እያልኩ አመቱ ፀሎታችሁ  የሚመለስበት ይሆናል ተባረኩ!!	positive
መጀመሪያ ኤርትራ ሉዓላዊ ሃገር መሆኗን ማመንና መቀበል አለብን:: ከዛ በተረፈ ከሌላው አገራት ጋር እንዳለን ግንኙነት በሰላማዊ መንገድ መኗኗር እንችላለን:: ከዛ…	positive
አሁን ሌሎች ኖሩ አልኖሩ ምን ይጠቅማል ድምጻቸው አያሰሙም ነበረ ፓርቲው ከመፍረሱ በፊት.. አሁን ስራቸው አከበዱት አንጂ የነሱ ድምጽ ወሳኝ በነበረ…	positive
ኢዜማ ኢትዮጵያውያን ባሉበት ሁሉ አለ።የውግ ህምራ ዞን ሰቆጣ ከተማ ኢዜማ አባላትና ደጋፊዎች መጪው እሁድ ህዝባዊ ስብሰባ አዘጋጅተዋል።  በቅርቡ የሀረር፣ድሬዳዋና ሀዋሳ ኢዜማ አባላት…	positive
ፀረ ሙስሊም አይደለህም እስኬ፥ ይህንን ልቤ ያውቃል። እንኳን አብሮ አደረሰህ እስክንድር !!	positive
ሊወድ መልካሞችንም ቀኖች ሊያይ የሚፈልግ ሰው፥ መላሱን ከክፉ ከንፈሮቹንም ተንኰልን ከመናገር ይከልክል፤ከክፉ ፈቀቅ ይበል፥ መልካምንም ያድርግ፥ ሰላምን ይሻ ይከተለውም፤ የጌታ ዓይኖች ወደ…	positive
አየህ አሁን ወደራስህ እየተመለስክ ነው እንደዚህ መልካም ነገር ማውራት ነውየሚያምርብህ ፖለቲካውን ለፖለቲከኞች ተወው እኛም በየሙያችን መልካም ግዜ	positive
ተመርቶም ወደ ቤተ መቅደስ ገባ፤ ወላጆቹም እንደ ሕጉ ልማድ  ያደርጉለት ዘንድ ሕፃኑን ኢየሱስን ይዘው በገቡ ጊዜ፣ እርሱ ደግሞ ተቀብሎ ዐቀፈው፤ እግዚአብሔርንም እየባረከ  እንዲህ አለ፤“...…	positive
በዚ ሰው ፍጣን እርማጃ ምክነያት ጫማውን የሚያስረ ወጣት ህይወቱ ተረፈ	positive
መጋቢ ሐዲስ እሸቱ አለማየሁ የተጠየቁት ገራሚ ጥያቄ ዘር መርጦ ነዉ ወይ የተወለደዉ  ??	positive
አለም አቀፍ  የደጋፊዎች ማኅበር ትዊተር ገጽን በመከተል ድጋፍዎን ያሳዩ ማኅበራችንንም ይቀላቀሉ!	positive
እሺ እኔ በግብዣው ደስተኛ ነኝ ??	positive
ከፖሊተከኞች ጋር የሚደረጉ ቃለመጠይቆች ወሳኝ በሚባሉ ጉዳዮች ላይ ፓርቲዎች ያሏቸውን አቋም ለህብረተሰቡ ለመሳወቅ ማገዝ አለባቸው ብለን እናምናለን።ለዚህም ነው ቃለመጠይቆችን ካላቸው የፖሊ…	positive
እውነት ነው✊??የኛ ጊዜ እየቀረበ ነው አባቴ	positive
እስክንድርን በቦሌ እየር ማረፊያ እየተጠባበቁት ያሉት ውድ የኢትዮጵያ ልጆች።	positive
እናመሰግናለን የኛ ድምፅ!!! ፈጣሪ ይከተለን!!!	positive
የኢትዮጵያ ብሔራዊ ምርጫ ቦርድ የመጪውን አገራዊ ምርጫ እና የጊዜ ሰሌዳ አስመልክቶ የምክክር ውይይት እያደረገ ይገኛል!  አሁን ውይይት እየተደረገበት ያለው የምርጫ የጊዜ ሰሌዳ ይህን…	positive
በጣም ጥሩ ነው።በተጨማሪም ለምን ከክልሉ ውጭ ያለውን የክልሉ ተወላጅ እና ደጋፊ መያዝ ቢቻል ጥሩ ነው።	positive
ይችላል ብሎ መዘጋጀት የኋላ ኋላ ጥቅሙ የጎላ ነው።	positive
ጻድቅ መጠነ በዝኃ ሕማሙ (፪) ትዌድሶ ደብረሊባኖስ ገዳሙ   የጻድቁ አቡነ ተክለሃይማኖት ጸሎትና ምልጃ ከኛ ጋር ይሁን። እንኳን አደረሰን።	positive
ላመሰግንሽ ዘንድ ምክንያቴ ብዙ ነዉ እመቤቴ ድንግል ማርያም ?? ናዝሬት ማርያም ቤተከርስቲያን ⛪️ ????❤	positive
ትክክል! ወደፊት መቀጠል ብቻ ነው.....	positive
ፀዲዬን ስሙልኝ እስቲ - መቼም ቀንደኛ አድናቂዋ መሆኔን በአደባባይ ካወጅኩ ሰንብቻለሁ አንግዲህ - እና ሰይፉ ላይ ስታወራ ድምጧ ራሱ ሙዚቃ ይመስል ስወዛወዝ ነበር :D  - አሪፍ ስ…	positive
ኦሮምያ የደጋገዎች አገር  ናት እንጂ አጋች ታጋች ዲራማ የሚካሄድ በት ክልል አይደለም	positive
አንዳንዴ እውነት ተራራ ፈንቅሎ ይወጣል	positive
እርሱ የእኛ ጀግና ጀግና ነበር	positive
እውነት ነው መቲ. እሱ ሠው ነው	positive
እና አካባቢው የሚገኙ የእስልምና ዕምነት ተከታዮች ዛሬ በኢትዮጵያ ኤምባሲ በመሰባሰብ በቅርቡ በሞጣ አካባቢ የደረሰውን የመስጊዶች መቃጠል አወገዙ:: አጥፊዎችም ባፋጣኝ ለህግ እንዲ…	positive
ይፈሩሃል ስል በምክንያት ነው!!!   ሙሉ ሰው???????????? ድል ለዲሞክራሲ	positive
አመሰግናለው ?????? ትንሽ ስራ ልስጥሽ?	positive
እሺ ምን ያህል ጊዜ ይወስዳል	positive
ጋሼ ሳምንታዊ ልምዳቸውን እያካፈሏችሁ ነው ?? ኑ ከእውቀት ዛፍ እውቀትን ሸምጥጡ ??	positive
: ክቡር ጠ/ሚ ዶ/ር አብይ አህመድ በእርስዎ ውስጥ ያለውን ኢትየያዊነት ሳስብ እኔንም እንደውሃ ይጠማኛል። በተለይ የመልካም ስብዕናዎ እና ቅንነትዎ ለሁሉም ቢዳረስ ብዬ እ…	positive
ጌቶች ፡፡ ደሙን ከበግ ጠቦት ያፅዱ እናትዎን ፣ አባትዎን ፣ አሰቃቂ ሆግ ይረግሙ ፣ ስለ ትል አንጀትዎ እፀልያለሁ ፡፡ እንደ ዝሙት አዳሪዎች እንዲኖሩ በተፈቀደልዎ ጊዜ ብቻ ጥሩ	positive
ሶደሬ ስቶር ላይ ኢትዮጵያ ለሚገኙ ቤተሰቦቻቹህ ስጦታ እና እቃዎች መግዛት ይችላል። የምትገዙት ዕቃ ኢትዮጵያ የሚገኝ ከሆነ ከኢትዮጵያ ካልሆነ ደግሞ ከአሜሪካ ወደ ኢትዮጵያ እንልካለን…	positive
ይገባቸዋል ! ሁሌም  ከጎንህ ነን ! የቁርጥ ቀን ልጅ አስተዋዮ መሪዬ !!	positive
ድር ቢያብር አንበሳ ያስር!!	positive
እና ይሄን ሔኖክ ሚባል ልጂ የሴት ዘር በሙሉ ነው ሚወደው አትይኝም እናቱ	positive
ታሪክን የሚርሳ ህዝብ የመጪውን አለም መኖር አይችልም አማርኛ ቅርጥፍጥፍ አርጋ የበላች ኮሪያዊት ኮረዳ። አማርኛ መናገርና ቆሻሻ መጣል ክልክል ነው ለሚሉ ነጭ አምላኪ የግል ት/ት ቤቶች ጥሩ…	positive
እሱን በቅርቡ ታየዋለህ አብሽር  መስጊድ እና ቤተ ክርስቲያን አይፈርሱም አይቃጠሉም  ያቃጠሉት ግን የእጃቸዉን ያገኛሉ	positive
ባለፉት አምስት አመታት አካባቢ የአማራ ክልልን ሙዚየም ያሰራው የባህልና ቱ ቢሮ እስከአሁን ጥሩ ሄዶበታል። ነገር ግን ከእዚህ በኋላ መሬት ሊነካ ግድ ይለዋል።	positive
እውነት ነው። በሰማይ የሚታዮ 3ቱ ቀለማት፣ የግዛብሄር ቃልኪዳን .. . ታይዶስ ከመይዶስ ... how am i doing  so far with being ኢትዮጵያዊ ሰው?	positive
ጥሩ ሰው እኮ ነህ ቅዳሜ ቅዳሜ ከሁለት ቴኪላ በኋላ ??	positive
አሜን?????? ላንቺም ሰናይ ምሽት♥??	positive
አሄ...እና አሁን በግለሰብ ደረጃ ሀገር እና የሀገር ሕዝብ በሞላ ጥላቻ? ስለኤርትራ እና ኢትዮጵያ መተጣጣት ምክንያት ባነሳኸው እስማማለ…	positive
5)ቀላል የሚመስሉ የተለመዱ ጉዳታቸውን ያልተረዳናቸው ነገር ግን በማድረጋችን ጥቂቶች የሚሰሩትን ከባድ ክፉ ስራ ያሚያመጡ እራሳቸውም አየጎዱን ያሉ በሁለተናችን ሒወታችን ምሣሌ ስድብ…	positive
ለአላህ ብለን ይህን ታላቅ ሰው ከነዘህ አውሬዎች ልንታደገው ይገባል !!!	positive
አመሰግናለሁ  ወንድማገኝ	positive
አማራ ጠንካራ ባህል ያለው ፣ መልካም ፣ ብልህ ፣ ጥበበኛ እንዲሁም ባለፀጋ ህዝብ ነዉ ዴቪድ ስታይመን	positive
ከህዳር ፊልም ደራሲ እና ዳይሬክተር ብሩክ ሞላ ጋር የተደረገ ቆይታ	positive
ከህግህ መልካም ነገሮችን እንዳይ አይኖቼን ክፈት??	positive
ጀቤሳ ደሞ እዛ ሀይማኖትን እስታኮ መርዙን እየረጨ ነው።  አንድዬ ተው ግድ የለህም ያገሬን ግራ ገማጆች አስታግስልን ተው።	positive
አንተ ጥሩ ሰው ነህ!	positive
ምርጫው የቦታው እነ ኒሻኒዬ ሁሉም ያምራል  /	positive
ለዘረኞች አይመችም ከኦሮሚያ ውጪ ያሉ ፅንፈኞች ከጥላቻ እና ከመጣብህ ውጪ ምንም የማያውቁ ሌቦች ሊጠሉት ይችላሉ	positive
የአማራ ተቋሞች አንዱ የሆነው የአማራ ሜዲካል አ•ማ አክሲዮን መሸጥ ጀምሯል። ሁሉም አማራ በሙያውና በአቅሙ ተደራጅቶ መስራት አለበት።	positive
RIP TPLF and   RIP EPRDF (ወያኔ) እነዚህን ጨቃኝ ስሞች ተገላገልን! ከዚህ በሆላ በተግባርም ሰው ሆናችሁ እንደምታሳዩን ተስፋ እናደርጋለን!! ጠ/ሚ አቢይ	positive
የፖለቲካ ፓርቲዎች ህዝብን በበጎ ፈቃደኝነት ለማገልገል ዝግጁ የሆኑ ብቁ መሪዎች መፍለቂያ እንዲሆኑ ቁጥራቸው ውስንና  ጠንካራ ሆነው እንዲወጡ በህግ የሚመራ የመንግስትና ህዝብ ድጋፍ ያስፈልጋቸዋል!!	positive
ከዚህ በላይ ምን ደስታ አለ በእኩልነት ጥያቂያቹህን እንስማ ህመማቹህን እናክም ስትባል ተሰሚነቴ ቀንሷል እና ወደ ሰፈሬ ሂጄ ... ህምምምምም በርቱልኝ አያ የኔዘመን ምርጥ መሪዎች	positive
ደህና	positive
እናንተንም ጌታ ይመልሳችሁ!! አይዞን እህቴ አንድ ቀን ቦሌ እንቀበላችሗለን	positive
በጣም! ለመመረቂያ ፅሁፍ ይኼን ያህል መሄዱ . . በዛ ላይ የመግቢያ ግጥሞቹ ለጉድ ይገርማሉ!	positive
በወዲያ ሳለ መጣ  ወዲህ ሳይሰማ ተላከ ፤ ከዙፋኑ ሳይነቃነቅ ከቦታውም ሳይናወጥ ወረደ ፤ በሁሉ ምሉዕ ሲሆን በማህፀን ተፀነሰ ማህተመ ድንግልናዋን ሳይከፍት ተወለደ። ቅዳሴ ኤዺፋንዮስ…	positive
ለምን ስሜታዊ ትሆኛለሽ?	positive
ትክክለኛ እርምጃ ነው። ይሄ በሌሎችም ዩኒቨርስቲዎች መቀጠል አለበት።	positive
የኔ ፅኑቃል(ፁ) እንኳን ተወለድሽልን!!!	positive
ጀግና	positive
በእጅ ያለ ወርቅ ከመዳብ እንዳይሆን እናስተውል - በትህትና ቀለል ብሎ ስለመጣ አናቃልለው - እንሽ ትልቅ፤ ምሁር ያልተማረ፤ ቀልደኛ ቁምነገረኛ... እከሌ ከእከሌ ሳይል አክብሮ የቀረበን…	positive
የመደመር ዓላማ ሀገራችን ባለፉት ዓመታት ያስመዘገበቻቸውን ድሎች ጠብቆና ስህተቶችን አርሞ የመጻኢውን ትውልድ ጥቅም ማረጋገጥ ነው ብለዋል። ክቡር አምባሳደሩ መድረኩ በጋራ ሀገራዊ ጉዳዮች ላይ…	positive
ይህንበእስልምና የቀን አቆጣጠር መሰረት ሀገሪቱ 1 ሺህ 442ኛ ዓመት ላይ ትገኛለች።	positive
ከበርካታ ህንጻወቹና መንፈሳዊ ጽሁፎቹ አንጻር ያ ጊዜ ብዙ የበጎ ታሪክ ማስረጃ እንደነበረው ጠፍቷቸው አይደለም። እርግጥ ነው፣ ባለፈው ዘመን ውስጥ ጦርነት ነበር፣ ግን ደሞ ፍቅርም ነ…	positive
እጅግ ታሪካዊ ቀን ነው። እጅግ የማከብረው ኦቦ ለማ ያረጋገጠልኝ ነገር ቢኖር ዶር. አብይ እንዴት ባለ ከባድ ፈተና ውስጥ ብልፅግናን እንደወለደ ብቻ ነው።	positive
ለገና ከወጡ ዝማሬዎች ውስጥ የተባረኩበት ድንቅ ዝማሬ  በዜማ ለክርስቶስ አማኑኤል የሚለው ነው      በ a Macrin Creative studios piece በሚማርክ መንገድ ውብ ተደ…	positive
እንኳን ደህና ለሕዝብ መጡለት!!። ግን አንድ ነገር ልጠይቅዎ?  ከታገቱት ልጃገረድች መሀል አንዷ የርሶ ልጅ ብትሆን ኖሮ ይህን ያህል የበላይ…	positive
የንስሐ ዕድል የተሰጠው በጊዜ ገደብ ውስጥ ስለሆነ በጊዜው መጠቀም ለመዳን ግድ ነው።	positive
አመሰግናለሁ ለላካፈልከኝ እውቀት።እውነት ካለዛሬ አልሰማሁትም።	positive
እኔ የወይን ግንድ ነኝ እናንተም ቅርንጫፎች ናችሁ። ያለ እኔ ምንም ልታደርጉ አትችሉምና በእኔ የሚኖር እኔም በእርሱ፥ እርሱ ብዙ ፍሬ ያፈራል	positive
በርታ እስኪው ፍትህ እና እውነተኛ ዲሞክራሲን የሚፈልጉ ሁሉ ከጎንህ ናቸው።	positive
ደስ ይላል ሌላም ካለ አጋሪን የፃፍሽበት እጅሽ ይባረክ የአሰበው አእምሮሽ በክርስቶስ ፀጋ የተሞላ የተባረከ ይሁን	positive
አሜን ??	positive
ውዳችን  የኛ ብቸኛ	positive
ታኬ ለታብሌት ስል የጎልማሳ ትምህርት ልጀምር ነው።	positive
አትጨነቁ	positive
ጉድ በል ጎንደር ማለት ይሄኔ ነው። እድሜ…	positive
ይህም አለ!  ከሰሞኑ በስህተት የተላከላቸው 1 ሚልዮን ብር ለባንኩ ወስደው ያስረከቡት የመቀለ ከተማ ነዋሪው ድርጊት ብዙዎችን አጀብ አሰኝቷል። የገንዘቡ ባለቤትም ገንዘቡን ተቀብሏል።…	positive
ተፈትቻለሁ!  ስልኬና ሌሎች ንብረቶቼም ነገ ይፈታሉ ብዬ ተስፋ አደርጋለሁ!  የተጨነቃችሁልኝ በሙሉ አመሰግናለሁ፤ፀሎታችሁ ከሁለት ሰዓት ተኩል በላይ እንዳልታሰር አድርጎኛል፡፡  ‹‹በ…	positive
አመሰግናለሁ??????	positive
ልዩ ጥቅም /ልዩ ዜጋ የመሆን ጥያቄ	positive
ጥሩ	positive
ልዩ መንገድዎን እና የእናንተን እያንዳንዱን ዝርዝር እወዳለሁ። እኔ የተቻለንን ሁሉ አደርጋለሁ ምክንያቱም ስለምወድህ ሙሉ በሙሉ እወድሃለሁ que merda é essa??????	positive
ፕሮፓዛል ፅፈን እርዳታእየጠየቅን መያድ እናቆቁማለን ወይም ደግሞ መያድ ተቀጥረን ከፍተኛ ደሞዝ ለማግኘት እንተጋለን እንጂ የወገናችን ጉድለት ውርደት አይታየንም	positive
ኦሮሚያ ለ ተወለዱ ወይም ረዥም ጊዜ ለ ኖሩ አማሮች ኦሮሚያ አገራቸው ነች:: እሱ ክርክር ውስጥ የሚገባ አይደለም::	positive
አልገልህምን ምን አመጣው ይላል ያገሬ ሰው	positive
አሁን አሁን ህፃናትን በማቆያ ማሳደግ እየተለመደ መጥቷል፡፡ ለመሆኑ ይህ ትንሹ የህፃናት ዓለም ምን ይመስላል?   መልካም ቆይታ፡፡	positive
ለአላማ መታጠቅ ልክ እንደ ገብርዬ  ቆራጥ እንደ ቴዲ - ብልህ እንደ እምዬ  እየው በእኛ ዘመን - ተፈተነ ክብሩ ከእውነት ጋር የሚቆም - እምቢ ባይ ለአገሩ አስራት ተወለደ - ወንድ…	positive
የደቡብ አፍሪካዊያን ቻይነት በማንዴላ የቀረ ይመስለኝ ነበር  ታንክ ሂም ፎር ቴኪንግ ዋን ፎር ዘ ቲም	positive
እኔ በአባቴ እንዳለሁ እናንተም በእኔ እንዳላችሁ እኔም በእናንተ እንዳለሁ በዚያን ቀን ታውቃላችሁ። ትእዛዜ በእርሱ ዘንድ ያለው እርሱም የሚጠብቀኝ እርሱ የሚወደኝ እርሱ ነው ፤ አባቴ…	positive
ምርጥ ምክር	positive
አሜን አሜን አሜን እግዚአብሔር ይመስገን አሜን አሜን አሜን	positive
አሜን አሜን አሜን	positive
እኔስ በምግባሬ ደካማ ሆኛለሁ/2/ እዘኝልኝ ድንግል እለምንሻለሁ/2/ ያንን የእሳት ባህር እንዳላይ አደራ ድረሽልኝ ድንግል ስምሽን ስጠራ/2/ የዳዊት መስንቆ የኤልያስ መና የናሆሞ መ…	positive
ወደ ኤፌሶን 5 15፤ እንግዲህ እንደ ጥበበኞች እንጂ ጥበብ እንደሌላቸው ሳይሆን እንዴት እንድትመላለሱ በጥንቃቄ ተጠበቁ፤ 16፤ ቀኖቹ ክፉዎች ናቸውና ዘመኑን ዋጁ። 17፤ ስለዚህ የጌ…	positive
በርታልን አቢቹ ለታማኑት እግዚአብሔር ታማኝ ነው	positive
እኔማ እኮ በቃ ሺቲ ያደረገች ሴት ወይም ስለ ድሬ/ሀረር የሆነ አሪፍ ነገር የሚናገር ሳይ ሰፈሯን/ሰፈሩን ነው የምጠይቀው	positive
ታህሳስ 22ለበዓለ ብስራት እንኳን አደረሳችሁ  ♥ እመቤታችን የተጠማውን ውሻ በወርቅ ጫማዋ ያጠጣችበትና ቅዱስ ገብርኤል ትፀንሻለሽ ብሎ ብሥራቱን ለድንግል ለመጀመሪያ ጊዜ የነገረባ…	positive
የእምዬ ምኒሊክ አምላክ ይመስገን❤️❤️❤️   ስነ ልቦናዬ በከፍታ ማማ ላይየተሰቀለ  አልቃሻ ያልሆንኩኝ ኩሩ አማራ ነኝ!!!	positive
የዕብራውያንን መልዕክት ክፍል 15 ለማስተማር ከ 25 ደቂቃ በኃላ በዩቲዩብ አየር ላይ እሆናለሁ:: መልካም አዲስ ዓመት	positive
ብሪታኒያ በቀጣናው የሚስተዋለውን ውጥረት እንዲያረግቡ የኢራቅ ባለስልጣናትን አሳሰበች	positive
ሰው ባለው ነው ... በጎ ተመኝ በጎ እንድታገኝ !!	positive
ኢራናውያን  ለኢታማጆር ሹማቸው መገደል እየሰጡት ያለው ምላሽ ያስደምማል። • አገራዊ ስሜታቸው ያስደንቃል። • እውነትም ፤ አገር ማለት ሰው ነው።	positive
የተባበሩት የአማራ በጎ አድራጎት ድርጅት ተመሠረተ  ድርጀቱ በአማራ ክልል እና ከክልሉ ውጭ ያሉ አማራዎችን ሰብዓዊ እና ዴሞክራሲያዊ መብቶቻቸው እንዳይጣሱ ከመታገልም ባለፈ አኮኖሚያዊ…	positive
ቡና ወዳጆች በሙሉ  እንኳን ደስስስ ያለን። በቃ እኔ ማቱሳላን ነው መሆን የምፈልገው! ??	positive
የገና በዓልን ለማክበር ወደ ቅዱስ ላሊበላ እየተጉዋዙ ነው። እንግዶቻችንን በኢትዮጵያዊ ሰው አክባሪነት ወግ እግራቸውን እያጠብን እየተቀበልን ነው። ነጮችም እግር እያጠቡ ነው። htt…	positive
መልካም ልደት ( ˙▿˙　)	positive
ወዳጄ በኢትዮጲያዊነቱ የማይደራደርና በብዙሃኑ ካርድ የሚመረጥ ህዝባዊ መሪ ሲኖረን  ያልካት ነገር በሙሉ ትተገበራለች  የህልውና ጉዳይ ስለሆነ ...ስለአጎብዳጆች አትጨነቅ መጡ ቀሩ አይጠቅሙህም	positive
በመልካም ነገር ለመተርጎም በርካታ አማራጮች እያሉህ ከወንድምህ አንደበት  የወጡ ቃላትን በክፉ አትመንዝራቸው።  ዑመር ኢብን አል ኸጧብ [ረ.ዐ]	positive
“ፀሐይን የምትለብሽ የብርሃን ልጅ ቅድስት ድንግል ማርያም ሆይ የተቀደስሽ ነሽ።”	positive
ክብርት ሚንስተር ይኽን መልዕክት ለማስተላለፍ ሰው መሆን ብቻ በቂ ነው¡¡¡	positive
ዶ/ር አበይ በጊኒ ዋና ከተማ ኮናክሪ የሚገኙ የልማት ቦታዎችን ገብኝተዋል።	positive
ጥበብ ይናፍቀኝል፣ ተቻችሎ የሚኖር ሕዝብ ያስቀናኛል፣ ድንቁርና ያስፈራኛል፣ ጦርነት ያስጠላኛል --- ጋሽ ሎሬት ፀጋዬ ገብረ መድኅን	positive
ኧረ እኔ ልጅ ነኝ...አዋቂዎች ሲያወሩ ዞር ነው የምለው	positive
እግዚአብሔር እረኛዬ ነው፥ የሚያሳጣኝም የለም።  2 በለመለመ መስክ ያሳድረኛል፤ በዕረፍት ውኃ ዘንድ ይመራኛል።  3 ነፍሴን መለሳት፥ ስለ ስሙም በጽድቅ መንገድ መራኝ።  4 በሞት ጥ…	positive
ኢትዮጵያ ከጎረቤት ሀገራት ባለፉት ሁለት ዓመታት 138 ነጥብ 6 ሚሊዮን የአሜሪካ ዶላር ከኃይል ሽያጭ ማግኘቷን የኢትዮጵያ ኤሌክትሪክ ኃይል አስታወቀ	positive
በእየሱስ ስም እና ስልጣን እግዚአብሔር ይገስፅህ ሰይጣን እቅድህ አላማህ የፈረሰ ይሁን እቺን ልጅ ሊያሳስት የመጣ መንፈስ ወጋውህ Amen	positive
አገሬን ወደ ብልፅግና ለመምራት የሚያደርጉትን መልካም ጥረት ሁሉ ፈጣሪ ይባርክ! ከጎንዎ ነኝ!	positive
ከምንም በላይ ይህ ምርጫ ቶሎ እንዲሆን የምመኘውና ትልቅ ተስፋ ያለኝ፣ሕዝባችን  አዴፓ ከተባል ገልቱ ቡድን  በሰላም የሚላቀቅበት የመጨረሻው  ምእራፍ  መሆኑን በማሰብ ነው።	positive
ልዩ የሆኑትን የአፍሪካ የልጆች ተረቶችን በመጻፍ ፣ በመተርጎምና በማስተዋወቅ ብዙ አፍሪካውያን በጎፈቃደኞች እኛን መቀላቀል አለባቸው የሚል እምነት አለኝ!	positive
ታዬ እዉነተኛ የመርህ ሰው በመሆኑና ስለአመነበት አቋም ማንም ይሁን ምን ፍፁም ወደኋላ የማይለ ጀግና ስለሆነ እንዲሁም ከሱ በላይ ስልጣንና ድጋፍ ያ…	positive
የፕሬዝዳንት ኧሁሩ ኬንያታ ቤተሰብ ድርጅት የሆነው ብሩክ ሳይድ በኬንያ ቁጥር አንድ የወተት አቅራቢ ተቋም ነው።አዲሱ ህግ የፕሬዝዳንቱን ቤተሰብ ድርጅት ተጠቃሚ ያደርጋል። 2/2	positive
የሚሉትን አያውቁም ና ይቅር በላቸዉ!	positive
“አሁን ያለዉ መንግስት አሃዳዊ አይደለሁም ቢል እንኳን እኔ ፀር ፌድራሊስት ናችሁ ነዉ የምላቸዉ:: የጠቅላይ ምንስትሩ አርዐያዎች አፄ ሚኒሊክ እና አፄ ሐይለስላሴ ናቸዉ እስታይላቸዉ…	positive
የገና ስጦታ ነሽ ለኛ በኢትዮጵያዊነት ለምናምን፣ የሀገራችን ነገር ከውስጥ ከደማችን ጋር ለሠረፀ ዜጎች። እግዚአብሔር በስራሽ ሁሉ ከፊትሽ ይቅደም።	positive
ይህ ምርጥ ውይይት አያምልጣችሁ።	positive
ተመስገን! ይሄ ሥርአት አልበኝነት ካልተገታ ግን ለነገም ዋስትና የለም	positive
???? ውይኔ ዲግሪ የገዛ ሁላ እየተጋለጠ ነው	positive
ታኬ እንኳን ደስ አለህ::   በመድናችን ታሪክ በማሳየትህ::  ስፖርት: ለጤንነት: ለወዳጅነት: ለሠላም: ለአንድነት: ለብልጽግና!	positive
3/ስለዚህ የተከበሩ ጠ/ሚንስትራችንን ወደፊት ለሁሉም ነገር አላህ ይርዳዎት	positive
PPs	positive
ጀግናው የለውጡ መሐንዲስ ገና ብዙ ሕልም የሚመሥሉን አዳዲስ ኩነቶችን ያሣዩናል። እናመሠግናለን።	positive
እንደ አንድ ሃገሩን የሚወድ ዜጋ በቀጣዩ የኢትዮጵያ ምርጫ ለኢትዮጵያውያን ጥቅም የቆመ ጠንካራ መንግስት እንዲመሰረት ምኞቴ ነው።ኢትዮጵያውያን የመረጡት ዜጎቹን ማገለገል ግዴታው መሆኑ…	positive
ደህና እግዚአብሄር ይመስገን! እኔ በጣም ደህና ነኝ፡፡ ቤተሰብ ሁሉ ሰላም? :-)	positive
ርዥም እድሜና  ጤና  ይስጦዎት  ክቡር ጠቅላይ ሚንስተር	positive
‹‹በግዥም ሆነ በንብረት ማስወገድ ለአገር ኢኮኖሚያዊ ጠቀሜታ ለማምጣት ወደፊት እንራመዳለን›› ወ/ሮ ፅዋዬ ሙሉነህ፣ የመንግሥት ግዥና ንብረት ማስወገድ አገልግሎት ዋና ዳይሬክተር	positive
አርቴታ ስራ እንደጀመረ ያስታውቃል	positive
ቅድምያ የዜጎች ደህንነት ይረጋገጥ ። የታገቱትን ዜጎችን መንግስት በአሉት አማራጮች ሁሉ ተጠቅሞ ወደቤተሰቦቻቸው በሰላም የሚመለሱበትን መንገድ ይፈልግ ።  በየቦታው የምንሰማው የሞት ዜና መቋጫ…	positive
ደስ፡ሲል፡ሱዳኖች፡ ሌላ፡አለም፡ላይ፡ናቸው	positive
በዓለም ዙሪያ ቆንጆ	positive
የኢትዮጵያ ኤሌክትሪክ አገልግሎት በመጪው የገና በዓል ሊከሰት የሚችለውን የኃይል መቆራረጥና መዋዠቅን ለመቀነስና ሲከሰትም አፋጣኝ ምላሽ ለመስጠት የሚያስችል ዝግጅት በማድረግ ላይ ይገ…	positive
አንድ ሆነን በመደመር ጥላ ስር ከተሰባሰብን የአገራችን ብልፅግና ቅርብ እና የተሳካ ነው!	positive
3/5. በተጨማሪም የፌዴራል ስርዓቱ  ባለፉት ዓመታት ተግባራዊ ሲደረግ በርካታ በጎ ውጤቶች  እንዲመዘገቡ ማስቻሉን በማብራራት፤ ነገር ግን በሂደት የተለያዩ ውስንነቶች የነበሩበት መሆ…	positive
ከእንቅልፍህ፡ንቃ…ጌታ፡ኢየሱስ፡በሚጠብቃት፡ሀገር፡ሟርት፡አይሰራም!!!!	positive
እውነትህን ነው:: ልክ ተግሬ እና ትህነግ በፈንጠዝያ ውስጥ ሆነው የ27 አመት ወርቃማ እድል: በፈንጠዝያ መንፈስ እንዳመለጣቸው ማለት ነው::	positive
እግዚአብሔር አምላክ ለዚህ ለተቀደሰ ክብር ያብቃን አሜን!!!	positive
ወደ ብልፅግና የምናደረገውን ጉዞ የምትችሉ አግዙን፤ ማገዝ ያልቻላችሁ ፀልዩልን፤ ምንም ማድረግ ካልቻላችሁ ግን አታደናቀፉን! አብይ አህመድ ከደቡብ አፍሪካ	positive
Elias melka ያቀናበረው ዘፈን ነው! ግጥሙም የእሱ ነው:: ዘፋኙ ደግሞ ልዑል ሃይሉ ይባላል	positive
ሚሰማ ከተገኘ ቁልፉ ይህ ነበር::	positive
ለመልካም ዕድልሲል በአውሮፕላን ሞተር ውስጥ ሳንቲም የወረወረው ግለሰብ ተቀጣ! ሉ የተሳፋሪውን እንቅስቃሴን በማወክ በሚል በፖሊስ ለ10ቀናት በእስር ቆይቶ ጉዳዩ በሲቪል ኬስ ታይቶ ካ…	positive
ነኝ ብየ አላውቅም  ያመንኩትን እኔ አለቅም  እግዚአብሔር ነው ጠባቂዬ መነሻዬ መድርሻዬ        ከቴዲ የሱፍ መዝሙር	positive
የአማራ ሙስሊም ቆረጠ ከአማራነት ሙስሊምነት ይበልጣል እኛም አህመዲን ጀበል ነን ሉሙጡን ባንዲራ አሽቀንጥሮ ጣለ 3 January 2020	positive
ለለውጥ_ለዕድገት _ ለሥራ _ያለህ ፍላጎት _ከተግባር ጋ ነው በሚገረም _ሁኔታ _ብዙ ነገሮችን  እየቀየርክ _ነው ደስ ይላል በርታ እንደግፍሀለን _ከንቲባችን የለወጥ _ሰው ??	positive
ስኬት ሁልጊዜ በዚህ ምሽት ላይ ያገኝዎታል።	positive
ዳዊት መለሰ ምርጥ ሰው ሁሌም ዘፈኖቹ እኮ አዲስ ናቸው ጥንቅ ብለው ተለፍቶባቸው የተሰሩ ናቸው????! መቼ ይሆን አዲስ አልበም ሚያወጣው ????	positive
ሁላችንም በጋራ ነጻ ስንወጣ ነው ኢትዮጵያ ውስጥ ነጻነት የሚሰፍነው። ሁላችንም በእኩል ተጠቃሚ የሚያደርግ ስርአት ሲመሰረት ነው ርትኡነት የሚሰፍነው። ሁሉንም በእኩል የሚዳኝ ስርአት ስናሰፍን ነው ፍትህ የምትጸናው።	positive
የኢትዮጵያ ህዝብ:  ሁሉም የኢትዮጵያ ባንኮች፡ ልዩ የሚያደርገን በባንካችን ከውጪ የተላከሏትን ገንዘብ ሲቀበሉ ሽልማት የሚያገኙበት እጣ ማቅረባችን ነው።	positive
በበረት ተወለደ ጌታ ይሁን ለሰላምና ለደስታ!!!	positive
የጃፓናዊ ብርቱካን ጭማቂ እወዳለሁ	positive
ኢትዬጲያ በአሁን ሰዓት ሚያስፈልጋት ችግር እና ክፋተት ብቻ የሚያይ ሳይሆን አማራጭ እና የተሻለ የመፋትሄ ሀሳብ ሚያቀርብ ነው። ችግርማ በሽ ነው !!!! መፋትሄ ነዉ ያጠረን	positive
እውነቱ ራስን መሆን ነው	positive
ብዙ ማሰብ መልካምም ጥሩ ተፈፃሚነት ያለው እግዚአብሔር ያለው ብቻ ነው።	positive
እንኳን ለእመቤታችን ቅድስት ድንግል ማርያም ክብረበዓል አደረሰን! ??☦️??	positive
ችግሩን ከመሰረቱ መፍታቱ ነው የሚያዋጣም ማለባበሱ አይጠቅምም።	positive
የኔንም ቤት እንደዚ ሞቅ ሞቅ! ??	positive
ጠቃሚ የሆኑ ሀሳቦች የተነሱበት ንግግር ነው፤ ያላዳመጣችሁት ብታደምጡት ብዙ ትማሩበታላችሁ።	positive
የያሬድ ጥበቡ መርዝ  ከበረከት ስምዖን በኋላም አሁንም አላለቀም  !!!	positive
በደንብ እረዳለሁ ፡፡ ኡራ-ቻን ፣ መልካም ልደት	positive
ስህተትን በስህተት ማረም አይቻልም። እውነት ከሆነ፣ የሃገሪቱን ብዙኃን ያላገናዘበ ነው። ካፒታሊዝም ሎዲንግ ...?	positive
በሃሳብ መለያየት እኮ ቀሽት ነው። የተለየ ሃሳብ ያለውን ከዘጉ ምኑን ተወያዩት። እኔና አንተ ያልተቦላለክነው ስለምንግባባ መቼ ሆነ። ስለምንከባበር መስሎኝ።	positive
መቻልስ እንደ የኔ ቆንጆ ኑሪ እያለ እንደሚዘፍነው ልጅ እና እንደ ቤቲ ነው በቃ።??	positive
አብቹ የኔ ጀግና ኑርልኝ ክበርልኝ ፈጣሪ አምላክ  የመረጠውን ማንም ሊጥለው አይችልም ፈጣሪ ከፍ ያደረገውን ማንም ዝቅ ሊያደርገው አይችልም አሁንም አምላኬ ከፍ ከፍ ያድርግህ ዝቅ ያ…	positive
ለማ ለሚኮ አብቹ ለሚኮ ትላንት የአንድ ሳንቲም ገፅታ መሆናችሁን አሳያችሁን በፈጣሪም በህዝብ ዘንድ የተወደዳችሁ የተቀናባችሁ ነበራችሁ። እውነት ለሰይጣን እድል…	positive
ጠ/ር ዶክተር አብይ ዛሬ ከወላይታ የሀገር ሽማግሌዎች እና የወላይታ ዞን የማሕበረሰብ ተወካዮች ጋር ውይይት አካሂደዋል። ውይይቱ በወላይታ ህዝብ ጥያቄና በአካባቢው የወቅቱ ተጨባጭ ሁኔታ ዙሪያ ሲሆን አመርቂና አበረታች ነበር	positive
ወደ ዕብራውያን-Hebrews :4  12 የእግዚአብሔር ቃል ሕያው ነውና፥ የሚሠራም፥ ሁለትም አፍ ካለው ሰይፍ ሁሉ ይልቅ የተሳለ ነው፥ ነፍስንና መንፈስንም ጅማትንና ቅልጥምንም እስኪለ…	positive
እሁድ ከሰዓት በኋላ ነው። ነገን የራሳቸው ማድረግ፣ ትናንታቸውን ተሞርክዘው ወደፊት መስፈንጠር የሚፈልጉ የነገ የሀገራችን ተስፋ የሆኑ ወጣቶች በሞሽን የማማከርና ስልጠና ማዕከል ውስጥ ከትመዋል።	positive
በጣም የልብ አድራሽ ናቸው??	positive
የትም ብትሄድ ጎበዝ ምግብ ሰሬዎቹ ወንዶች ናቸው አለው ሌፍቲ ለዶኒ	positive
ብዙዎች ደስ ይላቸዋል።”        /ሉቃስ ፩:፲፬/  ቅዱስ ደግ አቡነ ተክለሃይማኖት ታኅሣሥ ፳፬ ተወለዱ። አባታችን ረድኤታቸው በረከታቸው አማላጅነታቸው አይለየን??   ፈጣሪ  ሆ…	positive
ሌብነትን፡ሙሳናን፣ያለ፡እውቀት፡ስልጣን፡መያዝን፣ዋልታ፡እረገጥ፡አስተሰብን፣ልግመኛነትን፣ከሚፀየፈው፡አብይ፡ጋር፡ወደፊት!!!	positive
ተራ ዜጋ መሆኔ ቀርቶ፤ ባለተራ ዜጋ የምሆንበት ዘመን እንዲሆንልኝ  ምኞቴ ፅኑ ነው??	positive
አሕመዲን ጀበል ትናንት ያደረገው ቃለ ምልልስ ለራሱም ጠቅሞታል። ስሙን ያለ አግባብ በማጥፋት በተጠመዱት ደብተራዎች የተነሳ በብዙዎች ዘንድ ጥርስ ተነክሶበት ነበር። አሁን ግን በርካቶች የግለሰቡ እውነታ ግል	positive
አስደሳች እና የበለፀገ አዲስ ዓመት። ወደ አዲስ ጅማሬ	positive
➕➕➕እንኳን ለ ለብርሃነ ልደቱ ፤ ለጌታችን ልደት በዓል በሰላም አደረሳችሁ።➕➕➕ በጎል ሰከበ አፅርቅት ተጠብለለ   ቤዛ ኩሉ ዓለም ዮም ተወልደ በበረት ተኛ በጨርቅ ተጠቅለለ፡ የ…	positive
የሚገርም እኮ ነው ለማመንም የሚቸግር በነሱ ላይ ፈጥኖ መለጠፉ	positive
the Lord first!?? ▪️ነገር ግን ከሁሉ አስቀድማችሁ የእግዚአብሔርን መንግሥትና ጽድቁንም ፈልጉ ፤ይህም ሁሉ ይጨመርላችኋል። _Mathew; 6☀️☀️??	positive
ንሕመይለና። ወዳጄ ከሽረ እና መቀለ 70 እንደርታ ፍቅር ካልሆነ በስተቀር ሶስት ነጥብ ሚባል የለም። ዲቻ 0 ሽረ 2 ወልቅጤ 0 መ.70.እንደርታ 1 (ኤማ) ወልዋሎ ኣዮኩም...	positive
ማር እየላስን ነዋ፣ ማር ለጤና ጠቃሚ ነው፣ ሎል :)	positive
አሜን እንኳን አብሮ አደረሰን	positive
✔እውነት ያሸንፋል…! ምንም እንኳ ብዙ ተስፋ አስቆራጭ ነገር ብናይም ተስፋችን ይለመልማል እንጂ አይከስምም! ምክንያቱም ፍልሚያው በሰዎች መካከል ሳይሆን በእውነትና በውሸት ነው…	positive
መቼም ማስተዋል መልካም አይደል፣እዚ ገፅ ላይ የፃፋትን እርሶን ጨምሮ አምባሳዳር እራሴንም ሳለይ መሆኑ ነው፣ያለንበት አገር መለያየቱ ባይገርመኝም፣የሁላችን ቀን…	positive
በጣም ትክክል ያሬዶ በጣም ታሪካዊ ሰው እኮ ነው??????????...	positive
ከላይ ላሉት ሰዎች ሁሉ እኔ እለምናለሁ። በክፍት እጆች እንደምትቀበሉኝ እና በዚህ አመት ቢቶች በማየቴ ሞገስ እንዳሳየኝ ተስፋ አደርጋለሁ ፡፡ ለሁሉም ትእዛዝህ እሰግዳለሁ	positive
እስኪ ከክላስ ፎርፎ እኪደወል ሽንት ቤት የተደበቀ ምስኪን ?????♂️?????♂️?????♂️?????♂️?????♂️?????♂️	positive
ዩኒቨርስቲዎች መዘጋት የለባቸውም ብዬ ነው የማምነው ምክንያቱም መንግስት የተማሪዎችን ደህንነት የማስጠበቅ ግዴታ ስላለበት፤ አልፎም ከዩኒቨርስቲ ውጭ የዜጎችን ደህንነት ማስጠበቅ ስለተ…	positive
እሺ አቤልዬ??	positive
በአዋሽ ተፋሰስ ቆላማ አካባቢዎች የቆላ ስንዴ ልማት እየተካሄደ ነው	positive
ለእትዮጵያ አንድነት፣በቀለም በፆታ በሀይማኖት በብሔር ሳንከፋፈል አብረን ወደፊት እንጓዝ ፣ተያይዞ ወደ ብልጽግና ጉዞ ......!	positive
በዚህ ሁሉ መሀል ግን እንዴት እንዲህ ሆን የሚለውን ጥያቄ አንስተን መልስ መመለስ አለብን። በመካከላችን ስምምነት አጥተን እየተሳሳብን መሆ…	positive
የሩስያ ላሞች ጭንቀት መቀነሻ ቴክኖሎጂ ተገጠመላቸው	positive
በጣም እጅጉን የናፈቅሺኝ ልጄ መልካም አዲስ አመት ላንቺ  ፣ ለእናትሽ ፣ ለአያትሽ	positive
ጥልቅ ፍቅር ነዉ?	positive
ተማሪዎች ጉዳይ ላይ የጠቅላይ ሚኒስቴሩ ጽሕፈት ቤት ዛሬ አመሻሽ 12 ሰዓት ላይ  ላይ መግለጫ  እንደሚሰጥ የሳይንስና ከፍተኛ ትምህርት ሚኒስቴር ሚንስትር ዲኤታ ሳሙኤል ክፍሌ (ዶ/ር)…	positive
የሽብር ወንጀልን ለመከላከልና ለመቆጣጠር የቀረበው ረቂቅ ህግ  በህዝብ ተወካዮች ምክር ቤት ፀደቀ፡፡	positive
መንግስት የትኛውንም መንገድ ተጠቅሞ ባስቸኳይ የታገቱ ተማሪዎችን ነጻ እንዲያወጣቸው እንጠይቃለን።	positive
የጋሞ ዞን ክልል የመሆን ጥያቄ ለደቡብ ክልል ምክር ቤት ቀርቦ በተቀመጠዉ የጊዜ ገደብ (በአንድ ዓመት) ዉሳኔ ባለማግኘቱ የጋሞ ዞን ምክር ቤት ለፌዴሬሽን ምክር ቤት ቅሬታ አቅርቧል።…	positive
ክቡር ከንቲባችን ጥቆማችንን ሳይንቁ ሊወስዱት ያለው እርምጃ ሊድንቅ ይገባዋል! My mayor!	positive
በርካቶች የገና በዓልን ለማክበር ወደ ቅዱስ ላሊበላ እየተጉዋዙ ነው። እንግዶቻችንን በኢትዮጵያዊ ሰው አክባሪነት ወግ እግራቸውን እያጠብን እየተቀበልን ነው። ነጮችም እግር እያጠቡ ነው።	positive
ሰውዬው ከባድ ሚዛን ነው።	positive
??ለሃገር ሰላምና ለህዝቦች አንድነት የወጣቶች ሁለንተናዊ የነቃ ተሳትፎ ወሳኝ ነው??	positive
የተሰበሩ ልቦችን በመጠገን በዓልን አብረን እናሳልፍ ብለን ባስተላለፍነው ጥሪ መሰረት የመክፈቻው መርሀ ግብር በርካታ ወገኖች በተገኙበት በዛሬው እለት ባማረ ሁኔታ ተጀምሮአል::…	positive
????ስትገርም እኮ አይ ፈጣሪ ስራው ግሩም ነው መቼም..	positive
ነፍስ ይማር ጋሽ ደቤ! ከግጥሞችህ እኩል የምታጨሳትን ኒያላ እየነደደች ዴስክ ላይ በቂጧ የምታስቀምጣት ነገር አብራን ብዙዎች ዘንድ ትኖራለች።	positive
እንዲህ ዓይነት ድንቅ ስራ ለምን ሸገር ብቻ እንደሚወሰን አይገባኝም!!!  የሸገር ወንዞችን ብቻ ሳይሆን ሸገር ዙሪያ ያሉ ተራሮች ለምን በዛፍ ተከላ አይዋበም፣ በዚህ በርካታ ሺህ ቋሚ…	positive
መሀል ላይ ወደ ቀጣይ ትውልድ መተላለፍ ያቆመ ፍፁም ትህትናና ራስን ዝቅ በማድረግ የሚገለፅ ትልቅነት	positive
የታገቱት ተማሪዎች እንደተለቀቁ ተገልጿል:: መልካም ዜና ነው:: ለከፍተኛ ትምህርት ተቋማት ተማሪወች ደህንነት: የመማር ማስተማር ሂደቱ ስኬታማ ቀጣይነት እና ስለነጋችን ዋስትና  ይኖረን ዘንድ ግን ብዙ ሊሰራ ይገባል::	positive
እርስዎን አይደለም ጋሽዬ????	positive
ብርቱው ወንድሜ Thomas Jejaw Molla እንኳን ተወለድህ። ቀሪ ዘመንህ የተባረከ ይሁን።	positive
የጠቅላይ ሚኒስትር ዐቢይ አሕመድ የእንኳን አደረሳችሁ መልክት	positive
የተዛባ የአመጋገብ ሥርዓት ችግሮችን ዜሮ የማድረግ እንቅስቃሴ	positive
መሪዬ አንተ ዝም ብለህ ሥራ ጌታ ካንተ ጋር ነው አንተን የሚጠብቅ አይተኛም አያንቀላፋም እንወድሃለን	positive
ስራ ላይ ነን!!	positive
አንተን አምኖ ያፈረ የለምና!!! የኔ ድርሳን አድግ በይልኝ	positive
ምርጥ ስራ ነው አቤል	positive
3)ለሁሉም የምናሥተምረው ተማሪው ብዙው ሠወ ስለማይገል ሠምቶ ያፈሠዋል ጥቂት የሚመለከታቸው ተለይተው መማር ባለባቸው የትምሕርት አሠጣጥ እና ትምሕርት መሠጠት ባለበት ሥለማንሠጥ እና…	positive
ለህሊናህ ስትል እንኳን አገር ያወቀውን??የሞቀውን እውነታ ባትክድ ጥሩ ነው! ግን ግን የጎጥህ ስልቻ ውስጥ ተወትፈህ ይህን አገናዝበህ; እውነታውን ከውሸት ለይተህ…	positive
የኢትዮጵያ ከ17 ዓመት በታች የሴቶች ብሔራዊ ቡድን ልምምዱን እየሰራ ይገኛል	positive
የክርስትና ትህትና በተግባር	positive
Keep moving man!!! አይዞህ በአለም ታሪክ ማንም ሰው አዲስ ነገር ይዞ ሲመጣ ተቀባይነት አጊንቶ አያውቅም!! ....	positive
በኦሮሞ ብሄርተኝነት ቤት ውስጥ ሆኖ ኢትዮጵያን የማዳን ዕዳ መሸከም እጅግ ከባድ ነው!	positive
አዳማ ከተማዎች አፄዎቹን በፍቅር ተቀብለዋል። ህዝቤኮ ይዋደዳል፣ ይከባበራል፣ አብሮነትን ይሻል። ኳሳችን የፖለቲካ ሸቀጥ አይሸጥሸትም!  ሰላም ለኢትዮጵያ⚽??	positive
አለት ጥበብ ሲሆን ድንጋይ ውበት ለብሶ አይን ትንግርት ያያል ላልይበላ ደርሶ መሔድን ይጠላል እግር ተመልሶ::	positive
ተነሱ ተነሱ አሁነው ወቅቱ ማንም አትመኑ ለዲናቹ ያለ እኗተ ማነው የሚቆረቅርለትየኢ/የ እስላሞች	positive
በመቀራረብ ፣ በመከባበር ፣ በቅንነትና በመቻቻል መርህና መንፈስ በፖለቲከኞችና ምሁራን መካከል በሚደረጉ ውይይቶችና ምክክሮች አማካኝነት በኢትዮጵያችን ውስጥ ሊፈቱ የማይችሉ ምንም አይ…	positive
ህግ የሚከበረው አማራ ክልል የተባለ ውስጥ ብቻ ነው የአማራ ተማሪዎችን የደፈሩ፣ከህንፃ እየወረወሩ የገደሉ ዮንቨርስቲ ተማሪዎቾና የዮንቨርስቲ መምህራን መቼ ነው የሚታሰሩት?የሚጠየቁት?	positive
ቢያወሩት፣ ለምን ይሄ አልሆነም እያሉ ቢጠይቁ ማለቂያም መልስም አይገኝም። እኔ ምን ላድርግ ብሎ መነሳትን የመሰለ የእርካታ ምንጭ ግን ፍጹም የለም። በርታ ወዳጄ። ተሳካ፣ አለቀ…	positive
Ethiopia የትግራይን ጥንታዊ ስልጣኔ እና ሃብታም ባህል የኛ በሚል ማታለያ መስረቅ አብቅቷል!!	positive
መልካም አዲስ ዓመት በሚቀጥለው ዓመት ጓደኛ ብትፈጠር ደስ ብሎኛል	positive
በርታልን!  የዉሕድቱን ፕሮግራም ማግኘት ብንችል የበለጠ በጥልቀት ተረድተን ማሰረዳቱንም አናግዝ ነበር::	positive
ለጥቆማዉ እያመሰገንን የበአል ወቅትን ህብረተሰባችን በሰላም እንዲያከብር በማሰብ ጉዳዩን ከበዓሉ በኋላ ያዛወርነዉ መሆኑን እንገልፃለን።	positive
... ወዳጅ ማለት አብሮ፣ ሲባክን ነው እንጅ እንዳይን፣ እንደ ጆሮ፣ እንደ እግር፣ እንደ እጅ  ቀኝ ጌታ ዮፍታሄ ንጉሴ	positive
፮ ♥??  ሰማዕቷ በምልጃ ፀሎቷ ሀገራችንን   ኢትዮጵያ ከክፉ ሁሉ ትታደግልን። አሜን   ሰላም ለሀገራችን????❤??	positive
አንቺ ፍጹም እመቤት ፣ ቀድሞ ይቅርታ ጠይቀሻል ፡፡ በህይወትዎ ውስጥ…	positive
ማመናችሁን ለማረጋገጥ ከፈለጋችሁ ለራሳቹ የምትወዱትን፣ ለወንድማቹ ውደዱ። ይህ ነው የነቢዪ ሙሀመድ (የአላህ ሰላም በእርሳቸው ላይ ይስፈን) አስተምህሮ የነበረው።	positive
ክቡርነቶ በየሄዱበት እያስከበሩን ነውና እግዚአብሔር የስልጣን ዘመንዎን የስኬትና የድል ያድርግሎት! ጌታ ከእርስዎ ጋር ይሁን!	positive
ለእኛ ያስፈልጋል ??ሰላምዬ በይልኝ የተባረከ ይሁን?? ??????	positive
የግለሰብን መብት ከቡድን ጋር አመጣጥኖ መውሰድ እንጂ የቡድንን ጨፍልቆ በግለሰብ መብት መተካት አሁን መሬት ላይ ባለው የማህበረሰብ እድገት ደረጃ ጦርነት መጋበዝ ነው	positive
እንኳን ጭንቅላትህ ተረፈ ነው ያልከው ደሞ እንኳን ማርያም ማራችሁ አይደለም	positive
የአሁኑ ሰዓት ፖለቲከኞቻችን በጨለማው ሰአት ለፖለቲካ ፍጆታ የተመለመሉ እና ለ፳፯ ዓመት አንድም የፖለቲካ ውሳኔ ያላስተላለፉ ግብስብሶች የነበሩ መሆናቸውን ያለው ሁኔታ ቁልጭ አድርጎ ያሳያል	positive
በነገው እለት የመምህር መላከ መንክራት ግርማ ወንድሙ የፈውስ ስነስርዓት አላቼው ኑ ተባረኩ	positive
ብሾፍቱ የተወለድኩ...አዳማ ያደኩ...አዲሥ አበባ የተማርኩ...ኳሥ የምወድ...አንጀት የሚያቆሥለው የአርሠናል ደጋፊ ነኝ! አባቴና እናቴ ጉራጌ የሆኑ ነኝ! አለ ብርሓኑ ነጋ ሥለ…	positive
አሜን አሜን እንኳ አብሮ አደረስን ????✝️??	positive
ፍትህ በሌለበት ቦታ ሁሉ ሰላም የለም።	positive
የደቡብ ኦሞ ሰው ነው በአካባቢው ማህበረሰብ ሚንጊ የሚባል ህፃናት የመግደል ባህል ለማስቀረት የሚጥር እናም የተሳካለት angel ነው	positive
እሁድ ያለዉ የመርሲ ሳይድ ግጥሚያ አጓጊ ነዉ።	positive
ምን ለማለት ፈልገው ነው? መንግስት ብዙውን ወጭ ሸፍኖ ባያስተምር ኖሮ ተማሪዎች ከተወለዱበት ከተማ ርቀው ስለማይሄዱ ለብሔር ግጭት አ…	positive
በካህናት የታጠረች በመንፈስ ቅዱስ የተከለለች የእግዚአብሔር የሕጉ ታቦት ጽዮን ሆይ  ንጉሥሽ ለጠላት አይሸነፍም ሀገርንም አይተዋትም፡፡	positive
ሰይፉ ለአቲስት አብይ ቃለ መጠይቅ አደረገለት ነው የምትሉኝ.... ድንቅ ነው መቸም!	positive
እነኾ ለሕዝብ ኹሉ የሚኾን ታላቅ ደስታን የምሥራች እነግራችዃለኹ እና አትፍሩ ዛሬ በዳዊት ከተማ መድኃኒት እርሱም ክርስቶስ ጌታ የኾነ ተወልዶላችኋል  ሉቃስ ፪፥፲-፲፮ “ተወልደ እ…	positive
አብያችን ኢትዮጵያን ከገባችበት ቅርቃር እያወጣ ያለ ድንቅ መሪ ነውና በርታ ልንለው ይገባል በጣም!ብልጽግና የግለሰቦች ና ቡደን መብት ሚከበርበት አማካኙን ያካተተ ፓርቲ ነውና ለሁሉም ይበጃል	positive
ተምራ ከልተማርክ  ተማራ ከሚበል፡ ሰትማር በንፁህ  አዕምሮ ብትኖር ይሻለል፡ ፡	positive
ጌታ ሆይ ለበጎዎች እና ለቀና ቀና ለሆኑ መልካም አድርግ ፡፡ መዝ 125.4	positive
እስክንድር የኔ ጀግና	positive
ጓደኛየ ነው ፈርሞ የላከልኝ ምርጥ ስራው ይሄው	positive
መልካም አዲስ አመት አዲሱ ዘመን የፍቅር የሰላም የብልፅግና የአገራችን ሰላም እየተመኘሁ ለሁሉም ማህበረሰብ  እንኳን በሰላም አደረሳቹህ	positive
የሀሳበ ግልፅነትን ፣ የልብን ንፁህነትን  ሀገር ሰላም ትሁን  ፣ እድሜውንም ይስጠን አንተም ደህና ሁን ፣ አብረን እናያለን ፕርስትሮይካን ፣ ግላስኖስቱን ።	positive
የህይወቴ የመጨረሻ ስኬት መልካምነት ነው።	positive
እውነት ነው ትክክል ብለሀል። ነገር ግን ማን ይበለው ማን የሕዝቦችን መከራ በመመኘት ሰላምን የሚያደፈርስ ማንኛውም ቢሆን አደብ ይገዛ ዘንድ ሊነገረው ይገባል…	positive
ይሰማል አፄውያን ሀይማኖታችን  ከህይወታችን በላይ ነው !!!	positive
እጅግ በጣም ሊከበሩ፣ ሊወደሱ እና ሊመሠገኑ የሚገባቸው  ብርቅዬ ልዩ የቁርጥ ቀን ኢትዮጵያዊ መሪ በመሆናቸው ዕድሜያቸውን ያርዝምልን፤ በረከቱ፣ ጤንነቱ፤ ብርታቱ  ... ይብዛላቸው እላለሁ!!	positive
??✏ — በሞት ጥላ መካከል እንኳ ብሄድ አንተ ከእኔ ጋር ነህና ክፉን አልፈራም በትርህና ምርኵዝህ እነርሱ ያጸናኑኛል።	positive
24/04.12 እቲሳ ተክለሃይማኖት። የአባታችን በረከት በሁላችን ላይ ይደር። የዓመት ሰው ይበለን።	positive
መልካም ነገር ለማድረግ ጊዜ ያጣ ሰዉ መልካም ለመሆንም ጊዜ አይኖረዉም። ሪቢንድራት ታጎር	positive
My PM GOD Bless You ሁሌም እንጸልይልሃለን። አንተም ይህንን ፀሎት ፀልይ 1ኛ ነገስት 3: 3-13	positive
አንተን ማዋራት አለብኝ ስለሁሉም ነገር እባክህ አግኘኝ	positive
እንደ ዓይን ብሌን ጠብቀኝ፥ በክንፎችህ ጥላ ሰውረኝ	positive
ሪፖርት | ሀዲያ ሆሳዕና የዓመቱን የመጀመርያ ድል አሳክቷል	positive
ዓመታት ድንቅ አገልግሎት ላበረከቱ አርቲስቶች እውቅና ተሰጠ::  ድምጻዊ መሀሙድ አህመድ: ገጣሚ አለምጸሃይ ወዳጆና ሙዚቀኛ ሰላም ስዩም (ሰላሚኞ) እንኳን ደስ አላችሁ::  ለአምባሰል…	positive
የተማሪዎች የምገባ መርሃ ግብርን አጠናክሮ ማስቀጠል የሚያስችል ህግ እየተዘጋጀ መሆኑ ተገለፀ	positive
በጣም ደስ ይል ነበር	positive
አሁን ነው ጊዜው; ሌሎቻችሁ የትግራይን ህዝብ ይዛችሁ ከሌላው ወገኑ ጋር ወደ ወደፊትዋ ኢትዮጵያ የማምጣትና ከሚገኘው የሰላምና የብልፅግና ትሩፋት የማቅዋደስ ሃላፊነታችሁን በብቃት የም…	positive
የሚበረታታ	positive
የመስጠት ቀን! | ገና በዓል አከባበርና ስጦታ	positive
የባህርዳር ሠላማዊ ሠልፍ የአቋም መግለጫ  . «ሙስሊሙ የመስጊድ፣ የበዓላት ማክበሪያ እና የመቃብር ቦታ እጦት በጣም አማርሮታል፤ በመሆኑም በባህር ዳር ብሎም በክል…	positive
ከ 1200 በለይ በጎዳና ላይ ያሉ ዜጎችን አንስተናል። በቀጣይ ሳምንታትም እየተገነቡ ባሉ መጠለያ ማዕከላት ማስገባቱን በተጠናከረ መልኩ እንቀጥላለን።  ጎዳና ማለፊያ እንጂ መኖሪያ አይደለምና።…	positive
የኢሕአዴግ ውሕደት ስምምነት የፊርማ ሥነ ሥርዓት ላይ  አቶ ብናልፍ ያቀረቡት ማብራሪያ	positive
እሜን ለሁላችን እስኬው   እግዚአብሔር  ካንተ ጋር ይሁን	positive
ኦሮሞ ብለህ ሁሉንም አታጠቃል አባቴ ፓርቲዎቹ ውስጥ ያሉት በማይረባ የዘር ፖለቲካ እናካሂዳለን ሚሉ እነዚህ እንጂ ኦሮሞ ብለህ ህዝቡን ማጠቃለል አይገባም ልክም አይደለም!	positive
መልካም እሴቶቻችንን የምንጠብቀው ችግሮቻችንን በመደበቅ ወይንም በአድልዎ  ዜጎቻችንን በማየት አይደለም:: ዩኒቨርስቲዎቻችንን ሙያተኛ ማፍሪያ እንጂ በድንጋይ…	positive
ዝም ብለህ እንደ አንዳንድ ፖለቲከኞች  ተከባብረን እና ተዋደን...ብሄር ብሄረሰቦች...በዴሞክራሲያዊ መልኩ....አንዳንድ ሀይሎች...ምና…	positive
Asham tv | አናርጅ እናውጋ ሙስሊሞች ያንን ተግባራዊ ባደረጉ ጊዜ ውጤታማ ሆነው ነበረ ክፍል 4 | S01 E1 4	positive
የት ነው ያለው ? መቅረጽሽ ና ትዊት ማድረግሽም ለበጎ ነው ፈጣሪ ይርዳህ	positive
እውነት ነው! እኔ ጸበል መርጨት ከሚገባቸው ውስጥ ነኝ ??	positive
መጻኢ እድል የሚጠቅመን መልካም እሴቶቻችንን በጋራ መጠበቅ ጠላቶቻችንን በጋራ መመከት ነው!	positive
እንኳንም የስላም ስልፍ አደረገላችሁ ውድ ወገኖቼ! ክፉዋችሁን አያስማን የኛ ጨዋዎች!!	positive
ጽኑ፥ አይዞአችሁ፥ አትፍሩ፥ ከፊታቸውም አትደንግጡ፤ አምላክህ እግዚአብሔር እርሱ ከአንተ ጋር ይሄዳል፤ አይጥልህም፥ አይተውህም። (ኦሪት ዘዳግም 31:6)	positive
በፍጹም፣ ያንን አልፈልግም። ደስ የሚለኝ ከኛ እኩል እንዲ በለጽጉ ነው። በመሰርቱ ለሶስት ሺህ አመት ለየዘመኑ ንጉስ አብረውን ከኛ እኩል እየገበሩ አይደል እዚ የደረሰንው።	positive
አሜን ኤዱ????	positive
ጥር 22 ለሞጣ ተጎጂዎች ካሣ የምንሆንበት ቀን ነው!   የኢትዮጵያ እስልምና ጉዳዮች ም/ቤት የሞጣ ሙስሊሞች ከደረሰባቸው አስነዋሪ ጥቃት ማገገም ይችሉ ዘንድ ነገ ጥር 22 ታላቅ የገቢ ማሰባሰቢያ አ…	positive
እድለኛ ነህ ካስሽ . . ስንቱ አጥቶት ሁለተኛ እትሙን ሲጠብቅ ነበር ??	positive
እባካችሁ ስብሰብ በሉ። ፐሮግራም የኑራችሁ። ሀገ ደንብ ይኑራችሁ። ራእይ ይኑራችሁ። ህዛበችሁን ተዋወቁ። እየተባለ በዓለም ላይ የፖለቲካ ፓርቲዎች የሚለመኑበት ሀገር ኢትዮጵያ ብቻ ሳይ…	positive
ባልደራስ በምርጫ ቦርድ ተቀባይነት አግኝቷል። የመፍትሔ ጉዞ!	positive
3)በነፃ መንግድ ሐገርን ማገልገል የሚቻልበት ብዙ መንገድ የምታውቂው አና ያለታወቀ ብዙ መንገድ አለ ።ወተሽ በመናገረሽ ያገኝሽው እድል ብቻ እንደሆነ እንዳድትረጅ ይገባል ብዙ መድረክ…	positive
ክቡር  ጠቅላይ ሚነስቴር  አናምሰግንለን	positive
የኛ ኩራት❤	positive
በጣም ብቸኛ ነኝ	positive
††† ?????? ????❤️ ?????? ††† ††† ሳታቋርጡ ጸልዩ፣ በሁሉ አመስግኑ  ††† ††† 1ኛ ወደ ተሰሎንቄ ሰዎች 5:17-18 ††† ✞??????✞አሜን✞??????✞ ✞??????✞አሜን✞??????✞ ✞❤❤❤✞አሜን✞❤❤❤✞	positive
የፖርቲዎቻችንን ውሕደት የሚያበሥረው ወሳኝ የፊርማ ሥነ ሥርዓት ዛሬ ተካሄደ:: የውሕደት ጉዞው ሕግና ሥርዓትን ጠብቆ በአስተማማኝ ሁኔታ ይቀጥላል።	positive
ትግሉ በተስፋ እና በተስፋ መቁረጥ በመተማመን እና በጥርጣሬ በእውነት እና በሐሰት ፣ በፍርሀትና በፍቅር  በጎሳ እና አንድነት  በጥበብ እና ኢጥበባዊነት  መካከል ነው ተጋድሎው በእያ…	positive
ለማ መገረሳ ኢ/ያን ከዉድቀት ያዳናት የኢ/ያ ባለ ዉለታ ነዉ።የለዉጡ አርቴክት ነበር። ይህን ታርክም የኢ/ያ ህዝብም አይረሳዉም።ለአብይም ስልጣኑን አሳልፈዉ የሰጠ የአብይም ባለ ዉለታ ነዉ። Dr ሄኖክ ገቢሳ	positive
በሀገር ውስጥ የምትኖሩ ወገኖች - በስሜን ወሎ ዞን ግዳን ወረዳ የሚገኙ ሁለት የገጠር ትምህርት ቤቶችን ለማደስ የሚያግዝ የገንዘብ ድጋፋችሁን በዚህ የባንክ ቁጥር ማስገባት ይቻላል…??…	positive
ጨዋታው 0 - 0 ተጠናቋል የመጀመሪያ ጨዋታ ነው ይስተካከላል!!! ወደ ስፍራው የተጓዛችሁ የክለባችን ዕንቁ ቤተሰቦች በሰላም ወደ ከተማችሁ ተመለሱልን!!! ጊዮርጊሳዊት ገና ከዚህም በላይ ያብባል!!!	positive
ልጅ ሲራክ ብዓል እስኻን ንዓኻ ዝመስሉን ነዛ አብዛ ቭድዮ ዘላ አመንዝራ ናይ አባ ሻውል???? ዓይነት ዘርኢ ማሕበር አንድነት አብ ጽርግያታት አስመራ ብድፍረት ተደሚ…	positive
አይ አመሰግናለሁ	positive
ስም ከመቃብር በላይ ይውላል ይሉሀል ይህ ነው	positive
መልካም  አዲስ አመት  እንዲሆንለወት እመኛለሁ።	positive
ይህን የእስክንድርን እንቅስቃሴ  በተደጋጋሚ የሚያደናቅፈውን የበላይ አካል ማንነት ማወቅ ከእስክንድር በላይ ለዶክተር አብይ መንግስት/ ፖርቲ አስፈላጊ ይመስለኛል።	positive
ፅንፈኛ ፋኖ የሚባል የለም ?????♀️እዛው ወደዚያ ጉዳቹሁ እየወጣ ነው ምድረ ሰው በላ አውሬዎች  መስጊድ አቃጥላቹ አማራውን ለማባላት ለዛሬ አልተሳካም ጥፉ ከዚህ መርዝ	positive
ይህን የነገረህ ሰው ሁሉም ሰው የሚኖረው እርሱ እንደሚያልመው ስለሚመስለው ነው።   ቤተክርስቲያን ማርያምም ጊዮርጊስም እየደረስክ ሳትመጣ አትቀርም ብዬ እገምታለሁ፣ በሀሰት አትመስክር የሚለውን አብላላው።	positive
‹‹መንደር በሚል ጎሬ ውስጥ ተወሽቆ መገኘት በመንፈስ የመኮስመን ጥግ ነው፡፡ ከኢትዮጵያዊነት ከፍታ ፈፅሞ አንወርድም፤ አንፈጠፈጥም!››አንዱዓለም አራጌ	positive
ለሶሻል ሜዲያ ተጠቃሚዎች ትልቅ ጥንቃቄ እንዲያደርጉ የሚጠቁም ነው:: እናመሰግናለን::	positive
አሜን አሜን አሜን ሰላምዬ የኔ ልዩ????????????	positive
ጥሩ እየሰፋህ ነው በርታልን።	positive
ይህን ነው ያጣነው ። ጠያቂ እንዴት ዋላችሁ ፣ አደራችሁ ፣ አመሻችሁ ? እግዚአብሔር ይባርክህ ! እግዚአብሔር የተመሰገነ ይሁን ደህና ነኝ። የሌላውን ግን አላውቅም።…	positive
እባክህ ወንድም አታስቀይስ የሚበጀንን ጠንቅቀን ብናስተውልና ብናውቅስ ነው ያልኩት!!	positive
እግዚአብሔር በትዕግሥት ይባርከን ! ትዕግስት ከማጣት ብዙ ጉዳት በራስም በሌሎችም ላይ ማድረስ አለ:: ትዕግስት ከማጣት ስፍራን መልቀቅ: ጸጋን መጣል: ከበረከት መጉደል አለ:: እግዚ…	positive
በስህተት ወደ አካውንታቸው የገባውን አንድ ሚልዮን ብር በቅንነት የመለሱት ግለሰብ- አቶ ደሳለኝ ብስራት!   ቅንነት እውነትን ለራስ መንገር ሲሆን ታማኝነት ደግሞ ሀቁን ለሌሎች መን…	positive
እመን_እንጂ_አትፍራ ።  የእግዚአብሔር ስራ ግሩም ድንቅ ነው!!  ጥንታዊ ገዳም ማርያም ጠሞዞ  ደቡብ ትግራይ  ኣላጀ ቦራ ቸለና ????✝️????	positive
ገሪዎችም ለጥፋታቸው ካሳ ይክፈሉ ይሏቸዋል፡፡ ቦረናዎቹ አልተስማሙም፡፡ የገሪ የቦረና የሚባል መሬት የለም፡፡ Laftiin ta Waaqa. ኤላውንና ውሃውን እንዴ…	positive
ኢሳ 19 (Isa) 24-25፤ የሠራዊት ጌታ እግዚአብሔር፡— ሕዝቤ ግብፅ፥ የእጄም ሥራ አሦር፥ ርስቴም እስራኤል የተባረከ ይሁን፡ ብሎ ይባርካቸዋልና በዚያ ቀን እስራኤል ለግብፅና ለአ…	positive
ከኢዜማም ጋር ተዋሀዱ አንድነት ሀይል ነው። በፖሊሲ መፋጨት የስልጣኔ ምልክት ነው። ዘረኞች ዘራቸው ብን ይበል።	positive
የተለቀቀው የመጅሊሱ መግለጫ ብቻ ነው ኡስታዝ በድሩ ሁሴን ያነበበው የሞጣ ጥቃት አጣሪ ቡድኑ ሪፖርትም በፅሁፍ ቢወጣ ጥሩ ነው :: ወሳኝ ሪፖርት ነው	positive
መልካም  ጅማሮ ነው :: እኛም  ከጎንህ  ነን	positive
እንዲህ መሸጫህን ስትናገር አሪፍ ነው ??????	positive
ንግድ ሥራዎች ኮርፖሬሽን የውጭ ምንዛሪን በማስገኘትና የዋጋ ንረትን በማረጋጋት ረገድ እየተወጣ ያለውን ሀገራዊ ሀላፊነት አጠናክሮ መቀጠል እንዳለበት ተገለፀ፡፡	positive
ዓለም በጣም ንጹህ ስለሆኑ ቤተሰቦችዎ አይሰቃዩም	positive
ስህተት ይሄ ቀበና ወንዝ ነው። ሁሉም ወደዚህ ድንቅና ውብ ወንዝ ጎራ በማለት ድካም የተጫጫነው ሰውነቱን በጀልባ ቀዘፋ እንዲያፍታታው እመክራለሁ።   አመሰግናለሁ!??	positive
ጌታ ሆይ፤ አሁን እንደ ቃልህ ባሪያህን በሰላም ታሰናብተዋለህ፤ ዓይኖቼ በሰዎች ሁሉ ፊት ያዘጋጀኸውን ማዳንህን አይተዋልና።ይህም ለአሕዛብ ሁሉን የሚገልጥ ብርሃን ለህዝብህም ለእስራ…	positive
ምንም ልካም እለተ ሰንበት ከሰንበት እረደኤትና በረከት ተካፋይ ያድርገን????	positive
እንዲህ አይነቱን የተባረከና የተቀደሰውን ተግባር እየሰራህ በሸርና በተንኮል ላይ የተሰማሩትን አንጀታቸውን አድብናቸው:: መቼም ይህን ባዩ ግዜ…	positive
አንድነት	positive
እኛ ነው ማየት	positive
ማንኛውም ስራ የሚሰራው በኃላፊነትና በተጠያቂነት ነው ውሸት ነው የሚል አካል መክሰስ ይችላል።ይህን መረጃ ያወጣው አካል  በኢትዮጵያ ቢሮ ያለው የተመዘገበና…	positive
መልካም የጌታ ልደት ለእርስዎም የተከበሩ ፕሬዜዳንት።	positive
የወንድ ቆንጆም ምርጥ ስራ ነው፤ ውሸታምን ጊዜ ወስደህ ስማው።  የሰቀላት እኮ የመጀመሪያ አልበሟ ገበያ ላይ አዲስና ምርጥ ሳውንድ ይዞ መምጣቱ ነው(በዚህ ተስማምተናል…	positive
የአንድ ሀገር ጠንካራ ብሔራዊ ቡድን መሰረቱ  ጠንካራ ክለቦች ናቸው ። ከእግር ኳስ ክለቦቻችን አንዱ የሆነውን ፋሲል ከነማን በመርዳት ለጠንካራ ብሔራዊ ቡድን መሰረት እንጣል!	positive
የአገራችን ድንቅ ቅርሶቻችን በጋራ እንከባከብ!!	positive
ወገኖቼ:—   ከዚህ በታች ያለው የፌስቡክ ገፄ ስለተጠለፈ ለማዘጋት ሪፓርት በማድረግ እንድትተባበሩኝ እጠይቃለሁ።  አመሰግናለሁ!	positive
በኢትዮጵያ የሃገር መከላከያ ሚንስትር ለማ መገርሳ የተመራ ከፍተኛ የልዑካን ቡድን የኢትዮጵያ እና የአሜሪካንን የሁለትዮሽ የመከላከያ ትብብር ለማጠናከር ዛሬ ጠዋት ዋሽ…	positive
የቡድን ማንነትን እና መብቶችን በተመለከተ የሰላ ጥያቄ በማቅረብክ ደስ ብሎኛል! ለዚህም ድግሞ የ critical race theoryን ፍሬሞርክ በተወሰናነ ደረጃ  መጠቀምክ የጥቁር ሰዋ…	positive
ድል ለዲሞክራሲ ????	positive
ጥሩ ቀማሽ ነው ለማለት ነው	positive
ጠ/ሚኒ ዶ/ር ዐቢይ በደቡብ አፍሪካ ለሚገኙ ኢትዮጵያውያን ያስተላለፉት መልዕክት	positive
ኣሜን ውዴ	positive
መፈራት ያለብህ አንተ ብቻ መወደስ ያለብህ አንተ ብቻ እልሃለው ዛሬም እኔም ቆሜ አንተው በሰጠኸኝ ዘመንና ቅኔ ልዑል ሆይ ማደሪያህ ይባረክ  ??????	positive
ኧረ እነሱ እንኳን በጥምረታቸው ይቀጥሉበት ተዋቸው	positive
በ 2020 ተስፋ አለን እኔም ሴት ልጅ እፈልጋለሁ ??	positive
አብዛኞች የአማራ ክልል ባለስልጣናት ኑሮዋቸው አዲስ አበባ ነው። የክልሉን ስራ ሚሰሩት በአውሮፕላን እየተመላለሱ ነው።	positive
ስለዚህ የተከበሩ ጠ/ሚንስትራችንን ወደፊት ለ አላህ ይርዳዎት ፤የአ/ሳ ግድብ ለመጀመሪያ ጊዜ ለአነስተኛ ሀይል ማመንጫ ተብሎ በደ .አ.አ በጣሊያኖች የተሰራ ሲሆ…	positive
ህዝብን የሚያነቁና የዲሞክራሲ ተሳትፎ የሚያሳድጉ የዲሞክራሲ ተቋማት ግንባታና የዲሞክራሲያ ምርጫ ባህል ማዳበር አጋዥ ሥራዎች ቅድሚያ ሊሰጥ ይገባል!!!	positive
እውነት ነው .... ግን ምን አለበት እውነተኛ ለሆነው እስክንድር ነጋ : ለእውነት የቆመውን እስክንድር ነጋን አንተም ነፃነቱን ሰጥትህ እሱን እንደመከርከው አንተም ደሞ…	positive
አፉ ብለውሃል ?? አንተ አትሳሳትም ብለን እኮ ነው ??	positive
አሜን ፤ ክብረት ይስጥልኝ ????	positive
በስደት ላሉ ወገኖቻችን ተስፋ ነው።	positive
አቶ ለማ ይህን ያልተጠበቀና ሊከፋፍለን የሚችል አቁዋም ይዘው የውጡት የሀይል ሚዛን በማየት የነጃዋርን ቡድን መጠጋት ይበጀኛል ከሚል ከንቱ ግላዊ ፍላጎት በመነሳት እንዳልሆነ ትል…	positive
በዚህ አጋጣሚ የወጣቶች ተዘዋዋሪ ፈንድ ተጠቃሚ እንድንሆን ያረገኝን የአአ ክልል መስተዳድርን አመሠግናለሁ ። እርስዋም አመስግኑልኝ!	positive
እንዲያ ካልሽ ፒስ በቃ ያንቺ ጤና ስለሚያሳስበኝ ነው	positive
እየቀበርን በወርቅ ቅቦች እየተጥለቀለቅን ነው ለቤ/ክ የሰሩ ታላቅ አባት በረከትዎ ትድረሰን!	positive
ድንቅ ውይይት ነው እናመሰግናለን ቀጥሉበት ::	positive
አንድነታችን ሁሌም መለያችን ነው “ድር ቤይብር አንበሳ ያስር””	positive
እለተ ምፅአት ዛሬ ነው ቢባል እንኳን ተስፋ አትቁረጥ፤ ገንዘብህን፣ ጊዜህን እና ዘመንህን በከንቱ አታባክን። የእውቀት እና የገንዘብ ድህነት እንዳያጠቃህ ነቅተህ ትጋ። ባለህ ነገር ሁ…	positive
የኔ ድንቅ መሪዬ  ዶር ዐብይ የህዝብህ ኩራት አኮረህኝ በሄድክበት በድል የምትመጣ ለወገነህ ደራሽ ስሆንከደ ኮራሁበህ ተባረክልኝ ሁሌም ከጎንህ ነኝ	positive
ፖለቲካ ከነካካቸው ሰዎች ውስጥ እንደ እስክንድር ነጋ አይነት ጠንጋራ ከቶ ከወዴት ይገኛል ??	positive
የአማራ ብሄርተኝነት ያነገባቸው ፍትሃዊ ጥያቄዎች፣ የጉዞው ፍጥነትና ፈተናዎችን የመሻገር ብቃቱን በሚገባ ካየነው በአጭር ጊዜ ውስጥ ለድል እንደሚበቃ ጥርጥር የለውም።  እንስራ፣ እንጠ…	positive
ጽዮን ግርማ የጋዜጠኝነት ማማ!	positive
እንደንብ አውራ ፈረሱ እንዳሞራ ጊዮርጊስ ጊዮርጊስ ኢትዮጵያን አደራ/፪/   ሰላም ለኢትዮጵያ     ????❤ ሰላም ላገራችን ይላክልን ይላክልን  ቸሩ አምላካችን !??  ፳፫ ቅዱስ ጊዮርጊስ…	positive
ሁሉን የፈጠረ አምላክ ሁሉን ያውቃልና ሰው የድርሻውን ሠርቶ ሀሳቡን ሁሉ ለፈጣሪው ቢሠጥ ጭንቀት  አይኖርም።	positive
በደንብ የተደራጀ ቡድን እየሰራበት ይገኛል ። ነገ ጁምኣ ለሞጣ በሚል መርህ ታላቅ የገንዘብ ማሰቤሰብ ይካሄዳል። አካውንት ተከፍቶ ብር መግባትም ተጀምሯል። ሰው በታገቱት ጉዳይ ተወጥሮ ይመስለኛል።	positive
ሁሉም ባለድርሻ አካላት በኢትዮጵያ የእናቶችና ህፃናትን የጤንነት ደረጃ ለማሻሻል በጋራ ለመስራት የገቡትን ቃል እንዲያድሱ ጥሪያቸውን አቅርበዋል።	positive
በዓሉ የጥላቻ፣የመፈናቀል፣ የስደት፣ የውድመት፣ የክህደትና የሞት መናፍስት የእሳት ላንቃቸው የሚከስምበት: የሰላም፣ የፍቅር፣ አብሮ የመስራት፣ አብሮ የመማር፣የመኖርና የመልማት ጌቶች የሚነግሱበት ያድርግልን!	positive
በእግዚአብሔር ሥዕል የተሣሉ ኪሩቤል የሚጋርዱሽ መቅደስ አንቺ ነሽ ። ንፅህት ሆይ ያለመለወጥ ከአንቺ ሰው የሆነው ቃል ሐጢያታችንን የሚያስተሰርይልንና አበሳችንን የሚደመስስልን ሆነ…	positive
ዞር ብለው ካዩ  ብዙ ይመለከታሉ ውድኛም ቢመጡ  መልካም ንገር ይመልከታሉ	positive
በእምቅ ቃላቱ፤ በቅኔ ሐብቱ፤ በምሳሌያዊ አነጋገር ክምችቱ፤ በዳበረ ቋንቋነቱ አማርኛ እጅግ ውብ ነው!  «በሬ ካራጁ…» «ፈስ ያለበት ዝላይ አይችልም»  «ተንጋለው ቢተፉ ተመልሶ ካፉ…	positive
መልካም ዜና ይኼውልህ፦  የኢየሱስ ክርስቶስን ልደት ምክንያት በማድረግ ነገ ከጧቱ 12 ፡00 ላይ 9 ጊዜ መድፍ እንደሚተኮስ የመከላከያ ሚኒስቴር አስታወቀ።	positive
ፈጣሪ ሆይ እኔ 1 ግዜ ስጠራት 99 ግዜ አቤት የምትል ሚስት ስጠኝ። ????	positive
ባልና ሚስት ካንድ ወንዝ ይቀዳል...ዘንድሮ ጊዜው የናንተ ነው	positive
ለሕክምናው ባለሙያዎች ትልቅ ክብር አለኝ ዶክተር ዕድሜ ይስጣቸው ቅንነትንም ያድልልን።	positive
What a blessed day is today!እንቋዕ ናብዚ ደረጃ በጻሕካ፡ ህግደፍ ንዕላማታትን ራእን ህዝባዊ ግንባር ዝረስዐ መጻኢና ዘጸልመተ ውድብ ምዃኑ…	positive
የሲዳማ ቡና ደጋፊዎች ከ 5-0 ድል በኃላ ከተማዋን ሞቅ ደመቅ አድርገዋት ነበር።	positive
ክብር ለሰንደቅ አላማችን ይሁን!!!	positive
ምክር ቤቱ የሽብር ወንጀልን ለመከላከል እና ለመቆጣጠር የቀረበውን ረቂቅ አዋጅ አጸደቀ	positive
አቤቱ አምላኬ ሆይ እንደሰው የማያስቡትን እንደሰው እንዲያስቡ አድርጋቸው	positive
ካልተኛህ ና ትጠራለህ…ሙያዊ አስተያየትህ ተናፍቋል እዚህ።  አመሰግናለው።	positive
ይቅርታ ፍቅርን ወለደ . ፍቅር አንድነትን ወለደ . አንድነት ብልፅግናን ወለደ . ብልፅግና ስኬትን ይወልዳል!!	positive
ሀገረ ናት አኮ መኩራራዬ  ሠላሙዋ አኮ ነዉ ሠላምታዬ	positive
ብርሀኑ ድጋፌ በጣም ጎበዝ ተዋናይ ነው	positive
ይህ ቦታ ከተማ ወጣ ብሎ በአዲስ አበባና በኦሮሚያ ድንበር ላይ ያለ ሲሆን የመልክአ ምድር አቀማመጡ መንፈስን ያድሳል። ይሄን ቦታ ያላያቹ ክርስቲያኖች ቦታውን በማየት የበረከቱ ተካፋይ ትሆኑ ዘንድ ጋበዝኳችሁ።	positive
ክቡር ጠሚ፦  የሚቃወሙት ላይ ታፔላ መለጠፍና መፈረጅ  ከተጀመረ የተባለው ዲሞክራሲ እንዴት ሊገነባ ነው?  በምንስ ማስረጃ ነው የተቃወሙትን በዚህ መልኩ ስም መስጠ…	positive
እንኳን ለብርሀነ ልደቱ አደረሳችሁ፣ አደረሰን	positive
አምላክህ እግዚአብሔር ይፈትንህ ዘንድ፥ በልብህም ያለውን ትእዛዙን ትጠብቅ ወይም አትጠብቅ እንደሆነ ያውቅ ዘንድ፥ ሊያስጨንቅህ በእነዚህ በአርባ ዓመታት በምድረ በዳ የመራህን መንገድ…	positive
አንተኮ ጨዋ ጨዋ ያሳደገህ መሪ ነህ!!!! ለምንጊዜውም ተባረከ!!!!	positive
ፍጹም እመቤት ፣ ቀድሞ ይቅርታ ጠይቀሻል ፡፡ በህይወትዎ ውስጥ ስህተትን…	positive
ውብ ሃገሬ ፣ ከውብ ልጇ ጋር!	positive
እንደዚህ ልጅ በጉጉት የጠበቅሁት ዘፋኝ የለም	positive
ውይ ፌስ ቡኩን ትቼው ነበር ረጅም ግዜም ሆነኝ በናታችሁ እሰኪ ሁላችንም ሟቾች ነን ለሰከንድ አስበን መልካም መልካሙን ብቻ እናስብ !!!!!	positive
ጠቅላይ ሚንስትር ዐቢይ አሕመድ የኖቤል የሰላም ሽልማትን በማሸነፉ የተሰማኝን ደስታና ጥልቅ ስሜት ለመግለፅ እወዳለሁ፡፡ ጠቅላይ ሚንስትሩ ለቀጠናው ላመጣው ሰላምና ተስፋ ሽልማቱ…	positive
የፌደራል ፖሊስ ኮሚሽንን ለማዘመን የሚያስችል ፕሮጄክት ተቀርጾ እየተሰራ ነው	positive
እንደዚህ ግልጥ ስትሉ ጥሩ ነው	positive
የራያ ህዝብ የማንነት ጉዳይ የህይወት ዘመን ተቀዳሚ አጀንዳችን ነው!!!! ይህን ካላሳካን በቀር እንቅልፍም ምቾትም አይታሰብም!!! አሁን ላይ ጫፍ ደርሷል!!! ይሳካልም!!! አሜን!!!	positive
- ሐሰተኛ የእውቅና ፍቃድ እያሳተሙ ተማሪዎችን ተቀብለው የሚያስተምሩ ተቋማት በተደጋጋሚ ተገኝተዋል፡፡  - ያለ ምንም የተግባር ልምምድ የሚመረቁ የጤና ተማሪዎችም አሉ፤ ከብቃት ማነስ…	positive
ጌታችን ባይባል እንኳን እንዴት ጌታ አይባልም?	positive
እንክን ለዚህ ታላቅ ቀን አደረሶት እርሶንም ግደኞቾንም ከ20 አመት በላይ አሜሪካን ውስጥ ኖሪያለሆኝ ለዚያውም ታላላቅ ከተሞች እንደ ዲሲ ፊለ…	positive
ብሰላም ተመሊስና።ኣምላኽ ይመስገን።ንዓመታ ከምሎምዘበን ብሰላም የራኽበና። ክብረት ኣሃበልና ህዝቢ ኣኽሱም ክብረት ኣሃበልና ኣባላት ጸጸታ	positive
ሐረር (የፍቅር ሀገር) እያለሁ ነበር Qikapa(ቅዳሜ ከሰዓት party) ያቋቋምኩት፡፡ በቀጣዩ ምርጫ ከመረጣቹኝ ግባብዳ ደባዎች ላይ ከባድ ግብር በመጣል ብልፅግና ለማረጋገጥ ቃል እገባለሁ	positive
ታይቶ የማይጠገብ  ከልብ ?? የሚፈነጭ ደስታ  ሲያሳዩት ማማሩ  ሣቅና ፈገግታ ??	positive
አሜን የኔ ጌታ!	positive
ቅድሚያ ያቺን ጥንካሬ አገኝ ዘንድ ዱዓ ማድረግ አለብኝ።	positive
ግባ በለው ሸዋ በአይነቱ እና ከ6ሺ ሰው በላይ የተሳተፈበት ሙዚቃ ነገ ስምንት ሰዓት በየኛ ቱዩብ ይለቀቃል።  እንኳን ደስ አለህ ወንድሜ Balehageru Teshome	positive
በኖቭል ኮሮና ቫይረስ የተጠረጠሩት 4 ሰዎች ከቫይረስ ነፃ መሆናቸው ተረጋገጠ  ሀዋሳ፡ ጥር 21/2012 ዓ.ም (ደሬቴድ) በኖቭል ኮሮና ቫይረስ የተጠረጠሩት 4 ሰዎች ከቫይረስ ነፃ መ…	positive
ሲዳማ ራስን የማስተዳዳር ጉዞ ጥናታዊ ጽሁፍ ፊላታ ቦሮጄ ቃዬርዲን ተዘራ ጋር የሰሩትን ጥናት አቅርበው ጥሩ ውይይት ከብቃት ያላቸው እንግዶች ጋር ማድረጋቸውን ገለጹ።	positive
መልካም አዲስ አመት!????	positive
እልልልልልልልልልልልል ልልልልልልልልልል እልልልልልልልልልልልልል እግዚአብሔር ይመስገን አሜን አሜን አሜን አሜን	positive
ethio talecom እንኳን ለገና በአል በሰላም አደረሳችሁ እያለ በአይነቱ ለየት ያለ የ50% የአየር ሰአት ስጥታ!የገናን በአል ምክንያት በማድረግ እስከ ጥር 1 ቀ…	positive
ጥርት ያለ ምልከታ ያለውን ብዥታ ለማጥራት የሚረዳ ጠቃሚ ፆሁፍ ነው ሊነበብ ይገባል	positive
ውድ እህታችን ማጌጫዋን ከወገኖቼ አይበልጥም በማለት በሞጣ በአንዲት ጀምበር ለዘመናት ያካበቱት ሀብት ንብረታቸው ዶግአመድ ለሆነባቸው ሙስሊም ወገኖቻችን አበርክታለች??   አላህ በወጣው…	positive
ቢያንስ ተገኑ ነህ... ማንንም በክፋት ማልጎዳ፣ ህይወትን በጸጋው እምኖር፣  ጥቁት መልካም ሰርቶ ብዙውን አፍርቶ ለመኖር ሚታትር ትገን ነኝ ለራሴም ለሐገር።	positive
ባልደራስ ለእውነተኛ ዲሞክራሲ ምርጫችን ነው። በርቱልን?? ድል ለዲሞክራሲ??????❤	positive
ፍፁም ግን profile picture ጋር ሲያምር በናትህ አባባልህ ውስዋስ ውስጥ ያለህ ነው ሚመስለው ??????????????......	positive
እናመሰግናለን አውሮፓ... / ዲያስፖራው ኃላፊነቱን ተወጥቷል.... በብዙ እጥፍ አትርፎ... / ቀሪው ኃላፊነት ሀገር ቤት ላለነው ነን.. / እንፈተናለን.. / ከወደቅን እንጠየቃለን..…	positive
በሀሳብ አለመስማማት ደግሞ ሀሳብ ማጣት እንዳልሆነ ማወቁ ጥሩ ነው	positive
የኛ ስተት  1)ጥቂቶች የሚሰሩትን ክፉ ስራ ለማይሰሩት ለብዙወች ማሥተማራችን ነው እላለው ሐገራችን ብሎም የሠውን ልጅ ለመቀየር ብዙው የሚሰራው የናቅነው ጥቃቅን ክፉ ስራ ላይ ሕግ እ…	positive
የኔ ቆንጆ ኪዳን ምህረት ትዳብስሽ _የኢዮብን ትግስት ይስጥሽ _እግዚአብሔር _ቀን አለው	positive
?????? እሺ	positive
ውጭ ለስልጠና ባገኘው እድል ተምሮ መጥቶ ነው	positive
ወሎ ልጅነትን የሚያስናፍቁ ባህላዊ ዘፈኖች፦ በወሎ ደሴ ዙሪያ ... (ዘፈንና ዘመን)	positive
የአማራ ህዝብ እርስ በርሱና ከሌላው ወገኑ ጋር እንዳይባላ ከተፈለገ የጎጃምና የጎንደርን አክቲቪስት ብቻ ሳይሆን ፖለቲከኞችንም ገለል እንድሉ ማድረግ አስፈላጊ ነው::	positive
ኤዜማን  መ ምርጥ ኢትዮጵያውያን ማዳን ነው።	positive
የኢትዮጵያ ወሎ ኦፓልን የሚያህል ጥራት ያለው እዚህ ምድር ላይ እስካሁን የለም፤ በወሎ ኦፓል የአገራችንን ኢኮኖሚ ማሳደግ እንችላለን፣ ሁኔታዎች ሁሉ በመንግስት በኩል ቢመቻቹ ዘርፉ ለ…	positive
እንኳን ሰማይ ላይ ባንዲራሽን አይቶ ስምሽ ሲጠራ ማን ዝም ይላል ሰምቶ  እንኳን ሰማይ ላይ ባንዲራሽን አይቶ ኢትዮጵያ ሲባል ማን ዝም ይላል ሰምቶ   ???? ኢትዮጵያ ለዘላለም ትኑር????	positive
ዳጊዬ የኔን ጀግና ብዙ እንደምትሠሪ ለረጅም ጊዜ ከነበረን ግንኙነት ተረድቻለሁ። በርቺልን። የትራንስፖርቱ ዘርፍ ውስብስብ ችግሮች ያሉበት በመሆኑ ሥራችሁ በፈ…	positive
መተንፈሻ እስከማይኖር ሰዉ እየጫኑ መስኮቱ እንዳይከፈት በሽቦ፣ በገመድ የሚያስሩ ርጉም ባለታክሲዎች ላይ ደህና መብረቅ የሚያወርድ አምላክ ጠፋ? ??	positive
በሚቀጥለው ሳምንት ደሞ ሌላውም ሄዶ እንዲህ ያለ ምርቃት እንደሚቀበል እንጠብቃለን።	positive
????አዎ ከትላንት በላይ ዛሬ ላይ በአንተና በሀገራችን ትልቅ ተስፋ ሰንቀናልና ከጎንህ እንሰለፋለን።   ❤????ጥሌ-ወመቂ	positive
ተጋጣሚያችን አክብረን፣ በሜዳችን፣ ከሜዳችን ውጭ ሳንል ሁልጊዜም፣ ለማሸነፍ ወደ ሜዳ እንገባለን። ከፊታችን ያለውን ጨዋታ እያሸነፍን ስንሄድ፣ ለሻምፒዮናነት እንፎካከራለን፤ ልጆቸ ይ…	positive
ጥሩ ሃሳብ ነው	positive
ፕሮፌሰር ብርሃኑ ነጋ፣ አቶ አንዳርጋቸው ፅጌ እና የድርጅቱ ከፍተኛ አመራሮ እንኳን ወደ እናት ሀገራችሁ ኢትዮጵያ በሰላም  ገባችሁ።	positive
የፌደራሊስቶች ህብረት የሚባል አዲስ ግንባር ይመሰረታል የሚል ነገር ሰምተን ነበር ምን ያህል እውነት ነው??	positive
ጭቆናን ከማሰወገድ ዷምከራሲያዊት ኢትዬጵያን ለመፍጠርና ሀገራዊ ቅቡልነትን ለማረጋገጥ: መተግበር ያለበት አንዱ ጉዳይ ዕርቅና ሰላምና ብሔራዊ መግባባትና በሀገራችን ማሰፈን ነው። ዐ…	positive
አመሰግናለሁ	positive
የጥንቷ ግብፅን አየር ፣ የዩ-ጊ-ኦ-ደረጃን እወዳለሁ!	positive
ዮሴፍ ወይ እንደ ሰሎሜ በሆንን በቤተልሔም በቤተልሔም በቤተልሔም     በሆንን አምላክ ሲወለድ ባየን      እንኳን አደረሳችሁ፤ አደረሰን።	positive
እኛ ሙስሊሞች  እንደ ህዝብ  ለምን  አንደመጥም  ለምንስ  አክራሪ ሙስሊሞች  በሚለን  ቤተ መንግስት እንመራለን ዳንኤል ክብረት የቤተ መንግስት አክራሪ	positive
መጥፎ አይደለም	positive
ብልፅግና የተግባር ፓርቲ። ይህንን እቅዳችሁን እንዲሣካ ዘወትር መደገፋችችንን አናቆምም።	positive
እንደምን አደራችሁ? ቀናችሁን በእውቀት ጀምሩ! በአዲሱ ኪዳን አገልጋይ የህዝብ አለቃ አይደለም እንደ ስሙ አገልጋይ እንጂ!!! ዘወትር ሰኞ ምሽት 11:30 ከሚሰጡ ተከታታይ ትምህርቶች…	positive
የታላቁ የኢትዮጵያ ሕዳሴ ግድብ  የውኃ ሙሌት እና አለቃቀቅ  ሂደት ላይ የሦስትዮሽ ውይይት በአዲስ አበባ እየተካሄደ ነው **** የታላቁ የሕዳሴ ግድብ የውኃ ሙሌት እና አለቃቀቅ ሂደ…	positive
የሰሞኑ የፖለቲካ ፓርትዎች ጥምረት በመልካም ጎኑ ሊታይ ይገባናል!  እኞም ብዙ የአማራጭ አሳቦች ስለሚቀርብል የምርጫ ክርክሩን በትግስት ልንጠብቅ ይገባል። ከሁሉም በላይ በሰላማችን መደራደር የለብንም።	positive
ጤናህ እንዲመለስ እንፀልያለን:: በእስር ላይ ከፍ ያለ ጉዳት ደርሶብሀል::	positive
ትራምፕ ከኢራቅ ከወጣ ጦርነት ማስቀረት ይቻላል ።	positive
ልክኖት ጠ/ር ዶ/ር ዐብይ አህመድ አሊ እርሶንም ከልብ የመነጨ ምስጋናዬ ይድርሶት ካሉበት ቦታ በጣም ወዶታለው !!!	positive
ደ/አፍሪካ ያሉት ኢትዮጵያውያን ደህንነት የሰራሀው እጅግ በጣም የምያስመሰግንነው	positive
አደራህን ትንሽ ፈታ አርገው...	positive
ሀገራችን፣ የአካል ጉዳት ያለባቸው ሕፃናት እንዴት የትምህርት እድል ያግኙ? የሚለውን ጉዳይ የተለያዩ ዓለም አቀፍ ስምምነቶችን በህጎቿ በማካተት እንዲተገበሩ ተቀብላ አፅድቃለች፡፡ 2/3	positive
እግዚአብሔር ይመስገን! ገና ምኑ ተነካና።????????	positive
መጪው አዲስ ዓመት መደማመጥ የሚቻልበት፤ተቃውሞን ምክንያት አንተርሶ የሚቀርብበት፤አንድን ነገር የሚያውቅ ሰው ሲናገር የምንሰማበት፤የምናነብበት የምናስተውልበት ያድርግልን።ኢትዮጵያ ለዘለአለም ትኑር!	positive
በጋራ መስጠት እንጀምር	positive
አሜን እውነት ብለሀል መሪዬ ዶር ዐብይ ብዙዎች ከአንተጋር መሆናችንን እንመሰክራለን	positive
እግዚአብሔር ካንተ ጋ ይሁን ብርቱ ሰው!!!!!	positive
ነገር ግን ሰላማዊ ትግል ላይ ያለውን አቋም ለአፍታም ቀይሮ አያውቅም  (2/2)	positive
የጋምቤላ፣ ቦንጋ እና አርባምንጭ ዩኒቨርሲቲዎች የመማር ማስተማር ሂደቱ በሰላማዊ ሁኔታ መቀጠሉን ገለጹ	positive
ሎዛ አበራ በማልታ ግብ ማምረቷን አጠናክራ ቀጥላለች	positive
በርከት ያሉ ያአጥቂ ስፍራ ተጫዋቾችን የማስፈረማችን ምክንያቱ አሁን ግልፅ የሆነ ይመስለኛል።  ሳላ ከሌለ ጎል የለም!!  ውሸት በሆነ ብለህ የምትመኘው መራር እውነት!! ሰላም ዋሉ ቤተሰቦች ??????	positive
የእግዚአብሔር ጥበቃ አገራችን ላይ ይሁን ??	positive
ማሒ የኔ ቆንጆ መልካም ቀን	positive
ቸር ያሠማን?? መልካም ሠንበት??	positive
..... ደቂቀ ብርሀንን; ውበት ፍቅር እውነትን; ለመገላገል ነው የዘወትር ምጤ; ይኸው ነው መስቀሌ! ይህም ነው አክሊሌ! ይህም ነው ድክመቴ! ይህም ነው ብርታቴ// _ጋሽ ደበበ እሸቱ☀️??	positive
ራእይ 19 (Revelation) 13፤ በደምም የተረጨ ልብስ ተጐናጽፎአል፥ ስሙም የእግዚአብሔር ቃል ተብሎአል።	positive
የእኔ ሰዎች	positive
ኧረ መጣሁ: እንዴት ናችሁ ምናምን ይባላል። እንኳን ደኅና መጣሽ ሊያ ተናፋቂዋ	positive
እግዚአብሔር  ይመስገን የድንግል  ማርያም  ልጅ ወደ እውነተኛ መንገድ እንድጓዝ ስለአደረገኝ ፈጣሪ ምስጋና ይግባው ??	positive
እንኳዕ ኣብፀሐና ንሕዳር ፅዮን። ************* በረከታ፣ ልመናኣን ምህለላኣን ንእኖና ማርያም ምሳናን ምስኩሉ ዓለምን ይኹን። ሰናይ በዓል ይግበረልና። ወኢያድግ እግዚአብሔር ለሀገር ዘእንበ…	positive
ያባቴ የልደት መታሰቢያ አባትዬ ስምህ ገናናው   ????❤️ በትዉልድ ስማቸው ካሳ ሀይሉ  በፈርስ ስማቸው አባ ታጠቅ  በዉትድርና ስማቸው መይሳው ካሳ  የኢትዮጵያ ኩራት ለሀገሩ ክብር የ…	positive
አይፈሩም ጎንደሮች ልክ እንደ አባታቸው በራስ መተማመን ድፍረት አውርሷቸው!	positive
ኤርትራውያን ነበርቲ ካናዳ፡ መሰል ሃይማኖት ክኽበር ዝጽውዕ ሰላማዊ ሰልፊ ኣካይዶም	positive
የጻድቁ አባታችን አቡነ ተክለ ሃይማኖት ልደታቸው አመታዊ ክብረ በዓል እንኳን  በሰላም አደረስን/ረሳችሁ።  እግዚአብሔር በጻድቁ እንደተመሰገነ እወቁ ። {መዝሙር ዳዊት ፬:፫} ሀገራችንን…	positive
ድፍረት ካልሆነብኝ ይሄንን ፍፁም የሆነ ኢትዮጵያዊ ቁንጅናና የሚያምር አለባበስ አለማድነቅ ስስታምነት ነውና! ይሁን!!!! ብያለሁ ክብርት ዳግማዊት። መልካም በዐል በድጋሚ።	positive
ህይወት ከባድ ተርጓሚ ናት።   ለወዳጅህ አክብሮታችንን አድርስልና ጌታዬ! ??	positive
አብርሐም የእስራኤልም የአሕዛብ ሁሉ አባትም ተብሏል::	positive
ለኔ ታላቅ ክብር ነው! እነበመባሌ የተሰማኝን ትልቅ ክብር በቃላት ልገልፀው አልችልም:: ለሚቀጥለው እምዬ	positive
ከእየሱሴ አንደኛ የምወዳት ወንጌል Seek him first... ለነገሩ የእየሱስዬ ትምህርት ሁሉንም ባነበብኩት ቁጥር ሁሌ ተጨማሪ አዲስ ሃሳብ አገኝበታለሁ። እያንዳንዱ የ…	positive
እግዚአብሔር ታላቅ ነገርን አደረገልን ደስም አለን	positive
መቐለ የመሸጉት ወያኔዎችማለትህ ስለ ወያኔነት ያለህ የእውቀት ድርቀት ወይም ጥላቻ ያሳያል።የህወሓት መሪዎች ብቻ ሳይሆን ሁሉም ትግራዋይ ወያኔ ነው።ወያኔ መን…	positive
በሳሳቅቅቅ!  አሁን ፔጅህን ቼክ ሳረግ ልክ ነኝ ብዙ የለህም ኮ	positive
ዛሬ ባጋጣሚ LTV ማየት ማስታወቂያ ላይ ቤቲ በጣም ብዙ አስቂኝ ፎቶዎች እኔ ላይ ይሰራሉ እኔ ደሞ በጣም ቆንጆ ልጅ እንደሆንኩ አምኜ ስለተቀበልኩ ምንም አይመስለኝም ጎበዝ ልጅ ??…	positive
ማዕከሉ የትራፊክ መረጃዎችን የመሰብሰብ፣ የትራፊክ መብራቶችን የቆይታ ጊዜ እንደ ትራፊክ ፍሰቱ መጠን የመቀያይርና ልዩ ልዩ የትራፊክ ፍሰት ማስተካከያ እርምጃዎች እንዲወሰዱ የማድረግ ስራም ይከናወንበታል ተብሏል፡፡	positive
በሞጣ ለደረሰው ጉዳት ገቢ ማሰባሰቢያ ዘመቻ ተጀምሮአል። ነገ ጁምአ ጥር 22 ደግሞ ዋናው የማሰባሰቢያ ዕለት ነው። ለኢትዮጵያ እስልምና ጉዳዮች ምክር ቤት የሚከተሉትን የባንክ ሂሳብ…	positive
ምንም እንኳን በራሳችን የግዜ አቆጣጠር ባይሆንም የምንኖራቼዉ ቀኖች አንድ ስለሆኑ አላህ መጪዉን ቀናችንን ካለፈዉ የተሻለያድርግልን ለሁላችንም ??❤️ ሳላመስግንህ…	positive
የውኃ ልማት ፈንድ አዲስ አበባን ጨምሮ ለሰባት ከተሞች ከአምስት ቢሊዮን ብር በላይ ብድር ለማቅረብ ተስማማ	positive
ወያኔን እንደምንም እናባር እንጂ ከኦሮሞዎቹ ስልጣን መቀበል ቀላል ነው   ደመቀ መኮንን ከ3 አመት በፊት   ከላይ ያለው አረፋ ነው ባያለው ከትላንት ወዲያ  ገቡልን ??	positive
ከታፈኑ ተማሪወች ውስጥ ያመለጠችዋን ልጅ ሸሺገው ደብቀው ልብሳቸውን አልብሰው ገንዘብ ሰጥተው ወደ ፈለገችበት እንድትሄድ የረዷት የኦሮሞ አባት ክብር ይገባቸዋል  የአመቱ በጎ ሰው ተብ…	positive
ከብልፅግና ፖርቲ ጋር ወደፊት ውዱ መሪያችን ከምንም ግዜ በላይ ዛሬ ከጎኑ ልንቆም ይገባል እውነት ኢትዮጵያን ሀገሩን የሚወድ ሰው  መሪያችን ጎን ቆሞ አገራችንን ከወንበዴዎች መጠበቅ…	positive
እንዲህ በጥበብ መግለፅ ነው እንጂ!! ?? ትርጉም እብደ ተመልካቹ አይደል ...	positive
እኔም እውነት ነው ብያለሁ። ( ከኤፍሬም ኃይሌ FB  )	positive
ልክ ነህ ነገር ግን ስለኢትዮጵያ ነው የምናወራው ሆቴሉ ግዴታ የመንግስት ትዕዛዝ ማስፈፀም አለበት አለ…	positive
ለአላማ ለሀገር ጥቅምና ለፍትህ ታማኝ መሆን በእጅጉ ሊያስመሰግን ይገባል:: ወዳጅነትን ላለማስቀየም ሲባል ፅኑ አላማን መካድ የተለመደ ደካማናት ነው:: አቢይ ለ…	positive
ሲሳይ ጤና ነው ??	positive
ከሰው ጋር ያለው ቅርርብም እጅግ ጥሩ ነው። ከልጅ ካዋቂው	positive
የጊዜ ልዩነት እንጂ ሁሉም ሰው መሳቁ አይቀርም። Be Happy!!	positive
እንዴት  ውብ የሆነ በግል ነው ።	positive
የመጀመሪያውን ለመናገር አውሮፕላኑ ላይ ለመቆየት ይችላል ርበነ ዬኛደጓ ኔእ እራስዎ ተይዟል ህነማ	positive
ትክክል ነህ እኮ አንተ??	positive
እግዚአብሔር ይማርህ????	positive
ድንቅ ፍፃሜ ከጎንህ ነን። በርታልን ።	positive
“ፍራሽ አዳሽ” ተስፋሁን ከበደ አፍ የማያዘጋ የፖለቲካ ሳታሪስት ነዉ- አርትስ ቲቪ ላይ እሱን ስከታተል በረዶዉንና ብርዱን አስረስቶኝ አመሸሁ- አዲስ አበባ ስሄድ…	positive
በተጨማሪም፤  እራሳቸውን ፌዴራሊስት ብለዉ የሚጠሩ፣ ነገር ግን ፌድራሊዝም ባለፈበትም አልፈዉ የማያዉቁና ስለምንነቱ በቅጡ ላልተረዱ እንደ ትህነግ ላሉ አስመሳዮች ጥሩ antidote ይ…	positive
አመሰግናለሁ ጆዬ?? ወ/ሪት ኢትዮጵያ Loading....??	positive
በለው! አሜን ብያለሁ እሺ፤  ታንክዩም ጭምር	positive
ፈጣሪ ያለንን ሲወስድ ሁሌም ወደፊት የሚሠጠንን የተሻለና የላቀውን በማሰብ ነውና እሱን የምናይበትን የበዛ ትዕግሥት ያድለን። አንተም እንኳንም ተወለድክ ??????	positive
2020 የጥላቻ ምንጭ ወይም የተፈጠረውን ችግር  የሚያባብሱ የጥላቻ ምንጮችን ከመካከላቸን እናውጣ	positive
የሁለት_ውበት_ወጎች   ስማ  ስሚ እንዲሁሞ ስማ ወገኔ ውበት ማለት ደግነት አስተዋይነት ቅንነት ለሌሎች አሳቢነት ሩሁርህነት የሰውን ህመም መረዳት ለሌሎች መኖር ማለት ነው ይሄ ውበ…	positive
CONGRA SAIDOO  እንኳን ደስ አለህ የአፍሪካዉ አልማዝ !!!	positive
Ooooooooooooooooooh ! ! ! ! ! ! ! ! ! እሱ ሥነ-መለኮታዊ እሴት ነው። ! ! ! ❤️❤️❤️❤️❤️ ኮታሮ በሚያስገርም ሁኔታ ሰውነትሽ በጣም ግሩም ነው! ! ! ❤️❤️❤️❤️	positive
ወሎ ዩኒቨርሲቲ የመማር ማስተማር ስራውን አውከዋል ባላቸው 335 ተማሪዎች፣የአስተዳደር ሰራተኞችና መምህር ላይ እርምጃ መውሰዱን አስታወቀ።	positive
መልካም ስራ ነው	positive
ጻድቅንም በጻድቅ ስም የሚቀበል የጻድቁን ዋጋ ይወስዳል ማቴ ፲:፵፩	positive
ያልነበርንበትን ያልኖርነውን የዛሬ 150 አመት የሚባለውን የማንሳታውስበት ዘመን ያምጣልን አሜን !	positive
ጠንክረህ ተማር። (ወይም ስራ)	positive
አቶ ወርቁ አይተነው ቃል የገቡትን የአምስት ሚሊዮን ብር ገቢ ማድረጋቸውን የድጋፍ አሰባሳቢ ኮሚቴው አስታወቀ	positive
መልስ የሚሻ ወሳኝ ጥያቄ !	positive
ጤዛ እና ገዳይ ሲያረፋፍድ ምርጥ ነው	positive
አንተዬይ በገና ጨዋታ አይቆጡም ጌታ ያገሬ ገነኛ ሆ!! እያለ ሲወጣ አባዬ ናፈቀኝ የከብቶቹ ጌታ ሲባርክ ሲመርቅ የቤቱን ጨዋታ እምዬ እናት አለም ጉልበትሽ ችሎታሽ ይበልጣል ከሺ ሰው…	positive
Anchi ጆርዳና ኩሽና ጋር ተቀጠርሽ እንዴ???  ምግቡ ግን ያበደ ነው	positive
ታላቁ እስክንድር ታሪክ እንደምትሰራ ስናገር ያላንዳች መጠራጠር ነው።  ድል ለዲሞክራሲ!!!	positive
በቴሌግራም ቻናል በቀላሉ መረጃ ለማግኘት ይህንን ሊንክ ተከትለው Join ያርጉ!  መልካም ምሽት!  Elias Meseret	positive
እንደ ድሮ ፍቅራችን እግዚአብሔር የመልሰልን  ለማጋጨትና ለማለያየት የምትጨነቁ እባካቹ ምንም አይጠቅማቹም ወደ ቦታችው ተመለሱ ምከሬ ነው ሰምታችዋል።	positive
እኔ በዓለም አይደለሁም ፥ እነርሱም በዓለም ናቸው ፥ እኔም ወደ አንተ እመጣለሁ ቅዱስ አባት ሆይ ፣ እኛ እንደ እኛ አንድ እንዲሆኑ የሰጠኸኝን በስምህ ጠብቃቸው።	positive
እማዬ ሚያ ፣ እርስዎ ለማስተሰረይ ጊዜው አሁን ነው	positive
“የሚጠብቀኝ የኢትዮጵያ እናቶች ጸሎት ነው” ስለን አልነበረም እንዴ?	positive
ከብዙ እንክብካቤ ጋር . .	positive
ዋዉ	positive
እንኳን አደረሰህ የኔ መሪ	positive
“በመወለዱ ብዙዎች ደስ ይላቸዋል።”        /ሉቃስ ፩:፲፬/  ቅዱስ ደግ አቡነ ተክለሃይማኖት ታኅሣሥ ፳፬ ተወለዱ። አባታችን ረድኤታቸው በረከታቸው አማላጅነታቸው አይለየን??   ፈ…	positive
አብቹ ለለውጥ ምሳሌ የሆነ መሪ ነው! ለውጥ ደግሞ የሁላችንም ሜዳ ውስጥ ገብቶ መጫወት የሚፈልግ ሂደት ነው፡፡ ሁላችንም የመሪያችንን መልካም ተግባራት ተከትለን ለሃገራችን ብልጽግና እንስራ!	positive
ክርስቶስም መልካም አስተሳሰብና አድናቆት ሊኖረን ይችላል። ከነዚህም ሁሉ አልፈን ለቤተ ክርስቲያንና ለወንጌል አገልግሎት የ…	positive
ለኔ ኢትዮጵያዊት ቆንጆ ማለት ራሷን የምታውቅ ኢትዮጵያ ዊነት የሚኮራን የባህል ና ትውፊት በለፀጋ ህዝቦች መሆናችንን  የምታውቅ ሴት ናት ለኔ ቆንጆ። ማንነቱን የ…	positive
በሞጣ አራት የጸጥታ ኃላፊዎች በቁጥጥር ስር ዋሉ	positive
እዚህ አገር ነፃ አውጪ በዛ። ከምን ነፃ እንደሚያወጣን አላውቅም። ነፃ እያወጣን፣ እኛን ኑሯችንን ነፃ አደረጉ። - ሀይሌ ገብረስላሴ  ??????	positive
የሚሸማቀቁበትን የጭቆና  ታሪክ ሁሌ ፈጠራ ነው እንዳሉ ነው። የነሱ ተረት ግን እውነተኛ ታሪክ ነው የሄ የተለመደ ባህሪያቸው ነው ምን አዲሰ ነገር አለው!	positive
ጠቅላይ ሚኒስትር ዐቢይ አህመድ ቦረና ዞን ያቤሎ ከተማ ጉብኝት ላይ ናቸው	positive
ደህና አደሩ :))) ????	positive
ነው እንዴ? ምነው በናትህ አንተን የመሰለ መካሪ እያለው? ??	positive
የሉቃስ ወንጌል-Luke :2  እነሆ፥ ለሕዝቡ ሁሉ የሚሆን ታላቅ ደስታ የምሥራች እነግራችኋለሁና አትፍሩ፤ 11 ዛሬ በዳዊት ከተማ መድኃኒት እርሱም ክርስቶስ ጌታ የሆነ ተወልዶላችኋልና።	positive
ሕዝብ እንደፈለገው የምትመራው እንጂ እንደፈለግከው የምትመራው አይደለም:: እሱንም ከመረጠህ::   ሕዝብ በግ አይደለም በሕጻናት አስተሳሰብና በ’ሰርፕራይዝ የሚመራው::   ሳትመረጡ ስልጣን ተፈናጣ…	positive
ሰው ያስባል እግዚአብሔር ይፈፅማል።	positive
ኢትዮ-ጃዝ ከተፈጠረ 50 አመት ሞላው❤️ ጋሽ ሙላቱን የምታውቁ የእርስዎ ሙዚቃ ቀልቧን ለመሰብሰብና ለማንበብ እጅጉን የሚረዳት አንዲት ግለሰብ ለ50ኛ አመቱም ለገና በአልም እንኳን…	positive
የቋንቋ ለዛቸውም ደስ ይል ነበር።	positive
ጋዜጠኛ:ካንተ የመሥራት አቅም አንፃር የፃፍኩዋቸው መፅሐፍት በቂ ናቸው ብለህ ታምናለህ ? ጋሽ ስብሐት:አዎ በቂ ናቸው።በየሳምንቱ በጋዜጣ ላይ የማወጣቸው ፅሁፎች ቢሰበሰቡ ብዙ መፅሐ…	positive
??ኢ/ር ታከለ ኡማ እና ካቢኔያቸው ከሕዝብ ተወካዩች ምክር ቤት አባላት ጋር ተወያዩ  የሕዝብ ተወካዩች ምክርቤትም የከተማ አስተዳደሩ የከተማዋን ነዋሪዎች ሕይወት ለመቀየር እያደረገ ያ…	positive
«አንቺኮ ቅኔ ነሽ» ሲፈጥርሽ  ጀምሮ ጠቢብ ሰው ካልሆነ ማንም የማይፈታሽ  ለዚህ ነው እምዬ ህመምሽ ሳይገባን የሚፈሰው እምባሽ።          ??          ??          ❤…	positive
እንክዋን አደረሰን ጥር 1ቀን የሰማዕቱ  ቅዱስ እስጢፋኖስ በዓለ እረፍት ነው ዛሬም የግፍ አእባን ለሚወርድባቸው  ቀዳሜ ሰማዕት ይማልድልን አሜን	positive
ትክክል:: የአቶ ያሬድ ጥበቡ ስጋትና ጥያቄ ምናልባትም የብዙዎችም ስለሚሆን አጥጋቢ መልስ ሊሰጥበት ይገባል እንጂ በማንቁዋሸሽ ማለፍ ተገቢ አይደለም::	positive
አሜን አሜን! ይሄ ምርቃት የገና ስጦታ ነው። ??	positive
የባህል ህክምና ጀምረናል…በአዲስ መልክ	positive
ከጃል መሮ የከፋው ከተማ ውስጥ ያለው ጃዋር የሚባል ሽፍታ ነው እሱ ላይ በደንብ ቢሰሩበት አሪፍ ነው::	positive
በጣም ደስ ይላል በጨለማ ውስጥ የታሰረ ሲፈታ!!!	positive
It is good... ፍቱን መድሀኒት : በተለይ ከ የበዓል ምግብ ብሗላ ??	positive
ግሩም ስራ እንደሚሆን አልጠራጠርም ናሙናው ራሱ ይናገራል	positive
ዮኒ ማኝ  እናመሰኛለን | በ ሚቀጥለው ምርጫ ስልጣን  አረብ አገር ላሉ ሴቶች ስልጣን ለመስጠት ቃል ገባ	positive
. መልካም ልደት	positive
?????? እኔ እኮ አንች የምታወሪው 3 ጊዜ ጠይቄ እንኳን ከገባኝ ጎበዝ ነኝ። ለማንኛውም ለመፍጠን እንሞክራለን።	positive
ልደቱን በዝማሬ ካከበርክ ትልቅ ስጦታ ይሰጥሀል። ቅዱስ ኤፍሬም እንዲህ ይላል ሄሮድስ ልደቱን ላከበረች ልጅ ደስ ተሰኝቶ  ክፋትን የተሞላ ስጦታን ይህውም የመጥምቆን አንገት በውጪት ሰ…	positive
የመጀመሪያው ሰው ነኝ ከቤታችን ልብሴ ላይ ተደርጎልኝ ከጏደኞቼ ጋር ...ባትጌ እየተባባልን... የማይረሳ	positive
ታህሳስ 23፣ 2012/  “ተወዳዳሪ ሀገር በቀል የኮንስትራክሽን ኢንዱስትሪ ለኢትዮጵያ ብልፅግና”	positive
በመንፈስ ተመርቶም ወደ ቤተ መቅደስ ገባ፤ ወላጆቹም እንደ ሕጉ ልማድ  ያደርጉለት ዘንድ ሕፃኑን ኢየሱስን ይዘው በገቡ ጊዜ፣ እርሱ ደግሞ ተቀብሎ ዐቀፈው፤ እግዚአብሔርንም እየባረከ  እንዲህ አለ፤“.......	positive
በትክክል። በዚህ አጋጣሚ ሰይፉ ምን ያህል የሰው ፍቅር እንዳለው እያየበት ነው።	positive
የተከበሩ የአፋር ክልል ር/መ ዛሬ ከአማራ ክልል ለመጡ ልዑካን እንኳን ደህና  መጡ ንግግር ሲያደርጉ ። የአማራ ህዝብ እና የአፋረ ህዝብ  አብሮ መኖር ለዘመናት በወግ እና ስርዓት ተ…	positive
ወንድም በአሁን ሰአት 45 ከፍተኝ ትምህርት ቤት አሉን ከዚህ ውስጥ 7ቱ ላይ ነው ችግር ያለው። እነዚህም የመቀበል አቅማችው ውስን እና አዳዲስ ቢሆኑም ችግር መፈ…	positive
የትራፍክ አደጋ ከድሮ የበለጠ የዜጎችን ህይዎት እየቀጠፈ ነው። ሁሉም የበኩሉን ልወጣ ይገባል። ክ/ ምንስትር ደግማዊት እናመሠግናለን ጥሩ ስራ ነው	positive
ኸረ እንዳታስለቅሰኝ አለቃ? ያክብርልኝ! ??  አምጣው በከባዱ አቀባበል እናደርግለታለን ??	positive
እኔ እንኳን ወደ ሊቨርፑል አደላለው?????♂️	positive
በዚህ የቁመት ልዩነት ጉዳዩን እንዴት እንዴት ነው የሚያካሂዱት ? ብዪ ራሴን ጠይቄ ሳልጨርስ የጥበብ መጀመሪያ እግዚአብሄርን መፍራት ነው፤ሁለተኛው ጥበብ ደግ…	positive
የዚህ ቤት ከፍለን የማንጨርሰው ውለታ አለብን  The best place in Addis ?? ሌሎችም የኢትዮጵያ ከተሞች የዚህ ዓይነት ቤት ይኖራቸው ዘንድ ምኞቴ ነው????❤ ከሰኞ እስከ…	positive
እጠብቃለሁ ፡፡ ምናልባት በር ላይ ሊሆን ይችላል።	positive
ታላላቅ ነገሮች ይመጣሉ ፡፡ ተዘጋጁ።	positive
መልካም አክሱም ፅዮን::????❤️	positive
“ሀይማኖቶች ለሠላም” በሚል መሪ ቃል የሀይማኖት አባቶችና መሪዎች የተሳተፉበት የምክክር መድረክ እየተካሄደ ነው	positive
እሺ ዉዴ??????	positive
A nice move at this critical time. ሲግል ነው በደንብ መቀጥቀጥ ያለበት። ተስፋ መቁረጥ ሳይሆን ያሰቡት አሳክተው በመጨረሻ ሪቫን ለመቁረጥ ያ…	positive
ቅዱሱ አባት ሆይ! እኔን ድኃ አደግ ልጅህን የበረከትህ ረድኤት ከክፉ ሁሉ ይሠውረኝ። የጽድቅህም ጋሻ በሰማይና በምድር መከታ ይሁነኝ።    መልክአ ተክለ ሃይማኖት፳፬????❤	positive
እነሆ የእግዚአብሔር ቃል በጌታ መልዓክ ለዮሴፍ.... እነሆ፥ ድንግል ትፀንሳለች ልጅም ትወልዳለች፥ ስሙንም አማኑኤል ይሉታል የተባለው ይፈጸም ዘንድ ይህ ሁሉ ሆኖአል፥ ትርጓሜውም …	positive
የኢህአዴግ አባል ፓርቲዎች በውህደት ወደ ብልፅግና ያደረጉትን ሽግግር የሳውል ወደ ጳውሎስን የመሰለ ያርግላቸው። አሜን በል??	positive
ሜይዴይ	positive
ባሎች ሆይ ፦ሚስቶቻችሁን ሰርፕራይዝ ማድረግ ከኔ ተማሩ።	positive
ለመድረኩ መሪ አርቲስት ?????????????? ???????? የከበረ ምስጋና	positive
የተወደዱ ጠቅላይ ሚኒስቴሬ በርቱልኝ	positive
Hahaha ባለሙያ ማለት እንዳንቺ ጥግ ድረስ	positive
ስለችግሩ ለማወቅ የፈለገ ከአዲስ አበባ በስተደቡብ የሚገኘውን አባ ሳሙኤለ ግድብ ያቆረውን የተበከለ ውሃ በማየት የጠ/ሚንስትራችንን ትልቅ ሥራ ከፍተኛ አድናቆትና…	positive
ይሁንልን እነደ እግዚአብሔር ፍቃድ።	positive
ከ7 ሺህ ቶን በላይ የማር ምርት መገኘቱን የአማራ ክልል እንስሳት ሀብት ልማት ማስፋፊያ ኤጀንሲ አስታወቀ	positive
በአውስትራሊያ ባለፈው መስከረም የተቀሰቀሰው ሰደድ እሳት አሁንም በቁጥጥር ስር አልዋለም፡፡ እሳቱን ለመቆጣጠር እና ጉዳቱን ለመካስ ድጋፍ ማሰባሰብ ተጀምሯል	positive
አቤቱ አምላኬ ሆይ እነ ታጥቦ ጭቃ የሚሰሩትን አያውቁምና ይቅር በላቸው!	positive
እሺ እንተጋለን። የተባረክ መሪ ነህ። መልካም ስራህን ቀጥልበት። ኢትዮጵያ ወደ ብልፅግና።	positive
በዚህ ቪዲዮ ዘና እንደምትሉ አምናለሁ  መልካም የስራ ሳምንት ይሁንላችሁ	positive
የ ለውጥ ሮትራክት ክበብ የገና በዓልን እድገት በስራ ትምህርት ቤት ከሚገኙት ልጆቻችን ጋር አብረን እይተጫወትን	positive
በመጥፎዎች ስትከበብ ከመጥፎዎቹም የተሻለውን መጥፎ የምትመርጥበት እድል እና ብልጠት ይስጥህ።	positive
የግል ጥረት ከባድ ብቻ ሳይሆን ዘላቂነት የማይኖረው ነው ያሉት አምባሳደሩ በህብረት በመቆም የማይገፉ የሚመስሉ ተራራዎችን መግፋት ይቻላል ብለዋል። አምባሳደሩ ለዝግጅቱ መሳካት አስተዋ…	positive
መታመን በሰማይ አምላክ ብቻ	positive
በጣም ደስ የሚል ዜና ነዉ ። አጋቾችን ለህግ ይቅረቡ። እናመሰግናለን መከላከያ /ፖሊስ በቀሪዎቹንም በቅርብ እንጠብቃለን። በተማሪዎቹ መታገት የፖለቲካ ትርፍ ለመ…	positive
የአንድ እናት ልጆች እኮ ነን ደምህ ከደሜ የተቀዳ... የመምህር ታየ ቦጋለ አስደናቂ ንግግር   ክፍል 2	positive
The new education roadmap  ~ ተማሪዎች ወደ ዩኒቨርሲቲ ሲገቡ የመግቢያ ፈተና የሚኖር ይሆናል፡፡    ከ12ኛ ክፍል ሀገር አቀፍ ፈተና በተጨማሪ?  ~ ‹‹Fx››  ወይ…	positive
የምንፈልገው ሰዎችን ሳይሆን ማሸነፍ የምንፈልገው ነጋችንን ነው::  የጀመርነውን ጨርሰን ሪቫን እንቆርጣለን እንጂ ተስፋ አንቆርጥም::	positive
መልካም  የስራ  ዘመን	positive
ኢዜማ  በዘረኞች ለምን ኢላማ ተደረገ?	positive
ምክር ቤቱ የሶስት ሚኒስትሮችን ሹመት አፀደቀ	positive
ቤጣም ጥሩ ናው። አብቾው ምንያዳሪጋል አንተ ከውሲጥና ከውጫ ጣላት እደላ እያወክ ከውዲምክ ጋሪ ለምን አትሲማማም?? ያን ክፉ ዛማን አብራቹ አሳልፋቹው ዛረማላያያ…	positive
ከሊፋ ሀፍታር የሚመራው እና ትሪፖሊ ላይ የከተመው የሊቢያ ተፋላሚ ሀይሎች ተኩስ ለማቆም ተስማሙ፡፡ ሀገሪቱ ሙአማር ጋዳፊ እኤአ በ2011 ከተገደሉ ወዲህ ከግጭት ነጻ ሆና አታውቅም፡፡…	positive
“ለኃጣን የመጣ ለፃርቃን ይተርፋል”  በእያለንበት እንፀልይ ለሀገረ አውስትራልያ??  አቤቱ ጌታ ሆይ ማረን ይቅር በለን ምህረቱን አውርድልን ስለእናትህ ብለህ ከጥፋት ታደገን።	positive
በአዲሡ የፈረንጆች አመት   ሠላም ሠላም ሠላም    ለኢትዮጵያ	positive
ትክክል ነህ! አስተካክላለሁ	positive
ሰው በእናቱ ስም የማይጠራበት ምክንያት፤ ሴት ልክ እንደዳበረና ለም አፈር ዘር ተቀባይ ስትሆን ወንድ ደግሞ ዘር ሰጪ ነውና ሰው በአባቱ ተዘርቶ በእናቱ የበቀለ ሰብል በመሆኑ በአባቱ(…	positive
ጥምቀት ድምቀት	positive
በሞባይል ጨዋታዎች ጥሩ ብሆን እመኛለሁ ፡፡	positive
ለቤት ተቆራጭ ብዙ ታማኝነት ነው ሃአ ትልቅ ሰው ነዎት ህነማ	positive
እናትን ከማግኘት በላይ ምን ያስደስታል	positive
ሳይጨብጥ  ሰው ሳያስገድል ፣  መንገድ ሳይዘጋ እልፉን ነፃ አውጪ ፣ አእላፉን መንጋ አንቀጠቀጠው ፣  እስክንድር ነጋ ። ድል ለዲሞክራሲ ✊??✊??✊??????❤️  ድል…	positive
ሊን በጣም ቆንጆ ልጅ ናት.	positive
ባህርዳር የሁላችንም ሀይማኖት ብሄር ከተማ ልትሆን ይገባል	positive
ኢትዮጵያን ማፍረስ የሚፈልግ እሱ ራሱ ይፍረስ! አላህ ኢትዮጵያን ይባርክ! በእምዬ ድርድር የለም! ባይሆን እምዬነቷ ለሁሉም እንዲሆን እስመጨረሻ እስትንፋሳችን እንታገላለን!	positive
አሜን አሜን የኔ መልካም ????????	positive
ሰመሃት ጎበዝ ናት በጣም ጥሩ ዘፋኝ ትሆናለች ብዬ ከምጠብቃት ናት!	positive
በቻይና በተካሄደ የማራቶን ውድድር ኢትዮጵያውያን አትሌቶች በሁለቱ ጾታዎች አሸነፉ	positive
ወደ ዕብራውያን 7 22፤ እንዲሁ ኢየሱስ ለሚሻል ኪዳን ዋስ ሆኖአል።                       25፤ ስለ እነርሱም ሊያማልድ ዘወትር በሕይወት ይኖራልና…	positive
-2-  በተጨማሪም  ጸሐፊው ከብዙ በጥቂቱ ዓለማያን፣ ሆላንድን፣ አርማጭሆንና ሱዳንን በመሳጭ የአጻጻፍ ስልቱ ያስዳስሰናል።  ጸሐፊው የሚያጋራን የልጅነትና የጉርምስና ዘመናቱ የእኛንም…	positive
ጎረቤት ሀገርን የመጠቅለል ሃሳብ ጤነኝነት አይደለም ማለት እንዲያውም ለሀገር መቆርቆር ነው፤ ከታሪክ ተምረን መከራ እንዳይተርፈን በመፈለጋችን:: እኛም እነሱም ሰላም ይገባናል አን…	positive
እንደው የአክስትነትሽን በአካል ተገኝተሽ ብትዘምሪላት በጣም ደስ ይላት ነበር ??	positive
16 የመንግስትና የግል ተቋማት የኢትዮጵያ ኤሌክትሮኒክስ አንድ መስኮት አገልግሎትን ተግባራዊ ለማድረግ ተፈራረሙ	positive
ለአሻሚነት ያቀረብካቸውን ጥያቄዎችንም ቢሆን ለሶስቱም የሚሆን ጥሩ መልስ ነው።	positive
አማራ  ጎጠኛ አይደለም !  አማራ  ነን  ብለው  በጎጥ የሚያወሩ  እውነተኛ  አባቶቻቸውን  ያስፈልጉ! መላው ኢትዮጵያ  የአማራ እና የሌሎች  ሁሉ ሀገር  ነው!	positive
ለእኔ የምን ጊዜም ልዩ መሪ ነህ! እባክህ ከክቡር አቶ ለማ ጋር ተያይዞ እየተራገበ ያለው ወሬ በህዝቡ መካከል መለያየትን ሳይፈጥር በአስቸኳይ ሁኔታ በተለመደው…	positive
ለ120 አቅመ ደካማ የአዲስ አበባ ከተማ ነዋሪዎች የተገነቡ 25 ቤቶችን የአስተዳደሩ ም/ከንቲባ ዛሬ ለነዋሪዎቹ አስረከቡ	positive
ዉድ የፊስ ቡክ ጓደኞቼ እንኳን ለአዲሱ የፍርንጆቹ ዓመት በሰላም አደርሳችሁ ፡ አዲሱ ዓመት የሰላም የአንድነት የፍቅር የብልፅግና ይሁንላችሁ ዘንድ ሲል መሀደረ ዜና ይመኛል!!	positive
እስክንድር መልካም የልደት በአል ይሁንልህ	positive
ተዉ!  አንተ ትብስ...አንተ ትብስ..... ከተማችን ለሁላችንም ትበቃለች።	positive
በጣም ደስ ይላል ይህን መስማት። ለውዱ መሪያችን ምስጋና ይድረሰው። ከመጀመሪያው ይህን ሀሳም ስላመጣ። ሁሌም ከጎኑ ነን።	positive
ዋዉ ደስ ይላል የኛ ጀግና በርታ	positive
ከቤቱ ውሀ በጀሪካን ሞልቶ ችግኝ የሚያጠጣ ኢትዮጵያዊ!  እንዲህ አይነቱን በጎ ተግባር ሳይ ኢትዮጵያ ብትቀጥንም የማትበጠስ፣የደከመች ብትመስልም የማትሞት ሆና ይሰማኛል።  Respect for you b…	positive
በሀያሉ ፈጣሪ እጅ ብቻ ነው	positive
ችግሩ ያለው ከኢትዮጵያዊ ቦኩሃራም ሳይሆን ከራሱ ከመንግስት ነው። እንዴት በሀገራቸው ምድር ይህን ያክል ቀን ሲታገቱ መንግስት ዝምም ይላል?	positive
እግዚአብሔር ይህን የዋህ እንግዳ ተቀባይ ፣ ሰው አክባሪ የኢትዮጵያ ህዝብ ከተማሩ ማሀይሞች ርካሽ ፖለቲካ አላቀው። ????❤ ሰላሙን ያምጣልን።	positive
ውብ	positive
በከፍተኛ የትምህርት ተቋማት የጸጥታ ችግሮችን ለመፍታት እየተሰራ መሆኑ ተገለፀ	positive
የፕላኔት ተንታኙ ህጻን ሮቤል በአምላክ እና ከ2ኛ ክፍሉ ተመራማሪ ህጻን ቅዱስ እንቁባህሪ ጋር የተደረገ ወይ ኢትዮጵያ!!!! እነዚህን ልጆች ስመለከት በሕሊናዬ ብዙ ነገር ይመጣሉ…..               እናንተስ ????	positive
እግዚአብሔር ይባርከው	positive
እንኳን [ከ150 አመት በኋላ] ለመጀመሪያ ጊዜ በአዲስ አበባ ለተከበረው የሀላባ ብሄር ዘመን መለወጫ በዓል በሰላም አደረሳችሁ። መልካም አዲስ አመት።   ቅንፉ ሳይሆን አይቀርም በሚል የተጨመረ ነው።	positive
ሰበር ሰበር ዜና!!! ለማ መገርሳ ትናንት ለስራ ወደ ውጭ አገር ለመሄድ ኤርፖርት በለመደው VIP መስመር ለመግባት ሲሞክር  ከልክለውት ከተራው ተሳፋሪ ጋር ተራ ይዞ እንዲሳፈር በማ…	positive
ታህሳስ 22፣ 2012/ የጉራጌ ዞን አስተዳደር የጉራግኛ ቋንቋን በሥርዓተ ትምህርት ውስጥ ለማካተት እየሰራሁ ነው አለ	positive
የጌታዬ እናት እመቤቴ ♥??    ፍጹም እሩሩህ ነሽ ስምሽ ጣዕም ያለው   ጭንቀቴ ሲበዛ በአንቺ እፅናናለሁ    የዓለም እርጋታ የሰላም ውጥን ነሽ     ጊዜ ለጣለው ሰው አይጨክንም ልብሽ ht…	positive
ብርሃነ: ልደቱ: ለኢትዮጵያና: ኢትዮጵያውያን: የፍትህ: የዲሞክራሲ: የነፃ: ያልተጭበረበረና: የሰው: ህይወት: በከንቱ: የማይጠፋበት: ግልፅ: ምርጫ: ለመጀመሪያ:…	positive
አፍቃርያን ታህሳስ 11 የነበረውን የድሮም ዘንድሮም ፕሮጀክት ላይ በግል ከላኩልን ፎቶዎች አንዱ ነው እነሆ ♥  በድጋሚ በቮልስዋገን ኢትዬጲያ ቤታሰብ እና አዘጋጆች ስም እናመሰግ…	positive
ማኅሌታይ ያሬድ አንተ ታላቅ ነህ ። ለኢትዮጵያ ሰዎች ምግባቸውን ሰጠሃቸው መዝ. 73/74:14 ያለውን የመጽሐፍ ቃል ፍጻሜ ያሳየኸን አንተ ነህ ። እኛ ሕጹጻን የዘመኔ ሰዎች ግን ከዚኽ ሲሳይ/ምግብ…	positive
ለመላው የክርሰትና እምነት ተከታዮች በሙሉ እንኩዋን ለጌታችን ለመዳኒታችን ለየሱስ ክርስቶስ የልደት በአል በሰላም አደረሳችሁ ?? በአሉ የሰላም የጤና የፍቅር እንዲሆንላችሁ እመኛለሁ ??	positive
ታህሳስ 24፣ 2012/ ኢትዮጵያውያን ባለሃብቶች ከውጭ ኩባንያዎች ጋር በሽርክና ከሚያከናውኗቸው ፕሮጀክቶች ከ180 በላይ የሚሆኑት ወደ ምርት ገብተዋል ተባለ	positive
እስይ ጎሽ	positive
መደመር ለኢትዮጰያ እድገት	positive
እግዝያብሔር መልካም መሥራት ብቻ ሣይሆን ክፉንም ወደበጎ ይቀይራል	positive
ኢትዮጵያ ለምትኖሩና በድጋፍ ለመተባበር ለምትፈልጉ - በዚህ የኢትዮጵያ ንግድ ባንክ አካውንት በቅርባችሁ ወደሚገኝ የባንክ ቅርንጫፍ በመሄድ ድጋፍ ማድረግ ትችላላችሁ…Thanks! ?? ??…	positive
ደባርቅ ከተማ ላይ ነገ የሚደረገው ሰላማዊ ሰልፍ የመንግስትን ይሁንታና ድጋፍ አግኝቷል!!	positive
ንፁህ	positive
ለእግዚአብሔር አደራ ስጥ። መላዕክቱንም ልኮ እግሮችህ እንዳይሰናከሉ ይጠብቃቸዋል። በትዕቢት ከተጓዝክ ግን ከራስህ ጋር ትላተማለህ።	positive
ጉዞ አብቹን ይዞ ?? አብቹ በውጪ ለምኖሩ ኢትዮጵያዊያን የፈረንጆች አዲስ አመትን አስመልክቶ እንኳን አደረሳችሁ መልዕክት አስተላለፉል።	positive
ሰው ሆኖ እንደሰው ለመኖር ለሚፈልግ የትኛውም ሰው የሚስማማ  ምርጥ ሀሳብ።ባባት የተተከለ ችግኝ አድጎ ለልጆቻችን ፍሬ ይሰጣል መብል ይሆናል ጥላ ማረፍያ ይሆና…	positive
ደስ የሚል ወግ ሳቅና ፈገግታ November 30	positive
ምን በቅጡ እንኳን ሰላም አያስብልም እኮ ይሄ፣ እዚህ ዝም ብዬ ወሬዬን ጀመርኩ ብሩኬ እንዴት ሰነበትሽልኝ ወገን ሳልልሽ ማይ ማን!! ናፍቀሽኛል!!	positive
ለእኔ በ2019 የዓመቱ ምርጥ ጋዜጠኛ የዋልታው ጋዜጠኛ ስሜነህ ባይፈርስ ነው።	positive
ምክር ቤቱ በነገው መደበኛ ጉባኤው የጦር መሳሪያ አስተዳደርና ቁጥጥር ረቂቅ አዋጅን መርምሮ እንደሚያፀድቅ ይጠበቃል	positive
መርዝ መጀመሪያ የሚጎዳው የተቀመጠበትን እቃ ነው ጥላቻ እና ክፋትም እንዲሁ በእኛ ውስጥ ባደረ ቁጥር ቀድመን የምንጎዳው እኛው ነን።  እስኪ ላሳዘኑን ሰዎች ሳይቀር እስኪ በጎ እንሁን…	positive
በኦሮሚያ በ1 ነጥብ 2 ቢሊየን ብር የሚካሄዱ የንፁህ መጠጥ ውሃ ፕሮጀክቶች የኮንትራት ስምምነት ተፈረመ	positive
ደህና ይህ መልእክት ፣ ሁላችሁም ደስተኛ እንደሆናችሁ ለማሳወቅ ፣ ፈገግ ይበሉ ፣ ወንዶች .	positive
ህገወጥነትን መከላከል የሁላችንም ድርሻ ነው!!ህገ ወጥ ደላላዎችን ተባብረን ለህግ እናቅርብ!!	positive
ደብረ ጽዮን በሕግ የሚፈለጉ ዘራፊዎችን ጨፍጫፊዎችን አሸባሪዎችን በጉያው ደብቆ የትግራይን ሕዝብ እያስፈራራ አፍራሽ ፕሮፓ ጋንዳ እየነዛ	positive
አምላካችን ሆይ አትርሳን!!!	positive
በፍጹም !  ፍርድ ከፈጣሪ ብቻ ጠብቅ።	positive
የአክሱም ሃውልት ጥገና በቀጣዩ ወር ይጀመራል፣ የጣልያን መንግስትም ታሪካዊ ቤቶችን ለማደስ ቃል ገብቷል!	positive
ሆነ ጸጋንና እውነትንም ተመልቶ በእኛአደረ አንድ ልጅም ከአባቱዘንድ እንዳለው ክብር የሆነው ክብሩን አየን ዮሐንስ ስለእርሱ መሰከረ``ከእኔ በኋላየሚመጣው እርሱ ከኔ በፊት ነበረና ከኔ ይልቅ…	positive
6ኛ እ/ር የዘመናት ሁሉ ባለቤት ዘላለማዊ ነው። የእ/ር ዘላለማዊነት ከነበረው ነገር ሳያጎል አዲስም ነገር ሳይጨምር መለወጥ የሌለበት ነው። እ/ር በግዜ አይሰፈረም ምክንያቱም ግዜ እ…	positive
ምርቶች እሴት መጨመር ለተሰማሩ ህብረት ስራ ማህበራት የተቀናጀ ድጋፍ እንደሚያስፈግ ተጠቆመ።	positive
እንኳን ደስ አላችሁ!! CONGRATULATIONS! ጤና ሚኒስቴር የአዲስ አበባ ዩኒቨርስቲ ለዶ/ር ዋቅጋሪ ዴሬሳ አመንቴ የፕሮፌሰርነት ማዕረግ በመስጠቱ የተሰማውን ደስታ ይገልጻል፡፡…	positive
ለብርሃነ ልደቱ አደረሳችሁ ዉድ የዶቼ ቬለ ተከታታዮች! በዓል እንዴት ነዉ? ለሃገራችን ኢትዮጵያ ሰላም፤ ፍቅር፤ መተሳሰብን ያብዛልን! ዉድ ወዳጆቻችን በገና በዓል ምኞታችሁን ግለፁልን! አ…	positive
ለ ኦሮሞ ተናጋሪዎች በኦሮሞኛ ብትፅፈው ብዙ ህይወት ታድናለህ።	positive
Unstoppable‼( Joshua 1:5) -------------➕??✟??✞????-------------- በሕይወትህ ዕድሜ ሁሉ ማንም አይቋቋምህም፥ ... ከሙሴ ጋር እንደ ሆንሁ እንዲሁ…	positive
የኢትዮጵያ ምጣኔ ሀብት በተያዘው አመት በ10.8 በመቶ ሊያድግ ይችላል ተባለ	positive
በትክክል ብለሃል ዶክተር እናተም አንድ ሁኑ	positive
ፍትህ ለህሊና እስረኞች!	positive
የፓለቲካ prostitute ከመስራት ሁሉንም በእኩል አይን እይቶ ትክክለኛ ፍትህ መውሰድ ይችላሉ ንብረት	positive
ክብር ለሚገባዉ ክብር እንስጥ።	positive
አይዞኝ ያልፋል ጠንካራ ሁን??	positive
እውነቱን ነው ግን ትንሽ ተዛንፏል። ትልቁ ችግር ዘመናዊ ትምህርት ከሐይማኖት እኔ ከባህል መበረዝ ጋራ ስላዛመዱት ነው። ይህም መሰረቱ ከፖርቱጋል ጋራ የነበረን ግንኙነት ነው?	positive
ውይይት ሳይሆን ተግባር ነው ምንፈልገው ጠቅላያችን	positive
ዛሬ  እንደ  እኔ  ምህረት  የበዛለት  ማን  ነው???	positive
ውድ ደሳለኝ ድል እንዲህ ፈጥና ምትመጣ ከሆነ እስከዛሬ ለምን ዘገየች? ለክፉም ለደጉም አስተዳደጋችን እንደ እንቧይ ሳይሆን እንደ ዋርካ ይሁን።	positive
ምነው ወንበር ላይ ቁጭ ቢል! መሐሙድ በጣም እድለኛ አዝማሪ ነው! ጤናና ሰላምን እመኝለታለሁ!!	positive
ጥሩ ነው ያሳድግሽ ይሆናል ??	positive
ኮንሰርቱን ገብቼ አይቼም አሁንም አልወጣለህ ብሎኝ ስልኬን እያንጫጫሃት ነው!!! ♥♥♥ ያቆይልን አቦ!!!	positive
የአማራ ክልል ጠቅላይ ዐቃቤ ህግ ለ2 ሺህ 135 ታራሚዎች ይቅርታ አደረገ	positive
በወለጋ ውስጥ ጦርነት የለም!  ጦርነት የለው  በመዋጮ ሰብሳብዎች ምላስ ና FB ላይ ነው  ሽፍቶቹ ግን ከህዝባችን መሃል ይለቀማሉ እየገደሉ መኖር የለም።	positive
????እስቲ ተመልከቱት ያን የጠይም ሎጋ አንጀቴን ሲበላ በተሰጠው ፀጋ ያንቺ ነኝ ያልከኝ ለት በጣም ተደስቼ አልነቃም ለሳምንት ከጎንህ ተኝቼ እትት  በረደኝ ድረስልኝ ዋሴ ፍቅርህን አል…	positive
የተባረክ ሰው ፈጣሪ እድሜና ጤና ይስጥህ።	positive
ለትምክሕት አይደለም ይህን መናገሬ፤ ለማስቀናት እንጂ ሰነፈን ገበሬ፤ ሐዋርያም ሴጥፍ ወዳርድእቱ መንጋ፤ ቅኑ አስቀኑ ይላላ ለምትበልጥ  ጸጋ።   አለቃ ኪዳነወልድ ክፍሌ	positive
ምርጫ 2012 የአገሪቱ ሰላም እና መረጋጋት ፈተና ሊሆኑ እንደሚችሉ ጠቅላይ ምኒስትር ዐቢይ አሕመድ ተናገሩ። ምርጫው በመጪው ግንቦት አሊያም ሰኔ ወር ሊካሔድ እንደሚችል ጠቁመዋል።…	positive
አንድ ነገር ያለ እና የሚያምር ነገር	positive
ኢትዮጲያ በአውሮፖውያን ቅኝ ግዛት ያልተገዛች ብቸኛዋ የጥቁሮች ኩራት የሆነች ሀገር ናት	positive
ቁጠባ ለተሻለ ነገ! ቁጠባ በራሱ መልካም ቢሆንም፤ በሽልማት ሲታጀብ ደግሞ ይበል የሚያሰኝ ነው!  1ኛ ዕጣ፡ ዘመናዊ የቤት አውቶሞቢል (ኒሳን አልሜራ (1.5 ሲሲ)) ፤ 2ኛ ዕጣ፡ 1…	positive
የሎዛዋ እመቤት ከአንተው ጋር ትሁን ወንድምአለም??	positive
ማንኛውም ህዝብ ከፍ ባሉ አደረጃጀቶች ላይ የሚኖረውን ውክልና ማወቅ አለበት	positive
የምወድሽ የማስብልሽ የምሳሳልሽ የምጨነቅልሽ 2020 እንኳን በሰላም መጣሽ:: በድጋሚ መልካም አዲስ አመት::	positive
እናሰተዳድራለን የሚለው አቋም ግልፅ አድርገን ስለተናገርን፤ ድምፃችንን ከፈ አድርገን ስለተናገርን ብቻ ልናሳካው የምንችለው አይደለም፡፡ ኢዜማ ይሄንን እውን ለማድረግ ከታች ጀምሮ እያደራጀ…	positive
ለሀገራችን ቴክኖሎጂ እድገት ምክንያት የእርስዎ የማያቋርጥ ድጋፍና ቅንነት ሁሌም ያስገርመኛል!	positive
ነብስ ይማር! እግዚአብሄር ለቤተሰቦችም መጽናናትን ይስጣቸው!	positive
ጤና ይስጥልኝ ። መልካም ሳምንት!!!	positive
በዋሽንግተን ዲሲ በዛሬው እለት በሞጣ ጉዳይ በኢትዮጲያ ኤምባሲ በፈርስት ሂጅራ የተዘጋጀ ዝግጅት	positive
ጀግና ኢትዮጵያዊ ሁሌም ከእናንተ ጋር ነን	positive
ሀዋሳ ከተማ ከ ድሬዳዋ ከነማ - ቀጥታ የውጤት መግለጫ	positive
ካሰብኩት ይልቅ እያደረክልኛ ያለው ይበልጣል አመሰግንሃለሁ	positive
አቤት ጥርስህ እንዴት እንደሚያምር እኮ	positive
ይቅርታ ይደረግልኝ አይለመደኝም ????	positive
ሰው ስንደክም ይጥላልእግዚአብሔር ግን ይሸከማል።	positive
Gods Word ትንቢተ ኢሳይያስ 43 18፤ የፊተኛውን ነገር አታስተውሉ፥ የጥንቱንም ነገር አታስቡ። 19፤ እነሆ፥ አዲስ ነገርን አደርጋለህ፤ እርሱም አሁን ይበቅላል፥ እናንተም አታውቁትምን? በ…	positive
የከፍተኛ ሊግ አራተኛ ሳምንት ውጤቶች  ምድብ ሀ  እሁድ ታኅሳስ 26 ቀን 2012  ለገጣፎ ለገዳዲ 3-0 ወልዲያ ደሴ ከተማ 1-0 ኤሌክትሪክ ሰ/ሸ/ደ/ብርሀን 0-1 ደደቢት አክሱም…	positive
በርታ መሪያችን አብቹ ሁልጊዜም ከአንተ አመራር ጋር በመሆን በኢኮኖሚውም ይሁን በሳይንሱ እንዲሁም ከአካባቢ ወንድሞችና እህት አገሮች ጋር በመሆን አስተማማኝ ሰላም…	positive
እንኳን ተሳሳትክ የሚያስብል ነው ?? ቆንጆ አድርጋ ነው የተጫወተችው ?????? ዩቱብ ላይ ሲጭኑት ደግሜ አየዋለሁ እያልኩ ነበር ያየኋት ያቀረባት ጊዜ	positive
ቢያንስ መናገር ይችላሉ	positive
በPDF ማግኘት ቢቻል ቆንጆ ነው	positive
አስደናቂ መስህቦች!!! አባያና ጫሞ ሀይቆች በመካከላቸው የእግዜር ድልድይ በደኝነት አስቀምጣው በደርና ደር የእግር ኳስ ተመልካች የሚመስሉት በተፈጥሮ የተቻሩት የመልካዓምድር አቀማመጥ…	positive
ለመላው የሀገራችን ህዝህብ መልካም ገና ይሁን።	positive
ታሪክ ሰርቶ መለፍ ጥሩ ነው አንቺ ዳግም ፀሀይቱ ነሺ ጀግና	positive
ይድረስ:   ለተከበሩ ወሮ ዳግማዊት ሞገስ ተጣፈ ፡    ተመንዝ ሰዎች ጉዳዪ :     መንገዳችን ወይ በጋችንን	positive
አሜን አሜን ሚኪ እንኳን አደረሰህ ወንድሜ ??	positive
FA cup ላይ ያለን ልምድ ግን ለውህደቱ ቡድን ይጠቅማል	positive
እንዲህ ጤናማ እና ትክክለኛ ነገር ስትናገር ያምራል። ሁላችንም ዩኒቨርሲቲ እያለን ዘር ጠይቀን የልብ ጓደና አላፈራንም ዶርም ዲፖርትመንት ወይም ኳስ አገናኝቶን ተዋደ…	positive
መልስ 1.  እ/ር  ፍቅር ስለሆነ አስገድዶ እሚገዛ አምላክ አደለም። ነገር ግን በጎ ስለሆነ መጥፎውን እንድንተው ደጉን እንድንይዝ በተለያየ ግዜ ያስተምራል። ስለዚህ ክፉ ነገር ቢያገ…	positive
ታህሳስ 29፣2012  በርካታ ወጣቶች የተለያዩ የሳይንስና የፈጠራ ውጤቶችን እያበረከቱ ነው፡፡   ከወዳደቁ እቃዎች የ3ዲ ህትመት ማሽንና የቴሌስኮፕ መሳሪያ ያዘጋጁ ወጣት የፈጠራ ባለ…	positive
ኅዳር 21-አክሱም ጽዮን የእመቤታችን ጽላት የገባችበት ዓመታዊ ታላቅ በዓል ነው በዚህች ዕለት ታቦተ ጽዮን ከነበረችበት ድንኳን ወጥታ ማንም ካህን ሳይሸከማት በተአምራት አብርሃና አጽብሓ ወዳሠሩላት ቤ…	positive
ከሌባ ዘራፊ: ሰዶማዊ: ዘረኛ ወያኔ ጋር መኖር ቀረ ቢባል.... ፀሐይ ወጣለን ማለት ነው	positive
የቅዱሳን ፣ የጠቢባን  ምድር ቅዱስ ላሊበላ  ጦቢያ ????❤??	positive
ብያለው ልጀ። ኣትፍራ። ኣይዞክ። ምንልክ ከጎንህ ስለሆነ ምንም ኣትሆንም።??????????	positive
ውድ ደንበኛችን፤ እባክዎ የአገልግሎት ቁጥርዎን በመልዕክት ይላኩልን፤ እናይልዎታለን፡፡ እናመሰግናለን!	positive
የእውነት... ፍቃድ ምናምን ተሰጥቶትታል ጥር ላይ ያቀርባል ??	positive
የታማኝ ልጆች አባት አባት ለደስታ ምክንያት አለው።     ጥበበኛ ልጆች መኖራቸው እንዴት ደስ ይላል ፡፡ ስለዚህ አባትህን እና እናትህን ደስታን ስጠው!     የወለደች ሴት ደስ ይበላት። ምሳሌ 23.24-25	positive
እውነት ነው ክብሩ ይስፋ የድንግል ማርያም ልጅ! ??????❤????	positive
ከተቀላቀለኮ ቆየ የሚለየውን ፈጣሪ ይላክልን ። አሪፍ እይታ ነው።	positive
አላህ ሆይ ላላገቡት ጥሩ ትዳርን ለተጋቡት ጥሩ ፍቅርን ና ጥሩ ልጆችን ለታመሙ መፈወስን መዳንን ለተቸገሩ ለተራቡ ሀላል እርዝቅ ማግኘትን ደስታን ላጡ ደስታን ሰላም ለተነፈጉ ሰላምን እንለምንሀለን አላሁመ አሚንንንን	positive
ፕላስ ደሞ የሚገርም ስነ ጽሁፍሁፋዊ ውበትም አለው አንብቢው ሲስ??	positive
መደመር ከሀገራችን ኢትዮጵያ አልፎ አፍሪካ ላለችበት ችግር ፈዋሽ መድሃኒት ነው!	positive
አንተ ራስህ ደህና እደር ...ፈተና ደርሷል አጥና ደሞ??	positive
እናመሰግናለን ጋዜጠኛ ኤልያስ መሰረት	positive
የኢቲሳ እንበሳ ፣የወንጌል ገበሬ፣ሐዋርያው መነኩሴ  ጻድቁ አቡነ ተክለ ሃይማኖት በረከት ረድኤታቸው በምናምነው ላይ ይደርብን!        አሜን!	positive
ሁሌም አላህ ከ ሀቅ ጋር ነዉ።	positive
እግዚአብሔር አብዝቶ ይባርክሽ የኔ ቆንጆ ♥??   ቃለሂወት ያሰማልን??????	positive
በእውነት ሆነን ያአገራችንን	positive
ቢመችህ ባይመችህ ===ሀብታም ብትሆን ባትሆን  ሰላትን አላህ ካገራልህ ከዚውጭ ትልቅ ደስታ ሰላም የምታገኝበት ነገር የለም!!	positive
እድሉን ባገኘህበት ሰዓት እና አጋጣሚ ሁሉ አዳዲስ ሰዎችን አፍራበት በእርግጠኝነት አንድ ቀን ይጠቅሙሃል	positive
እንዲህ ያሉ መልካም ምግባር ያላቸዉ ሰዎች በስግብቦች ተሸፍነዉ ተከለሉ እንጂ አልጠፉም። ??????	positive
እስኪ እንደዛ የተናገሩበትን ቪዲዮ አጋራን። የሚገርም እኮ ነው	positive
““ምንም ተስፋ በሌለበት፣ አብርሃም በተስፋ አምኖ የብዙ ሕዝብ አባት ሆነ።”   — ሮሜ 4፥18 (አዲሱ መ.ት)	positive
ፈጣሪን መጽሃፍ ቅዱስ ውስጥ በተካተቱት የእስራኤላውና ታሪክ ለመበየን መሞከሩ ትንሽ አይሸግርም? መንሻ ከሆነ መች አነሰው።	positive
ሸገርን በማስዋብ ፕሮጀት ስር፣ ወንዞችን ማፅዳት ወንዞችን ማከም የሚለው አገላለፅ በጣም ተመችቶኛል።  በሺዎች የሚቆጣሩ የስራ ዕድል መፈጣሩን መስማት ያስደስታል። ይህ ከፕሚ አቢይ…	positive
አቶ አባይ ጊላማሪያም የተባሉት ግለሰብ ድጋፉን ያደረጉት ሰሞኑን የትግራይ ልማት ማህበር ባዘጋጀው የገቢ ማሰባሰቢያ ቴሌቶን ላይ ነው። ቴሌቶኑም በክልሉ የዳስ ትምህርት ቤቶችን ወደ ህ…	positive
ስብሰባ!! የኢትዮጵያ ዜጎች ለማህበራዊ ፍትህ ጥር 3/5/2012 በወቅታዊ ጉዳዮች ዙሪያ የፓርቲዉ ከፍተኛ አመራሮች በተገኙበት ህዝባዊ ውይይት 6ኪሎ በሚገኘዉ ስብሰባ መዕከል ያካሔዳል። ስለ…	positive
ረጅም እድሜ ይስጥልኝ የጊዜ ጉዳይ እንጂ ይሄ ነገር እውን መሆኑ አይቀርም ።	positive
አብይ አባገነን አይደለም	positive
እናት አገር መመለስ	positive
የተከበራችሁ የፊስ ቡክ ወዳጆቼ እንኳን ለፍርንጆቹ አዲስ አመት በሰላም አደርሳችሁ አዲሱ ዓመት የሰላም የአንድነት የፍቅር ከሁሉ በላይ የብልፅግና ይሁንላችሁ!!!	positive
እንዳልክ ሲሳይ እንግሊዝ ሀገር ይገኛል። የውጭ ሀገር ወዳጆቹን አሰተባብሮ ስለ ታገቱት አማራዎች ድምፁን አሰምቷል።	positive
ጠቅላይ ሚንስትሩ ከኦሮሚያ ክልላዊ መንግስት ርዕሰ-መስተዳድር ጋር ቦረና ዘልቀዋል... እንደተደረገላቸው ደማቅ አቀባበል ሁሉ ከህዝቡ ጋር በሚገባ ተገናኝተው እና ተወያይተው እንደሚመለ…	positive
የደረቅ ወደቡ የመጀመሪያ ምዕራፍ ለአገልግሎት ዝግጁ መሆኑን የኢትዮጵያ ባሕር ትራንስፖርትና ሎጀስቲክስ አገልግሎት ድርጅት ገለጸ	positive
ሰው መሆን ይቅደም! እኔ ሰው ነኝ ብሔሬ የመጣው በምርጫዬ አይደለም	positive
በጣም ቆንጆ	positive
ይሄ ጅማሬው ነው-ገና ድንቅ ታሪክ ትሰራለህ።	positive
ሕግ ፍጹም ነው፤ ነፍስን ይመልሳል፤ የእግዚአብሔር ምስክር የታመነ ነው፤ ሕጻናትን ጠቢባን ያደርጋል።” /መዝ ፲፱:፯/      ኢትዮጵያዬ ሰላምሽ ይብዛ ????❤??…	positive
እንኳን አደረሰህ ታላቁ መታዘዝ ከምጽዋት ይበልጣል የኛ ብርቱ	positive
ብልጽግና ፓርቲ ከባዶ ሞኞትና ተስፋ ይልቅ በእውነትና እውቀት ላይ የተመሰረተ መሆኑ ጠሚር ዶ/ር አብይ ገለጹ	positive
አመሰግናለሁ!	positive
እርሱ የእኛ ጀግና ጀግና ነበር ሱነይሳ ምንም ቀጥሎ መሞከር የሚፈልገው ማን ነው ይላ ጥበልገመበ ንላፕሮውአ ንህይ	positive
የካስዬን መወለድ እንደ የድል በዓል ማክበር አያቅተንም??????	positive
3ኛ እ/ር በበሀሪው ረቂቅ ነው መንፈስ ነው አይታይም፣ ረቂቅነቱ ወደር የለውም። ከንፋስ፣ ከመለአክት፣ ከነብሳችንም ይበልጥ የረቀቀ ነው መልአክት ከረቂቅነታቸው አንዱ ባንዱ ውስጥ ሲያ…	positive
ለህዝባችንና ለሀገራችን ህልውና ሲባል ፋኖና የአማራ ልዩ ሀይል በዓስቸካይ መልሶ መቃቃም አለበት::እኔ ለዚህ አላማ እረዳለሁ እርሶስ.. ይህ ካልሆነ ግን ከላይ በ TPLF ከታች በ O…	positive
ኬር ይሁን ሀገረኛ????❤  ????❤ ሰላም ይሁን ሀገራችን	positive
ታህሳስ 22፣2012/  ወደ ሐገር ውስጥ የገባን ነዳጅ ስርጭት የሚቆጣጠር በጠቅላይ ሚኒስትሩ የሚመራ ኮሚቴ መቋቋሙ ተሰማ	positive
አቦ እግዚአብሔር ይርዳህ ዶ/ር አብይ፡፡ ፈጣሪ ይጠብቅህ፡፡ ለዚህች ሃገር ያለኸን የመጨረሻ ተስፋ  ይህ ብልጽግና ፓርቲ ነው፡፡ ልንደግፈው ይገባል፡፡	positive
ክህደት ና ጎሳ ከሃገር ሲበልጥ አዎን እንደዚያ ያደርጋል	positive
ድል ለእውነተኛ ዲሞክራሲ	positive
የከፍታውን ተረት ወዲያ ትተን ለማይጨበረበር እውነተኛ ምርጫ መዘጋጀትና መተግበር ዝግጁ ሆነን እንደሚገባ ብናከናውን ከፍታ እሱ ነው፡፡	positive
ዘረኛ መሆንን ማመን ጥሩ ነው.	positive
እንኳን አደረሳችሁ  ስለ ጽዮን ዝም አልልም (ኢሳ 62:1)  ድንግል ማርያም የህያዋን ሁሉ ደስታ ናት የምድር ሁሉ ደስታ የጽዮን ተራራ ነው (መዝ 47:2) ተብሎ ተጽፏልና	positive
በመጀመሪያ እንኳን ደስ አላችሁ ምንም አይነት ችግር ውስጥ ብትሆኑም በተለያየ መልኩ ተበላሽቶ ቆሽሾ የነበረውን ግንባር በአዲሱ ብልፅግና ፓርቲ እንደምታድሱት ትል…	positive
የዩክሬን አውሮፕላን በስህተት በሚሳይል መመታቱን ኢራን አመነች። ጉዳዩ የተነገራቸው አያቶላ አሊ ኻሚኒ ከጸጥታ ጥበቃ ባለሥልጣናት ካደረጉት ውይይት በኋላ መረጃው ይፋ እንዲሆን መወሰና…	positive
የመንግስት ዋነኛ ስራ የዜጎችን ደህንነት መጠበቅ ነዉ! ከዛሬ በሁዋላ አንድም ተማሪ መሞት የለበትም! የኛ የምትሉ…	positive
ሳንጅዬ ህይወታችንና ኑሯችን! መሆኑን የምናረጋግጥበት ዕለት እሁድ ታህሳስ 26 ታላቁ ቅዱስ ጊዮርጊስ ከ መቐለ 70 እንደርታ! በፍፁም ሊያመልጦት የማይገባ ታሪካዊ ጨዋታ! እኔ ትኬቷን ቆርጫለሁ እርሶስ?	positive
እንኳዕ ናብ ኣክሱም ፅዬን (ሕዳር ፅዬን ) ብሰላም ኣብፀሓና:: ናይ ኣዴና ቕድስቲ ድንግል ማርያም ፀሎትን በረከትን ምሳና ይኹን::ኣሜን!	positive
የጻድቅ መታሰቢያ ለበረከት ነው ??	positive
ስድቡ ግን ልክ አይደለም  ትኬት የገዛ ሰው ሁሉ መግባት አለበት 90 ደቂቃም ላይ ቢሆን፡ ከእስክንድር በኃላ ሰወች ገብተዋል	positive
አስርት ስንጀምር የፊቱን ነበርን። ከፈረንጅ አገር ትምህርት መልስ አዲስ ሥራ። ከዛ ጥሩ የሥራ አለም ጉዞ! 6ተኛ ሥራዬ ላይ፣ ከሁለት ቆጃንጅዬ ልጆች በኋላ! ይመስገን! ግን እንዴት ነኝ? h…	positive
እንኳን ለእመቤታችን ለቅድስተ ቅዱሳን ለንጽህተ ንጽኋን ለጽዮን ማርያም ዓመታዊ ክብረ በዓል በሰላም አደረሰን ። የእመቤታችን ፍቅር ና ምልጃ ከሁላችን ጋር ይሁን!!! አክሱም ጽዮን ማ…	positive
.... ሌሎች የሙስሊሙን ህ/ሰብ ጥያቄዎች ያነገቡ ( የበዓላት ማክበሪያ ቦታ፣ የመቃብር ቦታ ....) መፈክሮች እያደመቁት መዳረሻዉ ቀበሌ 04 መስጊድ ሆነ!  ኢትዮጵያም ስሟ ከፍ ተ…	positive
ደስ ይላል። የራሳቸውን ጉዳይ እራሳቸው ይወያዩ	positive
በነገራችን ላይ እኔም ጌታ ቢፈቅድ ለአዲስ ዓመት ከች ወደ አገር ቤት ????❤	positive
እውነትም ጥበብ	positive
የሴራውን በዓል ምክንያት በማድረግ ትውልደ ሀላባዎች ከአጋሮቿ ጋር በሀዋሳ ከተማ በደማቅ ሁኔታ ተከብሯል፡፡	positive
ዛሬ አልተግባባንም ማለት መግባባት አንችልም ማለት ኣይደለም 4	positive
አንተ ልዩ መሪ እወድሃለሁ  እውነት አንተ የኢትዮጵያ በረከት ነክ	positive
ያ የሚሳካው ትክክለኛ እና ሐቀኛ መሪ ሲገኝ ብቻ ነዉ። ከሕዝብ በመደበቅ  ከሩቅ እና ቅርብ ባሉት አገራት ምስጥራዊ ግንኝነት እና ስምምነት ማድረግ መቆም አለበት	positive
Hahaha በፍቄ! ትርጉሙ ምንሼ ነው ግን? አመሰግናለሁ ሞቅ አድርጎኛል ኮምፕሊመንቱ	positive
እባ ኮራን: እኛ እኮ ሞራላችን ላቅ ያለ ንው ከሌላው አለም: ብዙ ሰው አያውቀውም እንጂ ነጮች ከኛ የሰረቁት ሞራል ቫሉ ነው እነሱ ያበለፀጉት:: ኢትዮጵያዊነት እራሱን የጠበቀ ዝልቀት እና ክብር ነው::	positive
እሱ በጣም ጥሩ አልነበረም ፅምድ ሽሳፍየ መልካም  እንኳን ደስ አለዎት ውነ ምመህ ድባከ ምጣበ	positive
ለጌታችን ለአምላካችን ለብርሃኑ ልደቱ  በሰላም በጤ አደረሰን/ረሳችሁ! [፮ትንቢት ኢሳያስ] ሕንፃ ተወልዶልናልና፤ወንድ ልጅም ተስጥቶናልና፤ አለቅነትም በጫንቃው ላይ ይሆናል፤ ስሙም ድንቅ መካር፤…	positive
ባለስልጣኑ 16 የመንገድና 7 የድልድይ ፕሮጀክቶች ዛሬ አስመርቋል፡፡ የመንገዶቹ አጠቃላይ ርዝመት 25 ኪ.ሜ. ሲሆን ለግንባቸው ከ1.5 ቢሊዮን ብር በላይ ወጪ ተደርጓል፡፡	positive
ትልቅ ሰው ነዎት	positive
ልዩነቱ ሰርግና ምላሽ የሆነላቸው ከመከፋፈል ጥቅም የሚመኙ ናቸው:: አናሳ አስተሳሰብ ያላቸው ጎልተው የሚታዩት ትንሽ ስብስብ ውስጥ ስለሆነ የሀገር ማነስ የነሱ መግዘፍ…	positive
እግዚአብሔር ማስተዋልን ይስጥኝ :: የስድብ ጥቅም አይታየኝም ::በሀሳብ መሞገት ይሻላል   ኢትዮጵያ ለዘላለም ትኑር ????❤️??	positive
የጀግናው የገብርዬ ክርስቲያን ታደለ ልደት ነገ ነው።  ገብርዬን እንኳን ተወለድክልን እያልን በነገው ዕለት ሁላችንም ገብርዬን እያስብን እንድንውል ይሁን። የዕለቱ መልዕክታችን ነው።…	positive
በአዕምሮህ ያሰብከው በተግባር እንዲቀየር ረጅም የመሪነት ግዜ እንዲኖርህ እመኛለሁ!  ሀገራችን ከአንዣበበባት አደጋ ለመታደግ የጀመርከው የማስታረቅ ስራህ ፍፃሜው ያማረ እንዲሆን እንዲ…	positive
ጥቂት መከራ ከተቀበለሽ በኋላ በክርስቶስ በክርስቶስ ዘላለማዊ ክብሩ የጠራችሁ የጥበብ ሁሉ አምላክ ራሱ ይመልሳል ፣ ጽኑ ፣ ጽኑም ያደርጋችኋል። ለእርሱ ለዘላለም ኃይል ይሁን አሜን 1 ኛ ጴጥሮስ	positive
ኢትዮ ቴሌኮም በመላው አገሪቱ በ45 ዩኒቨርስቲዎች የሚማሩ አራት ሺ  የኣማራና የኦሮሞ ተወላጆች ተማሪዎችን ተጠቃሚ የሚያደርግ የ16 ሚሊየን ብር ድጋፍ መርሃ ግብር ይፋ አደረገ፡፡	positive
ኢዜማ - ሴቶች !  የኢዜማ ዞናል የሴቶች ስብሰባ ከአምስት ዞኖች ማለትም ከጋሞ፣ከወላይታ፣ከሰገን ሕዝቦች፣ከሀድያ-ከካጠና እና ከጎፋ ዞኖች የተወጣጡ የሴት ተወካዮች በተገኙበት ዛሬ በ…	positive
ማንኛዉም ኢትዮጵያዊ የድርጅታችን አባል መሆን ይችላል። ወንጀል ካልሰራ። -  ፕ/ር መረራ ጉዲና የኦፌኮ ሊቀ መንበር	positive
እስከ ድል ይቀጥላል!! ድል ለዴሞክረሲና ለአዲስ አበቤ!!	positive
የተባበሩት መንግስታት ድርጅት የአመለካከት እና ሐሳብን በነጻ የመያዝና የመግለጽ መብት ልዩ ዘጋቢ (ራፖርተር) የሆኑት ዴቪድ ካዬ ከህዳር 22 እስከ 29 ቀን 2012 በኢትዮጵያ ይፋ…	positive
እውነት ነው! . . ኪስ ውስጥ አለመያዝ የኤርፎን እድሜ ከሚያረዝሙ መንገዶች መሃል ዋነኛው እንደሆነ ደርሰንበታል።	positive
/ ትግል ለጀግና ክብሩ ነው!  / እውነት አርነት ታወጣለች /	positive
ሰላም	positive
ከምርጫ 97 በኋላ ኢ.ህ.አ.ዴ.ግ. ተሻሽሏል ይባላል። በዚህ ላይ ያለዎት አስተያየት ምንድን ነው? ኦቦ ቡልቻ ደመቅሳ: በጣም ተሻሽሏል እንጂ። ይበልጥ አምባ ገ…	positive
ብርሓኑም ጀግና የሆነበት አገር	positive
ተክለሃይማኖት ተወለዱ እሰይ እሰይ(2) የዓለም ብርሃን(2) የጽድቅ ፀሀይ (2) ባለሟሉ የአምላክ አገልጋይ(2)	positive
ግሩም ሥራ ጥበብ	positive
ወሎ ክልል ቢሆን ጥሩ ነው ??	positive
ህወሀት እድሜ ጠገብና በአላማ ፅናት የማይታማ ነበር። አገርን እርሥ በርሡ በማፋጠጥ፣ ዘረፋና ኢፍትሀዊነትን ባለመታገል አረከሠው እንጂ የመሥዋእትነት  ድርጅት መሆኑም አይካድም።	positive
ሠላም ለኢትዮጽያ	positive
የኢትዮጵያ ተሰፍዋ ፈጣሪዋ  ብቻ ነው::	positive
********************************  ማነው እናቱ ደስ እንዲላት ከገብያ ስትገባ ቡና አቀራርቦ የጠበቀ ደግ  ********************************	positive
ክብርት ሚ/ር ወ/ሮ ዳግማዊት ከምሥጋና ጋር ... የብርቅዬ ኢትዮጵያችንን  አንድ ክፍለ ህዝብ  በመወከል በብልፅግና  ፓርቲ ከፍተኛ አመራርነተዎ ... ወኪል…	positive
መልካም አዲስ አመት ለሁላችንም ይሁን የእግዚአብሔር ፍፁም ፍቅር ሰላም ፀጋ አንድነት ከሁላችን ጋር ይሁን። መልካም አዲስ አመት።	positive
የሰንበት እረዴት በረከት ይደርብን መልካም ሰንበት	positive
ቅዱስ ጊዮርጊስ እና የኢትዮጵያ ቡና የእግር ኳስ ክለቦች  ፣  የምንወዳችሁ የከተማችን ክለቦች ናችሁ።  በእግር ኳስ ውስጥ ጠንካራ ሆናችሁ እንድትቀጥሉ እንፈልጋለን።	positive
የሚገርም ታሪክ ልቤን ነው የነካው አንብቡት ቢቢሲ ነው የዘገበው  እስቲ ለዚ ወጣት ለሳለፈው ውጣ ውረድ ስራ እናፈላልግለት at least ሼር በማድረግ ተባበሩት	positive
ፈረንጅ ሁሉ ሐብታም አይደለም	positive
መረጋጋት ያስፈልጋል!	positive
ዛሬ በህዳሴው ግድባችን ዙሪያ ወሳኝ ወይይት ከግብፅ ልሁካን ጋር ይደረጋል። ዉጤቱ ምንም ይሁን ምን የዉስጥ ሰላማችንን እና አንድነታችን ማጠናከር ግን የግድ ይላል።	positive
የኔ ምኞት አገሬ እንደ ያኔው እንደ ድሮው ፍቅር ሰላም መተሳሰብ የሰፈነባት ኑ ብና ጠጡ እንደያኔው የምንባባልባት ያንድነት አገር ሆና ማየት ብቻ ነው ?? ሰላም ለሀገሬ ለወገኔ ??	positive
ለህብረተሰቡ ጥቅም ነው የምንሰራው እያላችሁ የምትምሉ፣ የምትገዘቱ ሚዲያዎቻችን እስቲ አንዴ እንኳን ለቃላችሁ ታመኑ። የጋዜጠኝነትን ሀሁ ተወጡ	positive
ለምን ከከተማ ወጣ ብለን አንዝናናም?	positive
ፐ	positive
ተአምረኛ የሆነ ሰው እኮ ነው ሲፈልግ ሲፈልግ	positive
የኢዜማ የአዲስ አበባ ምርጫ ወረዳ 11 ከአባላት፣ ደጋፊዎች እና የአካባቢው ነዋሪ ጋር የሚያደርገውን ውይይት ዛሬ አካሂዷል!  የምርጫ ወረዳው ሥራ አስፈጻሚ እስካሁን የተከናወኑ ሥራዎ…	positive
እንደአንተ የሚያስብልኝ ቢኖር! ውይ የእኔ አሳቢ! አብሽር አልሞትም!	positive
በተመሳሳይ ሰዓት የሸገሯ ብሌን ዮሴፍ አምሳሉን እያጫወተች ነፍሳችንን ባታድናት ማን ይታደገን ነበር? እኮ ማን! ??	positive
በኤፍራታና ግድም ወረዳ በካራለጎማ ቀበሌ አራት እግር ያለው የዶሮ ጫጩት ተፈለፈለ	positive
Haha ?? ከፈረንጁ ጋር ያለችው ቆንጅዬ ይሄን ትዊት ባየች ጊዜ ኮሚቴውን ወጋሁት አለች የሚባለው እውነት ነው እንዴ??? ??	positive
ለመላው_የክርስትና_እምነት ተከታዮች በዉጪም በሀገር ውስጥም ያላችሁ የሀገሬ ሰዎች ወምድሞቼና እህቶቼ ፤ አባቶቼና እናቶቼ…	positive
መላው ኢትዮጵያዊያን አመፅንና በቀልን በመተው ለአገራቸው ሰላምና መረጋጋት እንዲተጉ የሃይማኖት አባቶች ጥሪ አቀረቡ፡፡	positive
መልካም  ገና  ለመላው  የኦርቶዶክ እምነት  ተከታዮች	positive
የኢፌዴሪ ጠቅላይ ሚኒስትር ዐብይ አህመድ (ዶክተር) የልደት በዓልን አስመልክቶ የእንኳን አደረሳችሁ መልዕክት አስተላልፈዋል፡፡	positive
1/2 አቶ ደመቀ መኮንን የEPRDFና እህት ደርጅቶች ጉዞና መወሃድን በተመለከተ በዋልታ TV ማብራርያ ሲስጥ ያለፉት 28 አመታት የጨለማ ዘመን ብቻ እንዳልነበሩ አብራርተዋል።	positive
...... እምነት፣ የሚንቀለቀለውን ደመራ፣ በንፁህ ውሃ እንደተሞላ ገንዳ ዘለህ እንድትገባበት የሚያስችልህ ልበሙሉነት ይሠጥሀል።	positive
እውነት! ብለሻል የኔ አስተዋይ ሰላም እደሪልኝ ??????????	positive
በትክክል የኔ ቆንጆ	positive
Annaya የኔ ቆንጆ እህት እንኩዋን አደረሰሽ  ????	positive
መልካም ልደት ?? ፍትህና ነፃነት ካንተው ጋር ይሁን !! ????❤	positive
ሁሴን ወንድሜ	positive
አሁን ብዙ በድርቅ የሚሞት የለም	positive
ልክ ብልሀል ማን ይስማናል	positive
ጥር 22 ለሞጣ የሽብር ሰለባዎች የምናደርገው ድጋፍ የተዘረፉትንና የወደመባቸውን ሃብትና ንብረት ብቻ ሳይኾን ስነ–ልቦናቸውንም ጭምር የሚጠግን መኾን አለበት።…	positive
ለኢትዮጵያ ወጣት አይሙት ፖለቲከኛ አይሙት አዛውንት አይሙት ህጻን አይሙት ነገር ግን ኢትዮጵያችንን ወደፊት ሊወስዱ የሚችሉ አዳዲስ ሀሳብ ጠቃሚ ሀሳብ ፤ እኩልነት የሚያመጣ ሀሳብ ፤…	positive
ያሬድ ዘውድነህ በውጪ የሙከራ እድል አግኘቷል	positive
ዶርዐቢይ፤ ጥሩ ላገለገሉ የክብር ዘበኞችንየመንግሥት ሠራተኞን ጭምሮ ማመሥገን/መሾም/መሸለም እናም  መሻር/ከሥራ ማባረር የመሪ ጥንካሬ ኢንጂ ድክመት  አይደሉም።	positive
ይሄንን ነው አሃዳዊነት የሚሉት። እንደዛ ከሆነ አሃዳዊነት ይለምልም፤ ይደግ ይመንደግ። አሃዳዊነት ይህ ከሆነ አዎ አሃዳዊነትን እደግፋለሁ።	positive
☀️Seeking the Messiah_ እነሆም በኢየሩሳሌም ስምዖን የሚባል ሰው  ነበር ፤ ይህም ሰው የእስራኤልን መጽናናት የሚጠባበቅ ጻድቅና ትጒሕም ነበር። መንፈስ ቅዱስም በእርሱ ላ…	positive
ህልውና በእግዚአብሔር እጅ ነው	positive
የሚገርም ትዝታ	positive
እውነት ነው እሱ :)	positive
ይህ ሽታ ነፈቀኝ፡፡  1 ኢትዮጲያ	positive
ፈታ በይ እና እንብቢው። ከመንፈሳዊ መጻህፍነቱ ባሻገር አሪፍ አሪፍ መዝናኛም ትምህርትም ያለበት መጽሃፍ ነው። ብዛቱ በርግት ያጨናንቃል።	positive
ጀርመን ለኢትዮያ የ352.5 ሚሊዮን ዩሮ ድጋፍ ለገሰች። ጠቅላይ ሚኒስትር ዐቢይ አሕመድ ዛሬ ጠዋት የጀርመን የኢኮኖሚያዊ ትብብር ሚኒስትር ዶ/ር ገርድ ሙለርን እና የሠራተኛና ማኅበራ…	positive
አክሱም ዛሬ !♥           ሰላም ለሀገራች ኢትዮጵያ????❤??	positive
መሪዬ ጌታ በደሙ ይሸፍንክ ስላንተ ሳስብ ይደክመኛል እንደ ድፎ ዳቦ እሳቱ ነደደብክ በጣም ነው እምታሳዝነኝ ዬethiopia መሪ dr. አብይ አህመድ በፀሎትም በድምፅም ከጎንህ ነኝ	positive
ፀጋን የተመላሽ ድንግል ማርያም ሆይ ደስ ይበልሽ አሜን	positive
ጀግናዬ ትንሽ ጥሌ	positive
እኛ እኮ...  መተሳሰብ ያነበረን መረዳዳት ያጀገነን ልዩነት ያልለያዬን ፍቅር ያሻገረን በውብ ቀለም የተቀለምን ኢትዮጵያውያን ነን!❤	positive
?????? ኧረ ክፉ ያርቅልን። እውነት ነው።	positive
ቃላት አጣሁላት... ጌታ ሆይ አንተ ጠብቃት...	positive
ሁለት የዘመን መለወጫ ያላት ብቸኛ ሀገር	positive
?? ይቅርታህን ልማታዊ ጋዜጠኞች በልልን ..እየተዋወቅን	positive
ከኣልኮልና ሲጋራ ከኤክሳይዝ ታክስ የሚገኘዉ ገቢ የህብረተሰቡን ጤና ለማበልፀግ ያሉት ተወዳሽ ነዉ። ሆኖም ገንዘብ ሚኒስቴር ይህንና በሲጋራ ላይ መጣል ያለበትን 30%+8ብር በፓኮ ስራ…	positive
ጥያቄህን Yrga ተመልክተው ይመልሱልሃል ብዬ ተስፋ አደርጋለሁ። ??   እኛ “... if real” ከሚለው ኋላ ነው የገባነው።…	positive
ፊሊ በጣም የማከብረው የልጅነት ትምርት ቤት ሙዚቃ አስተማሪዬ ነበር  ፍቅር የሆነ ሰው ነው። ፊሊ በሙዚቃ ብቻ ሳይሆን በባስኬት ጨዋታ የተለየ ብቃት የነበረው ለጊዮ…	positive
እንደ አገር መኖር በኣብዛኛው የአረብ አገሮች ፍላጎት ስለነበር ይህንኑ ኣቋማቸው ለማለዘብ ደግሞ ኣቢይ ኣህመድ ከአረብ አገሮች ጋር ጥሩ የዲፕሎማሲ ስራ እየሰሩ ነው ..2/3	positive
1ኛ የጴጥሮስ መልእክት-1 Peter :1  23 ዳግመኛ የተወለዳችሁት ከሚጠፋ ዘር አይደለም፥ በሕያውና ለዘላለም በሚኖር በእግዚአብሔር ቃል ከማይጠፋ ዘር ነው እንጂ።	positive
ለመገናኛ ብዙሃን አባላት!  በደምቢዶሎ የታገቱ ኢትዮጵያውያን ድምፅ ለመሆን ጥር 23 በአአ የሚደረገውን ሰላማዊ ሰልፍ በተመለከተ አስተባባሪ ኮሚቴው ነገ ዓርብ ጥር 22 ከርፕፋዱ 4:…	positive
የምወድሽ፣ የምሳሳልሽ፣ እናቴ፣ ሃገሬ፣  ኢትዮጵያ! ከላይ አረንጓዴ አለ ኣ? ከመሐል ደሞ ቢጫ ከስር ደሞ ቀይ... በቃ ሁሌም በእነሱ ነው መድመቅ የምፈልገው...	positive
የዚህ ቤት ከፍለን የማንጨርሰው ውለታ አለብን  The best place in Addis ?? ሌሎችም የኢትዮጵያ ከተሞች የዚህ ዓይነት ቤት ይኖራቸው ዘንድ ምኞቴ ነው????❤ ከሰኞ እስከ ቅዳሜ 24…	positive
ኦሮሞ ሚባል ግሩፕ አለ  የግሩፑን አባላት ቢያሳውቀን መልካም ነበር። ንቀቱን እንኳ መደበቅ አይችልም።	positive
እንዴት ባለምስጋና ድንግልን እናመሰግናት ዘንድ ይቻላል? ፈጣሪዋን በማህፀኗ ከወሰነችው ከቅድስት ድንግል ማርያም በላይ ከአዕምሮ ሐሳብ ከፍ ያለች ታምራዊ ንግስት ግን ዘለዓለም አይገኝ…	positive
ባልደራስ ጥር 22 እኔ ለእሷ ለእሱ በሚል በአዲስ አበባ  በገለልተኛ አካል ለተጠራዉ ሰላማዊ ሰልፍ ድጋፉን ሰጠ።	positive
ድል ለ ዴሞክራሲ! ;)	positive
ታኬ በጣም በርቱልን ሰዉ ያውራ እናንተ ስሩ ለሀገራቹ ሰርታቹም እያሳያቹን ነው። ዶ/ር አብይም ፡ ኢ/ር ታከለ የእኔ ጀግና ናቹ  መቼም ታሪክ አይረሳቹም	positive
ጊዜ ለኩሉ ይባል የለ!	positive
ቀራኒዮ-አምቦ መውጫ መንገድ፣ ካዲስኮ ቀለም ፋብሪካ-ክራውን ሆቴል እና አለምጸሃይ ሸጎሌ መንገድ ፕሮጀክቶች ዛሬ ከተመረቁት ፕሮጅከቶች መካከል  ተጠቃሽ ናቸው፡፡	positive
ሊጉ ላይ ግልፅ የset piece እቅድ ያለው ቡድን በቀላሉ advantage መውሰድ ይችላል። ብዙ ቡድ…	positive
እርግጥ ነው። የኔ ምርጥ ግን ዛክ ነበር።	positive
የተመዝጋቢው ብዛት ሳይሆን ጥራት  ረጋ ብላችሁ፡ በጥንቃቄ ተራመዱ  ያዋከቡት ነገር . . .	positive
ህወሓት ከኦፌኮ ጋር ለመዋሃድ መግባባት ላይ መድረሱ ተገለፀ::  ኦቦ በቀለ ገረባ ፍቃደኛ ሆነዋል! Congratulation OFC. Hello Qeerros ይሰማል!	positive
ሸጌ (ብዙአየሁ) ላይ ደርሰናል ?? የአበበ ብርሃኔ  ምርጥ ስራ ??	positive
አገሪቱን ለዚህ ቅን ሰዉ ተዉለት እኛ ከዶክተር አብይ ዉጭ ማንንም አናምንም	positive
አስተርዮ ቃሉ የግእዝ ቃል ሲሆን ትርጉሙ/መታየት ወይም መገለጥ ማለት ነው፡፡ጥር 21 ቀን ነፍሷ ከሥጋዋ ተለይቶ በደመና ተነጥቃ ወደ ገነት በመግባት በሰማይና በምድር የተሰጣትን ፀጋና ክብር…	positive
ወደቁ ሲጠራ ስምሽን ፤ ልዩ ክብር አለሽ አምላክ የሰጠሽ ፤ ነይ ተመላለሺ ግቢ ከቤታችን ፤ የህይወት ፅዋ ይዘሽ ለነብሳችን። እንኳን አደረሰን አደረሳችሁ  ቅድስት አርሴማ  እናቴ  በያለንበት…	positive
ለኢትዮጵያውያን በሙሉ እንኳን ለመድሃኒታችን ኢየሱስ ክርስቶስ ልደት በአል በሠላም አደረሣችሁ አደረሠን! አሜን!!	positive
የብልጽግና ጽንሰ-ሀሳብ ቁሳዊ፣ መንፈሳዊና ስርዓታዊ በማለት በሶስት ይከፈላል - ዳንኤል ክብረት  ሰው በሰውነቱ ብቻ ክብር ማግኘት ሲችልና ነጻነቱ ሲረጋገጥለት ወደ ብልጽግና የመድረሻ…	positive
አብርሽ የሚሰማህን ለማለት የምትፈልገውን ለመግለፅ ቃል አጥተህ ታውቃለህ? በትክክል እየተሰማኝ ያለው እሱ ነው አንዳንዴ የሰውን ቁስል የበለጠ ከማድማት ዝምታ ወርቅ እኮ…	positive
ረጅም ነኝ፣ቀጭን ነኝ፣የደረቴ አጥንት ያምራል፣ቆዳዬ በጣም ንፁህ ነው፣አይኔ በጣም ያምራል፣ስለዚህ 70% ድረስ የዓለምን ፋሽን ኢንዱስትሪ ባንኳኳ ሊያስከፍትልኝ የሚችል ነገር አለኝ።ወደፊ…	positive
ለምንድን ነው ግን ለበአል ገበያ መቀነስ ሲኖርበት እዚህ ሀገር የሚጨምረው? ??	positive
እንግዲህ፥ ወንድሞች ሆይ፥ ሰውነታችሁን እግዚአብሔርን ደስ የሚያሰኝና ሕያው ቅዱስም መሥዋዕት አድርጋችሁ ታቀርቡ ዘንድ በእግዚአብሔር ርኅራኄ እለምናችኋለሁ፥ ሮሜ 12:1	positive
ፈጣሪ ሆይ ምንድነው የሰማሁት ግን እኮ እውነት ለመናገር ቆንጆ እና ደም ግባት ያላት ናት	positive
የተወደድክ ዳኒ እንዳንተ ያሉትን ያብዛልን ውይ ከተማሩ አይቀር እንዳንተ የተባረከ እህምሮ ነው ያለህ። እድሜና ጤና አይለይህ።	positive
የሁለት ስብሰባዎች ወግ በኢትዮጵያ	positive
ሳምሰንግ ጥሩ ኩባንያ ነው	positive
እ? ...እስቲ ትንሽ አፍታችው ...እኔ እስከ አያቴ ድረስ ሲጠሩኝ ወፍራም ኩራት ነው የሚሰማኝ	positive
በአንድ ወር ብዙ ይሰራል።	positive
እኔም በጣም ደስተኛ ነኝ	positive
ፍቅር መያዣ የሌለውን የሰው ልብ አስሮ ለመሳብ የሚያገለግል የሰላም መንገድ ነው።  የት ነው ያለው?????	positive
ሰላምና ፍቅር የበዛበት ሰናይ ሰንበት ይሁንልን ! — feeling blessed	positive
እኛ  ያገኘነው መሪ በየአገሩ እየዞረ የወገኖቹን ችግር ለመፍታት የሚዳክር መሪ ነው ! ምስጋና ይገባዋል!	positive
እሷን በደንብ ብታዳምጡልን ጥሩ ነበር	positive
መልካም ግን ክቡርነቶ ተባረክልን በርታልን ፍጥረት ከጎንህ ነው።	positive
suniye ????ኖት መያዝን የመሰለ ምን አለ?	positive
ባላገሩ ከሚለው ዘፈን በቀር ሌላ እንኳን እንዳለው አላውቅም ነበር አይገርምም	positive
5ኛ ሁሉን አዋቂ ነው omniscient ከመሆን አስቀድሞ ያቃል፣ ሆኖ ያለፈውንም ያቃል፣ የሚሆነውም ያቃል ማለት ነው። ለእ/ር እውቀት የተሰወረ ምንም ነገር የለም  መዝሙር 135:5 አንተ የቀድሞውንም የኋላውንም አወክ	positive
መለያችን…  አረንጓዴ ቢጫ ቀይ  መገለጫችን… ፍቅር  ስያሜያችን… ኢትዮጵያዊነት ስማችን… አዲስ አበባ ነው!!! ????❤ ????❤	positive
የአባቴ ዘመዶች ዛሬም አኮሩኝ !  የደቡብ አቸፈር ዱርቤቴ ደብረ ሰላም ቅዱስ ሚካኤል ቤተክርስቲያን ዛሬ ሲመረቅ የዱር ቤቴ ሙስሊሞች 50 ሺህ ብር አበርክተዋ ዝንታለም አማራ!!!!	positive
ዛሬም ስቴዲየም መግቢያ በነፃ ነበር ዛሬ!! ከአይን ምስክር ????	positive
ከቆጣሪ በፊት ስለሚቀጠሉ መስመሮች ደግሞ በቅርቡ እንደምንሰማ እርግጠኛ ነኝ	positive
እላለው ድል ለዲሞክራሲ ድል ለዲሞክራሲ	positive
በዓል እንዴት ነው ?? ጥሩ ነው ??በምን አለፈ ??በብር ??	positive
የቤተሰብ ጨዋታ:: ፖለቲከኞች ከጋዜጠኞች ጋር ልዩ የገና በዓል ዉድድር:: ግሩም ዝግጅት ከመሆኑም በተጨማሪ ሊበረታታ የሚገባው ነው:: አዘጋጁ እሸቱ መለሰን ለማመስገን እወዳለሁ::…	positive
ጥሩ እይታ ነዉ	positive
አንዳንዴ ቅን ልብ ያላቸውን ወዳጆችህን ላለማስከፋት ስትል መሄድ ካለብህ በላይ ትሄዳለህ Fafi Niguse Mohammed ማርያምን ያንቺን ንፁህና የዋህ ልብ ላለማሳዘን ፅሑፉን አንስ…	positive
መልካም የስራ ግዜ እንዲሆንልሕ የዘወትር ፀሎቴ ነው	positive
ጥሩነህ ሰለሞጣ ዛሬ በአፋር ተጠይቆ አስቂኝ ምላሾች ሰጥቷል!  ሞጣ ላይ የፈጠረው አሳዝኖናል አለና መገለጫ ለምን አልሰጠህም ሲባል እኔ በወቅቱ ወደ ሱዳን ሄጄ ነበር .. ደግሞም…	positive
ይሄን መልእክት ለሁሉም ለማኞች እንዲደርስ ሼር ሼር ሼር ??	positive
የአብን+ኢዴፓ+ባልደራስ አስፈላጊ ነው	positive
ባህል አሸነፈ ሲባል ምን ማለት ነው?  ትንሽ ግር ስላለኝ ነው	positive
ደሞ ንጉሡ መልካም ሥራ ቢኖራቸውም ሲፈጽሙት የኖሩት ተንኮል ከተራራ የገዘፈ መሆኑ አይረሳም። በተለይ ሙስሊሙ ኢትዮጵያዊ በአግላይ ፖሊሲዎቻቸው ብዙ ሲሰቃይ ኖሯል። እናም ቀኃሥ እጅግ ክፉ፣ ተንኮ…	positive
አሜን። / ‘እዝጌር ታቱ እንደሚጠላ’ በሌላ ትዊት እንመለስበታለን ?????? /  ድል ለዲሞክራሲ??	positive
አሜን አሜን አሜን የኔ መልካም ????????	positive
የአፍላነት የፍቅር ህይወቴ ከማህሙድ አህመድ ዘፈኖች ጋር በቅርብ የተቆራኘ ነዉ- መሃሙድን ሳስብ  ዛሬም ድረስ ያ ዘፈን ቦታዉና ያቺ ቆንጆ ልጅ…	positive
ዛሬ(26/4/201) በመዲናችን አዲስ አበባ/ፊንፊኔ ታላቁ የአካል ብቃት እንቅስቅሴ ተካሄዷል::  በሁላችን ጥረት ስፖርት የህዝባችን ባህል ይሆናል::	positive
Breaking: ክቡር ፕሬዝዳንት ለማ መገርሳ በምዕራብ ኦሮሚያ ወለጋ አከባቢ የሚደረገውን ጦርነት በመቃወም በግላቸው እረፍት ወጥቷል። Currently በዛሬው እለት ውጭ ሀገር እንደ…	positive
ብላክ ቦርድ አጥፍተህ ዳስተር ለማራገፍ ወጥተህ . . . . ዞር ዞር ብለህ ስትመጣ ያለው ደስታ ትዝ የሚለው ካለ??✋✋ Fankim Islamic Media Network	positive
እናመሰግናለን ድምፅ ለሌላቸው ድምፅ ስለሆንክ ???????????? የታፈኑ የ አ ማ ራ ተማሪዎች መንግስት በአስቸኳይ ያስለቅቃቸው!!!	positive
Point two rephrased: ሌላው በፍቃዱ ክብሩን የሚገልጽበት ተምሳሌት ስለሆነ ብቻ ነው። ምክንያቱም እግዚያብሄር እራሱን  በምልአቱ (እንደ ስፋቱ) ቢገለጥ ልንረዳው ቀርቶ በፊቱ የሚቆም አይኖርም ነበር።	positive
ፖለቲካ እና የሃገር ህልውና ይለያያል እና መለስ  GERD ፕሮጀክትን በቁርጠኝነት ማስጀመሩ ለሃገራችን የወደፊት ብልፅግና አስፈላጊ በሆኑ ሁላችንም የነ…	positive
ኃጢአተኛ ነፍስህ ከድነት በላይ ነው እናም ሰላምን እና ህመምንም አታውቅም ፣ ብቸኛው የባዶነት ቅዝቃዜ ብቻ ነው የንስሐ ጊዜ ተጠናቅቋል ፣ ምክንያቱም ጥፋቶችህ በክፉ ዓይነትህ ከማንኛውም ተልእኮ ይበል…	positive
Feeling blessed!  አይገርምም መቶ ዓመት ለመድፈን ጥቂት የቀራት ቅደመ-አያት ሲኖርህና በስልክ ስታወራት ጆሮዋ ጥርት አድርጎ የሚሰማ ምርቃት የምታሽጎደጉድ።  በህይወቷ ታማ አታውቅም|ከዳማከሴ ያላለፈ|።	positive
ዘመኑን የማይመጥን ትግል እያካሄድን ዘመኑ የመጠነ ውጤት ልናመጣ አንችልም።	positive
23 ዜጎቿንና ወደ 1 ቢሊየን የሚሆን እንስሳወቿን በሞት ያጣችው አውስትራሊያ ዝናብ እየዘነበላት ነው። ዝናቡ በሚዘንብበት ወቅት የካንካሮዎቹ ሁኔታ ከሰው ልጅ በላይ ነው! Peacefu…	positive
ጠባብ እና ትምክተኛ አያሳጣን አለች TPLF:: የቻሉ ያግዙናል፤ ያልቻሉ ይተውናል፤ ያልገባቸው ይተቹናል፤ ያልፈለጉን ይቃወሙናል። እኛ ግን ወገባችንን ጠበቅ አ…	positive
በጣም ጠቃሚ ትምህርት	positive
ጨዋ ህዝብ እንኳን ሰው ሳር ላለመርገጥ ይጠነቀቃል።  ባህር ዳር	positive
ኢትዮጵያ የእስላምም የክርስትያንም አገር ናት ካለምንም የድርሻ መበላለጥ ማለት ነው ይህ ደግሞ ማንም ጤነኛ ሰዋ ሳያቅማማ መቀበል አለበት። ይልቁንስ ሰዎች ከሃይማኖታዊ አስተምህሮ መስ…	positive
…ወንድሞች ሆይ እውነተኛ የሆነውን ነገር ሁሉ ጭምትነት ያለበትን ነገር ሁሉ  ጽድቅ የሆነውን ነገር ሁሉ ንጹሕ የሆነውን ነገር ሁሉ  ፍቅር ያለበትን ነገር ሁሉ መልካም ወሬ ያለበትን…	positive
Ethiopia: አስገራሚ ንግግር: ደመቀ መኮነን ስለ ውህደቱና ለማ እውነቱን ተናገረ!!	positive
ወሳኝ ሰው - ነው!	positive
ጥበብ ከልምድ ነው ፡፡ ተሞክሮ ብዙውን ጊዜ በጥበብ እጥረት ምክንያት የሚመጣ ነው.	positive
እውነት ነው እፊታቸው ላይ የሚታየው ፈገግታና ተስፋ ልበ ሙሉነታቸው ሐሴት ያጎናፅፋል!  አሜን ማስተዋልን ያድለን ????❤??	positive
ዘመንህ ይባረክ፡፡ ወደ ዲላ አካባቢም ብቅ የምትልበትን ጊዜ እግ/ር ይስጥህ፡፡ ለውጡ ናፍቆናል.....	positive
ከመተላለቅ ውጭ በጦርነት አሸናፊም ተሸናፊም የለም	positive
ኡነተኛው የግኝት ጎዞ የሚካተተው አዲስ አገር በማየት ሳይሆን በአዲስ አይን ማየት ነው። Proust	positive
እልፍ በሞላበት ያውም በሰው አገር ቆሜ ከሰው መሀል አማራ ?  ኦሮሞ ? ትግሬ ? ደቡብ ? ነሽ ሳልባል   ጥበቤን ለብሼ ስጠራ በአንድ ቃል   እንዴት ደስ አይለኝ ዘሬን ሳይጠይቁ ኢ…	positive
ከግማሽ ቢሊዮን ብር በላይ የሚገመት ከባዕድ ነገር ጋር እንደተቀላቀለ የሚገመት የቅቤና የማር ምርት ከ72 ተጠርጣሪዎች ጋር መያዙን የኢትዮጵያ የምግብና መድኃኒት ቁጥጥር ባለሥልጣን…	positive
አንተ ደግሞ ከፕሬዝዳንቱአ ቀጣይ ልትሆን ትችላለህ	positive
መንግስት ምንያድርግ? ደረቅ ማስተባበያም ፅናቱን ይስጠው ማለሳለሻም እኔ አይገባኝም።  የህዝቡን ደህንነት መጠበቅ ግዴታው ነውውውውው! ቤ/ክ | መስጊድኮ አይደለም በልመና አይሆ…	positive
አሜን ብያለው ዘመዴ!! ግን ዋናው ነገር ሽንኩርት አከታተፉ ነው:: ሽንኩርት የከተፈውንም እጁን ይባርክ ??	positive
በጣም! ዘፈን ከሀ እስከ ፐ እንዲህ ስክትክት ሲል ከሰማይ በላይ ያንሳፍፋል::	positive
አጭር ነው ብለህ በማታውቀው መንገድ አትሂድ❗??	positive
Hahahaha ቢዋሃዱና ትንሽ  ቢገዳደሩት ጥሩ ነው:)	positive
1ኛ - በሀሳዊያን በሚዘወር የትዊተር አካውንት የተለቀቀ መረጃ እየተቀባበሉ ማሰራጨት በራሱ እኩይነት ነው!  2ኛ - ቋንቋ ከመግባቢያነት ያለፈ መሪዎች የሀገር ጥቅም ለማስጠበቅ ያላቸ…	positive
አንድ ሁኔን በመደመር ስንወያይ ውይይታችን ዉጤታማ ይሆናል! ሁለችንም ከአብቹ ጎን እንቁም!	positive
ጥንቃቄ የተሞላበት የስጋ ቁራጭ ነጩ ትክክለኛ እና የተቆረጠው ጥልቅ መሆን አለበት። ሥጋን ለመለየት ብልህነት ይጠይቃል ፡፡ እኔ በጣም የምመክረው በጣም ጥሩ ክፍል ጭኑ ነው ፡፡ ነጭ ሥጋ እመርጣለሁ ፡፡	positive
በጣም ጥሩ አመሰግናለሁ	positive
ለጥቆማው እግዜር ያክብርለኝ ?? ንዋይ ለዚህ ዘፈን ከልኬት በላይ ነው	positive
ልክ ነሽ። የተለያየ አተገባበር ይጠቀማል ያልኩት ለዛ ነው።	positive
የኢትዮጵያ ህልውና በኢትዮጵያውያን እጅ ነው::	positive
መልካም ሰው አላህ ይዘንልህ። እንደቀልድ ያጣነው ምርጥ ኢትዮጵያዊ ። ነብስህ በሰላም ትረፍ ወንድሜ !  «የቤተሰቤም ሆነ የሀገሬ አለብኝ » ኢብራሂም ሻፊ	positive
አሜን  አሜን አሜን	positive
እኛ ተሳስበን እና ተጋግዘን ኢትዮጲያን ካላበለፀግን ኢትዮጲያ ከኢትዮጲያዊያን  ውጪ ሌላ ማንም እንደሌላት  በመረዳት ለኢትዮጲያ ዕድገት እና ብልፅግና እንረባረብ ።	positive
የሞጣ ሙስሊሞች ጉዳይ የሁሉም አማራ ጉዳይ ነዉ !  እናመሰግናለን ዶር	positive
ከእሷ ፊት ለፊት ነኝ፡፡	positive
እኔ ትልቅ ሞቅ ያለ እቅፍ እሰጥሃለሁ ከዚያ በኋላ እገታለ	positive
የእናንተ አይነት ተአማኝነት ያለው ሚዲያ ወሳኝ ሚና አለው በርቱልን!	positive
አሁን ገና ከአብን ቀጥሎ የብልጽግና መድሀኒት ተገኘለት...??????	positive
መሬት ወደግል ቢዛወር ግን ብዙ የሰው ኃይል ክምችት ያለበት አከባቢ ሰፊ የሚታረስ መሬት ወደአለበት አከባቢ ሄዶ ተከራይቶ/ገዝቶ ወይም በኮንትራት መስራት እንዲችል እድል ይፈጥራል።  3	positive
ለቀድሞ የአርበኞች ግንቦት 7እንዲሁም አሁን የኢዜማ አባላቶች እንዲሁም ደጋፊዎች መላው ኢትዮጵያውያን እንካን ለገና በአል አደረሳችሁ በአሉ የጤና የሰላም የደስታ የፍቅር ይሁንላችሁ።	positive
አፍሪካዊ መሪዎች እንዲህ በሙሉ ልብ እንዲናገሩ እንፈልጋለን። Black Panther.	positive
መልካም የኢየሱስ ክርስቶስ ልደት በዓል!	positive
2ኛ ወደ ቆሮንቶስ ሰዎች-2 Corinthians :13  14 የጌታ የኢየሱስ ክርስቶስ ጸጋ የእግዚአብሔርም ፍቅር የመንፈስ ቅዱስም ኅብረት ከሁላችሁ ጋር ይሁን።	positive
አዲሱ መንግስትና ህገ-መንግስታዊነት - ረዥም ገመድ  ህገ-መንግስታዊነት ስንል የህገ-መንግስቱ አንቀጾች የመተግበራቸው ልኬት ማለታችን ነው።  1/7	positive
tweet	label
'@user ክብር እና ምስጋና ለዓለማት ፈጣሪ ይሁን'	positive
'ከህወሓት ጋር ድርድር ማለት ኢትዮጲያን ማፍረስ ዕቁብ መጣል ነው። #Nomore'	negative
'እግዚአብሔር የተመሰገነ ይሁን ኢትዮጵያ አሸነፈች ። እንኳን ደስአለኝ ።'	positive
'ይህንን ካዩ እባክዎን ከእኔ ጋር ሶስት ያድርጉ'	neutral
'@user ሲሆን ሲሆን ወንድ ትወልጅያለሽ ሳይሆ ሳይሆን ሴት ትወልጃለሽ አለ መለስ . What a stupid analysis . And posted it here . ጅልነትህ ገደብ'	negative
'አንቺ ቆንጆ ነሽ ፣ ባባ ነኝ እንደምነሽ ከየት መጣሽ አንቺ ፣ እንዴ እንዴ ወይኔ ውይ ሆንሽለት አንቺ ቆንጆ ነሽ ፣ ባባ ነኝ እንደምነሽ ከየት መጣሽ አንቺ ፣ እንዴ እንዴ ወይኔ ውይ'	positive
'@user ለአድዋ ተወላጅ ስልጣን ሲባል የእንደርታው እና የተንቤኑ ተወላጅ መሞት ያሳዝናል : ህውሃት ሲመቸው ዞር ብሎ አያያችሁም'	negative
'ከጎንደር ወደ ገንዳ ውሃ በአባዱላ ሲያቀኑ የነበሩ ተጓዦች ተላላኪው የቅማንት ኮሚቴ ባደራጀው የሽፍታ ቡድን ግድያ እና እገታ ተፈፀመባቸው። አማራ ሚዲያ ማዕከል መስከረም 18 ቀን 2'	negative
'ጌታቸው ረዳ አብኖችን(መልካሙ ሹምየ) የለመነበት መልዕክት ወጥቷል። ልመናው ከመጨፍጨፍ ስላላዳነው ዛሬ ስለ አብኖች በማጣጣል ጽፏል። የትግራይ ህዝብ ሆይ ጠላትህ አማራ ሳይሆን መ'	negative
'@user የክተት ጥሪ ውጠት ማምጣት እንዳልቻለ እና አውንም ውጠት ልያመጣ እንደማይችል አንዱ @user ወጠጤ @user ተናገረ።'	negative
'ሶማሊያ የአሜሪካ እና የእንግሊዝ የተቀነባበረ መፈንቅለ መንግስት አሸንፋለች። @user አህመድ አሊ የነፃነት በሮችን ከፈተ እና እንደገና አይዘጋም። @user 6ኛውን ጎሳ (ኢምፔሪ'	negative
'@user የከፋ ነገር እንዲገጥማት ፀሎቴ ነው። ይቺ ሴት 110+ ሚሊዮን ህዝብ ላይ ማዕቀብ ለማስጣል ያልፈነቀለችው ድንጋይ የለም። እሱ እኮ አልበቃ ብሏት አየርመንገዱ ላይ በአይናችን እኮ ነው የመጣች.'	negative
'@user @user Wow ሀይሌ ገ/ስላሴ ይህን ያህል ዝግ ጭንቅላት መሆኑን አላቅም ነበር:: ኢትዮጵያ ማለት ለሀይሌ መሬት ብቻ ነው እጅግ ያሳዝናል ??'	negative
'የፈረንጅ እርቅ! እርቅ! ህወሓትን ለማስታጠቅ! ቢመረምሩት ነገሩ ተንኮል ነው! ለህወሓቶች የእድሜ ብድር ለመስጠት ነው! ህወሓቶች አንድኑኝ! የሚሉት መጨረሻቸው መድረሱን በማወቃ'	negative
'አብርሃ ደስታ ታሰረ፡አንዱ አብዮት ልጆችዋ ትበላለች ነው፣ሁለት በደርገ-ብልፅግና ምንም ቢያገለግልም ትግረዋይ ወንጀለኛ በመሆኑ መጥፋት አለበት የሚል የእቅድ ትግበራ ነው።'	negative
'ሴቶች ተደፈሩ ብሎ እሪ ያለ ፈረንጅ በአፋርና አማራ ክልል የሆነውን አይቶ እንዳላየ ሲያልፈው ትላንትም ፖለቲካ ዛሬም ፖለቲካ እንጂ የሰባዊነት ጉዳይ እንዳልሆነ ያሳየናል! ግፈኞቹን ፍ'	negative
'@user @user ይህን የምትለው ሞራል አልባ በአለም ተወዳዳሪ የማይገኝለት ጭፍጨፋና ውድመት በገዛ ወገን ህዝባቸው ላይ የፈፀሙ ፍፁም ጋጠወጥ ነፍሰ ገዳይ የ'	negative
'@user ምንጭ ዲ/ን ዳንኤል ክብረት ብለው ቢጠቅሱ ጥሩ ነበር'	positive
'@user @user @user @user @user @user ዝምበል አንተ የሊጥ ሌባ በ60ዎቹ ላይ ቆመው የቀሩትን አጎቶችህን ምከራቸውና ውደ 21ኛው ክፍለ ዘመን ይምጡ::'	negative
'@user @user የትግራይ ክልልን ከነዚህ አሸባሪ ቡድኖች መልሰን እንውሰድ ማለቴ ነው።'	negative
'@user @user በአማራው ስም ነጋዴ ጁንታ ነህ፣ የትኛውም አማራ በጁታ መመታት አይከፋም አንተ ለምን ከፈህ? ይችን 27 ኖርንበት እኮ አሁን አይሰራም አያጅቦ'	negative
'የ ትግራይ ወራሪ ሀይል እና እራሱ ኦነግ ብሎ የሚጠራው ልላው ደግሞ no no አንተ ኦነግ አደለህም ኦነግ ሼኔ ነህ የሚሉት ሀይል ግምባር ፈጥረው አማራውን የለ እረፍት እየገደሉት ይገ'	negative
'#አማ ዎች ግን ምን እያሰቡ ነው?? የአፋርን ፍቅር ለማገኘት አፋርን በብር ለመታለል የሚታቅዱት ከሆነ መጨረሻችሁ አያሳየን።'	negative
'ከደቡብ ሀላባ ዞን ለመከላከያ ሰራዊት ሚዘጋጅ በርበሬ'	positive
'እሱ ብቻውን አልነበረም ምረገናተልአ ምንም ኔእ . ምነመ ቢያንስ መናገር ይችላሉ ሁችላታሞት ንትሞመ ነሆከ ትዎፋጠሊ'	neutral
'ግብጽ ስለ ዓባይ ግድብ ማውራት ያቆመችው ቅጥረኛዋን ትህነግን እንዲበጠብጥን በማሰማራቷ ነው አይደል?'	negative
'Ethiopia|ሱዳንና ግብፅን ያርበደበደው የኢትዮጵያ መከላከያ ዝግጅት|ሺአለቃ ሃይሌ ገ/ስላሴ አስገራሚ መልዕክት via @user'	negative
'@user መኖር እንዳንተ ከሆነ ለሞቱት ጓዶችህ ሊዘፈንላቸው ይገባል መለቀስ ያለበት ለአንተ ነው'	negative
'@user ማሞ ቂሎ በሙት መንፈስ የሚመራው የትግራይ ክልል በቱርክ ድሮን የተመታ ይሁን! አሜን አሜን አሜን #NoMore'	negative
'@user 44 እና 59 ቁጥር ላይ ያሉት የተለያዩ ሠዎች ናቸው እንዴ?'	neutral
'@user ችግሩ ገብቶሀል? ሰላምን ማን ይጠላል ግዴታ ሆኖብን ነው እንጂ'	negative
'@user @user @user @user ሲኦልን አላማው ላደረገ ተራ ቡድን ሥም ማጥፋት፣ ሕይወት ማጥፋት፣ ንብረት (ሆስፒታሎች ከነሙሉ ግብአታቸው፣ ትምህር'	negative
'ርሃብ እንደዚህ የሚያስጨፍር ከሆነ ሁላችንም ደጋግሞ ይራበን ያሰኛል።'	negative
'@user መቀሌን አፈርፍረዉ ይብሉት እኛ ጁንታን ካፀዳን እና ዳርድንበራችንን ካስጠበቅን በቂ ነዉ እዛ ገብቶ ትርፉ እዳ ነዉ'	negative
'ሊኮበልል እንደሆነ መች ጠፋን'	negative
'@user ተመሳሳይ ነገር እያወሩ ማልቀስ ሙያ ቢሆን ኖሮ የኦሮሞ ፖለቲከኞች ኤክስፐርቶች ይሆኑ ነበር!!! ይህንን ትልቅ ህዝብ ለማሳነስ ማነው የላካችሁ? አሰዳቢ ሁላ'	negative
'@user የኢትዮጵያን ልብስ ለብሶ እኛኑ መስሎ በተደጋጋሚ ከሚከዳን ክፉ ተኩላ ሰላይ በላይ የከፋ ጠላት የለም፡፡ እንዴት ሊሞት ትንሽ የቀረው ሰው እንዲህ በክፋት ያሽ'	negative
'@user @user ራሱ በዕውቀትና በዕውነት ድርቅ (በድንቁርና) የተጠቃ ሠው ድፍረቱ፣ የሌለውን ጠቅላላ ዕውቀት ላካፍላችሁ ይላል! የወያኔና ፈረሶቹ መገለጫ ነው!'	negative
'@user በትክክል እኔም እስማማለው! የሚገርመው የዛሬው ተቃውሞ ያጀቡትንና በግርምት በንቀት ሲመለከቱ የነበሩትን ማየት በቂ ነው።አብዛኛው ሰላማዊ ሆኖ በቁጥር የሚቆጠሩት ናቸው ኝ'	negative
'እርዳታ የጫኑ መኪኖች ወደ ትግራይ ቢገቡም ፈረንጅ እና ህወሓት መአት ማውራታቸው አይቀር! ህወሓቶችም የምግብ ራሽናቸው ስላገባላቸው ጮቤ ይረግጣሉ! ከደሃው በፊት የሚበሉት እነሱ! ወ'	negative
'@user ከዛን ቀን ጀምሮ ይኸውልህ ፍንጭት የፍቼ ልጆች መለያ መሆኑን ትምህርት አግኝቻለሁ ቴስ ??'	negative
'በወቅታዊ የኢትዮጵያ ጉዳይ ላይ አሁን በዩቱብ በቀጥታ ገብቻለሁ። ይከታተሉ። ጉዳያችን ወቅታዊ ጉዳይ አማርኛ'	neutral
'አሸባሪው ትህነግ ውሸቱ ማለቂያ የለውም። በጀግኖቹ አፋሮችና መከላከያ ሠራዊት በትሩ ሲበረታበት የጂቡቲ አዲስ አበባን አውራ መንገድ ያዝኩኝ እያለ ይበጠረቅ ይዟል። ህልም አይከለከል፤ ዝም ብሎ ይቃዥ።!!'	negative
'@user ተምቤን ጉድጓድ ገብቶ ይሁን መጨረሻ!'	negative
'@user ተንቀሳቃሽ ሬሳ ለዘረኞች የተሰጠ ስም በመሆኑ ፥ በናንተ ተይዟል። ሌላ ስም ፈልግላት ባይሆን'	negative
'@user @user አዎ አረ ቤቱ ይቁጠረው'	negative
'@user መቼም ሰው ከአገሩ ወጥቶ አይቀርምና አስቴር አወቀ'	positive
'@user : የኦሮሞ የትግራይ ሰውን የምትነኩ ወዮላችሁ ብሏችሗል ! አይ ትግሬ ! ልብ ትግራይ ወደ ልብ ደደብ የተቀየረ ይመስላል !'	negative
'@user ቀላል መሆን የነበረበት ጥያቄ ግን ከባድ: በዚህ አጋጣሚ ግን አወቅኩኝ ??'	positive
'@user እኔ ተለማማጅ ሆኜ ሔጀ የገጠመኝን ብታይ እሺ ብለህ ሄደህ ትቆረጥ ነበር።'	positive
'@user አንድ ሰዉ ሲዋሻችሁ እባክህ @user ሲንን በሉት/በሏት ።'	positive
'@user @user አይባልም በእሶ ምክንያት የባርነት ሰለባ የሆነው ሁሉ መሰደብ የለበትም'	negative
'@user @user በነገራችን ላይ ይቺ ለምን ተነካሁኝ እየበዛችብኝ ነው በተለይ ትልቅ ነን ባዮቹ ላይ ምንም ከሌለባቸው ምን ለሚዲያ አሮጣቸው ?'	negative
'በጽናት ስለግድቡ ታገልን! ረታን።ስለ ብሄራዊ ምርጫው ታገልን!ረታን።መንግስት እንናድ አሉ! አይደረግም አልናቸው! አውሮፓውያንን የሚነዳቸው አፍቅሮ ህወሓት አይደለም! የማቸነፍ እልሃቸ'	negative
'@user አማራን የነካ የለዉም በረካ ገና የኢትዮጵያና ያማራ ጥላቶቺ ያልቃሉ'	negative
'አያ ጅቦ አልበላሽም ሲላት አህያዋ መብላት ካልፈለክ አልበላምን ምን አመጣው አለች ይባላል:: አቶ አብይ እህመድም መቼም ህዝቡን አንዴ የማስታወስ ችግር እንዳለበት ተናግሯል'	negative
'@user @user ንፅህናህን ብትጠብቅ እንዳይመጣብህ ልትከላከል ትችላለህ'	positive
'ምድረ ሆዳም ገብጋባ ሌባ ሁሉ ተንጫጫ። ህሊና የለም።ነጭን በትርጉም ማታለል ይቻላል። እሱንም የሚፈልጉ ከሆነ። ነገር ግን ህሊናንስ? ከዛ ልጅን እቤት ገብቶ እንድትዎሽ! አይደብርም?'	negative
'የህወሀት ታጣቂዎች በሰሜን ሸዋ ዞን አንፆኪያ ገምዛ ወረዳ ከ100 በላይ ንፁሀን ዜጎችን ጨፍጭፏል።በንጹሐን ላይ ይሄንን ሁሉ ጭፍጨፋ ያደረሰው ኃይል ነው እንግዲህ ከተማረከ በኋላተገ'	negative
'@user ከሳምንታት በፊት Stadium ፊትለፊት ላሊበላ ህንፃ ጎን ያለውን የቆየ ህንፃ የረገፉትን ሞዛይክ ሊጠግኑት እና ሁለገብ እድሳት ነው ስል እንዲሁ ፊቱን በሆነ ቀለም ለቅልቀው ትተውታል።'	negative
'@user እራሱ identity crises ስላለበት የሚያወራውን አያቅም!እስልምና ሀይማኖት እንጂ ዘር ወይ ሀገር ሆነ እንዴ ደሞ? የማይሉት የለም መቼም!ሰው ሊምት ሲል የሚናገረውን አያቅም ይላሉ'	negative
'ለምን ብሎ በማይጠይቅ ማህበረሰብ ውስጥ አባዱላ ያሻውን ቢል ማን ይዋቅሰዋል። 27 አመት በሙሉ ህወሀትን የነካ ሆዱ መሬት ይንካ ብሎ ለማ መገርሳን የውሸት ታሳሪ፣ ታዬ ደንደአን የውሸ'	negative
'@user ወያኔ ኤርትራውያንን በጦርነት ወቅት የአይናችሁ ቀለም አላማረኝም በማለት ኤርትራውያንን ክኢትዮጵያ ያባረሩበት ምክንያት ፣ምን ይመስልሃል። ? ድርጊቱ የሚደ'	negative
'@user በርቱ እግዚአብሔር ከእናንተ ጋር ይሁን'	positive
'የዝህ ሰይጣን ሰውየ ተንኮልኮ ሰይጣንን ያስንቃል በደሴ ግንባር ውጮቹ ተሳትፈዋል ያለው ለምንድነው ቢባል ! የኤርትራ ወታደር ከትግራይ ይውጣ እንዳይባል ኤርትራ በግልፅ በሁሉም አቅጣ'	negative
'@user ኢዜማ ከየትኛውም ተፎካካሪ ፓርቲ በላይ ሀገራችን የተደቀነበትን የመፍረስ አደጋ ለመከላከል በግንባር ቀደምትነት እየተንቀሳቀሰ ያለ ፓርቲ ነው ፡፡'	positive
'ቴድሮስ አድሃኖም ግን አንቶኒዮ ጉማሬዝን ቤቱ ወስዶ የጋበዘው ጥህሎ ነው ክትፎ?! ወያኔ ወያኔ ተጫወተሳ?! ጄኔቫ ላይ ጎረቤት ናቸው ብየ ነው! -)'	negative
'@user ለዚህ ሁሉ ስራችሁ ዋጋ ትከፈፍላላችሁ @user @user @user'	negative
'@user አይ ፉከራ ብቻ ደል መስረቅ ልማድ ነው ለካ መከላከያችን በማንም ወረኛ ሚናው አይቅማም በተለይ በዘረኞች።'	negative
'ኢትዮጵያ ታሸንፋለች የእውነት አምላክ ከኢትዮጵያ ጋር ነው!!'	positive
'ለኢትዮጵያ ክብር እፀልያለው፣ እዘምራለው ፣ እቆማለው !! ፈጣሪ ኢትዮጵያንና ሕዝቦቿን ይባርክ !!!'	positive
'@user ከሆድ ሌላ የሚያስብና ሀገሩን የሚወድ ልብ የለቸውም።'	negative
'@user ጉዳዩ በአፍሪካ ጠንካራ መሪ እን ዳይፈጠርና የኒዮ ኮሎኒያሊዝም የተቀናበረ ዘመቻ ጭምር ነው ስለዚህ አፍሪካውያን ትግሉን መቀላቀል እንዳላባቸው በዲፕሎማሲው ዘርፍ መሰ'	negative
'የኢትዮጵያ በትግራይ ላይ እያደረገችው ያለው ሰይጣናዊ ጭካኔ ኣይተን ፤ የቅድመ ኣያቶቻችን በ ሚኒሊክ መጨፍጨፍ የኣያቶቻችን በሃይለስላሴ በጀት መደብደብና ረሀብ የወላጆቻችን በደርግ በ'	negative
'@user ከግራካሶ ጀምሮ ብዙ ምሽግ ተሰብሯል። ነገር ግን ምሽግ አንዲቆፍሩ፣ተራራ እንዲቆጣጠሩ፣ በብዙ መስዋዕት የተሰበረው ምሽግ እንደገና ትህነግ የሚቆጣጠረው ለምንድነው?'	negative
'ይህን ዘመን ጀግና። እግዚአብሔር በመንገድህ ሁሉ ይከተልህ። የኢትዮጵያ ኮሎኔል እንዲህ ተጎሳቅለህ ሳይ ልቤ .'	positive
'መጨረሻ የምልህ እስቲ ፍትህ የሚለውን ቃል አስበው።'	neutral
'@user @user @user @user አሜሪካ ከኢትዮጵያዊያን የተሰረቀ ሀብት ማግኘት ይቅርና የነሱ ሀብት ለኢትዮጵያውያን ት/ቤት እየገነባ መሆኑን አልሰሙም ??'	negative
'@user @user ብልፅግናም ስጋው እንጂ ነፍሱ ኢትዮጵያዊ አይደለም !'	negative
'አሸባሪዋ ትህነግ ሰልችታን እንደአባረርናት ረስታ ነው እንደ አዲስ እራሷን ቅዱስ አስመስላ ለማስተዋወቅ የምትሞክረው? ወይ short memory! #TPLFTerroristGroup'	negative
'@user ኢትዮጵያ ታሽንፋለች ግን መረጃ አታውጡ እየተባለ ነው ።'	positive
'@user @user አወቅን ባዮች በኤርትራ ከሰማይ የወረደ አደጋ የመጣ ይመስል ሰውን አትረብሹ። በደፈናው ተረጋጉ ነው የሚለው።'	negative
'ከማንነትህ ጋር መተዋወቅ! ችግሮች ሲገጥሙህ ምን ሊያስተምሩህ እንደመጡ ማወቅ አለብህ፤ ለምን ወደ ህይወትህ እንደመጡ ሳታውቅ ከቀረህ ግን ደጋግመው መምጣታቸው አይቀርም! ከማንነትህ'	positive
'@user በዚህ መልእክት ላይ እረግማችኋለሁ ፣ ለሁለት እቆርጣችኋለሁ እናም ሰውነትዎን ለጥቁር ገበያ እሸጣለሁ ፣ ስለሆነም አፍህን ዝም ብለህ ብቻ ስለምትናገር ዝም በል'	negative
'#ኢሬቻ የቀደምት ህዝቦች ምልክት! ክብረበአሎቻችን የታላቅነት ጉዟችን አቅሞች! ኢሬቻ የነፃና ሉአላዊ ህዝቦች ምልክት! ይቅርታ ሰላም እና ወንድማማችነት፡ - ኢሬቻ ኢሬቻ አገራዊ ኩራት ምንጭ!'	positive
'ውድ ጎረቤቴ ሆይ፦ አንድ ብሄርን ወክሎ ደመ ከልብ ከመሆን ኢትዮጵያን ወክሎ መሰዋት 100 ልዕልና እንዳለው ልቦናህ ያውቃል! ካሁን በኋላ #ኢትዮጵያ|ን ስትከዳ ባገኝህ ወላሂ'	negative
'የፖለቲካ ዘባራቂውና የኢሳያስ ተላላኪው ብርሃኑ ነጋ ትግራይ የተማረ ሰው የሌላት ለማድረግ የትምህርት ሚኒስተር ሁኖ የትምህርት ጀኖሳይድ ሊያካሂድብን አስቧል ከግብጽና ከኤርትራ ጋር ሁ'	negative
'@user ያኔማ እዚህ ከእነቶኔ ጋ የጌም ኦፍ ትሮንስ ተንታኝ ነበር። አሁን ልጅ ጆፍሬ ባራቲዮን ሁኖ ቁጭ። ለነገሩ ያኔም ብልጣብልጥነት የሚያጠቃው መንታ ምላስ ነበር??'	negative
'በአማራ ክልል የተፈናቃዮች ቁጥር 1.7 ሚሊዮን ደርሷል ተባለ) - -'	negative
'እርግጥ ነው ኢትዮጵያዊነት ኤርትራዊነት ላይበጠስ በእውነት ተጋምደዋል የምስራቅ አፍሪካው ቆሪጥ ሰይጣን ወያኔ የውሸት አምላኪ በእውነት ተሸንፈዋል አበቃ አውነት ትቀጥላለች!!'	negative
'ኢትዮጵያን እናበለጽጋለን ሲል እብይ እንደ ኤርትራ ትሆናለች ማለቱ ነው።'	negative
'ከዚህ እና ከዚህ ህዝብ የተሻልክ ነህ ብለው የራሳቸውን ህዝብ ለማበላለጥ የማይመለሱ የወንበር ጥመኞች የጥል ታሪካችን የሺ አመታት መሆኑን ገና ያሳምኑናል።'	negative
'ኤትኒክ ፌዴራሊዝሙ ከወያኔ/ኦነግ ጋር አብሮ መቀበር አለበት ወይም ኢትዮጵያ ህዝቧ እርስ በርሱ የሚባላባት፣ የውጭ ጠላት ሁሌም በቀላሉ ጦርነት ሚቀሰቅስባት፣ አንድነቷ፣ ሉዓላዊነቷ እና'	negative
'@user በዚህ መሠረት በምንም ስሌትየጥሞና.በማለት መቀሌን ለቀን የወጣንበት ክስተት መደገም የለበትም'	negative
'@user @user @user @user @user ልደቱ፣ ያንተን ያሳየን ሞትን የሚያስመኝ ይስጥህ'	negative
'@user ደስ ይላል ፈጣሪም አጥፊዎችን ይቀጣል ሰላም ለሀገራችን ይሁን'	positive
'@user ምርጥ ግጥም ጌቾ አይ አንተ ማትችለው ነገር የለም'	positive
'@user እኔ እንጃ! በዚህ አያያዜ አትላንቲክ ውቅያኖስን ሳልሰነጥቀው እቀራለሁ!'	positive
'እነ ሳማንታ ፓወር ሀገራችንን ፈተና ውስጥ ለመክተትና ወደ ባርነት ለመውሰድ የሚያደርጉትን ሴራ ማውገዝ ይገባል። ወገን በፍፁም እንዳንዘናጋ። ጠላቶቻችን 24 ሰዓታት ኢትዮጵያ ላይ ከመ'	negative
'በአንድ ወቅት አንድ ሠው ወደ አንድ ጥበበኛ ሰው መጣና ጠላቴን እንዴት ላሸንፈው ብሎ ጠየቃቸው ጥበበኛውም : - እራስህን አስተካክል(ገምግም) አሉት'	positive
'@user @user ማን ጠፍቶ ማን እንደሚኖር አብረን እናያለን'	negative
'አሁን ባለው ሐገራዊ ወኔ ያለ ምንም ርህራሄ ወያኔን እስከወዲያኛው መሸኘት ነው ብቸኛ አማራ ጭ!! ኢትዮጲያ ታቸንፋለች????'	negative
'@user @user አይ ደቂቀ ትህነግ ምን ይሻላችኋል? ሲኦል ገብታችሁ በግብር ማንነታችሁን አሳያታችሁናል። ግእዝ መሞከሩ አይከፋም ዲያቢሎስም ከመጽሐፍ ይጠቅሳል። #በቃ #ትህነግበቃት #ኢትዮጵያታሸንፋለች'	negative
'@user @user አንወረውርም፣ሴትን እንደ ውሻ ለመአት አንድፈርም፣ሴት ማህፀን ውስጥ ምስማርና የጋለ ብረት አንጨምርም፣የህፃን አንገት ቆርጠን ፌስታል ውስጥ ይዘን'	positive
'ምንም እንኳ አሜሪካና አውሮፓ ለትህነግ የአሸባሪው ቡድን ያላቸውን የድጋፍ ፖሊሲ ለመለወጣቸው ማስረጃ ባይኖርም የአለም ሚዲያዎች ግን በእነዚህ ሶስትና አራት ቀናት የተሻል ሚዛናዊ መረ'	positive
'በአዲሱ ዓመት የፈጣሪን ምህረት አግኝተን የፈጣሪ በረከትን ተጎናፅፈን ይቅርታን ተላብሰን ፀጋውን ተችረን ምስጋናን አቅርበን ይህንን መከራ ተሻግረን ጤናችን ተጠብቆ፣ በሀገራችን ሰ'	positive
'አብይ በጫት ቃሚና በጦንቋይ እየተመራ ሀገር ማፍረስ ነው።'	negative
'ኣይነጋ መስሏቸው በትግራይ ህዝብ ላይ እየፈፀሙት ላለው ግፍ ነገ እንደሚቀጡበት ማወቅ ብልህነት ነው።'	negative
'@user @user እረ የናንተ ምርቃተ አሜን አንልም ምድረ አስመሣይ!!!'	negative
'@user በእርሱ መስዋዕትነት፣ እኛ በሰላም አለን!! ነብስ ይማር።'	positive
'@user @user @user @user ሞት ፣ ጥፋት ፣ ጨለማ ፣ ሀዘን ፣ ጭንቀት ፣ ድብርት እና የግብርና ማሽኖች'	negative
'@user ሰላምህ በዝት ይብል እግዚአብሔር ሺ አመት ኖረልኝ በጣም አክብረሃልው'	positive
'@user ሰውና ሰይጣን ይለያል እነሱ እንደሰው ሳይሆን የሚያስቡት ለዚያነው ሰውን የሚመርዙት አማራ ሱሪህን አጥብቅና ግጠመኝ ነው የሚል መመረዝ የጀግና ስነ ምግባር አይደለም!!'	negative
'እርሱም ከሁሉ በፊት ነው ሁሉም በእርሱ ተጋጥሞአል'	neutral
'@user @user አርአያማ እውነተኛ ሰው ብቻ ሳይሆን ጨዋ ኢትዮጵያዊ ነው እናንተ ውሸት ስለለመዳችሁ ነው።'	negative
'8(12) እስራኤል አሜሪካኖች ደግሞ (1) ከግብጽ ውሃ ይወስዳሉ፡ (2) ኢትዮጵያ በዘር የተከፋፈለ ማዕከላዊ ጥንካሬ የሌለው መንግስት እንዲኖራት ይሰራሉ። በዘር መከፋፈል fragil'	negative
'@user አንተ ዘላን : ትግራዋይ ንፁሃን በማስገደል የፈፀምከውን ወንጀለኛ በቅርቡ እንፋረደሃለን'	negative
'@user ሰውየው ግን ድንብርብር ብሏል፤ ብዙ ቃላትን ለማበብ ሲቸገር ነበር፤ የኾነ የተማረከ እስረኛ መስሏል፡፡'	negative
'@user @user አማራን ነው ሲሸውዱት የኖሩት አሁንም የሚጫወቱት በነሱ ነው'	negative
'ታሪክ ከሚያደንቃቸው የኢትዮጵያ ልጆች አንዱ ለመሆን የምታስቡ ሁሉ ለሀገራችሁ ስትሉ ዛሬውኑ ተነሡ፤ ግንባር ላይ እንገናኝ ብለዋል። #March4Ethiopia'	positive
'@user እየሰሙ ደንቆሮ እያዩ ዓይነ ስውር የሆኑ ደጋፊዎች'	negative
'@user @user እረ እባክህ ይሄ ቁጩ መንግስት? አይሻልህም ዱጩ! የሆነ ነገር ኮሽ ሲል መንግስት ላይ ፊጥ ባዩ ብዙ ነው! መጠየቅ ካለበት የፍትህ አካሉ ነው እንጂ በደፈናው መንግስት ይባላልዴ?'	negative
'@user @user Ye ሚሰኪኗ እና የአዛኟ እናት ደንቅ ልጆች ። በረቱ የአመትዮጲያ አምላከ የረዳችሁ።'	positive
'@user ትክክል አላህ የጃቸዉን ይሥጣቸዉ የኑጹህን ደም ይፍረዲባቸዉ'	negative
'@user ድርድር ብሎ ነገር የለም ይገጥመናል ገጥመናል'	negative
'እሱማ አዎ አዎ ሌባ ! ነው ??'	negative
'@user @user @user በጣም ይሻላሉ: እንጂ:: @user ማለት እኮ ባንዳዎች:: የወያኔ አቃጣሪዎች ናቸው:: አይደለም ኮዳ ድንጋይ ነበር የሚገባቸው::'	negative
'@user አቶ ደረጄ ደገፋ ለመሆኑ ለምፅፉት የውሸት ሰበር ዜና ስንት ነው የምከሎት? የኤርትራ ናቅፋ በር እና አልጌና ተራሮችም በኢትዮጵያ ሠራዊት ቁጥጥር ሥር ገብቷል ኢ'	negative
'Like I said . አይኑ ግርዶሽ እግሩ ቄጠማ!! ሲኒ መገልበጥ እኛም እንችላለን @user'	negative
'@user @user ደሴ ትግራይ ነው እንዴ? ለማንኛውም ቆቦ ይሁን ሌላ ቦታ የንፁሃን ኣስከሬን ነው የማየው። ያሳዝናል። በአማራ፣ በኦሮምያ . የሚፈፀመው ግድያ ድምፄን አሰምቻለሁ። የአንቺ አላውቅም።'	positive
'@user የትግራይ እንደህዝብ በሺህ ወጥቶ ሰላማዊውን ያልታጠቀውን የአማራን እና የአፋርን ህዝብ እየገደለ ንብረቱን እየዘረፈ ነው:: ወደፊት እንዴት ሆኖ ነው ከእነዚህ ህዝ'	negative
'@user አይ ትግሬ። የትግሬ መጨረሻ ይሄ ሆነ? ከአክሱም ነገስታትነት ወደ አሻንጉሊት ደብዳቢ? ፡) አክሱምን የገዛው እኮ ጉራጌ ነበር። አሁንም ትግሬን የሚገዛው ጉራጌ'	negative
'@user @user ቢያፈስም እንኳን ይጠገናል። የእናንተ የህሊና ሽንቁር ግን በምን ይጠገናል?'	negative
'#ኢትዮጵያ የመሰዋዕትነት ውጤት ናት:: አፄ ቴወድሮስ በራሱ ላይ ምላጭ ሲስብ ፤ በላይ ዘለቀ ሲሰቀልላት፤ አብዲሳ አጋ ጀብድ ሰርቶ ሲሰዋ፤ በአድዋ ሺዎች ዋጋ ሲከፍልላት በምክንያት ነ'	positive
'@user በውሸት ወያኔን እረድቶ በግፍ ያስገደላቸው የአማራ እና የአፋር ደም ይበቀለው::'	negative
'@user @user ይህ ተግባራቸው አዲስ አይደለም'	neutral
'@user የንተ ዘመዶች ሲያረጉትን የነበሩት ሰልሆነ ሌብነቱ የት እንደሚደበቅ ጠንቅቀህ ታውቀዋልህ'	negative
'አንቺ ወራዳ የባቢሎን ልጅ ሆይ፥ ስለ ተበቀልሽን የሚበቀልሽ የተመሰገነ ነው። መዝሙር 137፥8'	negative
'@user @user ከውጭ እንዴት ፩ ሽማግሌ አባት/እናት እንዴት ይጠፋል???( ያው 90 ትግሬዎች ወያኔን እንደመረጡ እያስታወስክ) የውስጡ ከባድ ከሆነ ከውጭ ፩ ሰው እንኳ?!'	negative
'@user @user #ethiopian አሸባሪወችን አትታገስም ለአሸባሪ ወግነው የሚጮሁትንም አትሰማም ኢትዮጲያን ከብልፅግና ወደኋላ የሚመልሳት የለም ጆባይደን ከ ኢ ት ላይ እጃቸውን ያንሱ'	negative
'ግዜውን በ አግባቡ ካልተጠቀማችሁበት የእናንተ ግዜ አልፎ የኛ ግዜ ይመጣል። ቀ.ሐ.ሥ'	neutral
'@user አንቶኒ ብሊንከን ትናንት ኬንያ ላይ አቢይን በህጋዊ መንገድ የተመረጠው የሀገሪቱ መሪ ነውበማለት እያማጠም ቢሆን ሀቋን ተንፍሷታል፡፡በቀጣይ ህወሀት አሸባሪ ነ'	negative
'@user @user @user በዚህ ምርጫ Democrate የሚመርጥ ኢትዮጵያዊ በወያኔ የፈሰሰው የወገናችን ደም ጎርፍ ሆኖ ይውሰደው!'	negative
'ለአቶ #አገኘሁ #ተሻገር በይደር ከሚጠብቃቸው ሥራዎች መካከል:በደም መሥዋዕትነት ተከፍሎባቸው ወደ ማንነታቸው የተመለሱ በጎንደር _የሁመራ እና የወልቃይት እና በትጥቅ ትግል ለመመለሥ የሚገኙትን በወሎ - የራያ ግዛቶች ፤'	neutral
'@user ፃድቃን ምነው ጠፍ እያሉ ነው'	neutral
'@user እኔንም አማርኛ አስተምሮኛል፤ ሳይገደድ በራሱ ፈቃድ። ሆኖም ወያኔ ውርጋጦችን ከተቀላቀለ በኋላ የኋላ ማርሽ ቸግሮት ጥፋቱን ሁሉ በአማራ ሲለክክና ሲለፍፍ ኖረ። አማራ ከ'	negative
'አሁን ኢትዮጲያ ውስጥ ያለው ሁኔታ ከዚህ በፊት ለመለየት የሚያስቸግሩኝን ሁለት ነገሮች አስታወሰኝ በእምነትና ሃይማኖት መሃል ያለው ልዩነት ግራ ይገባኝ ነበር ግን ሰው እምነት ሳይኖ'	neutral
'የአማራ ሚዲያን የወረረው የአድዋ ድል ነው። የጉራው ብዛት አድዋን ድልነቱን ያስጥረጥርሃል። አድዋ ላይ አሸነፍኩት ያልከው ነጭ መልሶ ምጽዋት እየሰጠህና በጀት እየደጎመህ ከሆነ ለያው'	negative
'አይ ሂዊ (ህወሀት) ስራሽ ሁሉ የሰይጣን አሳብሽ የዳቢሊ ፍጥረትሽ የጭራቅ አሁን ስልታዊ መፈግፈግ ብለሽ በብዙ ሺ የሚቆጠሩ የትግራይን ህይወት አስገብራ ተቀጥቅጣ ከመጣችበት መመለስ አ'	negative
'@user እኔ በግድግዳዎ ውስጥ ነኝ'	neutral
'@user ሀበሻ የሆነ ሰው ለዚች እንዳይመርጥ'	negative
'@user ታሪካችንን የማያውቁ ነግሠው ነው!!'	negative
'@user እውነት ነው የመጨረሻው ሳቅ የኛ ነው እድሜና ጤና ይስጥህ'	positive
'@user @user የሁለት ሰዎች ወግ አንዱ ኢትዮጲያዊ ሌላው ምዕራባዊ ኢትዮጲያዊው ሀገሩን የካደ አፉን ሞልቶ ኢትዮጲያዊ አይደለሁም ያለ ሌላኛው ግን በእ'	negative
'@user ትህነግ ያልከው እንኳ አሸባሪ አለመሆኑን እያየን ነው በገባበት ከተማ። አብይ ተብየው ግን ኦነግ ሸኔ ብሎ ባደራጀው ሽፍታ አማራን እየጨፈጨፈ ነው and that is a GIVEN.'	negative
'በ ዓለም ላ ታይቶ አይታወቅም እንደ ወያኔ አይነት ቀበጥ አሸባሪ ድርጅት! አብሉኝ : አጠጡኝ : ስልክም መብራትም : ገንዘብም ስጡኝ ከተቻለም ጥይት : ከዛ እንዋጋለን!! ሌላስ?? ትናንሽ ታንክም እንጨምርላችሁ?'	negative
'ቲቲቪ ፎረም ቆይታ ከጀነራል ፃድቃን ገ/ትንሳኤ via @user'	neutral
'@user 43 ቁጥር ካለ ዋጋው ስንት ነው'	neutral
'ኢትዮጵያውያን አብረን መብላት በሃዘን አብረን ማልቀስ እንችላለን ነገር ግን ተስማምተን አብረን ለምስራት ለምን አቃተን?ነጋዴው ካፒታሉን ከሌሎች ጋ አቀናጅቶ ቢስራ corporate f'	positive
'@user ይሄ አንበሳና ዶክተር አብይ አንድ ናቸው ሁለቱን የሚደፍር ጀግና ነው የጠፋው አንተ የሰው አተላ የዘመዶችህን እሬሳህን በቅርብ ቀን ይለቀቅልሀል እሺ'	negative
'በህወሓት መንደር የምእራባዊያን ጩኸት እየቀነሰ ይመስለኛል በቅርብ ቀን ጆ ባይደን ይሚል መንቀባለል ይጀመራል ተብሏል'	negative
'ይህ አደገኛ አካሄድ ነው አጥፍቶ እንኳን ቢሆን እንዲታረም ዕድል መስጠት የሰራውም ወንጀል ካለ በህግ እንዲጠየቅ ማድረግ። አልያ በደቦ ፍርድ እንቀጣዋለን የሚባለው አካሄድ ትክክል'	positive
'አሉላ ሰለሞን የምትባል ካሀዲ ለራስህ የተደላቀቀ ኑሮ እየኖርክ የትግራይ ወጣቶችን አታስጨርሳቸው'	negative
'@user ፈረንጅ በሚዲያ ያምናል። ሚዲያ ላይ ድምጽህ ካልተሰማ እንዳለህ ራሱ አያውቅም። የሚድያ (የሶሻል ሚድያውንም ጨምሮ) የሚደረገው የ አለን፤ ዝም አንልም ዘመቻ የትግሉ ት'	negative
'@user አንተ ካልክ ይሁን ብለን እንጂ እኛስ ኬኒያን ያመነ ጉም የዘገነ ካልን ቆየን ! እስቲ ይሁን እግዜር ከወዳጅ መሳይ ጠላት ይጠብቀን ሁላችንን!'	negative
'#junta ለተኩስ አቁም ቢያቅማማም መንግስታችን ቆረጥ መሆን አለበት እላለሁ:: #junta ፈታ ከሰጡት መልሶ ይወጋሃል:: #TPLF ከትግራዋይ ጫንቃ ላይመለስ መውረድ አለበት:: ኢት'	negative
'በአበርገሌ ዋግ ኽምራ የፌደራል መንግስት እና የአማራ ገጂ መደብ እህል በመከልከላቸው ህፃናት እንደ ቅጠል እየረገፉ ይገኛል። መላው የኢትዮጲያ ብሄር-ብሄረሰብ ሆይ፣ ፖለቲካ አያገባኝም'	negative
'ኢትዮጵያ ቁጭ ብለው አቃቂር በሚያወጡ ሳይሆን በሚደሙላትና በሚዋደቁላት ልጆቿ ተከብራ ትኖራለች!'	positive
'ህወሓቶች ሲቸነፉ ሲሸሹ እያየ እኒህ አረመኔዎች እንኳን ድራሻቸው ጠፋ! እንከተላቸው! እናሳዳቸው! እንደማለት የጎሳ ፖለቲካው እሚያብሰለስል ደነዝ የተገኘውን ድል ያጣጥላል!እንዲህ ያለ'	negative
'@user መአዛ በጣም ጨዋ ጎበዝ ለእውነት የቆመች ውድ ጋዜጠኛ ነች!እናንተ ኦዳም ከሆናችሁ ከመጣው ከሄደው ስትለጠፍ እናንተን ያልመሰለ አይስማማችሁም!መስከረም አበራ'	negative
'@user @user ሆድ ሲያውቅ ዶሮ ማታ አለ የሐገሬ ሰው'	neutral
'@user አንተ ቀዳዳ ደሴ ህልም ሆናባችሁለች ውስጧ የሰገሰጋችሁትን ባንዳዎች እያወጣች ሜዳ ላይ እያሰጣችሁላችሁ ነው ግን ምነው የደሴን ጉዳይ አራትኪሎ እንደ መግባት ቆጠ'	negative
'@user ከዛ በላይ ግን አብይ የሰሜን እዝ በሌሊት በታንክ ተገጭቶ ምናምን የሚለውን ተረት ተረት ሲነግራችሁና ስታምኑት ያሳያል'	negative
'@user ሌቦ!እያጭበረበራቹ እስከዛሬ ቆያቹ ትንሽ ቀን ነው የቀረክ እንደጓደኞችክ ወደ ሲዖል ትሸኛለክ እሺ።'	negative
'አብይ ቄሮ የለ ወላ ኦነግ ያደራጃል ከርሳም ፖለቲከኛና ተራ አክቲቪስት ባላየ ባልሰማ ጭጭ ልክ አማራ አትግደሎኝ ብሎ ሲደራጃ ኡኡ ሀገር እንዳይፈርስ መከላያን ይቀላቀል??ምነው ሌላ ክል'	negative
'@user ዋው ምክሬን ሰማሽ! አብይን ለቀቅ አደረግሽው። እኔ ግርም የሚለኝ በመወልወያ አዟሪና በልዋጭ ልዋጭ ጭንቅላት ፌመስ መሆንሽ ነው። የገብረመድህን ውለታ መቼም አይረ'	negative
'@user @user መንግስት የዲያስፖራውን ደህነነት ለመጠበቅ የውሰደውን አርምጃ ፩ ሚሊዮን ህዝብ ኣገር ሲገባ ኣንደኛ ኣብሮ የሚገባ ሸኔ አና ጁንታ ደግ'	negative
'@user በምድር ላይ እንደ እናንተ አይነ አውሬ ሰው በላ በህይወቴ አይቼ አላውቅም። እርኩሳን ናችሁ። ምድር ከተፈጠረ ጀምሮ እናንተ እንደሰራችሁት አይነት ሰይጣናዊ ተግባር ተሰ'	negative
'እውነቱ ይህ ነው አማራ ላይ እየደረሰ ያለው!'	negative
'@user ሀገር እያፈረሱ ያሉት አብዛኛው ያንተ ዘመዶች ናቸው። አንተም ወላዋይ ነህ።'	negative
'@user @user @user ፋሲሎ አየህ የልቡን ሲነግሩት የኮሮኮሩት ያህል የሚባለው'	negative
'@user ምኞት ነው?አይዞሽ ወደፊት ይሆናል'	positive
'@user ክፉልጆችን የወለዱቶች እናት እንድህ ነው ምቸገሩት።መብራት ችግር ዬለውም ለልጆቻቸው ያሉበትን ብታሳያቸውስ?'	negative
'@user ከቀባጠራቸው ሁሉ መልካሟን ብቻ መርጠር ወሬ ለማጣፈጥና ግርግር ለመፍጠር አትሞክር።'	negative
'@user እውነት ነው አባ ጽጌ ላሊበላ እሳቸውም ጊዜው የሚጠይቀውን መስዋዕትነት ከፍለውልናል።'	positive
'@user አንተ ደደብ አረቂያም ምን አገባህ ስለ ወሎ ኢዲዬት ነህ'	negative
'@user @user @user ሁሌም ምቀኝነት አፈር ብሎ እባቦች'	negative
'ቤተክርስትያን ያለ መንፈስ ቅዱስ ከሆነች ዝናብና ፀሓይ በሚያስገባ ዳስ ቤት የተሰበሰቡ ሀዘንተኛ ሰዎችን ትመስላለች።'	negative
'ኢትዮጵያን አትንኩ ሳይነኩት እማይነካ ከነኩት የማይለቅ ልጅ አላት ኢትዮጵያ ባጭር እሚታጠቅ ሳያዉቅሽ ቢመጣ ሊወርሽ የሩቅ ሰዉ ቀዳሹ መኖክሴ ይሆናል ክፉ ሰዉ::'	positive
'ትግራይ ለሚኖር ህዝብ በአየር መደብደብ ከደረሰበት ግፍ አንፃር ትንሹ ነው:: አሁን አማራ ክልል የሚኖር ህዝብ በማይመለከተው ጦርነት በአየር ድብደባ እያለቀ ነው:: ነገር ግን ሚ'	negative
'Feyiso Kedir Ilmasabaa 7h የተስፋፊዎች ፖለቲካ በዋናነት መሠረቱ ጸረ ኦሮሞነት ነው!! (ተጻፈ በአንድነት ዘለቀ)'	negative
'በመጀመሪያው የም/ቤት ስብሰባ የታየው ንቁ ተሳትፎ በአመዛኙ ገንቢ ጥያቄና ጥቆማ ለቀጣይ ተግባሮቹ አመላካች ከሆነ ጏሽ የሚያስብል ነው ከስራቸው ሳይላመዱ የታየው ትጋት እንዲህ ከሆነ'	positive
'የወሎ ህዝብ ኢትዮጵያዊ ዜጋ አይደለም በርሃብ እንዲቆላ በወያኔ እንዲጨፈጨፉ ሆን ተብሎ ታቅዶ በተሰራ አሻጥር የተደረገው ነብሰ በላው አብይ አህመድ ኦነጋዊያን መንግስት አማራን አስወር'	negative
'@user መቅደላ አፋፍ ላይ ጩኀት በረከተ የሴቱን አናውቅም ወንድ አንድ ሰው ሞተ። Prime minister of Ethiopia Dr . Abiy Ahmed ከብዙ ዘመናት በኃላ'	neutral
'@user ያልተነካ ግልግል (ደርድር) ያቃል ይሉሃል ይሄ ነው የጠጡ ካቲካላውነም ሆነ ቡናውን'	negative
'@user @user በአፋር የሚገኙ ወታደሮች እና ግመሎቻቸው አሸባሪዎችን ወያኔ አሸነፉ። በአዲሱ ዓመት ውሸትን እንዳቆሙ ተስፋ አደርጋለሁ።'	negative
'@user እነውርደት ልብሱ ከላይ ሲያስቀምጧቸው ከታች የሚገኙ በክህደት ተወልደው በክህደት ያደጉ የኢትዮጵያ አምላክ እያሳየን ነው ጫኝና አውራጅ አስመስሎ ተመስገን ።'	negative
'@user ወይ ነዶ ስልጣን ለማግኘት አገር ሸጬም አልሆነልኝም። ወይኔ እድለቢሱ። ሃና ጎበዜ ነፍስሽን አይማረው።'	negative
'Peace traders ሽምግልናን እንደመተዳደሪያ፤ በእውቀቱ ስዩም ነግሮን ነበር ??'	neutral
'@user እነሱ አሉ እንዴ? እኛ ነን እኮ ጥብቅቅ ያልነው ሀይማኖተኛ መጫኛ ከአህያ ጋር ይሸጣል ነው ይሚባለው አይደል እንደቀይ ሽንኩርት ብትልጠው ከቀይ ሽንኩርት ሌላ ነጭ'	negative
'@user @user የትልቅሰው ውርደት ይከብዳል በዚህ እርሚያችሁ ምን አለ ሰላም ብሰብኩ እናት በዳዎች ይድፋችሁ አቦ'	negative
'@user በጣም አሳዛኝ ድርጊት ነው። አንዳንዴ እግዚአ ብሄር መኖሩም ያጠራጥረኛል።ኦሮሙማዎች እኛን ለማናደድ የሚሽቀዳደሙ ይመስላል። ለመሆን ስንት አመት እንገዛለን ብለ'	negative
'@user አላወቁንም የሚለውን ዘፈን ክፈትለት።'	negative
'@user @user ደደብ ሰዎች ችግራቸው ወይ አያውቁ ወይ አይጠይቁ ምድረ ቅዠታም ቲሽ!'	negative
'@user ይጨምርልክ ያብዛልህ ከረጂም እድሜ ከጤና ጋር ከሀብት ጋር ከምትወደው ሰው ጋር ይስጥህ'	positive
'@user @user ለምን ትዋሻላቺሁ ደሴ ተይዛለች በውሸት ወሬ ህዝቡን አትረብሹት ለእናንተ እንዲህ አይነት ወሬ ሊያስደስታቺሁ ይቻላል ለኛ ቤተሰቦቻቺን እዛው ለቀሩት ግ'	negative
'በ ግልፅ #ኢትዮጵያን ማፍረስ ነዉ ምፈልገው ከሚል ቡድን ጋር ተደራደሩ ማለት፡ ለ #ኢትዮጵያ እና ለ #ኢትዮጵያዊ ንቀት ያሳያል . @user @user @user'	negative
'ከአመት በፊት ከፌስቡክ ገፄ ላይ የተወሰደ! #NoMoreTPLF #EthiopiaPrevails'	negative
'@user ኮምፖዚሽኑ ጥሩ ሆኖ ሳለ ኤክስፖዠሩ በዛ ??'	negative
'60 ሚልዮን አማንያን ያሏት የኢትዮጵያ ኦርቶዶክስ ቤተ ክርስቲያን ብዙ ቅርሶች ና ነዋየ ቅዱሳትበውስጧ አለ። ለዚህም የራሷ ጥበቃ ከነ ሙሉ ትጥቁ አላት። አሁን የጥይት ስእል እ'	negative
'@user ያለ መረጃ ማውራት ሲደብር'	negative
'@user @user ኢትዮጲያ ማለት ይቺ ነች። ይቺን አገር ነው ለማፍረስ የሚሯሯጡት እንግዲህ አናታችሁ ይፈርሳል እንጂ ኢትዮጲያዬ አትፈርስም አትሸበርም።'	negative
'@user @user @user እኛ የምናቃችሁ እንደ ፕሮፋይልህ ፎቶ ተዛዝላችሁ ስትለምኑ ነው ልክ እንድምትበሉት አንበጣ ስትፈለፍሉና ስትለምኑ በየአማራው ሀገር ስትሰደዱ ነው'	negative
'1/2 መልካም አዲስ አመት መመኘት መልካም ቢሆንም በምኞት ብቻ የሚመጣ አይደለም ጦርነት አቁሙ ለተፈናቀሉና ለተራቡ ወገኖቻችን የእርዳታ በር ክፈቱ ሁሉንም የፖለቲካ እስረኞች ፍቱና በድርድርና በውይይት'	positive
'ኢትዮጵያ ጎድሎባት ምን ብታጎድልብን : እንዴት እንላለን እናጥፋት ትቅርብን : ይጠምቀዋል እንጂ እያለቀለቀ : ሰው ጋኑን አይሰብርም ጠላው ስላለቀ !!! አርቲስት ዲበኩሉ በሚ'	positive
'SBS Language | በጥናታችን መሠረት አማራ፣ ኦሮሚያና ትግራይ የአልኮል መጠጦች ከመጠን በላይ የሚጠጣባቸው ክልሎች ናቸው ዶ/ር የዓለምዘውድ አሰፋ via @user'	negative
'@user @user ደጋፊዎችችሁ ጅልጅል መሆናቸው ጠቀማችሁ።'	negative
'ቀጥሎ መሞከር የሚፈልገው ማን ነው ህነማ ዶክተር ፔቭልን ለመያዝ ክፍያ የሰጡትስ ማን ነው ሉላችይ ርገናመ ስንያቢ'	negative
'Personal opinion: አርቲስት ይገረም እና የሙያ ወንድሞቹ?? ዮቶራውያን የሚል short term drama በ ዲኤስቲቪ ይዘው ሊቀርቡ ነው.አላማውንም ሲነግሩን ዮቶር ሙ'	positive
'@user @user አንተ ደግሞ ጥሩ ቆርኪ ነህ'	negative
'@user በምድር ላይ እውነት ምን ያህል መስዋትነትን እንደምታስከፍል እና ውሸት እንዴት እንደምትነግስ አይቻለሁ።'	negative
'@user ይህን የሌቦች ፊታውራሪ ዋጋውን መስጠት ነው!'	negative
'ኢትዮጵያ የሁሉም ዕምነቶች የመቻቻል እና የአንድነት ፕሮቴስታንት ቸርች ውስጥ በተደረገው የዮናስ ዘውዴ ሰርግ ላይ ሙአዘ ጥበባት ዲያቆን ዳንኤል ክብረት እና ??ኡስታዝ አቡበከር ተገኝተ'	positive
'@user እባክህ ዘመድኩን ዝም በል በምታምነው አምላክ በድንግል ማርያም ይዤሃለሁ ይሄ ህዝብ በቂ ችግር አለው። በህይወት በሌለ ሰው ላይ በህይወት ያለውን ለመግደል ዘመቻህን'	negative
'@user ይህች ጠማማ አፍ መባረሯ ሸጋ ነው:: የተረፈውን ደግሞ ገና መጋኛ ያጣምማታል:: መቼም ዩ ኤን እንደሆነ እርሱም የቲ ፒ ኤል ኤፍ አባል ስለሆነ አይነካትም #NoMore'	negative
'@user አስፈላጊ እና ትክክል በጠራራ ፀሐይ በጭነት መኪናዎች ለግድያ ለዘረፋ ሲንቀሳቀሱ ዝም ብሎ ከማየት እንደዚህ ዶጋመድ ማድረግ አስፈላጊና ለእብደታቸው ፍቱን መድሀኒት ነው'	negative
'@user ኢትዮጵያ አትፈርስም የኢትዮጵያ ታላቁ የሆነ እግዚአብሔር አምላካችን ኢየሱስ ክርስቶስ እጅ ከኛ ጋራ አለ ኢትዮጵያ ትበልፅግለች'	positive
'#WolloCantWait የወሎ ህዝብ ትኩረት ያሻል!! @user @user @user @user @user'	positive
'@user @user ማንም አላነቀውም ለማባባስ አትሞክሪ ይህ የወያኔ ዘመን አይደለም በነፃነት ወጥቶ ያመነበትን የተናገረው በመንግስቱም በህዝቡም ስለተ'	negative
'@user ወደቡም አዱሊስ ነበረ ህዝብም ግዕዝ ተናጋሪ ነበር ??! ኧክሱም ስልጣኔ የ ትግሬ ህዝብ ብቻ አይደለም ሰፋ አድርጋቹ እያሰባቹ እንጂ !'	negative
'በውሽት የኤርትራን መታወቅያ በማውጣት የኤርትራ ስድተኛ በመምሰል ብዙ የህወሓት አባላት ከኢትዮጵያ ውጭ በሚገኙ የስደተኛ ካንብ ውስጥ እንዳሉ ይነገራል ስለዚህ የሚመለከተው አካል ክትትልና እርምጃ ቢወሰድ ጥሩ ነው ።'	negative
'@user @user የወያኔ አለቅላቂ ሞኝ ጅንታ ነጭን አምኖ ሀገር ይሸጣል'	negative
'ወያኔ ሲመታ የምቀባጠረው ነገር ትዝ ይላችዋል ።በቀን ሁለቴ መግለጫ ጫጫታ ሲመታ መከራ ግጠም ስትለው አይገጥምም በትክክለኛው መንገድ ይሽለከለክና ከተማ ገብ'	negative
'@user @user መንግሥት ማለት ተቀጣሪ ሰራተኛ ነው እንዴት የቀጣሪውን ህዝብ እያንገላታ ለፀጥታ ነው ትላለህ እራሱ መንግሥት ህዝቡን እያስረበሸ ጥፍት ማን'	negative
'@user @user አስተዋይ አገናዛቢ እና አመዛዛኝ ለመባል ብቻ ብዙ ርቀት ባለመጓዝ ራስህን ከመሰል መፈጥፈጦች አድን። ??'	positive
'ችግሩ ከሚዲያዎቹ ብቻ ሳይሆን ከባለቤቶቹ ስለሆነ #CNN ስለእኛ እውነት ያወራል ተብሎ አይጠበቅም። #CNNisFakeNews #nomore'	negative
'አሽባሪውን ሕወሓት/ ትህነግ/ ወያኔ/ TDF በተመለከተ ፦ ኮብራ እባብን በኪሳችን እንያዝ ለምትሉ ወገኖች፣ እባካችሁ ገለል በሉ! @user @user'	negative
'@user መስቀል የሚሄደው ሕዝብ ከተማ የማውደም ልምድ ስለሌለው ይመስለኛል።'	positive
'ልጆች ይዘን ዋሻ ውስጥ እየኖርን ነው በሑመራና አካባቢው ያሉ የትግራይ ተወላጆች - BBC News አማርኛ'	negative
'እንደ ሰው በባህር እንደ አሳ በምድር ሆነን እንዳንቀር አምላክ ስጠን ፍቅር።'	positive
'@user @user @user በዚህ ከቀጠሉ ሕዝቡ ነው ተነስቶ የሚወግራቸው'	negative
'@user @user @user @user @user @user @user እኛ እንልካለን ወድቆ እንዳይፈስ ለመያዝ ተዘጋጅ'	negative
'@user @user @user ኢትዮጵያ ኤርትራ ለዘላለም ይኑሩ'	positive
'@user @user እንደሰው ሳይሆን በትግርኛና በአፋን ኦሮሞ ስለሚያስቡ የወገናቸው ስቃይ አይሰማቸውም'	negative
'የመንዝ በግ ጠባቂዎች ጀብዱ!!ለወራሪው የትግራይ ኃይል እረመጥ ሆነውበታል።መንገድ አሳዩኝ ያላቸው እረኞች ወደ ቆላ በማሳየት ከአፋፉ ላይ በመሆን በድንጋይ ከአስር ያላነሰ'	negative
'እንዲሁም አማራ ባንክ በፍጥነት ወደስራ ገብቶ ይህን እንዲያግዝ አባይ ፣አቢሲኒያ ፣ኅብረት ፣ዳሽን ባንኳች እንዲያግዙ ይደረግ ችግሩ ይህ ባለ 10 ነጥብ ልዩ የኢኮነሚ ማካካሻን መተግበ'	positive
'Ethiopia-zena tube Nov 4 2021 የአሁን መረጃዎች!የኢትዮጵያዊው የነዓምን ዘለቀ ወቅታዊ መልዕክት፦ . via @user'	neutral
'@user #ልደቱ አያሌው በሸዋ ሮቢት እስር ቤት በነበረበት ጊዜ በጌታቸው አሰፋ ትዕዛዝ በህወሓት አዛዦች የተሰራው አስነዋሪ ሚስጥር ይወጣብኛል በሚል ፍርሃት ነው ከኢ'	negative
'ኾርዋ እኒህ ነጫጭባዎች ተንጫጩሳ!! አብይና አስተዳደሩን በማድረጉ ሳይሆን በመዘግየቱና ባለማድረጉ ነው የምንቃወመው::እምቢ በልየ እምቢ በልዋ!!!!'	negative
'ጦርነቱ ትግራይ ምድር መሆን አለበት ቢያስ በአፋር እና በወልቃይት ከቅጣጫ እስከ ሐምሳ ኪሜ ገብቶ መቆጣጠር ወያኔን ከሰሜን ወሎ ለቃ እንድትወጣ ግፊት ያደርጋል ። አየር ኃይሉም ዘ'	negative
'@user የሚገርመው እኮ ይህ ግፍ በአማራ ህዝብ ላይ እንደሚመጣ ቀድመው ተረድተው ሲናገሩ የነበሩትን የጁንታው ተላላኪ ስሉ አሁን መልሰው የሰራውን ግፍ ሊያስረዱን ይሞክራሉ።'	negative
'@user በትክክል ግን 2 ወረ ሙሉ ድረሱልን እያሉ የምደርስላቸው አተው እያለቁ ነው'	negative
'@user ኢትዮጵያ ሎዓላዊ ሀገር ብቻ ሳትሆን ሎዓላዊነትን ለሌሎች ያስተማረች ሀገር ናት፡፡ #Ethiopia_is_the_mother_of_African_independence.'	positive
'#Ethiopia : ወደ ጦር ግንባር አልሄድም፣ ትምህርት እፈልጋለሁ ብሎ መቅረት በአሸባሪው ህወሓት ያስገድላል ታዳጊ የህወሓት ታጣቂና ተማራኪ ዳናዊት ፍፁም'	negative
'ህዝበዊ መሆን አለበት እኛን ይሄን የህል ጠልተው ህፀን እርጉዝ ሰይቀር እየራሸኑ የኛን እንጀራ እንዲበሉ መፍቀድ ዬለብንም ሰወቹ ዘር መጥፈትና ሀጋሪቷን ጎል ለመክተት ነው የፈለጉት ስ'	negative
'@user አማራ አማራ አትበል ላጫም Tplf ጀግንነቱንማ በተግባር ኣሳየክ አንድ ወር ሙሉ ምስትህን ተጠቅሟል ።'	negative
'@user እግዚአብሄር ከኛ ጋር ነው ይረዳናል !!!'	positive
'@user ልደቱ አያሌው እሱ ራሱ ወያኔ የሆነው 1997 ወጣቱን ካስጨፈጨፈበት ጊዜ ጀምሮ ነው።'	negative
'እባብ ለመደ ተብሎ በኪስ አይያዝም እንደሚባለው ሁሉ ወያኔን በአግባቡ የሚያውቀው ሰፊው የኢትዮጵያ ህዝብ ከአሸባሪዎች ጋር በፍፁም አይደራደርም። ትህነግ ያቀረበው የአደራድሩኝ ጥያቄ'	negative
'በጣም የሚገርመው እነዚህ ነጫጭባወች ወያኔ ያላዘነለትን የትግራይ ህዝብ የነሱ ያዙኝ ልቀቁኝ ምንድነው ያዛኝ ቅቤ አንጓች ትንሺ ሌባ ባለስልጣናትን እየደገፋችሁ የትግራይን ህዝብ ዘመድ አታሳጡት'	negative
'@user ህወሃት ላንተ ነፍስህ ሊሆን ይችላል :: ለትግራይም ሆነ ለኢትዮጵያ ህዝብ በስማቸው ነገደ እንጂ አንዳች መልካም አድርጎ አያውቅም :: ተፈጥሮውም አይፈቅድለትም :: ህወሃት የሰው ልጆች ሁሉ ጠላት ነው :('	negative
'ማንም ወሎዬ ከሊቅ እስከ ደቂቅ ነገ ጧት #ሀይቅ ላይ እንገናኝ ተብለሃል። የዚህን አሳፋሪ ጉዳይ ማብቂያ በአምባሰል ተራራ እናድርገው። ??'	negative
'ታዲያ በነጋታዉ ከሰሜኑ የሀገራችን ክፍል የሆኑ በመንግስት መዋቅር ያሉ ሆኑ ያልሆኑ አፈ ሰፊዎች የደሀ ሀገር መሪ መሆኑን ረስቶት ነዉ እንዴ? ማዕቀብ በማዕቀብ ሊያደርገን ነዉ እንዴ?'	negative
'@user @user ገና ከአላማጣ የተነሳ ውግያ ሽዋሮቢት ደረሰ ።የሚወራው ፕሮፓጋንዳ ግን CNN ነገር ነው እረ ተው እውነታውን ቢዘገይም እየሰማነው ነን እባካችሁ'	negative
'@user አዝማሪ እኮ እንደሱ ለፍላፊ እና አዝማሪ ነው የሚከተለው።በል ተከትለኸው ከፈለክ ገሃንም ግባ።7+ህዝብ በረሐብ እንዲያልቁ አታድርግ ስለተባለና አይ በቃ እጨርሰዋለሁ ብ'	negative
'@user መሀይም መሆን ጥቅም አለዉ ከተባለ ልክ እንደአንተ ኦነግ ደግፈህ ኦነግ ሲሸነፍ መጨፈር ማለት ነው cuz Abiy Ahmed is ኦነግ እሺ ንፍጦ። ዛሬ አይገባህም ስታድግ ሊገባህ ይችላል'	negative
'@user የኔ ዘመን ምርጥ መሪ በትክክል ና በትክክለኛው ቦታ ያለ ያለ የሀገር መሪ ትችት አያጣውም ምክንያቱም ሁሉንም ማስደሰት አይቻልም እኛ ኢትዮጵያን ማሻገራችን ለማይቀር ነገር ብዙ ተናገራቹ እኮ .'	negative
'@user ባንዳነት ነዋ ሌላ ምን ይሆናል'	negative
'የለሚ ኩራ ክ/ከተማ ለጀግናው የሀገር መከላከያ ሰራዊትና ለተፈናቃዮች ከ3.5ሚለየን ብር በላይ የሚያወጣ የበሬ የበግና የደረቅ ምግቦች በማሰባሰብ ድጋፍ አድርጓል። በድጋፍ መርሃ ግብ'	positive
'@user @user እና እርገሚው ዳግም እንዳይነሳ አድርገሽ በቃ'	negative
'@user @user @user እውነት ብለሀል ያው የነጮች ሌላኛው መሳሪያቸው የሆነው አስተሳሰብ ለዚህ ሁሉ ምስቅልቅል የዳረገን በታመምነው የዘር ጉንፋን መሆኑ'	negative
'ቀላል ክብር ኣዶ ዘይብላ ዓጣርት ????'	neutral
'@user አንተ የት ሁነህ ነው ማለት ነው?.??.'	neutral
'ሳይጠሩት ሄዶ፣ ሳይጠሩት መጣ እንኳን የሚገድል #ቀባሪም አጣ @user'	negative
'አማሮች እስቲ ልጠይቃቹ! ከትግራዋይ ምንድነው ችግራቹ? የሚገድላቹ የሚያሳድዳቹ እሮሞ ነው እናንተ ደሞ የምትገድሉትና የምታፈናቅሉት ተጋሩ ነው ኧረ ያልደረሳቹ ኣትድረሱ እ/ር ፍሩ'	negative
'@user አልሰሜን ግባ በለውወንድምአለም መንግሥት ጦርነቱን ካቆመ ሰነበተ እኮ: እናም የሰላም ድርድርም ተጀምሯል ካልሰማህ! ፍጥነት መልሶ ማጥቃት ስልታዊ ማፈግፈግ የ'	negative
'@user @user @user @user አሉኝ ጎደኞች . በሰላም እየኖሩ ነው'	positive
'@user ቶሎ ብለህ እጅህን ስጥ እኛ እንሻልሀለን አንተና ሴኩ ቱሬ ባለውለታችን ናችሁ . ቀደም ብለህ መረጃ በመስጠት ትልቁን የሚዲያ ጦርነት በማካሄድ ነጥብ እንድናስ'	negative
'በአሜሪካዋ ካሊፎርኒያ ግዛት ማፊያዎች በንፁሃን ላይ የሚያደርሱት ዘረፋና የህይወት ማጥፋት ከአቅም በላይ በመሆኑ፤የግዛቱ አስተዳደር ለማፊያዎቹ በየወሩ 300 ዶላር ለመስጠት መስማማቱን'	negative
'መቼም ጉድ ሳይሰማ መስከረም አይጠባም ነውና ዘንድሮ ትህነግ በንፁሀን ላይ ያልፈፀመው የግፍ አይነት የለም! #ኢትዮጵያዬ በአዲሱ አመት #ነቀርሳሽን ይንቀልልሽ! #ክፉ አያግኝሽ!'	negative
'@user የኢትዮጵያ አምላክ ይፋረዳቸዋል'	negative
'ሃገር ተሸብራ መከላከያው ቅርቃር ውስጥ ገብቶ መንግስት ለመፍረስ ጫፍ ላይ ደርሶ በነበረበት ወቅት አይደለም በአውሮፕላን ለምን በፈለግነው ነገር መሳሪያ አናጓጉዝም። ከሆነም እሰይ ደግ አረግን።'	negative
'አማራውን ወደ መከላከያ? ታማኝ በየነ፣ የዳንኤል ክብረት ንግግር፣አበበ ገላው ኤርሚያስ ላይ የጣሰው ቀይ መስመር via @user'	negative
'@user እንደ ፈርኦን ልቡ ደንድኖ ነበር'	negative
'@user የሚገርም እይታ ትችላለህ #ResilientlyOnWards #EthiopiaPrevails'	positive
'ዶክተር ፓቭል የአንተን ስጦታ በመደገፍ ተቀባይነት አላገኙም ርበነ ቅውአ ንትንዴ ይቬርሃ ንግ ርገነ አይ ርበነ ሩከሞየእ ዝያመለ ንሁችማልሽ ምሱርነእ'	neutral
'@user እውነተኛ የኢትዮጵያ ወዳጅ በመሆንዎ ታላቅ አክብሮት አለኝ።'	positive
'እሾህ አሜኬላው እንዳያግድህ ግብስብሱን ሁላ እያንገዋለልህ ጠራርገህ መንጥረው እንዲያራምድህ።'	positive
'ፀሐይ በምሥራቅ ስትወጣና በምዕራብ ስትጠልቅ ሰማዩ ይቀላል።የምዕራቡ ሰማይ መቅላት ጨለማን፤ የምሥራቁ ግን መጪው ጊዜ ብራ መሆኑን ያበስራል።ኢትዮጵያ ምዕራባዊያኑን ጫና ብትቀበልም ውጤ'	negative
'@user ይህኛውን መንገድ እኮ በፓርቲው እና በመንግስት መገናኛ መንገዶችም ተረስቷል። በዚህ በኩል ገንዘብ ስልክ፥ ሌሎች ሰዎች የተጠቀሙበት ስለመሆኑ ሁሉ መጠራጠር ጀምሬአለሀ'	negative
'@user መስቀል ሰላ? ምን ያደርጋል ከእናቴ ከራቅኩ ቆየሁ።'	negative
'@user እኔም እንዳልጠፋህ አልጠፋኝም፡፡ እንዲያው የኔንም ሀሳብ ላክል ብዬ ነው፡፡'	positive
'@user እድሜ ለወያኔ ከ27 አመት በፊት አይደለም እንደዚ አይነት ህንጻ ጤነኛ አጥር አልነበረሽም እዛው በልተሽ እዛው በርሽ ላይ ነበረ ምትጸዳጂው ግሞ'	negative
'በአንድ አመት ውስጥ ሁለት ጊዜ የካዳችሁት መከላከያ ካሁን በሃላ ትግራይን ከእሸባሪው ነጻ ለማውጣት በሚል መስዋትነት አይደለም አንድ ዘለላ ጸጉር ስለናንተ ከእራሱ ላይ አትወድቅም።'	negative
'@user @user ጌችን ሳስብ ትዝ የሚለኝ አሁን የታሸገው ቦሌ ሞይንኮ ጋር ያለው ጎጆ ማጀት ነው'	negative
'@user @user @user @user ሁሉንም የጥቁር ህዝብ ማስተባበር ያስፈልጋል ለነዚህ ለፌክ ዲሞክራቶችን እንዳይመርጡ እነዚህ አፍሪ'	negative
'የዛሬ 47 ዓመት መስከረም 2 ቀን 1967 ዓ.ም በዘመናት የታሪክ ጅረት የተገነባው የሀገረ ኢትዮጵያ ሥርዓተ መንግሥት የፈረሰበት፣ ኢትዮጵያ የተነነችበት፣ ሳትመለስ እንደወጣች'	negative
'ኢትዮጵያዊያን እውነት ለመናገር በሚያሳዝን መልኩ ግራ አጋብተዋችሃል ኦሮሙማ ቀድሞ የነበረውን ነበር ኮቪክስ እና ኮንፊውዝድ ይህ ነው እየሆነ ያለው ወያኔ ኢህአዴግን ፈጠረች ለመጋለብ'	negative
'ጸረ አማራነት ተፈጥሮው የሆነው ብአዴን የሚባለው የባንዶች ማኅበር የሚወገድበት ጊዜው አሁን ነው! via @user'	negative
'@user እስቲ ያመነበትን ቪዲዮ አስቀምጥልን እና እንመንህ አንተ በጥራቃ'	negative
'ህዳር ሢታጠን TPLF & COVD-19 ከኢትዮጵያ ምድር ተጠራርገው ይጠፋሉ፡፡ መልካም ሠንበት!!'	negative
'@user @user @user በደሀውየትግራይ ሕዝብ ይተሰበብሰበው 2ሚሊዬን የት ደረሰ? ሰሞኑን በTMH/አሉላ ከበደ የተሰበሰበውስ 200ሺህ ም'	negative
'@user @user ስድብ የሰዳቢውን ማንንትና አስተዳደግ በግልፅ ያሳያል የዚህ ሁሉ ደም መፍሰስ ተጠያቂው ሕውሓት ነው!! መጥፋት ያለበትም እሱ ነው'	negative
'ሱዳን ክስተቶች አሉ:: - እለቡርሀን ሰላሳ የሚጠጉ ከፍተኛ የጦር መኮንኖችን ጡረታ አሰናብቷል - ሄመቲ ፈጥኖ ደራሽ ሀይሉን ከድተው የወጡ አሉ - የሱዳን ምክትል ቺፍ ኦፍ ስታፍ'	neutral
'#የተከቀሩ የህዝብ ተወካዮች ምክር ቤት አባል አስተሳሰቦት እያደር ጠበበ ልበል ሰፋ አድርገው ለማሰብ ይሞክሩ እንጅ ድሉ እኮ #የኢትዮጲያ ሀዝብ መሰለኝ አይደለም እንዴ'	negative
'@user እኔ ግን ደፂ ውፉ ነው የሚመስለኝ እንደሰው አያስብም ገና ደም የጠማው ይመስላል'	negative
'የበደል በደል ምን መሰላችው መጉዳታችን ሳያንሰን መወንጀላችን ባበላንበት ማስራባቸው በጠቀምንበት መካዳችን እውን ለኢትዮ ይገባዋል [ኢትዮ ህዝብ በምታውቅ ቋንቋ'	negative
'የትግራይ ሕዝብ እንደምያልቅ መጽሐፍ ቅዱስ ላይ አለ አለኝ አንዱ ዲያቆን ነገር ዛሬ! Me Like በሶስቱም ትርጉም በእጀ አለ ፣ ጥቅስ ስጠኝ አልኩት! This much they are indoctrinating!'	negative
'@user @user ሰሰላማችንን ያደፈረሱት ያንተው ወያኔዎች ጥቅማቸው የተነካባቸው ሌቦቹ ናቸው። አብይ ምን ያርግህ ?'	negative
'@user አብቹ ግን 11 ሚሊዮኗ ላይ ምን አስቦ ነው???'	neutral
'በፍቅር ካልተነጋገር፣ ካላወራነ ገና ሳንጋባ አንደዚህ ከሆንን ከተጋባንስ እንዴት ነው የምንሆነው ?!!'	negative
'@user በትክል ይህን የመሳሰሉ ድብቅ ደባዎች ወደፊት ሳናውቃቸው ጉዳት እንዳያደርሱ ከባለሙያዎች ጋር በምን መንገድ መመከት መገደብ እንድምንችል መነጋገሩ አስፈላጊ ነው'	positive
'@user @user አብርሽ ግን ጥያቄው እኮ ህውሀት ትግራይን ያስተዳድር ስትል እንደ ክልል ነው ወይስ እንደ ሀገር ?'	neutral
'እኛ የሀገር መከላከያ ሰራዊት ስለ ኢትዮጵያ መናገር ሳይሆን ህይወት የሚደገም ከሆነ ደግመን ደጋግመን ለኢትዮጵያ ለመሰዋት የተዘጋጀን ነን - ሌ/ጀነራል ባጫ ደበሌ'	positive
'ኢትዮጲያን የነካ የለውም በረቃ.ይላሉ አባቶቻችን እናም ኢትዮጲያን???? ላፍርስሽ ብሎ የመጣ ፈርሶ የተመለሰ እንጂ ሀይሉን አጠንክሮ የወጣ እስካሁን አላየንም#N'	negative
'በሰላም እጃቸው ቢሰጡ በጣም ጥሩ ነው ለህይወታቸውና ለትርጉም አልባ ንግስና አቢይ አሕመድ ህይወታቸው በከንቱ መቀጠፍ የለበትም ።'	negative
'@user ካላነበብከው ታዲያ በወሬ ነው ያደነከው ጥሩ ይሁን መጥፎ ሳታይ'	negative
'@user እይዞህ ሁሉም ያልፍና ነገ ለሌላ ቀን ነው::'	positive
'እኛ ኢትዮጵያዊያን የሚንዋጋው ለእውነት ነው ፣የጦር መሳሪያችንም እውነት ነው፣ድላችንም እውነት ነው ፣መመካችንም አውነት ነው ፣ተስፋችንም እውነት ነው፣የሚዋጋልንም የእውነት አምላክ የሆነው የኢትዮጵያ አምላክ ነወ።'	positive
'@user ዱቄት ሆኗል ስትለንም ልክ እንደዛሬው በእርግጠኘነት ነበር! በእድሜህ ሙሉ እውነት አውርተህ ታውቃለህ ? እድሜ፣ ጾታ፣ የትምህርት ደረጃሕ ሁሉ የውሸት ነው።'	negative
'@user አንጀታችን እንደተቃጠለ እድሜ ልክ ይቃጠላሉ'	negative
'@user ነገ ደግሞ ደበደቡን ብላችሁ ልታለቅሱ ነው'	negative
'And ጠላታችን ድህነት ነው እየተባልን ያደግነውስ ነገር ????'	positive
'ኢትዮጵያ የምትባል ሀገር ለእነሱ የት ናት? ኢትዮጵያ ሰላም ናት የሚሉት የመሪዎችን ሰላም ማደር ነው እንዴ? በቀን በመቶዎች የሚቆጠሩ ሰዎች ይሞታሉ ለመሆኑ ኢትዮጵያ ለእነሱ የትኛው'	negative
'ኢትዮጵያውያን ድምጽ እዳለን እና ከአቋማችንም ነቅነቅ ማድረግ እንደማይችሉ እስኪያውቁ ድረስ ትግላችንን መቀጠል አለብን #NoMoreIntervention #NoMore'	positive
'@user ቻው ቻው ደሴ! አቤት የክህደት ጥግ ! አቤት የክፋት ልክ! አብረው የኖሩትን ልጅ ወልደው ትዳር መስርተው ሃብት አፍርተው የሚኖሩበትን ከተማ በመድፍ የሚያስደበድቡ'	negative
'@user @user ይገርማል:: ስሙን በእንግሊዝኛ ንገረኝ እና ላንብብ እስኪ'	neutral
'አይ ርበነ ርገነ ንሉሁ ሱርእ ሃርቬይ ዴንትን አውቅ ነበር ምረገናተልአ ምንም ኔእ . ምነመ'	neutral
'ምንችግር ቺቺንግ ካለ በመሬት ላይ መንገድ አለ????'	positive
'ምድራቸውም ገብተው ሞት የደገሱልን የዘላለም ጠላቶቻችን የእጃቸውን ያገኝዋታል!!'	negative
'ትግራይን የከዳች ኢትዮጵያ እጣ ፈንታ ምን እንደሆነ ለማወቅ ጠንቋይ መሆን አይጠይቅም! ከአሁን በኃላ ሌላ ተጨማሪ ስህተት እንዳይደገም ግን ሌላኛው ፈተና ነው: መሸነፍን ማመንና'	negative
'@user የሚቃወሙት ነው። አሜሪካኖች አሁን የሄዱበት መንገድ በተቃራኒ ቢሄዱ ኖሮ ይሄን ያህል ርቀት መጉዋዝ ባልቻሉ ነበር። ታሪኩ አልተፈጸመም ፣ ጥቁሮች ሃገራችንን ወረሩ'	negative
'@user አብሮነትሽ ናፍቆኛል ዋጋው ገብቶኛልና ይቅር በይ ተቀበይኝ ካልወሰደሽ ሰው ሌላ'	positive
'@user የተዋጋዉ የአማራና የአፋር ልዩ ሀይል መግለጫ የምሰጠው መሻጥር ስያስወርር የነበረዉ መከላከያ !። ወዴት ወዴት በባዶ እጁ የተዋጋዉ የአማራ ልዩ ሀይል እና ምል'	negative
'ስለ ሰይጣን ቁራጩ በተመለከተ የምንጫጩ ፌክ ኢትዮጵያኖች የሚንለው ቢኖር ቀቅላችሁ ብሉት፣ ሰዉየው የኢትዮጵያዊያን ሙስልሞች ጥላት ነው። ፣ በአለም ደረጃ ተዋርዶ፣ መሰሪነቱን አለም አ'	negative
'የሚዘርፍና ዘረፋ የሚያበረታታ መንግስት ያለበት ሀገር፡ዘራፊዎችን ተደራጅቶና በተናጠል ለዘረፋ መሠማራታቸው ምን ይገርማል?'	negative
'@user ይሄንን የሚልከው ጅንታ ነው በአህያ የሚያምኑ ጣኦታሞች'	negative
'እባካችሁ ሁላችንም ኢትዮጵያውያን ወደ እግዚአብሔር እንጸልይ'	positive
'??#የኢትዮጵያ ጥንካሬ የእያንዳንዱ ብሔር፣ የእያንዳንዱ ዜጋ ጥንካሬ ውጤት ነው። #ጠ/ሚ ዶ/ር ዐቢይ አህመድ #UnityForEthiopia @user @user'	positive
'በፋሽሽታዊውያን እይተደረገ የሰነበተውን የአየር ጥቃት ምክንያት ብዙ ወገኖቻችን ህይወታቸውን አጥቷል፤ ቆስሏል። ኢንጅነር ዘማርያምና 3ቱ የአንድ ቤተሰብ ህፃናትን መጥቀስ ይቻላል። በ'	negative
'@user ፍትህ በሳውድ እስርቤት ለሚሰቃዩ ወገኖቻችን'	negative
'@user የምን ቅዠት ነው ይሄ? ወደዳቹ ጠላቹ ጦርነት የጀመረው ብልጽግና ወይም ቲም ለማ ነው!'	negative
'@user ማጣላትህ ነው? ሬድዋን ይህን እንደማይል ሁሉም ያውቃሉ፥ ጁንታውን መለየትንም ተምረናል ፥ ማንም አያቅተውም። አትድከም እንዳንለያይ ሆነን ተዋህደናል ኢትዮጵያውያን! #NoMore'	negative
'@user @user Hahaha በሳሳቅቅቅቅቅ አንተም ጠጅ ስታይ ጨዋታህ ይጨምራል በ ፳ ??'	negative
'@user @user ውይ እኛ ደሞ አዲስ አበባ የገባችሁ መስሎን?? ለካስ ገናናችሁ!'	negative
'@user @user @user ይህ ሰውየ የ አማራን ህዝብ እና ንብርት የ ገበሬውን ቤት አቃጥሏል አዛውንቶችን ና ህፃናትን እንዲሁም እንስሳትን ጨፍጭፏ መቸም አንረሳውም'	negative
'@user @user @user እውነታው ይህ ነው! የፃድቃን ገ/ትንሳዔ ልጅ ከቦስተን አሜሪካ እንዲህ ትመረቃለች። የትግራይ ህፃናትን ፃድቃን ለእሳት ይ'	negative
'@user @user ለትውስታ! መቸም ኦነግ short memory ነው! ይህች ድል በዛችብኝ፣ምነው ተወቀጣችሁ እንዴ?'	negative
'እልፎች ሜዳ ላይ ወድቀዋል:: ሀገር ማለት ሰው ነው:: እልፍ በመቶ ሺ የሚቆጠሩ ሜዳ ላይ ወድቀዋል:: አንሷቸው:: ድምፅ ሁኗቸው'	negative
'መንግስት ራሱ የነጮቹ ጫና ቶሎ እንዲመጣ የሚፈልግ ይመስላል ። ልባቸው ይራራል እኔንም ይተውኛል ብሎ አማራን አስጨፍጭፎ እንኳን መስሚያ የላቸውም ስለዚህ ህወሓትም በየቀኑ ሳይደራጅ'	negative
'@user አትመኑኑኑኑ አንድ ለአምስት እና አንድ ለዘጠኝ የት ሄዶ።'	negative
'@user @user Correction . አንተን ነበር መስቀል አይቀርም መክሸፉ ይሄሁሉ ጉራ ግፍ እየተሰራ ያሞካሹት ወድቆአል ያ'	negative
'አትጨነቁ ምንም ክፍያ አያስፈልጓቸው ትፊበ ዎርወርወመከ ትፊበ ብከርመከ ለመጥለቅ ያህል ወሳኝ ነገር ያስፈልጋል ምረበነልአ ምንማ ልሚየ ኩርበነ ንማ ኔእ'	positive
'የወሎ ህዝብ ቤትህ ውስጥ ??መጥረቢያ፣ አካፋ ፣ ዶማ ፣ ገጀራ የለህም? በየተራራው ገደላገደሉ አድፋጠህ ግር ብሎ የመጣብህን ወራሪ በሚገው ቋንቋ አናግረው አንጂ? አለበለዚያ ግን ለታሪ'	negative
'@user ይህንን ትዊተር የተመለከተ ማንኛውም ሰው ለእነሱ የሚሄድለት ነገር አይኖርም ፣ ይህን በማንበብ ሁሉም ይጠፋሉ ፣ እሱ እየፈራ ነው ፡፡ ጀርባዎን ይመልከቱ ፣ በዙሪያዎ ይመ'	negative
'አሜሪካ በኢትዮጲያ ላይ የምታሳድረው ተጽእኖ የሀገርህን የመኖር ህልውና አይወስንም የመጥፋትም ሆነ የመኖርህ ህልውና በእጅህ ነው እሱም ወያኔን ከውስጥም ከውጭም መዋጋት ነው።'	negative
'በዚህ ወይም August ወር በዩናይትድ የነበሩ ሁነቶች ይህንን ይመስላሉ?? ማን ዩናይትድ ኢትዮ ፋንስ'	neutral
'@user በግሌ ታምራት በራሱ መንገድ ሀገሩን ሊወድ ይችላል ፣ ባለፉት ጥቂት ወራት ግን ሲያወራ የነበረው ነገር ለሚወዳት ሀገሩ ሳይሆን ለጠላት ስነ ልቦና ጠቃሚ ነበር። እጅህ እላያችን ላይ ፍርሀት ሲለቅብን ነበር ።'	negative
'@user እይዞህ አልጠይቅም?? ይሀውልህ - በብሄር ብንለይ ብዙ ቅይጥ . - የሌላ ብሄር በጥቅም ተደልሎ ተገዶ . ባንዳ የሚሆን አለ - ወዘተ ይህ ጥያቄ ብዙ አገራ'	negative
'@user ወያኔ ፡ ኢትዮጵያዊ ፡ አልነበረም ፡ አይደለምም ፡ ከየመን ፡ በረሃብ ፡ ስደት ፡ የመጡ ፡ ለማኞችና ፡ የቀን ፡ ሠራተኞች ስለሆኑ ፡ በጀልባ ፡ ወደ ፡ መጡበት ፡ መሻገር ፡ ነዉ ፡ ፡'	negative
'መስከረም ፩| በዓለ ሲመቱ ለመጋቤ ብርሃናት ቅዱስ ራጉኤል ከዚህ በኋላ ታላቅ ስልጣን ያለው ሌላ መልአክ ከሰማይ ሲወርድ አየሁ፥ ከክብሩም የተነሣ ምድር በራች። ራእይ 1'	positive
'@user @user @user @user @user @user @user @user እግዚአብሄር ይመስገን ????'	positive
'@user ኧረ የመንገስት አካል የሆናችሁ ዲረሱላቸው አለቁኮ'	negative
'የተመኙት ሁሉ ላይገኝ እንደው አይኔ ጉድ አደረገኝ'	negative
'@user የማያልቅ ምሰጋና ክብር ይድረሰልን በእውነት ኢትዮጵያዬ እድለኛ ነች እናተን በውሰጧ አምጣ መውለዷ የሐገሬ መከታ የክፉ ቀን ደራሿ ደጀኗ ናችሁ አደራ አደራ እራ'	positive
'@user @user በኦሮሞ ስም መሸቀጥ የሚቀጭበት ጊዜው እሩቅ አይደለም። ባዶ ራስ ተላላኪ ባንዳ!'	negative
'#BREAKING ቻይና አዲሱን የኢትዮጵያ መንግስት በመደገፍ ከጎኑ እንደምትቆም ገለጸች።በፀጥታው ም/ቤት የቻይና አምባሳደር ከደቂቃዎች በፊት ባሰሙት ንግግር ከ2 ቀን በፊት የተመሰረተ'	positive
'ለኔ ብሄር እንደ ካልሲና ኮፍያ ተጨማሪ ጌጥ ነው። ሀገር ግን ሙሉ ልብስ ናት። ሰው በካልሲና በኮፍያ አደባባይ አይወጣም ብሄርም እንደዛው ነው። ሀገሬን ለብሼ ግን አለምን እዞራለሁ።'	positive
'@user እውነት ነው! አጉል አዛኝ ቅቤ አንጓች ማለት ነዋ ውድ ወንድሜ!'	negative
'በትግራይ ህዝብ ላይ እየተፈፀመ ያለው ዘግናኝ የድሮንና የአየር ድብደባ ታሪክ ይቅር አይለውም: በመሬት ላይ የተሸነፉት አብይና የኢሳያስም በስልጣን አይቆዩም: ውጊያው በትግራይና በሌ'	negative
'@user @user @user Yes! የተሰበሰበ ብር እንኳን የእርዳታ ድርጅቶች እሺ ካሉ በኃላ አሁን ምክንያት እየሰጡ እስካሁን ምንም እያደረጉ አይደለም !'	negative
'አይኔን የጣልኩበት ከመስቀልህ ሌላ ዘለቄታ የለው ጠፊ ነው በኋላ አለሙም ምኞቱም ሁሉም ያልፋልና እርዳኝ የእኔ ጌታ በአንተ እንድፀና ?? ሰላም እረፍት መታደስን ማገኝበት ስብራቴ'	positive
'@user ማቅራራት እና መደንፋት ባሕሪያቸው ነው ። ቢሆንም የሚያመጡት ለውጥ የለም ። የሽፍትነት ውጊያ እንጂ የጦር ሜዳ ውጊያ አይችሉም። በማስ ይመጣሉ በማስ ይበተናሉ።'	negative
'@user እሷ ስትናገር መብራት ይጠፋል እንዴ???'	negative
'@user @user ጀዝባ! ብልፅግናን አለመደገፍ ማለት ወያኔን መደገፍ ማለት ነው ያለው ማን ነው? ሁለቱንም አለመደገፍ ይቻላል እኮ!'	negative
'@user @user ሁሉም አገራት የየራሳቸው ብሔራዊ ጥቅም ስላላቸው ማሽቃበጡን ትተን ጨዋ መንግስት እና ሕዝብ እንድንሆን ብንሰራ ነው የሚጠቅመን። አገራችን ጠ'	positive
'አሜሪካ ሕወሐት ከአማራ ክልል በአስቸኳይ ይውጣ አለች። እኔ ሕወሐት ከወሎና ከአፋር በየት ይወጣል? መውጫ ከየት ይገኛል?'	negative
'@user ዋጋ ብቻ ሳይሆን ዕድሜያችን ያሰብነውን ያለምነውን ሳናይ እያመለጠን ነው:: አይገርምም'	negative
'@user አንድ ሰሞን እንደዚህም እድርጏችሁ ነበር ከሀይሌ ቀድማችሁ ፈርጣችሁ ተመለሳችሁ'	negative
'እግዚአብሔር ለሰዉ ልጅ የሚሰጠዉ ሰዉን ነው። ለኢትዮጵያውያንም ሕዝብ የሰጠዉ መሪ ያችንን ጠቅላይ ሚንስትር ዶክተር አብይን ነው። መሪያችንን እየሰማን ዘረኛነትን እያጠፋን በአንድ ልብ'	positive
'ያገረሸው የሰሜን ጦረነት እና የመቕለ የአይር ጥቃት ህጻናት ለጥይት ማብረጃ የማንነት አስመላሽ ተስፋፊ ፋኖ ታጥቆ እንደኪራሙ በቢሶፍቱ፣በአዳማ፣በደራራ፣ ሰላሌ ውስጥ ለውስጥ ሌላ ጦ'	negative
'@user የወያኔ አሽከሮች የተማራችሁት ሌብነት ሥልጣን በፍንገላ ግድያ ውሸት ክህደት ማጭበርበር ብቻ ነው። በመሆኑም ሁሌም በጭንቀትና ስጋት የምትኖሩ ናችሁ። ጀግንነትና እናንተ አትተዋወቁም።'	negative
'@user @user የኢትዮጵያ ህዝባዊ ሰራዊት'	neutral
'@user ዋዜማ ሬድዮ አዘጋገባችሁ ስርዓት ይኑረው ወይም ስርዓት ያዙ ልዩ ሃይል ፋኖ ሚኒሻ እየተዋደቀ እናተ ስራውን አፈር ማልበስ ጀመራችሁ መንግስት መከላከያ ብቻ ብሎ አይፅፍም እናተ ናችሁ ።'	negative
'የቻይና መንግስት ቃል አቀባይ ቹዋ ቹንግ በዴሞክራሲ ስም በርካታ ወንጀል መፈፀሙን አመላክተው # NoMore ብለዋል። እናመሰግናለን'	negative
'@user ቃል እኮ ያስተዛዝባል ! እጠጣታለው ያልከውን ብት ሞክራት ኖሮ ማእረግክ ባደገ ነበር ::??'	negative
'#WBO የሽመልስ ተላላኪዎችን ከሰፊው ህዝብ ጋር በመተባበር ቀጨም እያረገ ነው። ላታመልጪኝ አታሯሯጩኝ አሉ እትየ ጨቤ! እድሜ ይስጠን እንጂ ገና ሽሜ ጉጉም ጋማ የሚደረግበት ዘመን'	negative
'@user @user @user @user እሱ ቢሆን ይህን አይልም ነበር። ጮማ ራስ'	negative
'የወያኔ መጨረሻ አይጥ ስትጠግብ ስታበዛ ሩጫ ሄዳ ታሸታለች የድመት አፍንጫ ሲባል የነበረው እስከነ ተረቱ ባንቺ ላይ ደረሰ በክልፍልፊቱ፤'	negative
'@user በማስተዋል እንጠብቅ'	neutral
'@user ቸር ወሬ ያሠማህ !! የትኩረት አቅጣጫችን እነዚህ ጉዶች ሠረቁት እኮ !!!'	negative
'እውነት ብለሃል ቆማጣን ቆማጣ ካላሉት ገብቶ ፍትፍቼ ላጉርስክ ማለቱ አይቀርም አማራው ከዚህ የበለጠ ምን እስኪመጣ ድረስ ጣሊን የዚህን ያህል ወንጀል አልፈፀመችም የዘርዘራቸው ባንዳ ከ'	negative
'@user @user ያሳዝናሉ፣ ስልጣን እና ገንዘብ ጥማት መጨረሻዉ እንዲህ ነዉ፣ያዋርዳል፣ያሳብዳል ፡ ያዝረከርካል፤ብቸኛና ወላዋይ ያደርጋል።'	negative
'@user የኢትዮጵያ ህልውና የሚጠበቀው ፅንፍኛውን ሃይል ከስሩ ሲነቀል ነው ያኔ ነጮች ሙሾ መቀመጥ ያቆማሉ፡፡ ቆራጥ ወታደር ስላለን የሚሳካ ይመስለኛል፡፡'	negative
'@user @user ጥሩ ጥቆማ 1 . አባላት ከሚከፍሉት አነስተኛ አመታዊ መዋጮ አንፃር የጥቅም ማዕቀፍ ውስጥ ማካተት አዳጋች በመሆኑ ሲሆን 2 . 3 . 4 . ግን ጤና'	neutral
'እግዚአብሔር ይድረስላችሁ ወገኖቼ። ኡፍፍፍፍ መምህር ዘመድኩን በቀለ via @user'	positive
'@user አሁን የቀረህ እንዲህ መዘላበድ ብቻ ነው ወደ ሰማይ አታርግ ቀለበት ውስጥ ተከተሀል'	negative
'by the waye #FOX NEWS ሪፐፕሊካን ደጋፊ ነው #CNN ዲሞክራት ደጋፊ ነው ሁለቱም ተቀናቃኝ ናቸው ለማንኛውም FOX የ trump ደጋፊ ነው ግን አንድ ያልታዘብ'	negative
'@user ምነው ወንድሜ የዚህን አሳማ ፎቶ ለጠፍከው? ፎቶውን ሲያይ ብዙ የሚያቅለሸልሸው አለኮ።'	negative
'@user እንደ ወያኔ መጥፋት ያለበት ፓርቲ ነው!!'	negative
'የትግራይ ተወላጅ ኢትዮጵያውያን፡ ነጮች ለዘመናት አብሮአችው ከኖረው በጎውንም ክፉውንም አብሮአችሁ ካሳለፈው ከትውልድ አካባቢያችሁ ወጥታችሁ ስትመጡ በሩን ከፍቶ ከተቀበላችሁ የኢት'	positive
'@user ይህ የአንተው የቀን ቅዥት ህልምህ ነው:: ቃዥተሀል ቀዝቃዛ ውሃ ጠጣ መቀሌ ላይ ስንሸናባት ለማዬት እድሜ እንድታገኝ:: ቦርኮ'	negative
'@user @user @user እና አብይ ሊሰብቅልሽ ነው ሰፈርሽን ኦንላይን ትዝፍዝፈሽ ከምትጮሂ ሰፈርሽን ጠብቂ'	negative
'@user @user ይሁን። ሆኖም ቴዎድሮስ ይህንን ያደረገው ከመንግሥት ጋር ተማክሮ ወይስ በግሉ? እርሱ ያለውን መንግሥት በፊት ሳይናገር ቀርቶ አይመስለኝም? አ'	negative
'@user ምን አገባ አንተ እኮ ኢትዮጵያዊ አይደለህም የኛን ጉዳይ ለኛ ተውልን አንተ አያገባህም መሞት ላይቀር ምላስ መርዘሙ ለማንኛውም ነብስ ይማር ብለናል ከወዲሁ'	negative
'የወሎ ወጣቶች ወደ ግንባር እየዘመቱ ነው።የዋሽንግተኑ ሰልፍ ለሃሙስ oct 21 @user 9 AM አሚሪካ ትጠየቃለች via @user'	negative
'በተባበሩት መንግስታት ላይ ያወጣሁትን ጦማር በኢትዮጵያ ቴሌቪዝን ግምገማ 10/18/21 #Ethiopia #GERD @user @user'	neutral
'@user ሽሜም እንዲሁ ክልትው ክልትው ስትል ነው የዋለችው'	negative
'@user @user ድሮንም ይዘሽ ምን አመጣሽ ቡዲቲ? በባዶ እንደ ሰገራ ስትቆለይ መሃል ሜዳ ድረስ ተጠበስሽ! አማራ ሰገራ ጉራው ተራራ:: በቪዛ ላሊበላን ታያለሽ ድንጋዩ ውስጥ ገብተሽ ሰርሪ::'	negative
'@user @user @user @user ደግሞ እራሳችሁን ከሴሪያ : ከዬመን: ከሊቢያ ተርታ መደባችሁ . እናንተ የታላቋ ኢትዮጲያ አ'	negative
'@user አሁን ከምሽቱ 5:45 ሰዓት ነው ማንኛውም መኪና ወደ ቡራዩ ከተማ አይገባም ተብለው በፓሊስ ስለተከለከለ ሰዎች በእግራቸው 10 20 እና ከዛ በላይ እየሄዱ ወደ'	negative
'@user @user @user ????ማወራረድ ስንጀምር እዳ እንደተራራ ተጭኖህ እንዳትሞት ፍራ በህይወት ተርፈህ ለማወራረድ ከበቃህ'	negative
'@user ሀገር በእንዳንተ አይነት ደንቆሮ እጅ የወደቀች እለት ነው ያበቃላት።'	negative
'@user እንዴ??? እነዚህ እብዶች አሁንም ሃገር የሚመሩት እነሱ መሰላቸው ወይስ ጭንቅላታቸው ላልቶ ነው?'	negative
'አባዱላ ገመዳ ለእኛ ለኦህዴዶችና ለኦሮሞ ህዝብ የሚቀርበው ኦነግ ሳይሆን ቲፒኤልኤፍ ነው የሚለው። ቤርቤረሰቦችዬ አባዱላ ገመዳ ደግሞ የዐቢይ አሕመድ አሳዳጊ አባት መሆኑን ያዙ'	negative
'ዶር የኔ ውድ ክብር አለን ላንቺ እንወድሻለን አኛ ተጋሩ 5'	positive
'@user ደብተራው የኛ ሳይኮሎጂ አስተማሪ sweet lemon rationalization ብሎታል። እና በቃ አሁንም አለቃህ Unilateral ceasefire ሲል ትንሽ ስቅ'	negative
'የዚህ ዓመቱን የህወሓትን ግፍ ካየን በኋላ የጣሊያን ወረራ የጠላት ጊዜ ብለን አናነሳም! ወይም እያማረጥን እንጠቅሳለን! እናወዳድራለን!#NoMore #TPLFSURRENDERNOW #UnityForEthiopia'	negative
'@user ካሳ ጥላሁን ሰው የክብሩን ያህል ያከብርሃል ስለኣከበርከው ክብር ይስጥህ። ስለ ኣፍሪቃ ማሰብህ ደሞ ታላቅነትህን ታላቅነትክን ያሳያል። ኣዎን ለኣፍሪቃችን ሁላችንን'	positive
'@user አማራ በትንሽ ነገር አትደሰት አማራ ንቃ ጦርነቱን አባይ ወልዱ ጦርነቱን።በአማራ።ክልል ይሆናል።ያለው አሁን።ሆኗል አማራ ንቃ ለዘመናት የማታገኘው።የሰው እና።'	negative
'@user እሱን ጨርሳ ፥ - መቀነስን እያጠናች ያለችበት ሁኔታ ላይ ነች'	positive
'ጉዞ ወደ ከፍታ'	positive
'@user ዋው ፋኖ ፎቶ አነሳስ አንደኛ የአክተሮችና የአውሬዎች ጦርነት መሰለኮ ????'	negative
'እነዚህ ፊንፊኔ ውስጥ በተለይ የትግራይ ተወላጆችን እና የኦሮሞ ተወላጆችን ሸኔ በማለት የሚያሳድዱ በተዋቂ ሰዎች ግድያ ላይ የሚሳተፉ የሻዕቢያ ደህንነቶች ናቸው። Share አርጉ ፎቷ'	negative
'@user ሮጦ ወደ ተምቤን መግባትን ከእናንተ ነው የተማሩት'	negative
'@user ቦይና በዳጣ መበላት የጀመረው በቅርብ ጊዜ ነው። ቦይና ለዘመናት በሚጥሚጣ ነው የሚበላው።'	neutral
'@user የመሥከረም ሠላሣ ልክፍተኞች ተኝታቹ ተኩሡ አከተመ የስኳር ጠጅ ነገ ታዩታላቹ የኢትዮጵያን ንጉሥ።'	negative
'@user አያ በሬ ሳሩን ብቻ እያዬ.ያኔ የሳህለስላሴ የጭን ገረድ ልጅ መሆኑ ነው ከጣልያን ባገኘው መሳርያ ተኮፍሶ አልገብርም በማለት ጆንያ ሙሉ ጤፍ በማስያዝ ሰራዊ'	negative
'@user በሰው ደም የጨቀየ መሬት አቮካዶ ሳይሆን ጉዲ ነው የሚያበቅለው ጦርነት ጎትታችው አማራን አወደማችሁ እናንተ ልማት ላይ ናችሁ የወሎ ገበሬ ይዋጋል እንዳታነበው አማርኛ ነው ምቀኛ'	negative
'የኢየሱስ ክርስቶስን መስቀል አይሁድ በቅናት ከቀበሩበት ንግስት ዕሌኒ ከክምር ቆሻሻ ውስጥ እንዳገኘችው ሀገራችን ለለውጥ ቆመች፤ ከድህነት ልትወጣ ታተረች ብለው በቅናት ከተነሱባት ክም'	positive
'@user ግድ ነው:: ታሪካችን አይደልንዴ'	positive
'@user @user @user @user @user @user @user @user አቶ በለጠ ሞላ እንኳን ለአዲሱ አመትአደረሰሕ ሌላው ነገር የተፈጠረው'	positive
'@user የወሎ ገበሬ መከላከያውን በሬውን እያረዳ ሲያበላው ከርሞ ዛሬ ህወሀት ልጆቹን ፊቱ ሲያርድበት መከላከያ ስልታዊ ማፈግፈግ እያለ ሲሸሽ ባይናገር ነበር የሚገርመኝ።'	negative
'#ግድ-የለሽ የሆኑ #የመዳፈር እርምጃዎች #በእርግጥም አጥፊና አደገኛ ናቸው፡፡ #ጥበብ ማለት #ድፍረት እና #ጠንቃቃነት #ሚዛናዊ ሲሆኑ ነው!'	positive
'@user @user @user @user ባልና ሚስት ሆነዋል ይሏቸዋል ይጣራ??'	neutral
'@user እያመጣህ የምትማገደው አንተና ቢጤዎችህ ሚስኪኑን ወጣት የአለም መጨረሻ ህወሀት ነው ብለህ አይደል።'	negative
'@user ሀበሻ የሚለው መጠሪያ ከኤርትራ እስከ ሞያሌ ያሉትን ሕዝቦች ሁሉ መወከሉን አያውቁም? ጥቁር ቆዳ ያለውን ከቀይ ባሕር ማዶ የሚገኘውን ሕዝብ ሁሉ አረቦች የሚጠሩበት ስም ነው።'	positive
'ምርኮና ምርኮኛ በገፍ እየገባ ነው! - ልደቱ አያሌው፦ዶ/ር ዓቢይን ከሰሰ፤አቻምየለህ መለሰለት-ልደቱ ከሚያውቁ ሰዎ . via @user'	negative
'እንደው አያቶቻችንና ቅድመ አያቶቻችንን በጀግንነታቸው ስናሞግስ አይተው እንደነሱ በጦርና ጋሻ የምንዋጋ መስሏቸው ነበር እንዴ? ፋራ ሁላ'	negative
'ቀጥሎ መሞከር የሚፈልገው ማን ነው ርበነ ቅውአ ንትንዴ ይቬርሃ ለእናንተ ውቸና ጊላፈስአ ንችቻኖላፕ'	neutral
'@user @user @user አቆርቋዥ። በጣም ክፉ እና በጣም ዘረኛ ማህበረሰብ እንደ ትግሬ አላየሁም። የክህደትን ጥግ በእናንተ አየን ፤'	negative
'@user @user እነዚህን ነው የሓይማኖት መሪ ብለው ብዙ ተጋሩ እሚያሽቋልጡላቸው ። ምድረ ደብተራ ሁላ'	negative
'@user ይህንን መልካም የደሃ አባት የሆነ ትሁት ሰዉ ነው የነጭ ሰይጣኖች ሰላም የነሱት።'	negative
'@user ሁሉንም ከመስከረም 24በኃላ ምናየው ይሆናል'	neutral
'@user @user @user የኔን? የሰው ዘር? በየትኛው እድልህ!'	negative
'@user ና ቤትህን እናፍርሳት ሲሉት እሺ የሚለው ነው የሚገርመኝ።'	negative
'@user ገና ትወራጫለህ:: ሰራዊትህን ከነአዛዦቻቸው ብትንትኑን እንዳወጡልህ በቀጣይ ደግሞ . ጡሩንባ ሳያስነፉ በደንብ አድርገው ያነጋግሩሃል። TPLF always'	negative
'@user ትግሬ እና ቆርቆሮ ሳይነኩት ይጮሃል።?? አንዳርጋቸው ቀበሪቾ ሆነባችሁ አይደል ??? አንበጣ ሁላ መቼም መዥገር እንዳ እናንተ የለም። ኢትዮጵያ ላይ ተጣብቃችሁ እከካችሁን የ'	negative
'@user ቲዉተር ተቀላቀሉ ብለህ በቴክቶክ አስተላልፈህ ነበር አሁን ከፈትኩ ከዚያስ ምን ማድረግ አለብኝ ? ወይስ መክፈቱ ብቻ ነዉ ?'	neutral
'እናንተ ግን ከኢትዮጵያ ተፈጥራችዋል እንዴት የራሱን ዜጋ በነጭ ይለውጣል ትውልድን ጨረሳችው ሽንፈታችውን መቼይሆን የምታምኑት ትውልድ አለቀ እናንተ አትሞቱ ም'	negative
'@user @user በቃ በቃ በቃ አሜሪካ ለዘመናት በኢትዮጵያ የፖለቲካ አሻጥር ሲያስገድሉ ሲያዳክሙ አጋራችንን ኢኮኖሚያን ሲገድሉ ይኖረዋል በቃ ሊባሉ ይገባል የመ'	negative
'@user ኃጢአተኛ ነፍስህ ከድነት በላይ ነው እናም ሰላምን እና ህመምንም አታውቅም ፣ ብቸኛው የባዶነት ቅዝቃዜ ብቻ ነው የንስሐ ጊዜ ተጠናቅቋል ፣ ምክንያቱም ጥፋቶችህ በክ'	negative
'@user @user እውይ ተስፍሽ ዳሀን ዲሀ። ማኔ አንተ ኦሮሞን ደደብ ሚትል? ኤሬና በቃ ተግባብተናል በቅርብ . ??'	negative
'ከልባችሁ ይቅር የምትሉ ሰዎች ግን ምን ያህል እድለኛ ናችሁ!'	positive
'ኢትዮጵያ ከመጪው ጥቅምት ጀምሮ የግብጽ ኤምባሲዋን በጊዜያዊነት ልትዘጋ ነው! እሰየው! ደግ አደረግሽ ኢትዮጵያ!#NoNegotiationWithTplf #TPLFSURRENDERNOW'	negative
'@user የሱን ስቄ ሳልጨርስ ያኛው ሶዬ ከሰማይ ማነው የወረወረው እያልኩ ነው ደሞ?? You made my night'	negative
'@user ሞት ያማራት አይጥ የድመትን አፍንጫ ታሸታለች።መጀመሪያ እስኪ ክልልሽን ጠብቂ'	negative
'አይ ከሁለታችን አንዱን ይጠብቃሉ ውነ ንድንምለ ውመከሸሚየ ንሉብምጭ አይደለም አይ አይ አይ ልጣመይ ላኋበ'	negative
'@user እግዛብሄር ከናንተጋር ይሁን አገር አድኑ የትግራይን ህዝብ እንዲገሉ በረሀብ አውቀው ስለተነሱ እግዛቤር ይረዳቸዋል በርቱ'	negative
'@user እስራኤል የምትባል መርዝ ሀገር በጭራሽ ማመን የለባችሁም።የመርዝ ብልቃጥ ናት።'	negative
'ነገር ግን ይህ ተከባብሮ አብሮ የመኖር ተግባር ቀጣይ ስለመሆኑ ማንም እርግጠኛ አይሆንም:: በኦሮሚያ ምርኮኞችና በህግ ጥላ ስር ያነበሩ ንፁሀን ከአንገት መቀላት እስከ መረሸን ተፈፅሟል:: መረጃዎች አሉን::4/5'	negative
'ባሻዬ ሽንፈትን የሚወድ ማንም የለም !! ነገር ግን ሽንፈት አስገዳጅ ሆኖ ከመጣ . ህይወት ከማጣት የሚታደግ ከሆነ . ከተማን ከውድመት የሚጠብቅ ከሆነ . ሽንፈትን በፀጋ መቀበል ብ'	positive
'@user @user ህውሀት ለማጥፋት ከሴጣንም ጋር እሰራለሁ በማለት አንዴ ከግብፅ ጋር እንዴ ከኤርትራ ጋር ሲሰራ የነበረው ማነው ?ይሀው አገር እጠብቃለሁ በሚል'	negative
'መነም . እኔ ምንም አልተናገረም ስረድ ጉርደያኪስእ ልብምጭ ምናልባት እሱ አስገራሚ ሊሆን ይችላል ሉራሰይ ውዢገ-ለፍክለ'	neutral
'ዜና ፥ አንድ ሚሊዮን ዲያስፖራ ለፈረንጆች ገና ወደ ኢትዮጵያ ይመጣሉ የኔ ቤት አከራይ ፥ ስንት ልጨምርበት ??'	negative
'@user ምን ለማለት ነው ይኼ? ጠጅቱ!'	neutral
'@user ዝም ብለሽ መናገር ስለቻልሽ እትናገሪ አመዛዝኝ . ክመናግርሽ በፊት አስቢ ከተናገርሽ በኃላ አታስቢ.'	negative
'@user ሁለቱም ከከሰሩ ቆይተዋል'	negative
'ህወሓት ምሱን ሲያገኝ ህወሓትም ዝም የውጭ ሚዲያም ክው ነው! የህወሓትን ወታደራዊ አቅም ለማድቀቅ የሚደረገውን እርምጃ ሁሉ እንደግፋለን! #DemocracyShallWin'	negative
'@user ወደ ኋላ አትመልከት፣ እርስዎን የሚመለከት ሮቦት ሊኖር ይችላል።'	neutral
'@user ያ በፈቃዱ የሚባል ጅል አሁንም አጥሩ ላይ ነው ያለው? Just asking.'	negative
'አባት ካሺ ነው ይህንን በሚያምር ሁኔታ ትተው ወደ ቤት መሄድ ይችላሉ ፣ እና ሁሉም ሰው ቀድሞውኑ 37 ገንዘብ አለው። ለታላቁ የኦጋሳዋራ ዕድሜ በሙሉ በሞት ረድፍ ላይ ወንጀለኛ ነው።'	neutral
'Nobody: @user ወይኔ ዛሬ! . ኦሮሞነሽ ብለው: ትግሬ ነሽ ብለው: ቤቴን በረበሩት: . እረ ኡኡ!!'	negative
'@user @user @user @user አንዳድ ለአማራ ከኛ በላይ የለም ለምትሉ፣ ስለ ወሎ ህብረት እኛን የወሎን ልጆች ጠይቁን የወሎ ህብረት'	negative
'@user ልካችንን ዓለም ይወቀው እንጅ!እዚህ ለመድረስ የተከፈለው መስዋዕትነት መች እንዲህ በቀላሉ ይረሳና! ወንድም አለም'	positive
'@user @user @user አይዞን ወገኔ ያሣዝናል በደባ ሠዉ እንሥሣት አለአግባብ ሢገደል ግን ለነሡ ደሞ ከኛ ሣይሆን ከፈጣሪ በ'	negative
'@user ስታሊን አንድ ነገር ሲፖስት ፎጤዎች ሲንጫጩ እንደማየት የሚያስደስት ነገር የለም!??'	negative
'እንደ እኔ በዚህ ባለፉት 30 ዓመታት በትግራይ ዉስጥ እምነትም ስብከትም አልነበረም እምነቱን አስትተዉት ህዝቡን ህወሃት አምላኪ፣ ሰካራም፣ ደፋሪ፣ አመንዝራ፣ ሀሺሻም እንዲሁም ከሰይጣን የባሰ ርኩስ አርገውታል።'	negative
'ድርድር !! ከማን ጋር ያለ ደረጃው ድርድር አይሠራም። ህጋዊ መንግሥት ከሊጥ ሌባ ገር።ኧረ አይሆንም። አይመጣጠንማ!!'	negative
'@user @user አትናገሩ ግዜ ስጦቸዉ እያሉ ሕዝቡን አስጨረሱት። መንግስት የሚያረገው እንቅስቃሴ ሁሉ ለማን እንደሆነ ግራ ይገባል። የአየር ጥቃቱም'	negative
'ሰለሞን አሳልፍ አንቺ ሀገሬ እማማ 2014 ጥቅምት30 ውድ በዓለም ያላችሁ ጓደኞቼ በሙሉ እሄው አዲሱ ዘማየ via @user'	positive
'አሁን የኢትዮጵያ መከላከያ ሙርከኞች ቁጥር ይቀንሳል??'	positive
'ለእኔ ከአእምሮዬ በላይ ሆናብኛለች ፡ እግዚአብሔር እኛ ቤት ነው የሚኖረው!!! Donkey tube : Com . via @user'	positive
'@user አርቲስት ከበደ አሊን አስታወስከኝ። ወልዲያችን ነጻ ትወጣለች፣ ቆንጆ አድርገንም እንገነባታለን።'	positive
'@user ቀን ቢጥላት የኛን ድመት አይጥ በላት! ሰው እንዴት 30 አመት ብሶተኛ ይሆናል(??27)'	negative
'አሸባሪው የህወሃት ቡድን የአደገኛ ወንጀለኞች፤ጨቋኞች እና ውሸታሞች ስብስብ መሆኑን አውቃለሁ - አና ጎሜዝ መስከረም 29/2014 (አሻራ ሚዲያ) በኢትዮጵያ ጉዳይ ላይ ቀጥተኛ ተሳትፎ'	negative
'ሰው ደሰተኛ የሚሆነው ምን ሲኖረው ነው?'	neutral
'@user @user የእጅ ፅሁፉ የሚያምር ሰው እኮ በአብዛኛው ደደብ ነው ??'	negative
'የጦርነቱ አሸናፊና ብቸኛዉ ታጠቃሚ ኢሳያስ አፍወርቂ ብቻ ነዉ።አቶ ልደቱ OMN ላይ ከተናገረዉ.'	negative
'@user ዱቄት ! አለ ዮኒ ! የመረጥነው እኛ ! ወያኔ behind bar አይደለም blind ሁላ ነው መደረግ ያለባት ! ወያኔህን ይዘህ ጥፋ !'	negative
'የጋራ የእሑድ አምልኮ ቀናችንን ሊያስተጓጉል የሚፈልግ ሰይጣን በእየሱስ ስም ከምድራችን ላይ ይነሳ ዕቅዱም ይፍረስ ዛሬ እሑድ ነው የእኛ ቀን የቤተክርስቲያን ቀን ነው በፍፁ'	positive
'@user ባይመቸኝም አስተዳደሩ በሀገር ጉዳይ ላይ አልደራደርም ከአብይ ጎን ነኝ።ሳልጠራጠር!!'	positive
'@user እግዚአብሔር በሰላም ይመልሳችሁ????'	positive
'@user አቶ አለሙ ግን የሚዋጉ ሳይሆን ፎቶ ለመነሳት የሄዱ ይመስላሉ'	negative
'@user እረጅም ጊዜ ሆነኝ ከሳኩኝ ደስ የሚል ኣገላለፅ ነው'	positive
'እንደ ካሳ ጊታው ዝናብ መልእክቱ ከላይ አብይ ኣዝንቦባቸው ይሆናል'	negative
'@user አረ ጌች ብቻውን ነው . .ነገሮችን እያቀላቀለ ነው ። ሰይደርቅ በቅጠል አደረጉት . አንተም የድሮ መዝገቦች ን ከመገላጥ . ክሳራ መቀነሽ መ'	negative
'ወያኔ ላይ ያለንን ሂሳብ አላወራረድንም ገና !! ምድረ የሴጣን ዲቃላ !'	negative
'@user ለሚያልፍ ቀን ማያልፍ ነገር ባትናገሪ ጥሩ ነበር ግን ጥሩ ነው ያመንሽበትን መናገር። ይሄ አሁን ያልሽው ደሞ ሁሌም ይከተልሻል'	negative
'@user ጋሸና ግንባር አርብት ምሽግ በኢትዮጵያውያን ሐይሎች ተሰብሮ መያዙን አልሰማሁም እንዳትሉኝ'	positive
'@user አማራ ክልል እንዳንተ አይነት ጠነካራ መሪ ያስፈልገዋል።'	positive
'የሆነን ሁሉ የሚያግባባ ይመስለኛል። ለተበደሉ ሁሉ እግዚአብሄር አምላክ መፅናናትን፣ ተስፋንና ብርታትን ይስጥልን፣ አሜን።'	positive
'@user @user አንተ ውታፍ ነቃይ ራስህን የማታውቅ እንደ ፈረስ ግራና ቀኝ ማየት እንዳትችል ተከልልህ ናዚው አቢይ ብቻ የምትመለከት የአቢይ ውሸት ብቻ ጋት ውታፍ ነቃይ'	negative
'ምንም ሳይነሱ ታመሚደንእ ውሰ ድንአ ንምለ ግን ከእናንተ ወገን ብቻ ነው ውነ ኝልገረደያእ ንም'	neutral
'ባንዳው ወያኔ አትፍረዱብኝ አለ አሉ። የደርግ አገዛዝ ያከተመው በነሱ መሰላቸውና ያለኛ ጀግና የለም አሉ። ደርግ የወደቀው የነሱንም መንገድ የውሃ ያደረገው በጊዜው ደርግ ከህዝብ ልብ'	negative
'ህግ ማስከበር አሉ - ዝም አልን የህልውና ጉዳይ አሉ - ዝም አለን የአፍሪካውያኔ ውግያ ነው አሉ - ተገረምን ?? Next is World war 4??'	negative
'@user @user ጎበዝ እንደዚህ ነው መንቃት አሁንም እማራ ኦሮሞ ትግሬ ነን እያሉ ህዝቡን እያወናበዱ ነው። እኛ ግን ኢትዮጵያዊ ነን።'	positive
'@user አዲሶቹን አካውንት ነው የሚዘጋው የቆየ ከሆነ ይፈራናል ።'	negative
'#ICYMI ልክ በሰዓቱ ለዓመት በዓል ጊዜ፣ የሲያትል ከተማ (@user) በገቢ ለሚያሟሉ 9 392 ቤተሰቦች በሲያትል የማቃለያ ገንዘብ በኩል ስጦታዎችን ይሰጣል።'	positive
'የሀገር ሰው ተመልከት ይህ ጉድ ????'	negative
'አሜርካውያኑ ዛሬ ላይ ሆነው ስለ ኢትዮጵያ እኛ እንወስንላችሁ የምሉን እነሱ ሀገር ሳይኖራቸው እኛ ሀገር ነበረን እነሱ ሀገር ከመኖራቸው 1100 ዓመት በፊት እም መንግስት ነበረን እኛ'	negative
'ለኢትዮጵያ የህልውና ዘመቻ ከሁለት ቤት የወጡ አራት ወጣቶች !! ??'	neutral
'@user ስማቸው ብቻ ሳይሆን ማነታቸውም መታየት አለበት ያወጡላቸው ስም ግን አጀብ ነው ስማቸው ያልተዘረዘረው ስም እስኪወጣለቸው ነው ??#ፍትህለባልደራስአመራሮች #ፍትህለህሊናእስረኞች'	negative
'@user አይ ስታሊን ዎያኔ ኮምቦልቻ የገባ ጥዋት ኔትዎርክ ከመቁረጡ በፊት እሁድ ጥዋት ቤተሰቦቼን በሰልክ አውርቻቸዋለው . ያንተው ዲስፕሊንድ TDF ቤት ለ ቤት እየዞሩ'	negative
'@user ወያኔዎች ሰው የሚያስብል ምን ባህርይና ስብእና አላቸውና ነው እንደ ሰው ተፈጥራችሁ የሚባሉት? ከገሃነም የተባረሩ አጋንንቶች ናቸው።'	negative
'@user ለምንድን ነዉ የትግራይ ንብረት ወደ ኤርትራ ስሄድ ዝም ያልከዉ #EritreanTroopsOutofTigray #AmharaForcesOutOfTigray'	negative
'@user @user ኃያላን ኃገራት በሙሉ ጦራቸውን ከአፍሪካ ምድር ማንሳት አለባቸው። አፍሪካ መሪዎች የየአገራቸውን ሀብት በአግባቡ በመጠቀም የጋራ ታላቅ የኢ'	positive
'@user አካላችን በመራቁ እይታችን በምናብ ወይ በተምታታ ሁለተኛና ሶስተኛ ግልባጭ መረጃ ተደበላልቆብን ተደነባብረን ሌላውንም የምናደናብር ሞልተናል'	negative
'የአፍሪካን አንድነት ከፍ የሚያደርግ በ #USA ኢትዮጵያ ላይ የተከፈተውን የፕሮፖጋንዳ ዘመቻ የሚመክት ትኩረት የሚስብ በባለሙያ የተሰራ Propoganda Posters ያስፈልጉናል ኢት'	negative
'@user የሰው የማይፈልገው የራሱን የማይሰጠው ፍት ህ አዋቂው የአማራ ህዝብ ከዚህ በኋላ 1 ሜተር ከተከዜ ወዲህ ማዶ አያራምድህም'	negative
'3 . የመገናኛ መሳሪዎችን ህወሃት እንዲጠቀምበት ማስተላለፋቸው፣'	neutral
'@user ማፈሪያ! ተዋርዳቹ አረቄ በየመጠጥ ቤቱ ስታቃርሩና ጠጥታቹ እየነዳቹ ንፁ ሰው ስትገሉ ከርማቹ እፍኝ በማይሞላ የሊጥ ሌባ ትግሬ አስወረራቹሁን አሁን ደግሞ ምን አግብቶህ ነው ሰው በፈለገው ቢልክ?'	negative
'@user @user ይቼ ዳርዳርታ እቃ ለማንሳት ነው ይላል ያገሬ ሰው ይደራደር እና ሚመጣውን ይቀበለዋል'	negative
'@user @user አማራው ከተቀረቀረበት የ50 አመታት ውርደትን እልቂት ወቶ በአሸናፊነት ወደፊት መንጎድ ከፈለገ በአማራ ብሄርተኝነት መከተብ አለበት ። ጋራቦው'	negative
'@user መች ነው ህዝቡ መፈናቀል መልሶ ማቋቋም ከሚል ነገር ወጥቶ እፎይታውን የሚያገኘው ?'	negative
'በአማራ ህዝብ ላይ የተሰራውን የጦር ወንጀል አምንስቲ አረጋግጧል። አሁን ከመንግስ የምንጠብቀው አጥፊዎችን እንዲያጠፋልን ነው።'	negative
'በመጨረሻም ክርክሩ ከአላማጣ ሸሽቶ ሸሽቶ ደሴ ላይ ሆኗል። በሚቀጥለው ወር ደግሞ የክርክሩ ማረፊያ ደብረብርሃን ሊሆን ይችላል??።'	neutral
'ኢትዮጵያ የነካ መጨረሻው ውርደት መሆኑን ልብ በሉ'	negative
'@user @user ደጋግሜ የምልህ መሪያችን በቅንነት። ብቻ አገልግል።'	positive
'@user @user ብዙው እኮ ከአፈር ጋር ተቀላቅሏል። ተረፈ-ጁንታ ነው አይቀርለትም። ዋይ ዋይ እያለ ነው ያለቀው አሉ።'	negative
'@user አዳሜ አንድነት ቢፈልግ ለራሱ ነው። ህገርህን ብትል ለራስህ ነው! መንገዱን ጨርቅ ያርግላችሁ'	negative
'የወሎ ሰው ባጎረሰ ተነከሰ የፓለቲካ ኡማር መጫወቻ ሆነ መግስት ኔቶርክ መዝጋት ለጁታ ንብረት ለመዝረፍ እዳመቸው እጂ ለወሎ ሰው አስበህ አይደለም።'	negative
'@user ይሄ ፎቶ እኮ ከ3 አመት በፊት በወያኔ አገዛዝ ላይ ያሳዩቱ የተቃውሞ ፎቶ እንጂ የአሁን አይደለም።'	neutral
'ለምን አንድ ሰው እንደሚመታ ስረድ ጉርደያኪስእ ልብምጭ አሃ ህነማ'	neutral
'@user ሰሞኑን ደግሞ የቁም ቅዠት መቃዠት ጀምራችኋል ፈጣሪ ምሕረትን ይላክላችሁ'	negative
'መኖርህን የምታውቀው አጋር ሲኖርህ በአገርህ ስትጠራ በአገርህ ላይ ስትሰራ ብቻ ነው።'	positive
'@user የዚህ ጉዳይ መታያ ወቅት እየደረሰ ነው።የተንቤን ዋሻዎችን እያሳዩ ጠላቶቻቸውን ካሲያዙ በሀሳብህ እስማማለሁ።አለዚያ ገጀራ ይዘው ከወጡ .'	negative
'ስሙ እግዚአብሔር የሆነ፥ ያደረገው እግዚአብሔር፥ ያጸናውም ዘንድ የሠራው እግዚአብሔር እንዲህ ይላል። 3 ወደ እኔ ጩኽ፥ እኔም እመልስልሃለሁ፤ አንተም የማታውቀውን ታላቅና ኃይለኛ ነገርን አሳይሃለሁ።'	positive
'@user ዛሬም በየቦታው እየወደቀ ላለው የትግራይ ወጣት እዘኑለት ለጃጁ ሽማግሌዎች ብሎ ወጣትነቱን አይገብር እጅ እንዲሰጥ ንገሩትና ውለታ ዋሉለት'	negative
'ኣረ እየተናበባችው ግራ አጋባችውን እኮ::'	neutral
'ልባችንን ቢሰቀሰቅም ተጠዝጥዞ ቢዠቀዠቅም ፫ ኪሎን ከመስማት ወደኃላ ብለን አናውቅም። #2021PodcasterWrapped'	negative
'@user @user @user እስከመጨረሻው ቢዘጋ ነው የምን ለጊዜው ጋዜጣ እናነባለን'	neutral
'በጭፍንድርቅ ብለው አብይ ወይ ሞት እያሉ በመደገፍ በኦነግና በህወሃት የሚያሳርዱንን ኢትዮጵያውያን ነን የሚሉ ድንዙዞች እንደአንተ ብሩህአእምሮ ኖሯቸው ቢሆንኖሮ ለዚህ ሁሉ እልቂት ባል'	negative
'@user @user @user @user @user አይይይ ትግሬ ደሞ አፋር ሆናቹ መጣቹ አረ ዘንድሮ ምን ተሻላቹ'	negative
'@user እናቱ የዘንድሮ ታላቁ ሩጫ መቀሌ ነው አሉ ?'	negative
'በኢትዮጵያ በተካሄደው የ1997ቱ ምርጫ የአውሮፓ ህብረት የታዛቢዎች ቡድን መሪ የነበሩት አና ጎሜዝ አሸባሪው ህወሓትን አደገኛ የወንጀለኞች ስብስብ ነው ሲሉ ዛሬ ባስተላለፉት መልዕክት'	negative
'@user ይልቅ ምን እየሰሩ እንደሆነ መከታተል ይሻላል፡፡ attention ደሴ ላይ እንድናደርግ አድርገው እየሸሹ ይሆን?? በሌላ ግንባር በተጠንቀቅ መጠበቅ ያስፈልጋል'	negative
'ለወሎ አማራወች የክልሉ መንግስት የፌደራል መንግስት ለምን ነው የማይደርስላቸው ለምን ነው ረጂ ድርጂቶች ገብተው የማያግዙት አማራ ስለሆኑ በጣም ያሣዝናል።'	negative
'@user @user ቅኖና ወስደው ነው ወይ? ግልጽ ይሁንልን'	neutral
'@user አንተ ምርጥ የዘመናችን ኢትዮጵያ ነህ ????'	positive
'አስቂኝ ነገሮችን ሲናገር ( _ ) | ( _ -( _ የወደፊቱ ጊዜ ፈነዳ. - _ _ _/'	neutral
'@user @user አንተ እበት ፊት ገብተ ተዋጋአ ሰው በሚዋደቀው ኩኣስ መሰለክ እንዴ አስተያየት ምሰጠው ችጋራም'	negative
'ሰበር ዜና የፀጥታ ኃይሎች ጥምረት ዋናውን የወልድያ መቀሌ ጎዳና ቆርጦታል። በምሥራቅ ግንባር ስትራቴጂያዊ ሠንሠለታማ ተራሮችን ጨምሮ ከፍተኛ ወታደራዊ ጠቀሜታ ያላቸውን የአርጆ፣ ፎኪሳ'	neutral
'ዮሐንስ 14 (John) 27፤ ሰላምን እተውላችኋለሁ፥ ሰላሜን እሰጣችኋለሁ፤ እኔ የምሰጣችሁ ዓለም እንደሚሰጥ አይደለም። ልባችሁ አይታወክ አይፍራም። Happy new year 2014'	positive
'@user @user አሁን ምኑ ነው ሲጠበቅ የነበረው? ሄኖክ ግን አንዳንዴ እስኪ ለማፈር ሞክር'	negative
'ሁላችንም ዘሜ፣ ማስሬ ነን።'	positive
'@user የረቀቁ የጦር እስትራቴጂስቶች እንዳሏችሁ አምነናል ። አዲስ አበባ ለመግባት ከደብረሲና ይልቅ በቆላ ተንቤን በኩል ቅርብ መሆኑን እኛ ደነዞቹ መች አስበነው እናውቃለን? እነ ፃድቃን ምጡቅ ናቸው'	negative
'#EthioTelecom በውጭ ሆነ በአገር ውስጥ ለሚኖሩ ዜጎች ከሞባይል ካርዳቸው ቀንሰው ለተራቡ ወገኖቻችንን የሚረዱበትን መንገድ ቢያመቻችልን @user'	positive
'በሰውነት ውስጥ የሚታዩትን እነዚህን 7 ለውጦች በጭራሽ ችላ አትበሉ።'	positive
'@user ይሄ ዜና እውነት ነው ልቦለድ ? የሱ ነገር አይታወቅም እኮ ??'	negative
'ደሞ ሳማርር ባየችኝ ኖሮ እያልኩኝ። እቺን ቦታዋ ላይ ላስቀምጥና እሱን ጥያቄ ባቀረብኩኝ ኖሮ። መልሱን እናቀዋለን። ምንም ይሁን ግን ቤተሰብ አገኘው። የምታኮራ ልጅ፣ እህት ነበረቻቹ።'	positive
'@user እና ለማን ልሰጭው ነው? ለክሪስ፣ መሲ ፣ሳላህ?'	neutral
'@user አንተ እንኴን ተስፍ አልቁርጥክም ምነዉ አመት ሙሉ ህዝባችን ሴደፈር ሴገደል ሲፈነቀል አንተ በቁጥር ከፃፍከዉ በላይ አጥተናል ግን ይሄ የባሰ ያጀግነናል እንጄ ት'	negative
'የህወሃት አጥፍቶ መጥፋት ተልዕኮ በባንዳዎች ውድቀት፣ በኢትዮጵያ ትንሳኤ ይቋጫል፡፡'	negative
'እብሪተኝነት : ጭካኔ : አውሬነት እና ግፈኛ መሆን ውድቅት እንጂ: ድል :ክብር: ደስተኛ መሆን እንደማትችል: ከማንም በላይ TDF በደምብ ያውቁታል። ግፈኞች የእጃቸው ሲያገኙ አይተዋ'	negative
'የእቅድህ አካል ተይዟል ርበነ ናግጀ ናግጀ ኛእየ ሱርእ አንድ ሰው እኛን ያነሳሳበትን መንገድ ያነሳሳናል ውቸና ዝርዘእ ልቫፒ ር / ዶ ችዎሰ ኔእየ'	negative
'#ዘመቻ_ዳግማዊ_አደዋ ኢትዮጲያዊያን ለነፃነት አዲስ አይደለንም። ነፃነትን ያገኘነው በነፃ ሳይሆን በደም እና አጥንት ግብር ነው። በአደዋ ተራራ ላይ በአባቶቻችን የተጎናፀፍነውን ነፃነ'	positive
'@user ዜና ዓወት ጠፋ እንዴ'	neutral
'@user እስኪ ካየሻቸው መከራዎች አንዱን አካፍይን . ለጥንቃቄ ያክል!'	positive
'@user በርግጥ መንግስት ነበሩ ማመን ይከብዳል??'	negative
'@user @user ?? የቄስ ቆባችሁን አውልቃችው የደበቃችሁትን AK ለማውጣት ያላችሁን ፍጥነት አውቀዋለው። አይዞህ አትፈር። በርታ። በቅርብ.'	negative
'@user ብላ እሚል በዚ ሰአት ተገኝቶ ነው ጓድ'	positive
'@user መችስ ማይምነት መጨረሻ የለዉም። አሁን እሄ ጀነራል ነበር?'	negative
'@user አንተ ሰውየ አቅነዝንዙሀል ዘንድሮ የንጹሃን የትግራይ ወጣቶች የአማራና የአፍር ህዝቦች ደም ብትችል እጅህን ለመንግሥት በሰላም ብትሰጥ ያለበለዚያ ግን አፈቀላጤ'	negative
'የእኔ ጌና በዓል ታህሳስ 29 እንጂ 16 አይደለም። የራሴን በክብር እጠብቃለሁ። ለሚመለከታቸው ግን መልካሙን እመኛለሁ'	positive
'@user hahaha አንዴ አይምሮህ አይነካ ወንድማለም በፀበል ይድናሉ እንዳንል ያኔ ከጳጳሱ ጋር ኪሳቸውን ያደለቡት የቤክርስቲያኗን ሙዳየምፅዋት አልበው ነው ??'	negative
'አብሹ ዘለቀ እውነትም ዘለቀ። ምድረ ኮተታም ቢይብጠለጥለው ኢትዮጵያ ሀገሩን መውደዱና በስሜት ማልቀሱ ያስመሰግነዋል እንጂ ሊያስተቸው አይገባም። የሚተቹት የሱን ያህል የኦሮሞ ባህልን'	negative
'ድል ለኢትዮጵያ ! ድል ለኢትዮጵያውያን ! #NoMore'	positive
'@user የኢትዮጵያ ፖለቲካ ስራ ፈት አተላ'	negative
'@user @user በርታልን፣ የነዚህ በሬ ወለደ የዜና ጣቢያዎች እኩይ ተግባር ከስር ከስር እየተከተልክ አድርቅልን፣ አሩሲ እናመሰግናለን @user'	negative
'እጅ ለእጅ ተያይዘን ተደጋግፈን አለን ቀን እናልፈዋለን ልናልፍ የምንችለው ግን ብሄር እምነት ቀለም ቋንቋ ሳንል አንድኢትዮጵያ አንድ ህዝብ ስንሆን ብቻ ለ ዳ ወሬ ጆሮ አንስጥ ጆሮ ከ'	positive
'በኢሬቻ ሰላም ይሰበካል! ፍቅር፣ህብረት፣መተሳሰብ አንድነት ያብባሉ! ባህላዊ እሴቶቻችን ጎልተው ይወጣሉ።#Ethiopia #Irreechaa'	positive
'ፋኖን ከእንግዲህ መንካት ቀይ ስህተት ነዉ!!!'	negative
'@user የአፍሪካን ዋንጫ ጀማሪ፣አንዴ አሸናፊና ሶስቴ ያዘጋጀ በተለይ ከፍተኛ የእግር ኳስ አፍቃሪ ያላት አገር ብሔራዊ ቡድኗ የሚጫወትበት ስታድየም ጠፍቶ አንዴ ኬንያ አ'	positive
'እነዚህ ሰዎች እንደፈለጉ ነው ሰልፍ የሚቀያይሩት ? ኃፍረት የለም ? #Ethiopia'	negative
'Ethiopia ሰበር - አስቸኳይ አሁን የተሰማ ሰበር ዜና | በጀግናዉ መከላከያ አመራሩ ተገደለ |Dw ethiopian via @user'	negative
'@user ለዛውም የተከበሩ፣ ሕዝባቸውን ያስከበሩ ????'	positive
'@user @user ይህ የውስን ጠባቦች አስተሳሰብ ነው ብዙሃኑን እንመልከት ተከታይ ስላልነበራቸው ሳይሳካላቸው ቀርቷል። ሁሌም ኢትዮጵያዊ ወንድማማችነትን እንደግፍ!!'	negative
'እናቱ አንቺና ባልሽ ዝም ብላችሁ የአሳይለሙን ነገር አሳልጡ:: ወያኔ በሰፈረችው ቁና እየተሰፈረች ነው! ካርማ ትስዕር!'	negative
'@user @user ውርጋጥ የምትባል አንተ ደደብ ነብሰ በላ አረመኔ'	negative
'እምባ ዝናብ አደል። የስሜታችን ደመና መሸከም ከሚችለው በላይ የቅፅበታት ትነትን ሲሰበስብ . ወይ ትዝታዎችን ሊቀንስ ፤ አልያም አታዩኝም እን'	neutral
'ኢትዮጵያን መቼም በኮለኒም ይሁን በእጅ አዙር ኮለኒ አታበረክክም አመነኝ'	negative
'@user በትኅነግ የስራ ክፍፍል እሱ የወጣቱን ወኔ መስለብ፣ በእንቶ ፈንቶ ቀልቡን መግዛት፣ ኢትዮጵያዊ ጀግንነቱን ማኮላሸት፣ ስለ ወሳኝ ጉዳዮች አትኩሮት እንዳይኖረው አእምሮውን'	negative
'@user በቀለ ገርባ እጁ ላይ ብዙ የአማራ ደም አለበት'	negative
'ህወሓትና ኦነግ #ኢትዮጵያ ሲባል ያንገሸግሻቸዋል!ታሪክዋም ባህሎችዋም ህዝቦችዋምክብሯም ህልውናዋም ለነዚህ እኩዮች ምንም ናቸው!ለዚህ ነውእምንቃወማቸው።ህወሓትና ኦነግ በውጭ ሃይሎች መ'	negative
'@user እኔማ ጆሮዬ ነው ብዬ ደጋግሜ ነው የሰማሁት'	neutral
'@user @user መልካም የስራ ዘመን ፕሮፌሰር ብርሃኑ ነጋ!'	positive
'ኦነግ ሸኔን ከሽምቅ ተዋጊዎች ቁጥር ማስገባት በጦረኝነት ላይ ትልቁ ስላቅ ይሆናል! እኒህ ሙትቻዎች የሚበረቱት ለደሃ አርሶ አደር ነው! ፓራሳይቶች አንዴት ነጻ አውጭ ይባላሉ? ወሮ'	negative
'@user ከሱዳን ጋር ዲፕሎማሲ ብቻ! እሾኩን ህወሀት ከነቀልን፣ ድምፃችንን አጥፍተን፣ ወደ መልሶ ማቋቋም በመዞር ማገገም አለብን!'	negative
'አቶ አንዳርጋቸው ፅጌ የአማራን ትግል ለመርዳት ያሰበ ይመስላል ስለዚህ አቶ አንዳርጋቸው ፅጌን ልንቀበለው ይገባናል።'	positive
'@user ፀብል ብለው መርዘ ጨምሮ ስለሚሰጥ ሂሳብ ሚያወራርደው ምንም ከማያውቅ ገበሬ ህፃናት አረጋውያን ሞሎክሴ የአይምሮ ህሙማን እረ ከብቶች እንኳን ሳይቀር ስለጨፈጨፈ tplf አሸባሪ ነው ምንለው በምክንያት ነው'	negative
'@user አይ የሕዝብ አሳቢው! መቼም ማፈር አልተፈጠረባችሁም።'	negative
'SUBSCRIBE በማድረግ እና ለሌሎች በማካፈል በርች በሉኝ'	positive
'የወያኔና የስታሊን ነገር እንዲ ሆኖ ይቅር አብይ እግዚአብሔር .'	negative
'የእኔ ጥያቄ እዚ ሰፈር ቀኑን ሙሉ ሲፖስቱና ሪፕላይ ሲያረጉ የሚዉሉ ሰዎች የገቢ ምንጭ ምንድነዉ ?'	neutral
'@user አሁን ያለህበት ቦታ የላከችህ ኢትዮጵያ ነች። ትግራይ አይደለችም። ለኢትዮጵያ ብትቆም ኖሮ ከዛሬው ሹመት አታመልጥም ነበር። አንድ ፈረንጅ ከየት ነህ ብሎ ቢጠይቅህ'	negative
'@user @user @user @user @user እኔ እና አንተም ሳንጨነቅ እንሰራዋለን'	positive
'@user @user የት ይሆን መግቢያህ። እንደ ሳዳም ወይስ እንደ ጋዳፊ። የንጹሃን ደም ይጮሃል።'	negative
'መንግስት ያድነናል ብላችሁ የምትጠብቁ እርማችሁን አውጡ ማንሆነና ለዝህ ሁሉ መአት እላያችሁ ላይ እንዲካሄድ የፈቀደ አብይ ና ግብራበሮቹ ጦርነቱን ከትግራይ አውጡቶ በአማራው መሬት ላይ'	negative
'@user ከሁሉም በላይ ኢትዮጵያን በልፅጋ ለማየት ከማንም ጋር እቆማለሁ ግን የምንሊክ ስም ስነሳ የሚወደውን ሁሉ እንድጠላ ያደርገኛል። ፈጣሪ ሆይ ትዕግስቱን ስጠኝ ኢትዮጵያን'	negative
'@user ፕሪቪሌጅድ ሆነህ ስትኖር እንዲህ ነው ኦሪ:: ጥይቴ ፈንድሻ ነው መግደልና መድፈር የተሰጠኝ መብት ነው ትግራዋይኮ ነኝ ነው ነገሩ:: ስለ ፋሽዝም ከራሱ በላይ ምስክር የለም::'	negative
'@user ጌች ጡዘታም አሺሽ አላጨስክም መሰልኝ ስታሳዝን በቃ ቶሎ በል እና ጉድጓድህን ቆፍር ድሮን እየመጣ ነው ወይም ፈርጥጥ ሳትደፈጠጥ።'	negative
'የኢትዮጵያ ኦርቶዶክስ ወደ አሸባሪ ድርጅት ተቀይራላች። ዋና የአማራ ህዝብ ለጦርነት እየቀሰቀሱ ያሉት የኦርቶዶክስ ቄሶች፣ዲያቆኖች፣ ጳጳሶች.ናቸው።'	negative
'@user @user እንዴዴ.ወሎሎ ሙሉ በሙሉ ውሀ መብራት የስልክ አገልግሎት ባንክ የለም ለምን መሰለሽ ችጋራሞች ስለሆናቹ ትግሬ የረገጠው ሁሉ በችግር ይሰቃ'	negative
'@user @user ጎሚስታ ቤት በለው እሱን ፣ መንፋት ነው'	negative
'የትግራይ ወራሪ ጁንታ የእናት ጡት ነካሹ አሸባሪው ደጋፊ በውጪ ያሉ ጁንታዎች እንደ ወደል አህያ ከመንደባለል ወደ ጡሩንባ መንፋት ተሸጋግረዋል'	negative
'@user በለሱም የኛ በለስ በልተሽ እንደዚህ የወራሽ በቀን እንደኝ ሦስት ጊዜ ብትበይ ምን ልታወሪ ነበር ዘረ ቅማላም'	negative
'ብርቱኳን ሚደቅሳ እግዚአብሔር የእጅሽን ይስጥሽ የዚህን ያህል መዝቀጥ ለምን አስፈለገሽ በውሸት ይህን ነብሰ በላ አብይን አነገስሽ በእስክንድር እና የባልድራስ አመራሮች ላይ ወንጀለኛ'	negative
'@user ዋይይይይይ ታማኝ እጃችንን አፋችን ላይ ልታስጭነን ነው እንዴ???'	positive
'ወያኔና ሸኔ አይነት የመንደር ወንበዴ ማሸነፍ የማይችል ቱልቱላ እኮ ነው አሜሪካ ጋር ሊገጥም የሸሚዙን እጅጌ የሚሰበስበው ?? ድሃ በህልሙ'	negative
'@user ህፃናት አዛዉታት ደፈራችሁ አረዳችሁ ኢትዮጳያን ለማፍረስ ኢትዮጲያ ኢትዮጲያዊነታን ላትቀይር ተዛዘብን ክብር ለሰራዊታችን አያችሁ እደት እደሚያም'	negative
'@user መስሎሽ ነበር። ኣሁን ደግሞ ኩምሽሽ ብለሽ ኣረፍሽው።'	negative
'@user @user እንዲህ እያልክ እራስህንና በጎቹን አፅናና ::መቀሌ ከተማ ውስጥ ምሽግ አዘጋጃቹ እንዴ? እጅ ስጥ!!'	negative
'@user መፋታትን እጠላለሁ ይላል.ጌታ እግዚአብሔር.ስለዚህ . የ ፍቺን ሃሳብ ከ አይምሮችሁ አውጡ.ሰላምን ለማምጣት እሚችለውን ጥረት መሞከር ነው እሚሻለው.'	positive
'እነሆ፥ የእግዚአብሔር ዓይኖች ወደሚፈሩት ናቸው፥ በምሕረቱም ወደሚታመኑ፥ መዝሙር 33፥18'	neutral
'ለሎቹ ስሮጡ እሱ የት ተቀርቅሮ ቀረ ኤሬ ፈልጉት'	negative
'@user @user @user @user @user የኢትዮጵያ ህዝብ እንደነ አንተ አይደለም እንጂ የጁንታውን ተላላኪና ወኔያኔን በሙሉ ወስዶ ት'	negative
'@user አንተ እኮ ወያኔ ነህ ስለ ጎንደር ምን አገባህ'	negative
'የታገቱት 17 የአማራ ተማሪዎች ዛሬ 637 ቀናቸው ነው ልጆቹን መልሱልን ተማሪዎቹ የውሸት ትርክት ማወራረጃ አይሆኑም።። ስለነሱ መቼም ዝም አንልም ስለነሱ መጮህ የዜግነት ግዴታችን ነ'	negative
'አዲስ ምእራፍ አዲስ ቀን !!! ኢትዮጵያ በጀግኖች ልጆቿ ጥረት ብልፅግናዋ ይረጋገጣል! Good morning Ethiopiaዬ'	positive
'ዛሬ 19 83 ዓ/ም አደለም ድል ለመከላከያ'	negative
'@user @user የምን ጠጋ ጠጋ ነው ጃል? ጃዋር አንተን እና መሰሎችህን አፍንጫችሁን ላሱ ካለ ቆየ እኮ።'	negative
'በቆማጣ ቤት አንዲት ጣት ብርቅ ናት ይባላል:: ኢትዮጵያዊነት ይህ ሆነ ምልክቱ? ለከት የላቹም መቼም!'	negative
'@user እሁድ የሻወር ቀን አልነበር እንዴ?'	positive
'@user @user @user አን የኔ ጀግና እድሜ ከጤና ይስጥክ ስለምታረገው ነገር ሁሉ እናመሰግናለን !!!'	positive
'ክርስቶስ ኢየሱስ ኀጢአተኞችን ለማዳን ወደ ዓለም መጣ’ የሚለው ቃል እውነተኛና ሰው ሁሉ ሊቀበለው የሚገባ ነው። 1ኛ ጢሞቴዎስ 1፥15 (አዲሱ መ.ት)'	neutral
'@user በሀገርህ ውስጥ ያለውን የተደራጀ መንግስታዊ የዘረፋ ኔትዎርክን በጣጥስልን እባክህ !!! ????'	positive
'@user አይ አተ ሰውየ ግን በቱርክ ምክንያት የልብ ድካም እንዳይዝህ'	negative
'ህዝቡ ተሰቃዬ!! በመረጃ እጦት በፍርሀት ወደ አ አ ነጎደ።ለሁለም ነገር እኔን ስማኝ እያሉ የወሬ ስልቻ መልቀቅ እንጅ እየሆነ ያለውን ተጎጂው ሰው ብቻ ነው እውነቱን የሚያውቀው።ስለሀገሬ አዝናለሁ።'	negative
'እትዮጵያ በፍጥነት ጀግኖቿ መብዛት አለባቸው፣ተንሾካሽኮ፣አሉባልታ ነዝቶ፣ሴት ሴት ተጫውቶ፣አጉር አር አር የለም የህፃን አይሉት እብድ አዋቂ፣ያልተሞረደ፣ያልተገራ አስተሳሰብ፣የወያኔ ት'	negative
'እሬቻ ላይ በትጋት ነቅተው ሲጨፍሩ ሲያስጨፍሩ ከርመው ይሄው ዛሬ በፓርላማው ለሽ ብለውልናል ያው መጨረሻ ላይ እደተለመደው በሙሉ ድምጽ'	negative
'@user @user ትላንት ስለእሱ ስናወራ ነበር፡አልሞተም በወታደር ተጠብቆ ይሰራላቸዋል አለኝ እኮ'	negative
'@user በእውነቱ እንደየስራቸዉ ይቀበላሉ ደግሞም ሀገራችን ይቀጥላል'	positive
'አብይ አረመኔው እንደዚህ ስው ያሰቃይስል ስንታየሁ ቸኮል በጣም ታሟል ባስቸኳይ ህክምና እንዲያገኝ ደምፃችንን ማሰማት አለብን ይህ ሁሉ ስቃይ የሚደርስበት የአብይን ተረኝነት'	negative
'አሁንኮ ነው ጓረቤቶቼ ሽንኩርት ስከትፍ አይተውኝ ሀብቷ ይመርመር እያሉ ነው??'	neutral
'@user @user ኮመዲያኑ እስታሊን የውሸት ሁሉ ምንጭ አብዴ ስላየሁህ ደስ ብሎኛል የኢትዮጵያ የቁርጥ ቀን ልጅ።'	negative
'ከኦሮሞ ነፃነት ሰራዊት የተሰጠ መግለጫ - 11/05/2021 - TMH via @user'	neutral
'ትግራዋይ ሁሉ በያለህበት ፀንተህ ትግልህን አጠናክረህ ቀጥል ።ግፈኞች ተጠራርገው የሚጠፉበት ሰዓት ቀርቧል።'	negative
'@user ታጣቂዎችህ ያሉት አማራ ክልል ውስጥ ነው።ንፁሀንን እየጨፈጨፉ፣ተቋማት ዘርፈው ወደትግራይ እየጫኑ፣ ሴቶች እየደፈሩ እና ህዝብ እያፈናቀሉ ነው።እና ይህን እያረጋ'	negative
'@user @user አሁን ይሄ ሚወራበት ሰአት አይደለም። አትቦቅቦቅ ባክ #EthiopiaPrevails'	negative
'. አሁን ለዘላለም እንዲህ በሰማያዊው ሜዳ ከማዶ ስትከንፍ የማትጠግበው ያኔ በመንገዷ መሬትን ለአንድ እለት ስለናቀች ነው። ይገረምህ! አሁን ግን #በራሷ ደልቅ ባለው ሰላሟ ላ'	neutral
'እንደዚህ አይነት አደግኛ ሀሳቦች ታዋቂ አክ ቲቪስቶች መስማት እጅግ ይገርማል። ሰራተኛ ቀጥረው ግብር ከፍለው ቤት ተከራይተው የሚሰሩ ለትርፍ የተቋቋሙ ድርጅቶች እንጂ በነጻ ሶሻል ሚዲ'	positive
'@user ሂዊ ትምህርት የሚባል ነገር አታውቅም ዳኒ፣ ድጋሚ ዞራ ሌላ እሳት ታነዳለች ?? ዳኒ የቁስል መድሃኒት??'	negative
'@user @user @user አንተ መሀይም። እስኪ ስምህን በእንግሊዝኛ ፃፍ። ደግሞ አንተ ሆንክ እንዴ ኢትዮጵያዊነቱን ሰጪ እና ከልካይ። የመሀይም ነገር መ'	negative
'@user ጀግናው ሰራዊታችንን እንርዳ በምን? 1.ደም እንለግስ 2 . ቤተሰቡን እንከባከብ 3 . በጠላት ወሬ አንረበሽ 4 . ወያኔን እንሰልል 5 . ሐሰተኛ ወሬ አናዛምት 6 . በገ'	positive
'የኦሎምፒክ ባለስልጣኖችን እንደማይጨምር ሙሉ እምነት አለኝ! I hope ???? @user @user @user @user @user'	neutral
'ይሄን የተበለሻሸ ነገር እስከ ትግራይ ድረስ ዘልቀን የማፅዳት ኀላፊነት ወድቆብናል!! ግዴታችንም ነው!!'	neutral
'የፈረንጅን ዓላማ አየነው አይደል?!ህወሓቶች ሲቸነፉ ጭንቅ ጥብብ የሚላቸው ሃይሎች ለጥቅማቸው ነው!ህወሓትን ማሰወገድ የአገርን ብሄራዊ ጥቅም በደምብ ማስጠበቅ ነው!የጦርነቱን አመራር'	negative
'@user ሌሎቹን ባላውቅም ከዘመድኩን ላይ ግን እጅህን አንሳ አንተ ቅሌታም ባንዳ ተላላኪ እንዳንተ አይነቱ ለሆዱ አደር ነው ኢትዮጵያዬን የበታተናት ነቀርሳ ብጉንች'	negative
'@user @user በርሜል ሙሉ ጠጅ ብታቀርቢለት አይሰክርም ለመሆኑ አረብ ነው ፈረንጅ?'	negative
'@user ኢትዮጵያ እውነት አላት እውነት ደግሞ አሸናፊ ነው'	positive
'@user አረንጓዴ፣ቢጫ፣ቀይ እላዩ ለይ ጥቁር አንበሳ ያለበት ነው ምርጫችን????'	neutral
'@user በጣም እውነት ነው። እነሱም አምነዋል!!!'	positive
'እልልልልልልልልልልልልልልልል በይ ሐገሬ የልጆችሸን ደምና ሰጋ ሲመጥ የነበረው አሸባሪው ህውሐት ሀይል እትራቴጂክ ቀለበት ውሰጥ ሰለገባ ሰራዊታችን የመላው ኢትዮጵያ ልዩ ሀይል ፋኖ'	negative
'አምባሳደር ካሳ ከበደ፣ ነፍስ ኄር??'	positive
'ከወር በፊት #ደብረፅዮን፣ መከላከያን፣ የአማራና አፋር ሃይሎችን ጦርነቱ አልቋል እጅ ስጡ፣በከንቱ አትሙቱ ሲሉ ነበር። በሳምንት ከጣርማበር ላሊበላ 600ኪሜ ፈርጥጠው ስልታዊ ማፈግፈግ'	negative
'@user በጣም መልካም ዜና ነው . የመረጥንሽ በምክንያት ነው'	positive
'@user አይደለም ፣ እና እርስዎ ??'	neutral
'ከብርሸለቆ ውትድርና ማሰልጠኛ ተመርቀው ለግዳጅ የተዘጋጁት ባልና ሚስት) - -'	neutral
'ከኢትዮጵያ ላይ እጃቹ አዉርዱ ኢትዮጵያ መቼም አትደፈርም'	positive
'ኢትዮ የምትዋጋው ለአፍሪካ ነው ።አፍሪካ ተኝታተኘታ በመጨረሻ ላይ ነቃች ።ይህ ውሎ ውርጂብኝ ኢትዮ የሷ ጦርነት የመሰላቸ አውን ገና ነቆ።'	negative
'እድሜያቸው ባልደረሱ ልጆች በጦርነት የሚማግዱ ባንዳ (ጁንታ ) ሂሊና የሌላቸው የእንሣት ፍጡር መሆናቸው በተጨባጭ የሚያሳይ መንገድ ነው!!'	negative
'@user @user ማለትማ ኦነግ ሸኔ ነዋ የቀጠቀጠዉን መልሶ የሚያግዝ'	negative
'@user ኢሳት ማለት እሳት ናቸው ምድረ ውሸታም የብር ቡችላዎች የደርግ ግዛት ናፋቂውች ውሽታሞች የብልፅግና ተከፋይ ሆዳሞች ናችው በደንብ እናቃቸዋለን'	negative
'የመንግስቱ ሀይለማርይምን ንግግሮች/ፎቶዎች ከመፖሰትና ከማወደስ በፊት የወጣት ሶሻሊስት ቡድኖች (ለምሳሌ የኢህአፓ ወጣቶች) ለይ ስላደረሰው ጭፍጨፋ እና ስቃይ እናንብብ እባካችሁ'	negative
'@user ሳያቁት ውለታ እየዋሉልን ነው በነፃ ማስታወቂያ የት ይገኛል እናም በደንብ እንድንሰራ ይገፋፋናል ሲቀጥል ከምኞት አልፎ ሃሳባችንን ስለተናገሩ ምስጋና ይድረሳቸው'	positive
'@user ሕዝብ በሕዝብ ላይ መንግሥትም በመንግሥት ላይ ይነሣልና፥ ራብም ቸነፈርም የምድርም መናወጥ በልዩ ልዩ ስፍራ ይሆናል፤ እነዚህም ሁሉ የምጥ ጣር መጀመሪያ ናቸ'	negative
'@user ለለውጥ ያክል ነው! ጨጉዋራየ ትንሽ ይረፍ ብየ እኮ ነው! የሆነች @user የምትባል ልጅ በነገር ስትጠብሰኝ ነው የዋለችው!'	negative
'ወያኔዎች ከ 2 ዐመት በፊት ነው ይሄ በውጭ ሀገር ወራሪ የሚለውን ዲስኩር የጀመሩት ምክንያቱም ሰሜን እዝን (40 of infantry 80 artillery and many experi'	negative
'@user ፅፈህ ከሰጠሃቸውማ ይልቁታል በድምፅ ወያኔ በዚህ ግዜ ሞራል የሚያነሳሳ ትርክት ያስፈልጋል።'	negative
'@user የሚያደርጉትን አያውቁምና ይቅር በላቸው'	positive
'በምን ሒሳብ ነው ግን የቦሌ ክፍለከተማ ዋና መሥሪያ ቤት መሐል መገናኛ፣ የካ ክፍለ ከተማ ውስጥ የሚገኘው? ቦሌዎች ራሳችሁን ቻሉ!!! #EverydayEthiopia'	negative
'@user መጨረሻው ይህ ሆኖ አረፈው ከልቤ አዝናለሁ ጁንታን ተስፋ ያደረጉ ዛሬ ምነው ምን ተገኘ? የኢትዮጵያ ሕዝብ ሁሉንም መጨረስ እንደማይችል ጠላትም ወዳጅ'	negative
'የተወጋነው እንደ ህዝብ ነው፣ የምንመክተውም በተመሳሳይ መልኩ ነው'	positive
'@user የማይመስለውን ነገር ለማስመስል ከምትጥር የሚስኪኑን ህዝብ ነብስ ለመታደግ ብትሰራ ምን አለበት አሜሪካ ለምን 97 መግልጫ አታወጣም ስልዜጎቿ ደህንነት ብላ ነው'	negative
'የጁንታው መሪዎች በጦር ወንጀለኝነታቸው ተይዘው ለፍርድ መቅረባቸው ምንም ዓይነት ጥያቄ ውስጥ የሚገባ ጉዳይ አይደለም! #NoMore #USRepairDiplomacyEthiopia'	negative
'ለሆዳም በሬ ጭድ ይያዝለታል እንዳሉ እነዚህ ጅቦች የሞራልና የስነምግባር መሰረቱ ምን ያህል የወረደባቸው እንደሆኑ ግልፅ ነው:: ይህ ሁሉ ሴራቸው ዞሮ ዞሮ ጠልፎ ይጥላቸዋል::'	negative
'@user 50 000 እያለቀ አንተ ታፌዛለህ አይደል አንድ ቀን ተጋሩ ይፋረድሀል'	negative
'የኢትዮጵያ ሕዝብ ሙሉ ያልቃታል እንጂ አሜሪካን ጨምሮ ምዕራባዊያን ዓለማት ኢትዮጵያን በባርነት አትገዙንም አንድ ዶ/ር አብይ የአለም ሃያላን ሃገራትን ያንቀጠቀጠ የዘመናች ጀግና መሪ'	negative
'@user ነፍስ ይማር! ሀገራችን መጠቀም ሲኖርባት ካልተጠቀመችባቸው ሰዎች መካከል አንዱ ይመስሉኛል። አሁንም፤ ቀሪ ባለሰፊ ልምድ ኢትዮጵያውያንን አሰባስቦ መጠቀም የ'	positive
'@user ሕዝብ መልስ ይጠብቃል። ካልተቻለ ተገልለው በየቤቱ የተቀመጡ የድሮ ወታደሮችን ጥሪ አድርጉላቸው። በጦር ስልት የበለፀጉ ፣ለሀገራቸው ለመሰዋት ቆራጥ የሆኑ ጀግኖች ናቸው'	neutral
'@user እውነት ፣ እውነት ናት። ሰምተዋል ፣ አይተዋል ደግሞም ተረድተዋል። የነሱ ውሸት እንዳይገለጥ እውነትን በግፍ ሊያጠፉ ተነሱ ግን አሁን አይሆንም። ግዜው የኢትዮጲያ እና የኢትዮጲያ ነው እንበርታ።'	negative
'የምዕራብ አርሲ ዞን አስተዳደር የ2014 አዲስ ዓመት ምክንያት በማድረግ ዋዜማውን የአቅመ ደካማ ቤተሰብ ከሆኑ ህፃናት ጋር የምሳ ፕሮግራም በማዘጋጀት በዚህ መልኩ አክብሮታል ይህ የዞ'	positive
'@user አብዛኛውን ፖሊሶች ኦሮሞ ናቸው ወያኔን በዘረኝነቱ ብትጠላውም እንደዚህ አይነት ነገር አላየሁበትም'	negative
'ያ ጥቁር ግስላ!! ኢትዮጵያን ከክፋ ጠላትና ወራሪ ተከላከል። እነሆ የአባቶችህን ገድል ደግመህ ዛሬም ደማቅ ታሪክ የምትጽፍበት ዕድል እጅህ ላይ ይገኛል !!!'	positive
'@user የምን ድርድር ? ድርድር ብሎ ነገር የለም ህወሀት ነቀርሳ ነው ተነቅሎ ከኢትዮጲያ ምድር መቀበር አለበት። የጽሞና ጊዜ ብላቹ ነው ይኼ ሁሉ ማጥ ውስጥ የከተታችሁን ??'	negative
'@user አዎ የጦር መሳሪያ ማምረቻ፣ ጥገናና ማከማቻዎች ወደሙ!'	negative
'@user @user @user ብዙው ሰው አልገባውም'	neutral
'የአያቶላህ መንገድ ምን ያስተምረናል? - አርትስ ምልከታ @user Tv World via @user'	neutral
'@user ይህ መሪ ተብየ ስልጣን ላይ እስካለ በየትኛውም አካባቢ አማራ ሰላም እንዳይኖር ተፈርዶበታል ስለዚህ ሁሉም አማራ በያለበት ተቃውሞ በዚህ መንግስት ላይ መጀመር አ'	negative
'@user ከቅንነት የመነጨ ጥያቄ አፋር እንዲህ ሲመክት በወሎ በኩል ያለው ህዝብ እንዴት ወለል አድርጎ ከፍቶ ሊያስገባቸው እንደቻለ ሁሌም የሚከነክነኝ ጉዳይ ነው? ለምን በራሳቸው መመከት አልቻሉም?'	negative
'ሩሲያ ሁለት ኃይሎች ከአሜሪካ ጋር ሲጋጩ ታይዋን የቻይና አካል ናት አለች። ????'	neutral
'@user አንተ ምናለበህ አባቴ ህዝብህ አልተፈናቀለ አልተራበ አልታረዘ አሹፉብን እንጅ!'	negative
'@user ይህን ያደረገው ማን ይመስልሀል?'	neutral
'ሰርተን ራሳችንን መመገብ ካልቻልን ስንዴ እየለመን ነፃነት የሚባል ነገር የለም ። (D.r Abiy Ahmed) የሚመግብህ እርሱ ይቆጣጠርሃል (Thomas Sankara) ስለዚህ'	neutral
'@user አገር አገር ብለሽ እኛም ወደን ነበር ሰሞኑን ደሞ ሆድ ሆድ ብለሻል ሆዳም ብለው እንዳይቦልኩሽ አገርሽን ጠበቅ!'	negative
'@user @user ወይ ጉድ አታፍሩ የአምላክን ስም ስትጠሩ ምድረ ይሁዳ!!!'	neutral
'የመውሊድ በዓልን ከተቸገሩ ወገኖች ጋር በጋራ ማክበር እንደሚገባ የኢትዮጵያ እስልምና ጉዳዮች ጠቅላይ ምክር ቤት አሳሰበ፡፡ ጥቅምት 06/2014 ዓ.ም (አሻራ ሚዲያ) የኢትዮጵያ እስ'	positive
'USA or Eu ቢሆኑም ያውቃሉ እኮ . የሚፈሉጏቸው ወያኔ የነሱ አሽከር ስለነበሩ ነው'	negative
'የወያኔን ሀጥያት የሚያስተባብሉ /እያድበሰበሱ የሚያልፉና የተሳከረ ዘገባ የሚሰሩ አለማቀፍ የሚዲያ ተቋሟት የስራ ፈቃዳቸው ለምን እንደማይታገድ ነገው ግራ የሚገባኝ?! ከዚህ በላይ ም'	negative
'#ቸር ወሬ መልካም ዜና የምንሰማበት ቀን ይሁንልን ጁንታ እልም ብሎ ተደምስሶ አሜሪካ ተስፋ ቆርጣ ኢትዮጵያና ኢትዮጵያውያን አሸንፈን የምንደሰትበት ቀን ይሁንልን አሜን በሉ??'	negative
'@user @user @user @user @user @user በፌደራልና በአማራ ክልል መንግስት ግዴለሽነት ነዉ እያለቅን ያለነዉ።'	negative
'1 yr ago September 25 2020 የነፍጠኛው ስርዓት አቀንቃኝ የሆነው ስዩምተሾመ በሚዲያ ያለው አማራ አብይን ጥሎት ከወጣ ስልጣን ላይ 3ቀን አይቆይም ይለናል ይህ የ'	negative
'ሁሉም ባለክራባት፣ ክራባቱን አውልቆ ባለበት ቦታ ሁሉ፣ በክራባቱ ጠላት ሳያንቀው አካባቢውን መጠበቅ አለበት፣ በአሁኑ ሁኔታ ጠላትህ ያለው ኪስህ ውስጥ መሆኑን አትዘንጋ።'	negative
'@user @user ዝም በያቸው እነዚህን አውቆ አበዶች . I guess እግዚአብሔር በጣም የደከመው ቀን ነው የሰራቸው.ድካም እኮ ናቸው'	negative
'ህወሓት ጥላቻ ጭካኔ ስግብግብነት ነው! 27 ዓመታት እነዚህን ባህሪዎቹን ይዞ ቢቆይም በዚህ ዓመት ያደረገው በኢትዮጵያ ታሪክ ተሰምቶ የማያውቅ ነው!ያሻውን ጊዜ ይፍጅ እንጂ የመጨረሻው'	negative
'@user ማነው የተናጠል የቶክስ አቁምን ንቆ የአማራን እና አፋር ህዝባችንን እየጨፈጨፈ እና እየዘረፈ ያለው? የትህነግ ተላላኪዎች መቼ ነው እንደሰው በጭንቅላታችሁ ማሰ'	negative
'አንዳንዶቻችሁ ግን ቀልደኞች ናችሁ በዘመኑ አንድ የፋገራ ምርጫ እንኳን አድርጎ የማያውቅ ሰውዬ እንዴት ጠሚውን ለምርጫ ውጤታቸው እንኳን ደስ ያሎት ሊል አልመጣም ብላችሁ ትንገበገባላ'	negative
'ጉድ በል የሀገሬ ሰው ውሸት እግር አውጥቶ ሲኼድ:: እግዚኦ ነው እንጅ ሌላ ምን ይባላል:: አይዞሽ ገለቴ'	negative
'አማራ ሆይ ወደ ጦር ግንባር ከመዝመትህ በፌት ግዳጂህ ይሰምር ዘንድ በጎረቤትህ ወይም በአቅራቢያህ የሚገኘዉን በያንስ 2 ትግሬ በመግደል ግዳጂህን ጀምር! ዘላለማዊ ሞት ለትግሬ፤ ድል'	negative
'@user @user ስንመታ ልቅሶ ስንመታ ጉራችን መከራ ነው!!ምን ፍጡር ነን እኛ'	negative
'ከማንኛውም ተልእ ኮ ይበልጣሉ መጨረሻው ቅርብ ነው ፣ የኃጢያት መርከቦች ውዳሴ ይጠብቃል ፡፡ ለዓለማት ጌታ ለአላህከማንኛውም ተልእ ኮ ይበልጣሉ መጨረሻው ቅርብ ነው ፣ የኃጢያት መርከቦች ውዳሴ ይጠብቃል ፡፡ ለዓለማት'	positive
'@user @user በድርጊትዎ ምክንያት ቤተሰብዎ እየደማ ነው። ለድርጊቶችዎ ዘላለማዊ ህመም ይሰማቸዋል'	negative
'የአዲስ አበባ ከተማ አዲስ ተመራጭ የምክር ቤት አባላት ወደ አዳራሽ እየገቡ ይገኛሉ። በስድስተኛው ሀገራዊ ምርጫ ህዝብ ድምፅ የተመረጡ የአዲስ አበባ ከተማ አዲስ ምክር ቤት በዛሬው ዕለት ይመሰረታል ።'	positive
'@user እናንተም የውሸት ዘጋቢ ናችሁ'	negative
'@user ድንግልሽን ያስወሰድሽበትን ጫካ ወይም ቤርጎ ስታሳይን እጎበኘዋለን::'	negative
'@user ትግራይ ውስጥ የነበሩትን የትግራይን ህዝብ ሲጠብቁ የነበሩት 32000 የመከላከያ አባላትን ምን እንዳደረጋችኋቸው ረስተህ ነው ።እንደውም ሰቅሎ መጥበስ ነበር ይህንን'	negative
'ኢትዮጵያ የተባበሩት መንግስታት/@user ሃላፊዎችን ለማባረር የወሰደችውን ውሳኔ ካልቀየረች፤ አሜሪካ ጠንከር ያለ እርምጃ ለመውሰድ ትገደዳለች። አንቶኒ ብሊንከን የአሜሪካ ውጭ ጉዳይ ሚ'	neutral
'@user አይ መሬት ያለ ሰው የሽንኩርት ዋጋስ አላሳሰበህም???'	negative
'@user @user ሌባ ሁላ መስሎሃል የማታለል አማራ የለም የምንግዜም የኢትዬጲያ ጠላት ወያኔ የሆነ ትግሬ በሙሉ ነው።'	negative
'@user ጨዋታህ አይጠገብም። ስትሸነፉ የተሳሳተ ዜና ላይ ትታትራላችሁ።'	negative
'@user @user የህወሓት ዓላማ ዐብይን ከስልጣን ማውረድ ቢሆን ኖሮ ንፁሃንን በግፍ ባልጨፈጨፈ ነበር አማራ የዘላለም ጠላታችን ነው ሂሳብ እናወራርዳለን ብሎ በግል'	negative
'2/3 ከኢትዮጵያ እንዲወጡ የተደረጉት 7 የሀN ሰራተኞች ጉዳይ በንግግር መፍታትና መፍትሔ መፈለጉ ጥሩ ነው። የአለም አቀፍ ሀገራት ድጋፉቸውን መቀጠል አለባቸው። ይህ ሲሆን ግን የኢ'	positive
'@user ሁሉም እኩል ወጋ አለወ አይደል?'	positive
'@user አንተ ቆሻሻ የሽርሙጣ ልጅ ምንባትህ ታቃልህ ስለ መስቀል'	negative
'በየ ሰፈራችን ከፀጥታ ሀይሎች ጋር በመሆን አካባቢያችን በደምብ መጠበቅና ጠንከር ያለ ፍተሻ ማድረግ ግድ ነው። አዲስና የተለየ ነገር ስናይ ለፀጥታ ሀይሎች ማሳወቅ።ሌላው በአደራ መል'	positive
'ሜካፕ የምትሰሩ ሴቶች ግን ምንአለ ማንነታችሁን የምንለይበት ትንሽ ነገር እንኳን ብታስቀሩልን? ምንድንነው እንደዚህ ስር ነቀል ለውጥ ማድረግ???'	negative
'በነገራችን ላይ፦ ???? ኤርትራውያን ጋር በፖለቲካ ይሁን በሆነ አመለካከት ልዩነት ሊኖርህ ይቻላል። ተፈጥሯዊ ነው! ነገር ግን፦ በምንም ተአምር የሰውን ወድቀት አይመኙም! ንጹህ'	positive
'@user አቶ በለጠ ሞላ ለምታሳየው ለወገኖቻችን ፍቅር እጅግ የሚደነቅ ነው።ብዙ የመንግስት ባለስልጣናት መንግስትን ላለማስቀየም በአማራው ላይ የሚደርሰውን ግፍ እየሸፋፈኑ አሁ'	positive
'. ማንም ሳያስገድደዉ፣ ራሱ ወዶና ፈቅዶ የአገራችን ህዝብ አንድ አካል የሆነን ክፍል በዚህ መልክ ማንቋሸሽ፣ የጀርመኑ ሂትለር እአአ 1939 ያደረገውን ንግግር ያስታውሰናል፡፡ ሁለ'	negative
'@user እንደዚህ ቅማላችሁን ይዛቾሁ ገባቾ ዛሬም ኢትዮጵያን ለመብላት አሰፍስፈሻል ምድረ ቅጫማም ሌባ ሁላ የለ አሁን ነቅተናል እዴሜ ለአብቾ በሀገር ቀልድ የለም ቆሻሾች'	negative
'@user @user @user የሻዕብያ ገረድ ሁላ . ተረጋጉ የተበተነው ዱቂት በቅርቡ ከኦነግ ጋር በመደመር ፍንፊኔን ከእርኩሱ የሚኒሊክ ሰፋሪዎች ትፀዳለች.'	negative
'@user @user እውነትህን ነው ልክ ትግራይ በኤርትራ ያሁሉ ግፍ ሲደርስባት ምንም ጥቅም ላያገኙ የአዲስአበባ መንገዶች በሳዲስት አረማዊ ደስታ ሰሌብሬሽ እንደተሞሉት'	negative
'ኢትዮጵያን የሚመስል፤ በኢትዮጵያውያን ፍላጎት የሆነ፤ ስለ ኢትዮጵያ የሆነ መንግስት ይመሰረታል ። የጀመርነው ጉዞ ይፋጠናል፤ ባመንበት በመረጥነው መንግስት እንመራለን! አዲስ አበባም'	positive
'በየት ሊያመልጡ ፈልገው ነው መንገድ የለም ወይስ ማንጎ መጠጣት አማራቸው?????'	negative
'የቤህነን ታጣቂ ቡድን መሪ የሆነው ህድር መሐመድ አሊ በቁጥጥር ሥር ዋለ!! በቤኒሻንጉል ጉምዝ ክልል፣ መንጌ ወረዳ፣ ጎልሞሶ ቀበሌ ላይ በቁጥጥር ስር የዋለው የቤህነን ታጣቂ ቡድን መ'	neutral
'የዚህን አካውንት ባለቤት ብታገኙት ምን ትሉታላችሁ በሬ ወለደን አሻሽሎታል።'	negative
'@user የዚያ ርካሽና ጨካኝ ዲያቆን ጽሁፍ ነው'	negative
'ማራዶና የታወሰበት ዓለም አቀፍ የታንጎ ዳንስ ውድድር በርካታ ጥንዶች የተሳተፉበት ዓለም አቀፍ የታንጎ ዳንስ ውድድር በአርጀንቲና ዋና ከተማ ቦነስ አይረስ ታካሂዷል'	positive
'????ዛሬ የውስጥ ጁንታ የማጥራቱ ስራ በሁሉም ግንምባር ስኬታማነበር!! አሁን አመሻሽ ላይ #በኮሌጅ_ማዞሪያ ላይ አንድ የጁንታው አፈ ቀላጤ መረጃ ለአሸባሪው ትህነግ ቡድን መረጃ ሲያቀ'	negative
'ፍትህ የሌለበት እውነት የጠፋት ኢትዮጵያ ውስጥ ብቻ ነው!!!!!'	negative
'@user @user ጎበዝ ባረበ ጭንጫ መሬት ላይ ዘር አይዘራም አረም እህል አይሆንም ።'	positive
'ብለው ከባለቤቱ በመነጠል ጊዜያዊ እስር ቤት ሲያስገቡት ቀሪዎቹ ወደ ዘጠኝ ሰዎች የምንሆን ምን አጥፍቶ ነው መታወቂያ ይዞ የለም እንዴ ብለን ስንጠይቃቸው አናንተንም እንዳናስገባችሁ ሲ'	negative
'የሀገራችን ክብር ማንም አይነካትም ኢሻአላህ ኢትዮጳያ ለዘላለምትኑር'	positive
'ቀልቀሎ ስልቻ፣ ስልቻ ቀልቀሎ ለውጥ መቼ መጣ!'	neutral
'እምነትና እድር ሳይኖረውና ሳይሞት ግን ሰላማዊውን የአዲስ አበባ ህዝብ ለመግደል አቅዶ ሊቀበር የነበረ .'	negative
'# አጋንንት ብዙ ሰው ላይ ሲሰራ አይችያለው። የዚህ ሰውዬ የሚለየው ግን በግልጽ ነው የሚጠቀምበት። እይ ዘመድኩን ?? ይማርህ።'	negative
'@user ድል የሚለው ቃል ለምዶብህ ነው አይደል???'	negative
'@user እንዲያው እንከፍ ነህ ልበል? የአማራ ሕዝብ ጥርሱን ነክሶብሃ። የተረፈረፈውን የትግሬ ወራሪ ሬሳ ደሴን አግማምቶታል። የተረፉት የ 12 እና 13 ዓመት ልጆች አባ'	negative
'እኛ ኢትዮጵያውያን ፣ ከብረት የጠነከረ ማህበራዊ መስተጋብር ያለንና ሚልዮኖች ስንሆን እንደ አንድ ቤተሰብ የሚቀንት በፍቅር የደረጀ ትስስር ያለን ህዝቦች ነን። @user'	positive
'በቃ የልብስ ቀበቶ ወይ የመኪና ቀበቶ አስሬ ig ላይ post ሳላደርግ 2014 ሊገባ ነው ማለት ነው?!!!!??'	neutral
'@user ኧረ ጥያቄው ወዲህ መልሱ ወዲያ ሆነብኝ! አሜሪካና ኢትዮጵያን መሰላችሁኝ እኮ!'	negative
'@user የዘመናችን አሳፋሪ ፓለቲከኞች የሰው ልጅ በየቀኑ እንደ በግ እየታረደ፣ሕዝብ እየተፈናቀለ አንድ ቀን እንኳን ሰላም ማደርን በአገሩ ላይ የተነፈገ ሕዝብ የሚያስተዳድር ፓ'	negative
'አምላኬ ኢየሱስ ክርስቶስ ሆይ የውስጤን የሚረዳልኝ እንዳንተ ያለ ማንንም አላገኝም ከአንተ ጋር ስሆን ብቻ ደህንነት ስለሚሰማኝ ለአንተ ለአምላኬ ልቤን ከፍቼ ምስጢሬን አዋይሃለሁ ቃልህ'	positive
'@user @user ሰውየው የ ትህነግ ቡችላ ነው ። ዝባዝንኬ ታሪክ ከሚቀባጥር የ27 አመቱን ግፍ በግልፅ ለምን አይናገርም'	negative
'ዝም ብለው ያቁሙት አካባቢያዊ ፒዲ ዘፈን በብዙ ውስጥ የለም ካሜራዎች የሉም ምስክሮች የትግል ምልክቶች እርስዎ ጠቃሚ እንደሚሆኑ ያውቃሉ ነገር ግን እኔ በእውነት ሁሉንም እወዳለሁ'	neutral
'እስኪ ስለ ኢትዮጵያ የሚጨንቀን ኢትዮጵያዊነት ደማችን ነው ለምንል እኛ ጥያቄ አለኝ እነዚህ ሰዎች (ተንበይ በረሃ ውስጥ የወደቁ )አቅም ያጡ እንደ ዝንጀሮ የሚሯሯጡ ነበሩ ታዲያ ዛሬ'	negative
'በአቅራቢያው ያለ የጎን ዲሽ ወረወርኩ እና ሌላ ጥንድ ሱሪ፣ የመጣሁት ብዙ ነገር ካለ ለማየት ነው'	neutral
'ይህን ታአምር መሰራት የቻለው የ TDF ወታደር ነው: በውግያ ውስጥ ሆኖ ታንክ እየማረከ ቀረፃ ታኣምር ነው | Ti . via @user'	positive
'@user አንተ ክፉ ሰው በዚ እድሜህ ትዋሻለህ?'	negative
'@user ርቀው በህዝባቸው ሞትና ስቃይ የሚደሰቱ በትላንት ማንነታቸው የሚነግዱ የሃገር ጠላት ናቸው'	negative
'@user ታዲያ ምን አለበት ከጎረቤት እህት ሀገር ላይ ብንረዳዳ ህውሀት አለ አይደል እንዴ የእድሜልክ ጠላት ከሆነች ግብፅ ጋር ተባብሮ የወጋን ባንዳ ነጭ አምላኩ የትግራይ'	negative
'@user አንተ ኤክስፓየርድ ሆነሀል ልክ ጊዜው እንዳለፈበት ያሳማ ስጋ'	negative
'የሰው ፍቅር ካለክ ትልቅ ሀይል እንደለህ ቁጠር እንደ መለስ በየመንገዱ በወታደር ታጅበህ ስለማቴድ ህወሀት ቀንተው ሞቱ ።'	negative
'@user @user I agree!!! እምዬ ኢትዮጵያ የተባለበትምክኒያት ያ ይመስለኛል ?? አገር እንደእናት እምዬ ተባለች'	positive
'ይኼን ሁሉ ሠራዊት አሰልፈህ በ የ ግንባሩ ከ ተሸነፍክ በኋላ ጦርነቱን ከ ዚህ በላይ ማራዘም አላስፈላጊ መስዋህትነት መክፈል ነው:: #Eyhiopia'	negative
'@user Hahaha ዝም ብለህ ህክምችናህን ጨርስ የማይመቸን ጁንታ'	negative
'@user የሊጥ ሌባ ይህ ነው የመጨረሻው'	negative
'@user እጅግ ከባድ ነው እንዴት ይረሳል የወለድ ያቀዋል ቢሞትም እንዴት አይነት አንጀት ይቁረጥለትና ጥሎት ይሂድ ብቻ ምንም ማለት ይከብዳል።'	negative
'የህወሃቱ የጦር ምርኮኛ በ #TPLFisaTerroristGroup እንዴት ወደ ጦርነት እንደተማገደ እዮልኝማ #TPLFSURRENDERNOW #UnityForEthiopia @user'	negative
'#እናሸንፋለን!! አትጠራጠሪ እማማ ኢትዮጵያ የሀሰት ወሬ እኛ ኢትዮጵያውያንን አያሸብረንም!!#በቃ! ይበቃል! የምህራበ አውሮፓውያን የሀሰት ወሬ!!'	negative
'@user እግዚአብሔር ይረዳናል እኛም የመጨረሻ ትግል እናደርጋለን!'	positive
'@user እንደ ወቅቱን ያልጠበቀ ዝናብ መሳይ መኮንን'	negative
'@user ይሄ ሌባ እኮነው ብታይ በስመኣ መሬት ከመሬት ወርቅ አልማዝ #ታኬሌባ በስመኣብ ቃለመሃላ ሲፈፀም እራሱ አያፍርም እኮ'	negative
'እርሱ ሁሉን ነገር ነበር ምሉደይአ ቼኞደጓ ምንም ሳይነሱ ልናሆይ ዜጊ ምጅረ ምጣበ ትፊበ ያዚከ ናእ'	neutral
'ፍርሃት ማን ነው ቢሉኝ፣ ስሙን አላውቀውም ሞትን በቁሜ እንጂ፣ ሞቼ አልጠብቀውም'	positive
'ትግሬዎች በሰሜን የኦርቶዶክስ ተዋህዶ ምዕመናንን ሲፈጁ በመሀል ደግሞ ሊያ ታደሰ በክትባት እየ ፈጀችው ነው።ይህ 666 መሆኑን ከላይ ያለውን አጭር ቪድዮ ተመልክታችሁ ፍረዱ። ይህንን'	negative
'@user @user ምን ያድርጉ ብለህ፣ ፎጤው በፍርሃት ተወጥሯል፣ የሓየተይን የቆረጣ ስልት ስሙን ነው እንጂ የወታደራዊ ጥበብ እውቀቱ የላቸውም፣ ጥይቱ ሲተኮ'	negative
'@user አዱ በጣም አመሰግናለው።እጅግ አስተዋይ ሴት ነሽ ።'	positive
'@user @user የደፂን ፊትና glove ባገኝ እለብስ ነበር፡፡ አንቺ ግን ፈካ በይ የባሰ የበአል አከባበር አለና፤ ለምን የደም ብዛት ይኑርሽ፡፡'	negative
'ኢትዮጵያ አንገት ላይ እንዲጠመጠም ታቅዶ የተጻፈው አንቀጽ 39 አድፍጦ ቆይቶ ህወሃት አንገት ላይ ይጠመጠማል ብሎ ማን ገመተ? ፅድቅና ኩነኔ ቢኖርም ባይኖርም፣ ከክፋት ደግነት'	negative
'@user ሂድና እሱን ፍየል እና አህያ መድፈር የማይቀራቸው ፋኖዎቹን ጠይቃቸው . TDF በእንጨትም አይነካቸዉም ??'	negative
'የህውሀት ተግባር ቢያናድደን ስሜታዊ ቢያረገን በጭፍን ህውሀት እና የትግራይ ህዝብ አንድናቸው ማለት ስህተት ነው በርግጥ 27 አመት በውሸት በጥላቻ አስተሳሰባቸውን ቀይሮታል ግን መደበ'	negative
'@user እስካሁንም እኮ ለማፍረስ ሞክረዋል ፣አልቻሉም እንጂ!በሱዳን ያስወረሩንም እነሱው ናቸው!አገር ለማፍረስ የማለ ድርጅት ግድብ ሊያፈርስ ቢያስብ አይገርምም!ግ'	negative
'@user ኢትዮጵያን ማዳን ያለበት ሁሉም ኢትዮጵያዊ ነውጂ አማራ ብቻ ምን እዳ አለበት?'	negative
'የአዲስ አበቤው በየሰፈሩ ተደራጅቶ ነቅቶ ከፓሊስ ጋር ቀበሌውን መጠበቁን ያህል የተሰራ ብልሃት የለም! ከድልም ወዲያ መቀጠል ያለበት ነው! ያቀዱት ይዘገንናል!@user'	negative
'@user @user ሲቪሊያን ላይ የአውሮፕላን ድብደባ መካሄዱን አጥብቄ እቃወማለሁ ። ወያኔም እንድሁ ከተሞችን ከርቀት ሆኖ ከባድ መሳሪያ ተኩሶ ንፁሀ'	negative
'@user በዘር የሚተላለፍ በሽታ ይሆን'	neutral
'@user @user እኔ እግዚአብሔርን ነምናአልኝ ጅን ነሽናፍአለን'	positive
'@user ለራሳቸው ዜጋ እንኳን ያልሆኑ #ድህነት ነው የኛ ጠላት #ደንቁርና ጓዱ'	negative
'@user ክቡር አምባሳደር ቬንትሌተሮቹን የስጡን፣ እርሶንና ሌሎች የተሳትፉ በርካታ ወገኖቻችን በዚህ አጋጣሚ ማመስገን እፈልጋልሁ። ስንተባበር ብዙ ነገሮችን ማሳካት ይቻ'	positive
'ባጭሩ ኤርትራ አሜሪካን አስጠነቀቀች ኢትዮጵያም ኩራት ተሰማት ነው ነገሩ ??'	neutral
'ህወሓት ደሴን ይዣለሁ ቢልም መንግሥት ከተማዋ አሁንም በቁጥጥሬ ስር ናት አለ - BBC News Amharic | #Ethiopia |'	neutral
'@user የኢትዮጵያ ህዝብ በፈጣሪ የተመረቀ መሆኑን መቸ ያዉቁና። የዕለት ኑሮው ከፈጣሪ ጋር በመነጋገር በመሆኑ የኢትዮጵያ ህዝብ የምድር ጉልበተኞች ለጊዜው ቀንትዋቸው ቢበድሉትም ውድቀታቸው እንደማይቀር ያምናል።'	negative
'@user ዳግም ለባርነት እጅ አንሰጥም ሁሉም ነገር ወደ ጦር ገምባር'	positive
'@user ሲያምርሽ ውሎ ሲያምርሽ ይቅር ። ጉዞ ወደ ተምበይ፣ ደደቢት ፣ እየተጀመረ ነው። አቦይ ፀሐይ፣ ስዩም ፣ ሰላምታ አቅርቡልን።'	negative
'@user አሁን ደሞ ተራው የኛ ማፍረሰ ይቀራል እሱም የዘር ፓለቲካን ማፍረስ'	negative
'@user @user @user @user @user እንዴውም የUN ስም እንዲጎድፍ በማድረጋቸው ሊጠየቁ ይገባል።'	negative
'@user ኢትዮጵያ ከወለደቻቸው የዘመናችን ጀግኖች መካከል አንዱ በመሆንህ ኩራት ሊሰማህ ይገባል፣'	positive
'@user @user ትንሽ ግዜ ነው ምነው ኦሮሞ ባልሆንክ የሚሉበት ቀን ይመጣል !!!!'	negative
'@user @user ይህቺ የበሬ ግንባር የምታኽል ሀገር ቆይ መሬቱ ለህዝቧ በቅቶ ነው እንዴ ለ military base አከፋፍላ የጨረሰችው? ??'	negative
'የወ/ሮ ገነት የመንፈስ ልጆች ፓርላማው ውስጥ መኖራቸው ያሳዝናል። በግል ያለኝን ቅሬታ የማልረሳው ቢሆንም፤ በእኔ ትውልድ ላይ ያደረሱትን ደባ ግን ዝም ማለት ይከብዳል።'	negative
'አስቸኳይ የሰላማዊ ሰልፍ ጥሪ ለቶሮንቶና አካባቢው ነዋሪዎች።'	neutral
'ጨሚሩ ወደ ግንባር የዘመቱት ህገመንግስታዊ ኃላፊነታቸው ለመወጣት ነው::#ብሌኔስዩም ጨሚሩ ወደ ግንባር የዘመተው ህገመንግስታዊ ኃላፊነቱ ለመወጣት ሳይሆን ጦርነቱ'	negative
'@user @user @user ለምን ይተውለታል?እነሱን ሆነ አሳዳጊው ህወሃት ውሸታሞች ናቸው ዱቄት ካደረጋቸው ከየት መጥተው ነው አማራና አፋር'	negative
'@user @user Un የሚባል አሸባሪ እባካችው አትመኑት የነሡ እርዳታ ጥንቅር ብሎ ይቅር'	negative
'@user ውሸት እና ሌብነት ከዘር ነው . ምድረ ሊጣም'	negative
'ሌባ! ካንተ ጋር የምናወራርደው ሂሳብ አለን!'	negative
'@user በነፃነትና እኩልነት ፓርቲ ሀላፊ በዶ/ር አብዱቃድር አደም ወደ ሚኒስትርነት ባለመቀላቀሉ እጅግ አሳዝኖናል።እንዲህ አይነት አገር ወዳድ ትጉህ ሰው አናገኝም።'	positive
'@user @user ?በሰው እቃ ነው የምደክለው ነው የምትይ ያለሽው ፎጢት?'	negative
'@user የመልካም ጋብቻ ምኞታችን ይድረሳቸው????'	positive
'ምእራባውያን ለምን ጠሉን ? ሰልጥነናል ብለው ጠመንጃ ይዘው ሀብት ሀገር ሞራልአችንን ሊያሳጡን ሲመጡ በቆመህጠብቀኝ በጦር በቀስት የመለስን የታሪክ አናት መሆናችንን እኛ ብንረ'	negative
'?? እኔ የማምነው በዚህ እውነት ነው።'	positive
'ሰበር የ ህውሀት አመራሮች ተገደሉ!!ጌታቸው ረዳ በወረባቡ ተደመሰሰ!! መቀሌ ከባድ አመፅ|Dw ethiopian via @user'	negative
'@user ተባባሪ vs ተለጣፊ ታላቅ vs ተባባሪ አንድ ሀገር ሊኖራቸው አይችልም:: ከፍ ብለን በሰውነት: ዝቅ ካለም በዜግነት ማሰብ ሩቅ ያስጉዘናል:: በተረፈ: በብሔር ሀገር አፅንቶ አያውቅም!!!'	positive
'አርቲስት ቴዎድሮስ ተሾመ የኢትዮጵያን እውነት ከትናንት እስከ ዛሬ! ለኮንግረስ አባሏ ኬረን ባስ በጥለቀት ተንትኖ አቅርቧል። Thank You so mach Taddy We are proud'	positive
'@user በየትኛውም ትውልድ ዘመን ቢሆን ኢትዮጵያ አትፈርስም :: ይመኛሉ እንጂ አያገኟትም ::'	positive
'@user ኢትዮጵያውያን ለትግራይ ነፃነት በሚል ከዚህ በኃላ ትግራይ ውስጥ ገብተው ዋጋ አይከፍሉም ኢትዮጵያውያን የምፅዋት አቅርቦት ወደ ትግራይ እንዲገባ ብቻ ይተባበራሊ'	negative
'እንደዚህ ሰውዬ አጭበርባሪ ሌባ የለም::'	negative
'ልደቱ ታከመ ግን?ሰሞኑን ሲያሳስበኝ ነበር'	positive
'ያለቻቸዉን የመጨረሻ ያሏትን ሙከራ ያደርጋሉ። ታጣቂዉ ከላያቸዉ ተስፈንጥሮ በመዉረድ ከዉጭ ከሚጠብቁት ባልንጀሮቹ አንዱን ገብራይ በልና ላንተ የምትሆን ተገንታለች ብሎ በመጥራት አሳ'	negative
'አምስት . ወረቀት በጣም አበቃኝ። ሌዝቢያን ፉክ ሲፊር ለአምስት ዓመታት ያህል እንደ እረፍት ከላይ ነው'	negative
'@user ወሎ ገራገር ነው ብለው ነግረዋቹው ለወረራ መጡ ምን ሰይጣኖች ናቸው ወሎ ገራገሩ የደጋጎቹ አጉር ማን ፉጥኖ ደረሰ አንተ ስትቸገር የሚዘሩፊትሁሉ ገንዘብ ነው'	negative
'@user ይሄን ተወዉና ስለሚያልቀዉ ወጣትና ምርኮኞች ምን ትላለህ ባንተ ቤት ሳይኮሎጅ መጫወትህ ነዉ አዲሱ ስትራቴጂ ደግሞ ምን ይሆን እስከመቸስ እንዲህ እየቀለዳችሁ ተዉ'	negative
'እሁድ እና በአልን የማይዋጋ የወገን ጦር ይዘን እንዴት ድል አይርቀን! ጦርነት ፅናት ይጠይቃል! ትኩስ ምግብ እየበሉ ድል የለም ! ወታደር በሬሽን ምግብ ነው መዋጋት ያለበት!!'	negative
'@user @user ሽብርተኝነት ልዋጋ ባለች ማዕቀብ የሚጣልበት ብቸኛ ሀገር ግን ኢትዮጵያ ሳትሆን አትቀርም #NoMore'	neutral
'@user ዳንኤል ጥሩ መምህር ነው ጥሩ ደራሲም ጭምር ።አሁን ጥሩ ጀኔራል የሚሆን ይመስላችኋል????'	positive
'መሸበር ደግ አይደለም! የአሜሪካ ኤች አር HR445 ጥርሱ ወላቃ ነው! ወሬ ብቻ!! ህወሓቶች ግን ለሎቢዪስቶች ሚሊዮን ዶላሮች ይገብራሉ! እንዲያው ለማእቀቡ ካባ የሚደርብ ነው! አንዴ'	negative
'@user @user ዛሬም ጡት ቆረጠ ትያለሽ? ምኒሊክ ስራ ፈቶ በየቤቱ እየዞረ ጡት ሲቆርጥ አይታይሽም። ደደብ የደደቢት ልጅ። ነፍስ ይማር እንኳ የማይባል ሰይጣን ነው ወያኔሽ።'	negative
'የኦሮሞ ህዝብ እንደ ሁለተኛ ዜጋ በሃገሩ ላይ የሚታይበትና በባህሉ የሚናቅበት ዘመን ለይመለስ ተቀብሯልና አዳሜ ቻል። #እሬቻ #Amhara #Oromo #Irreecha2021'	negative
'1 . የአብይ አሕመድ የቅርብ አማካሪ አንዱ ከሆኑት ዶ/ር ወዳጄነህ አብይን በሚከተሉት 3 የስብእና ባህሪዎች ይገልጸዋል። . የሚያስደነግጥ ትህትና . Full of Love (እጅህን እየ'	positive
'@user @user @user እቃ ወደ ቀበሌ ፂላ ወደ መቀሌ፡ ይላል አዲሱ አዋጅ'	negative
'አሸባሪው ህዋት ከኢትዮጵያም አልፎ ለምስራቅ አፍሪካም የስጋት ቀጠና ምክንያት መሆን ስለሚችል ይህ አሸባሪው በድን ከምድረ ገፀ መጥፋት'	negative
'@user ሕወሓት የአንተን አይነቱን ደደብ ደብተራ ተጠቅሞ የኢትዮጵያን ሕዝብ ሲያታልል ከርሙዋል::'	negative
'#ትኩረት #ለደሴ እና #ኮምቦልቻ ከተሞች የተሸነፈው የጁንታው ጉጅሌ እንደ እብድ ውሻ ሳይነክሳቸው ጥንቃቄ ያስፈልጋል'	negative
'@user @user አይዞህ ይህም ያልፋል!'	positive
'@user @user @user እኛ እኮ ሌላ ታሪክ ውስጥ ገብተናል ትግሉም ወደ የአፍሪካ ቀንድ እና አፍሪካዊያን ሆኗል፣ ምን ሆነው ነው ግን እነሱ ወያ'	negative
'እነዚህ ምእራባዊያን ግን ለምንድን ነው የኢዮዽያን እውነት መቀበል ካልፈለጉ ለምን በውሸት ሊከሱን ይንደፋደፋሉ ??? በቃ እውነታችንን መቀበል ካቃታቸው የውሸት ክሳቸውንም ሊይተው ይገባ ነበር ::#NoMoreTPLF'	negative
'@user ለወንድሜ ዶ/ር @user ጥልቅ ፍቅርና አክብሮት አለኝ ለዚች ቅድስት ሀገርና ህዝቦቿ ለከፈልከው መዕስዋትነት እጅጉን አመሰግንሀለው። እኔ ገና ወጣት'	positive
'በስርህ ያሉትንም አረም ነቅለህ ጣል ግድ የለም የህዝብ ጠንቅ የሆነን ማስወገድ ነው ቀድመን እንደ ደሴው ሠላይ ሠው መስሎ አስመሳይ አራሙቻ ሁላ ይነሳ ከኛ ላይ። ኢትዮጵያ በህዝቦቿ'	negative
'ምነው ፀበል ፃዲቅ ካለ ልትሄጂ ነው'	neutral
'በስነ ምግባር ያልታነፁ የአዲስ አበባ ፖሊሶች ከየት እንደተመለመሉ አታውቁም እንዴ? ከመንግስት ጎን ቆሞ ለለውጥ ለሚታገል ህዝብ ድብደባ እንግልት ስቃይ አይከብድም? ሕዝብ በመንግስት'	negative
'ስለሀገሬ ነው እንጂ የምንገበገበው የስልጣን፣የሀብት ና የሌብነት ተጠቃሚ ሆኜ አይደለም።የተዋረደች ሀገር ዜጋ መሆኔ አብሬ መዋረዴ ስለ ሚያንገበግበኝ ነው።'	negative
'@user እንዲህ ነው የምላስ ወላምታ በቀ አላስችል ስልህ ዘመቸው ተቀላቀልክ ።የሽብር ብድን ክህደት ህዝብን አስጨርሶ . ደጺ በሌላ በኩል እየዘበረቀ ነው.ብቻ'	negative
'በዚህ አለም ትልቁ እርካታ በምንም ሁኔታ ውስጥ ሆነህ ፈጣሪን ማመስገን ነው ፤ ለዚህ ደግሞ የዛሬው በዓል ልዩ ምስክር ነው #የኢሬቻ'	positive
'@user ችጋር አንዱ የጦርነት ምክንያት ነው ።ትግሬም ችጋራም ስለሆን በጦርነት መሞት ይሻላል ብሎ እያለቀ ነው።ትግሬ ዋናው ችግሩ ከመስራትና ከችግር ከመላቀቅ ይልቅ በስር'	negative
'ጓደኛዎ ወይም ዘመድዎ አሁን ለአያትዎ ስም ሊሰጥዎ ይችላል'	neutral
'@user አባገዳዎች ምንነው መናገር የማይፈልጉትን ቌንቌ አሁን ለፁህፍ ተመቻቸው ! አይይይ አለች አሉ ቢቸግራት ድራማው ፓርት ስንት ይሆን ?!'	negative
'@user @user ያልታወቀ ሴት ርዕሰ ጉዳይ . የሞት መንስኤ ያልታወቀ፣ በሰውነት ላይ ያልታወቁ የጣት አሻራዎች የያዙ የእጅ ምልክቶች ተገኝተዋል። የርዕሰ'	neutral
'ጃዋርን ፍታት እጅግ ባጣም አስፍልግ ስው ነው'	positive
'በደብቅ የወጣ(leaked): ከትግሬ ወራሪ ዘማቾች አንዱ ዘንድሮማ አለማችንን ነው ያየነው ፣ የወሎን ነጩን እንጀራ በልተን አልጠገብንም እጅ ባንስጥስ?'	negative
'@user @user ከ99 በጎች 1 እሶ መሆናን ብታቅ 27 አመት የተማርከውን ስድብ አደባባይ ላይ አታወጣው ነበር ::#NoMoreTPLF ??'	negative
'@user @user @user @user 1/መልካም አዲስ አመት ዶር ሊያ ከሥራ ባልደረቦች/ ቤተስብ ጋር መ/ቤትሽ በአመራር ደረጃ'	positive
'በሱማሌ ክልል በምርጫው ያሸነፈው የብልፅግና ፓርቲ የክልሉን አዲሱን መንግስት ናጌ ይመሰርታል ። በዚህ በክልሉ አዲስ የመንግስት ምስረታም የለውጡ ሐዋሪያ የሆነው ሙስጠፌ ሙሐመድ ኡመ'	positive
'የተመረዘ እጅ ወይም እግር የሚቆረጠው ባለቤቱ ስለማያስፈልገው አይደለም ግን ሌሎቹን የሰውነት ክፍሎች ስለሚመርዝ ነው፤ ስኬትና ደስታ መስዋዕትነት ይጠይቃል! ወዳጄ የሚጠቅምህን አሳምረ'	positive
'ጠቅላይ ሚንስቴር ዶር አብይ አህመድ ለአገራቸው ሲሉ በግንባር ሲፋለሙ ቆስሎ ሆስፒታል የተኙ ጀግና የፌዴራል ፖሊስ አባላትን በሆስፒታሉ ተገኝተው ጎበኙ ይህ የጠቅላይ ሚንስተሩ ጉብኝት'	positive
'ዜና 24፦አሜሪካ የኢትዮጵያ ታላቅ ወዳጅ ትሆናለች።pmm'	positive
'@user ባንዳ ሚያጠፋ ነገር ይዞህ ይጥፋ?? ኢትዮጵያ አንተና እንዳንተ ያሉ የቂጥ ህመሞች እያያችሁ ትለመልማለች። አይዞህ ሩቅ አይደለም ሀገር አጥ ምትሆንበት ጊዜ'	negative
'@user እና ምን ይበለው ? Just ሙዚቃውን ስላዳመጠ? ስንት አይነት ሰው አለ ባካችሁ??'	negative
'@user ሀገርና ሰዉ በቁመቱ አይከበርም ወይም አይናቅም በአቋሙ ነዉ፡፡ ጅቡቲ አሁን ሉዓላዊት ሀገር ናት፡፡'	positive
'@user እስቲ የት እና ማን እንደሚቀጣ ንገረኝ እኔን ሊያደነቁሩኝ ደርሰዋል'	negative
'ሀገራችንን ሰላም ያድርግልን መልካም ቅዳሜ'	positive
'@user ይቅናችሁ እህቶቼ ?? እግዚአብሔርን በፀሎት በምስጋና ጠይቁት ። ይሆናል!'	positive
'@user እድሜ ይስጥክ እንጂ ሜዳ ላይ እቀበራለው እናዘሲዝ የሚል ይመጣል።'	negative
'ልነጋ ስል ይጨልማ የኢትዮጵያ ትንሳኤም ሩቅ አይደለም ቅርብ ነው።'	positive
'@user @user እሷ ቂጥ የሚያሳይ ነው ያለችው'	negative
'@user @user It is not ፖለቲካ and i am not junta ናቲ የመንግስት ጭፍን ደጋፊ እንጂ እውነተኛ activist አይደለም ይህም ሆኖ'	negative
'@user ለሚያቀው እና ሰው ለሆነ ነው ይህ አባባል ከጦርነቱ በላይ አረንቋ ውስጥ ለገባች በጅቦች ለተወጠረች ሀገሬ አይገልፃትም sorry'	negative
'አይኔን አታስቂው ጥርሴስ ልማዱ ነው አሉ ብጻይ ድንጋዩ ወገኖቸ ላሜሪካና ለወያኔ አዩ ጩፋና እሰራኤል ዳንሳ ቢፀልዩላቸውና ቢፈወሱልን እረፍት እናገኝ ነበር ወይ ዘንድሮ በሀዘንና'	negative
'@user በነበረው እንውሰድ??'	neutral
'ፍትህ ፍትህ ፍትህ ለወሎ ህዝብ ፍትህ ፍትህ ፍትህ በራያ ቆቦ ወረዳ ላሉት ገጠርም ከተማም ቀበሌዎች ፍትህ ፍትህ ፍትህ!!!።'	positive
'@user @user እናንተ ይሄን ማድረግ እንጅ የአማራን ፋኖ እና ልዩ ኃይል መግደል አትችሉም !'	negative
'ጎበዝ !! በማነቃቂያ ንግግር (Motivational speech) በተካኑ ሰዎች ዲስኩር አገር አይመራም። ይቺን ይቺን ለሕፃናት !! #Ethiopia'	negative
'@user @user @user @user ናይጀራውያን ጫማ ያደርጋሉ፣ ኣይደል?'	negative
'የኢሰመጉ አስቸኳይ ጋዜጣዊ መግለጫ!! በሕግ ጥበቃ ሥር ያሉ ሰዎች ሰብዓዊ ክብራቸውን በሚጠብቅ መልኩ የመያዝ መብታቸው ይከበር! ጥቅምት 12 ቀን 2014 ዓ.ም (አሻራ ሚዲያ )'	positive
'ለመጥለቅ ያህል ወሳኝ ነገር ያስፈልጋል ተንናእለ ተወው ንልናረምጀ ንቱሳእ'	neutral
'@user ልጆቻችን ግን ዳግመኛ ትግራይ ስትነካ ማየት የለባቸውም enough is enough'	neutral
'@user @user ወደ ዘር ከረጢትህ አትንደርደር ሀሳብ ካለህ ተደራጅተህ ስራ ጣት መቀሰር። እንዲህ ስትሉ ነው አማራውን ቆሞ በቤቱ እንዲገደል ያደረጋችሁት ትችት ይብቃ።'	negative
'ጥያቄ: ሰው እንዴት ሀገር እያለው ክልል ይመኛል? ቸር የምንሰማበት ሳምንት ያድርግልን። #Ethiopia #Ethiopians #Ethiopian #EthiopiaPrevails'	positive
'አምላኬ ሆይ ሀገራችንን እንደ sayifu show back ground ያሉትን የተንቆጠቆጡ ፎቆች ስጥ??'	positive
'እኛ እንደ እነሱ ሂሳብ አናወራርድም።አንድ አለኝ ብለንም ማንንም አናርድም!ከማንም አንድም የለብንም።የሌላቸውን ሂሳብ በግፍ እንዳወራረዱብን ግን ለመላው አለም የማሳወቅ ግዴታ አለብን!'	negative
'ብንጠቀምበት የትግሬ ወራሪ እዚህ ባልደረሰ ነበር። አሁንም መከላከያው እንዳለ ሆኖ ቆሞ መሄድ የሚችል የአማራ ወጣት በየቀበሌው መደራጀት አለበት። ማን እንደሚዋጋ ማን ስንቅ እንደሚያቀ'	negative
'@user አማራ እና ትግሬን በኩታ ገጠም እያስራበ ነው'	negative
'@user ውይ ውይ አንችው አንትናገሪም ወይ መልካም ልደት እንኳን ተወለድሽልን'	positive
'@user ይህ ለተጎዱ የማህበረሰብ ክፍሎች እና ለተጎዱ የመንግስት ተቋማቶች በቀጥታ እንዲደርሳቸው መደረግ አለበት። ራሱን ችሎም ልዩ አስፈፃሚውን የሚከታተል ከተወካዮች ምክር ቤት መዋቀር አለበት።'	positive
'@user እንዳይመስልሽ።ይሄንማ ገርፎ ነበር መጠየቅ።።'	negative
'የአሜሪካና የአውሮፓ ራስ ምታት የሆኑና ስለ አገራቸውና ህዝባቸው ለየትኛውም ጠላት ፍንክች የማይሉ የአገራት ቆራጥና ጀግና መሪዎች !!!'	positive
'በፍቅር እምነት ፀበል፣ሕይወትን አጥምቆ ከራስ መራራቅን፣መጠርጠርን ፍቆ፣ ነው ሲኖሩ . በሀቅ እየሰሩ . ትውልድ የሚያኮራ ታሪክ እያኖሩ።'	positive
'@user @user አንቺ ቱሪናፋ!!! እንደዚህ የህልም ወሬ እያወራህ እራስህን አፅናና አንጂ!! ኢትዮጵያን እንደናንተ አይነት ጋኔን መቼም አያያትም:: እ'	negative
'ለማጥፋት የሚሠሩት፤ ኦሮሞ የራሱ የጦር ሃይል፣ የፖለቲካና የኢኮኖሚ አቅም በማደራጀት ወደ ነፃይቱ ኦሮሚያ ግንባታ እንደሚገሠግስ ምንም ጥርጥር የለውም። ኦሮሞ ኦሮሞነቱን ጠብቆና ተንከ'	negative
'@user እኔኮ የናንተ ጭንቅላት ግርም ነው ሚለኝ፡ ቆይ ለህዝቡ ያልተቆረቆረ ለማናባታቹ ይቆርቆር፡ ኢትዮጵያ ብቻ ሳትሆን ሌሎች ሀገሮችንም እያገዟቹ አይደል፡ እንዲህ በ 15 ሀ'	negative
'ከቤቱ ተመርቆ ይቅናህ ተብሎ የወጣ አሸባሪ የተሰለፍኩት ተገድጄ ነው ሲልህ ቀበቶህን ፈተህ ጨቅላ ህጻን በጥፊ መሬት ላይ ዘርረህ የደፈርካትስ ማን አስገዶህ ነው ብሎ መጠየቅ ግድ ይላል'	negative
'የተሰገሰጉት እና በትምህር ምክንያት ውጭ ሀገር ያሉት የጁንታው አፍቃሪወችም ጉዳይ መታየት ይኖርበታል፡፡'	negative
'ኢትዮጵያ ያኖች አብሮ መብላት እናውቃለን ከረኝነት እንውጣ ተዋልደን በአንድነት ተጋምደናል በጋራ የምንኖርባት ኢትዮጵያ'	positive
'Abiy Ahmed መንግሥት ሕዝብን መግደል ከጀመረ ተሸነፈ ማለት ነው አንተ ግን መግደል ሳይሆን ጨፍጭፋሀልና መሸነፍህን አምነህ እጅህን ስጥ::@user'	negative
'ለካስ የወያኔ ትልቁ advantage ህዝብ በዘረኝነት የተደፈነ ጭንቅላት ስላለው ግራ ቀኝ ስለማያይ የሰጡትን ሳያላምጥ ስለሚውጥ ጠያቂ ስለሌለ ነው ወያኔ በ ትግሬ ምድር እንዲህ ሚፋን'	negative
'@user መልካም በዓል ለመላው ኢትዮጵያ ሙስሊም ኢትዮጵያን ከፍ እንድትል ቀን ከማታ እየለፉ ስለሆነም እናመሰግናለን'	positive
'@user በዚህ በሰለጠነ ዘመን በክተት ነው ወይ ጦር የሚገጠመው? የሰለጠነው፣ዘመናዊ መሳሪያ፣ድሮን፣አውሮፕላን የታጠቀው የሀገሪቱ መከላከያ አልቻለም ማለት ነው? አንድ የክ'	neutral
'@user @user በዚህ ወቀት ከመንግስት ቆሞ ኢትዮጵያን የማይታደግ ወይ ጁንታው አሊያም ደግሞ የግብፅ አጋንንት ነው።'	negative
'@user @user እውነት ነው ለ3አስርት ዓመታት በከበሮ ድለቃና በትርክት የተበላሸና የደነደነ አመለካከት መቀየር ቀላል አይደለም !! በድኑን ይኖር የነበ'	negative
'@user በጣም ነው እኮ የሚገርመው'	neutral
'@user እንደዚህ አይነቶችን ጋጠወጦቹን እየመነጠሩ ማውጣት እና ምርመራ እንዲደርግባቸው ግድ ነው ያለበለዚያ ለአገራችን ጠንቆችና የጅንታው ተባባሪ አድርጌ ነው የምቆጥራቸው'	negative
'ለ-27 አመታት የኢትዮጵያን ህዝብ ሃብት ሲዘርፉ ሲገሉ ሲያስገድሉ የነበሩ የአሽባሪው ወያኔ አፈ ቀላጤዎች አልበቃ ብሎአቸው ዛሬም በቁማቸው እየቃዡ ነው ህዝብ ነቅቶዋል እናንተ ግን 1'	negative
'@user ንፁሃንን በግፍ እያስጨፈጨፍክ በሰላም መተኛት የለም አረመኔ'	negative
'@user ብሮ 500ብር ይጎለኛል ትንሽ አስተያየት አርጊልኝ'	neutral
'ወይ ተጋሩ! ምንስ ይባላል? እንዴትስ ይነገር የናንተ ምግባረ? በሽኦል ምላች አገርን ለማውደም: እንደት ሰው ወንዱሙ ያርዳል ዓይኑ ኣያየን? ፈጣሪ አይፈራም ወይ በናንት ሰፈር? ፈ'	negative
'ወደፊትም ያሳፍረኛል ብዬ አልጠራጠርም፡፡ አሁንም አገር የሚያጠፋ፤ ሃይማኖትን የሚለውጥ፣ በፊት እግዚአብሔር የወሰነልንን ባህር አልፎ መጥቷል፡፡'	positive
'@user ለእያንዳንዱ ነገራችን አስተዳደጋችን እና የምትወጣበት ማህበረሰብ ይወስነዋል ለአንዳንድ ሰው ነውር አይገባውም'	positive
'የወያኔዎች ላንቃ ተዝግትቷል። ይህ መሬት ላይ እየሆነ ስላለው ጉዳይ አመላካች ነው። እውነት አርነት የምታውጣህ ቀድመህ ውሸት በማወራት በማደናገር አይደለም። እውነት ከተበዳዮች ጋር ናት።'	negative
'@user በረሐ ለበረሐ ተራራ ለተራራ መሮጡን ነው የሚያሳየው'	neutral
'@user አሜን አንተም ደህና እደርልን'	positive
'ሕወሃት የትግራይ ደሀ ልጆችን እያስጨረሰ ይገኛል የራሳቸውን ልጅ በአሜሪካ እያኖሩ #Ethiopia #Ethiopian . via @user'	negative
'ይህ ሕዝብ። ዱለት ነው በሚሉት ሁሉ። ዱለት ነው አትበሉ፤ መፈራታቸውንም አትፍሩ፥ አትደንግጡ። 13፤ ነገር ግን የሠራዊት ጌታ እግዚአብሔርን ቀድሱት፤ የሚያስፈራችሁና የሚያስደነግጣችሁም እርሱ ይሁን'	neutral
'እግዚአብሔር በእውነት የለም፣ የሚያምኑበት ነገር እንዲኖራቸው የሰዎች ፈጠራ ነው። አዎ አዎ አዎ ውሰደኝ የሌስተር አትክልተኛው በእርግጥ ሽልማት ይገባዋል ፣ ግን በእውነቱ ማን ያስባል?'	neutral
'ኢትዮጵያውያን ዲያስፖራዎች ከበሮ እና ድራማ እያሸለሙ ነው። የኢትዮጵያ ብሔራዊ መከላከያ ግን ተሸንፏል'	negative
'@user @user በአስተሳሰብ ካንተ የተሻልኩ ነኝ ፣ ምክኒያቱም ከሞተ ከመቶ በላይ ያደረገ ሰው እየገዛኝ አይደለም።????'	negative
'@user እረ ይህ ካልሲ አገር አጠፋ ??'	negative
'@user እውነት ነው አንተ ራሱ ሼጣን ነህ አኡዙቢላሂ ሚነሸይጦን ረጂም'	negative
'@user ይሄ ልጅ ሲሳይ አጌናን ለመተካት ሞክሮ አልተሳካለትም።'	negative
'በዚህ አምስት ዓመት ምክርቤቱ ካገዘን፣ ህዝቡ ካገዘን የምንቀብረው ብዙ ታሪክ ይኖረናል። @user አንዱ ዘርን መሰረት ያደረገ የፌደራል አወቃቀር ነው።'	positive
'@user አንተን እራሱ ማሰር ነው።'	negative
'@user @user @user እነሱ ወደ መሀል ይመጣሉ እንጂ የኢትዮጵያ ህዝብ ወይ ምግብ ለማድረስ ወይም ለጦርነት እንጂ ለሌላ ጉዳይ ሄዶ አያቅም።'	negative
'የተደበቀው ሰው ልጣመይ ላኋበ እኔ ጓደኛዬ ነበር ውቸጓልፈስያአ ያፍክ ምንም ቁነጨትአ'	neutral
'@user @user አንዳንዴ ትግራይ ውስጥ የተከማቸ የአልማዝ መካዝን ያለ የሚያስመስሉት ያስቁኛል'	negative
'@user መከላከያ እየከፈለ ያለው መሰዋዕነት ዋጋ አጣ ማለት ነው'	negative
'ደብረፂዎንና ፃድቃን በጤናቸው ድምፃቸው አልጠፋም እርስ በርሳቸው እየተተራመሱ ነው ወይ ይጋደሉና ይገላግሉናል #NoMore TPLF'	negative
'ኢትዮጵያ ባለ ታሪክ የአፍሪካንና የመንግስታቱን ድርጅት ከመስረቱት አገሮች አንድዋ ናት በቅርብ ግዜ ውስጥ በአገር ከሃዲዎች ምክንያት ያጣችውን ክብር በጀግኖች ልጆችዋ አስመልሳ ግዙፍ'	negative
'@user ከዚህ አገዛዝ ጋር ድርድር አይኖርም ፣ እርስዎም ያውቁታል ፣ እሱ ያለፈ ነገር ነው ፣ እራሱን ካልለቀቀ የራሱን ህዝብ ይገድላል። ??'	negative
'@user ክትበቱን ይከተቡ የተበለው የከተማው ወንበዴ ብቻ ነው እንዴ ??'	negative
'@user ለኢትዮጵያ የሚደክሙ የቁርጥ ቀን ልጆቿ ላይ ከአንጎልህ የሚመነጨውን የእባብ መርዝህን አትርጭባቸው። ተነቅቶብቶብሃ አንተ የእፉኝት ልጅ።'	negative
'አይጫንም እንጂ ፥ ውሃ በመኪና መ ቀሌ ነበረ ፥ ይሄን ጊዜ ጣና.እስኪባል ድረስ 27 ዓመት ሙሉ የዘረፉን የተከዜ ማዶ ሰ ርቆ አደሮች ከሕንፃ ውጭ ያለውን የአማራ ሐብት በጠራራ'	negative
'የአውሮፓ ህብረት ጠ/ሚ አብደላ ሀምዶክ አሁንም የሱዳን ሕጋዊ መሪ ናቸው አለ ጠቅላይ ሚኒስትሩንና ካቢኔያቸውን የሽግግር መንግሥቱ ሕገ መንግሥታዊ መሪዎች ናቸው ብሏል።'	neutral
'@user ለቀጣይ አቅጣጫ ለመወያየት እንዲመቻቸው አንድ ቦታ እየተሰባሰቡልህ ነው።??'	neutral
'@user አፍሪካኖች ኢትዮጵያ ባገኘችው ድል ደስታቸውን እየገለፁ ነው:: #NoMore'	positive
'@user ምረጥ ካልኸኝ እንግዲህ ምን ይደረጋል፣ በቃ ጀንደር ይሁንልኝ'	neutral
'እድሜ ሳይወስናቸው ከወያኔ አረመኔ ጋር የሚፋለሙ የጎንደር እና የወሎ ጀገኖች እግዚያበረሄር እድሜና ጤና ይሰጣችሁ። መሰፍንት ተሰፉ የጎንደሩ ጀግና የወያኔ መድሃኒት። ወያኔወች መሳ'	negative
'@user @user እሺ ያለች ሙሽሪት ጥላ ጠፋች እንጂ :)'	neutral
'@user ሁላችንም በየመስኩ የድርሻችንን አበርክቶት ከአበረከትን እንኳን የጀግኖች መፍለቂያ የሆነችውን ኢትዮጲያ ይቅርና የትኛውም ሀገር ትገነባለች በሁለት እግሮቿም ትቆማለች።'	positive
'@user ትልቁ ጥያቄ ይሄ ጦርነት ሲያበቃ በምንድነው ምትተዳደሩት? እነ ብለን ነበር'	negative
'@user እንደ ሰው ምስኪኑ መሞት የለበትም ፣ ነገር ግን አንተ ምስኪን ያልከው በባዶ ማንነት ከሱ በላይ ጀግና ወርቅ ህዝብ ወዘተ እያለ የአማራን ገበሬ በግፍ እንዲገል ንብ'	negative
'@user ለመልካም ስራህ ታላቅ ምስጋና: ይሄ ጦርነት የእማራና አፉር ብቻ አይደለም:: ኢትዮጵያ የሁሉም ናት'	positive
'@user አዎ ልክ ነህ ግን ውንብድናው አንተ ትናንት ኢትዮጵያውያንን አስር አምስት ለምነህ በኢትዮጵያ ገንዘብ ከሀገር ወጥተህ መልሰህ ኢትዮጵያን ከምታቆስለው ሌባ ከሀዲ ወንበዴ አይብስም'	negative
'የስራ ክፍፍል! እኛ ዛፎችን እንትከል መከላከያ ሽብርተኞችን ይንቀል! ድል ለመከላከያ ሰራዊት!#DemocracyShallWin #TPLFSURRENDERNOW #SanctionIsWrong'	negative
'@user አይዞሽ ገለቴ እንደባልቴት ወጥቤት ተሸጉጠሽ ስም ስላጠፋሽ የሚቀየር ነገር የለም፣ ሳታይው እንዲህ ያደረገሽ ቢመጣ ምን ልትሆኚ ነው?'	negative
'@user @user ስለትግራይ ሕፃናት እና ሽማግሌ ምን አስጨነቀክ። ስለዱቄትህ አትጨነቅም። ዞሮ ዞሮ ተሸንፈካል። game over'	negative
'በንፁህ ህሊናው ሲያመሰግን ሰይጣን ክፋቱ ያገረሽበታል። ኦሮሞ የፈጣሪውን ስም መጥራት ሲጀምር የሰው ስጋ ለባሹ አማራው ሰይጣን ክፋቱን በመርዝ መርጫው መትፋት ይጀምራል።'	negative
'@user እናንተም ከምናባዊ ማሽቋለጥ ውጡ እና ይቅርታ ጠይቃችሁ ወንድሞቻችሁን ተቀላቀሉ። ሪፖርቲንግ ምን ማለት እንደሆነ ዘንግታቹሀል። ፍርሃት የሰውን ልጅ አስተሳሰብ ይቀይራል ፣ በልጦ መገኘት ይጠበቅባቹሀል።'	negative
'እንድትረዱት የምፈልገው ሌሎች ኃይሎች በኢትዮጵያ ክብርና ጥቅም ከመጣቹ አንገቴ ይቀላል እንጂ አይደረግም ። በመጠምዘዝ የሚሆን ነገር የለም፤ ተላላኪ መንግስት ኢትዮጵያ ውስጥ አይፈጠ'	negative
'@user ከመንግስት ጋር የሚሰሩ የቱርክ፣ እስራእኤል፣ ቻይና እና ሳዉዲ ዜጎችን ከገቡበት ገብተን አንለቃቸዉም። እጅ እትስጥ፣ ይህን በትህነግ ላይ ስዉር ጦርነት ማን'	negative
'የመንግስት ዋነኛ ስራው የዜጎችን ደህንነት ማረጋገጥ ነው! የትግሬ ሽፍቶችን ብቻ ማብጠልጠልና የኦሮሞ ሽፍቶች ግን ምሰኪን አማሮችን ሲጨፈጭፉ ፀጥ ማለት ምን ማለትነው?'	negative
'እናመሰግናለን እግዚያብሔር የኢትዮጲያ አምላክ ባወጣ ይተካ'	positive
'@user @user መቼምያው ግልፅ ነውደደብ ነው ሁሌ ስለደደብ የሚያወራው !!እና ጥሩ ደደብ መሆንህን ያው ራስህ ነግረኸናል ግን እናንተ መቼ ነው ከማንጠ'	negative
'ሰበር፡ በሰሜን ወሎ ሐብሩ በተባለ ወረዳ ወደ ኮምቦልቻ ለመጓዝ ዝግጅት እያደረገ የነበረ የህወሓት ሀይል ላይ በተወሰደ ድንገተኛ የአየር ጥቃት ከፍተኛ ቁጥር ያለው የህወሓት ሀይል ወደ'	negative
'@user @user የሚዋሽ ሲጠፋ ስለችግኝ ልትተርክልን መጣህ አሁን ስራ ላይ ነን /ዘው ብሎ ረሃቡን ለማስታገስ ላይ ታች የሚለውን ከበን እየቀጠቀጥን ነው/'	negative
'@user ላሞቹንማ ይበልጡናል ብላችሁ ስለጨረሳቸዋቸው፥ እነሱ በሌሉበት ኩበት ለመልቀም virtually እየተገበርን ነው ?? #NoMore'	negative
'@user @user ዲፕሎማሲው ጥሩ ነው ግን እነዚህን እባቦች ማመን አያስፈልግም'	negative
'በኦሮሚያ ክልል እስር ቤት ያለው ጋዜጠኛ ታምራት ነገራ የኦሮምኛ ቋንቋ ስለጠና እየወሰደ ነው ተባለ! ??'	neutral
'@user አንድ ሀገር ምንድነው ሀገርስ አንድ ነው እኔስ የገረመኝ ልዩነታችን ነው'	neutral
'ብርቱ እጆች ዘጋቢ ፕሮግራም via @user'	neutral
'ይቅርታ አለማድረግ ማለት አንተ በጠጣኸዉ መርዝ ጠላትህ ካሁን ካሁን ይሞት ይሆን እያሉ እንደ መጠበቅ ያለ ከንቱ ምኞት ነዉ። ኔልሰን ማንዴላ'	neutral
'@user @user @user @user @user ይኤ በጣም ትልቅ ደፊረት ነው ወያኔን ወደሰልጣን ለማምጣት ነው ጥረታቸው የኢትዮጵያ ሕዝብ ወያኔ እየቀበረው አልሰሙም እንዴ'	negative
'@user @user ልክ ነሽ!እነዚህ ሰዎች እኮ ከራሴ ጋር በቀን 10 ግዜ ነዉ የሚያጣሉኝ!ምህዋሬን አሳቱኝ'	negative
'ድሮኖቹ ጁንታውን እየለበለቡ መሆኑን ማወቅ ካስፈለገ ጁንቲንቶቹ በውጪ የሚያረጉትን ጩኽት ብቻ መስማት ነው የቱርክ ባንዲራ የድሮን ስእል ይዘው እዬዬ ነው: ሰው እንዴት ቆም ብሎ እስከ'	negative
'ይሄ ጦርነት ጥሩነቱ ሚና እንድትለይ ያስገድድሃል። #Ethiopia'	negative
'@user @user እንዳንተ ትንሽ ባለመሆኔ (ምናልባት በሆዴ ምክንያት)ና ሀይማኖተኛ ባለመሆኔ ፈጣሪን አመሰግናለሁ። እኔ የመርጋ የልጅ ልጅ ነኝ። እዚህ ምጣና ለኦ'	negative
'@user እንዲህ ነውማክሸፍ ወያኔ አቅም እንደሌለው አሁን በደንብ ተጋለጠ የአሜሪካ ሀይል እንኳ ሊያድነው አልቻለም!'	negative
'@user ገዳይ አብሮህ ያለቅሳል ይሉሀል ይህ ነው !'	negative
'ህወሓት እና ሸኔ ፍቺ እንዲፈጽሙ አሜሪካ ጠየቀች ______________________________________ በአሸባሪ መዝገብ ሥማቸው የሰፈረው ህወሓት እና ኦነግ ሸኔ የፈጸሙትን ጋ'	negative
'@user አረ በእግዝአቢህር እንዴት?እየተንቀጠቀጠ እየተርበተበት ውሸት እንጂ እውነት የማያውቅ የድሮ 50 አለቃ የደር ሙርከኛ እኮነው በአላም እንደሱ አይነት አድሮ ባይ የለም'	negative
'@user @user ፕ/ር ጀግናነን ትላለህ አለቅን ትላለህ . አይማታብህም ምድረ ቀውስ'	negative
'የኢትዮጵያ አየር መንገድ፤ዛሬ በተመረቀው የበርበራ ዓለም አቀፍ አየር ማረፊያ ስራ የጀመረ የመጀመሪያው አየር መንገድ ሆነ ኢትዮጵያን በሃርጌሳ በኩል ከበርበራ ወደብ የሚያገናኝ አውራ'	neutral
'@user @user ህገ መንግሥታዊ ጥያቄ ለመጠየቅ መንገድ የወጡት ያለ ህግ የሚሞቱበት አገር ኢትዮጵያ'	negative
'@user በትክክል ጦርነት ከፈታው ወሬ የፈታው የሚባል ነገር አለ ሌላው የኛ ሰው አለመንቃቱ ያሳዝናል ወያኔ ውሸታም የውሸት አባት ነው'	negative
'@user ክብር፡ለሚገባው፡ክብር፡እንስጥ፡እርሶ፡ትልቅ፡ ክብር፡ይገባዋታል፡፡hats off'	positive
'@user @user እኔ እኮ ግርም የምትሉኝ አምላክ የፈጠረዉ ትግሬን ብቻ ነዉ የምትሉት ነገር ?? እግዚዮ ወላጆችን በልጆች ፊት ልጆችን በወላጆች ፊት መሳሪያ'	negative
'FYI! ሶስት ሺ በሉት አንድ ሺ ፣ አንድ መቶ በሉት ሃምሳ ፣ ኦሮሞ የሌለበት የኢትዮጵያ ታሪክ የለም!!!!! #Ethiopia'	neutral
'@user አሁን ጥሪ ማደረግ ያለብን ለሃይማኖት መሪዎች ነው አገር የጋራ ነው ሃይማኖት የግል ነው የሃይማኖት ልጆቻቸው እየተዋደቁ ነው አገር በውጭ ጣላት ሴረ ነች ሕዝቡን'	positive
'ሁላችንም #NoMore የሚለውን ዘመቻ መቀላቀል ይኖርብኔል::'	neutral
'እግዚአብሔር አገርን ይጠብቃል'	positive
'@user @user ይህ የ መሳይ ፊት የስንት ሰው ፊት ነው ?ሲያስፈራ!'	negative
'@user አፍማ አንደኛ !ባፍ እያደነዘዙ በመርዝ መግደል የተካንህበት ስራ አይደል።'	negative
'@user ጁንታው . አሁንም ከቅዠትህ አልነቃህም?? ነቃ በልና ኢትዮጵያዊነት ሲለመልም ተመልከት። መሰረቱን በጥልቀት ግዛቱንም በስፋት እያንሰራፋ ነው። ንቃ . ንቃ .'	negative
'(THREAD 1/2) በጎ ፈቃደኞች ይፈለጋሉ! Volunteers wanted! የጎዳና ተዳዳሪ የነበሩ ሴቶችን አንስቶ ከሱሳቸው እንዲያገግሙ በማድረግ የተለያዩ የሙያ ስልጠናዎችን የሚሰጥ'	positive
'@user @user @user ኃጢአተኛ ነፍስህ ከመዳን በላይ ናት እናም ሰላምን ወይም ሥቃይን አታውቅም ፣ የንስሐ ቅዝቃዜ ብቻ አብቅቷል ፣ ምክንያቱም'	positive
'ህወሀትን ከመቅበር ውጨ ምንም የቀረ አማራጭ የለም!! #AtrocitiesByTPLF #TPLFisaTerroristGroup #EthiopiaPrevails'	negative
'@user @user ትግራይ ውስጥ ሌሎች ብሄረሰቦች እንዳሉም ታውቃለህ አይደል? ከቅዠትህ ንቃ።'	negative
'@user @user @user አይሻልም። እውነቱን መናገር ይሻላል መቼም እናትሽ እየተደበደበች ምሳ ስለ በላሽው ምግብ አታወሪም።'	negative
'ሊነጋ ሲል ይጨልማል በ2014 ለኢትዮጵያ ይብራላታል'	positive
'ደረቅ ሃቅ በአሁን ሰዓት አዲሰ አበባ ውሰጥ ያለው ሸብርተኛ የአሜሪካ ኢንባሲ ነው ። ልክ እንደ CNN መረጃውን ማንም የማይቀበለው ሆኗል Peter baldwin'	negative
'ስለወሎ ዝም አንልም ፍትህ ለወሎ ህዝብ'	positive
'@user እጅግ የሚያስደስተው ነገር ሆድ አደር ባንዳዎችን በሞራልም፣ በስነ ምግባርም፣ በሀይማኖታዊ አውቀትም በልጦ ለራሱም፣ለሀገሩም፣ለሀይማኖቱም ታሪካዊ ስራ በመስራት ላይ መሆ'	negative
'@user @user 3ቱ የዘመቻ ጥቅሞች! 1.ከታሩካዊ ውርደት ትድናለህ 2.ቤት ቁጭ ብለህ እናትህ ፊት ከመረሸን ትድናለህ 2.ብትሞት እንኳን እሱ ብቻ አይደለም ሞተህም ብት'	negative
'@user If that wasnt the case ትህነግ ሰተት ብላ ወሎ አትገባም ነበር . የወሎ ህዝብም አሁን ያለበት ስቃይ ውስጥ አይገባም ነበር'	negative
'Abiy Ahmed: የትም መቼም በምንም ለኢትዮጵያ እዘምታለሁ Also Abiy Ahmed: ታጠቅ ተደራጅ ዝመት ማለት ለኢትዮጵያ አይጠቅማትም ኢትዮጵያውያን፡ ጨብጨብጨብ ????'	neutral
'@user እንዲህ ነን እኛ'	positive
'@user ሸውራራ ነሽ (አቃቂር ለማውጣት ያህል ??)'	negative
'@user @user ማስፈራራትም አለው ????'	negative
'@user @user ገሪባ ኢትዮጵያ እንደሆነች እንስሳትና ንጹሃንን የሚገል አሳማን በመቅበር ላይ ትገኛለች።'	negative
'ኢትዮጵያ_ታሸንፋለች - እድሜ ለነፃነትና ክብሩ ሟች እምቢ ባይ ጀግና ህዝቧ - ሀገሬ ማሸነፍ ብቻ ሳይሆን የአፍሪቃ ቀንድ ተፈጥሮ በለገሰችው ፀጋ መጠን መረጋጋት ሰፍኖ ህዝቦች ከችግር'	positive
'@user ግም ምጣፍ ጎታች ተላላኪ ከርሳም አንድ ቀን አንተም እደነ አቦይ ስብሀት ዘብጥያ ትወርዳለህ ጠብቅ አንተ ሽፍላ'	negative
'@user ከማን ጋር ነው እርቁ? የሰው ልጅ ክቡርነት ከማያውቁ የሽፍታ ወንበዴዎች ጋር እርቅ ትርጉም የለውም። ሂዱና ተደራጅታችሁ ተመለሱ ህዝብና ከብት ፍጁ የአገር ሀ'	negative
'@user አንች ባንዳ እንድህ አይነቷ ማታለያ ማንም አማራ አይሰማሽም !!! ጥሩ ተቆርቋሪ ትመስያለሽ እስስት አስመሳይ አንች ብቻ ለህዝብ አሳቢ!!! አንች ስላወራሽ አይደለም አ'	negative
'@user @user አቶ አብራር አብዶ የተናገረው ትክክል ነዉ ስተማረኩ ተገደን ነዉ እናቶችን፣ህፃናትን ፣ ስትደፊሩ ተገዳቹ ነዉ'	negative
'ጀግናው #የአፋር ህዝባዊ ሀይል በውጊያ መሀል #ኢትዮጵያን እና ልጆቿን ሲያኮራ ????'	positive
'@user የአማራን ህዝብ የሚታደገው የኢሳያስ ጦር ነው ወሎ ገራገሩ አልቻላቸውም ቁልቋላም አበጦች'	negative
'@user @user ሠምተሻል ፤፤፤ ድል ለኢትዮጲያ ነፃነት ለኢሮብ ለአንደርታ ለኩነማ ለኢስላም ብሔረሠቦች ፤፤ ሞት ለሊጥ ሌባ ልክስክሱ ውሻው ለሀጫሙ ትግሬ በሙሉ ሀሀሀሀሀሀሀሀ'	negative
'@user ግን ትግራይ ሰው አልባ ሆና ብትሸንፍ ምኑን ልትመሩት። በንተ ወሪ እይተሸወደ ስንቱ አለቀ።'	negative
'@user @user @user I think ኢትዮጵያ ን ይወዳሉ ያድኗታልም። አንተ ግን በመጨረሻም ቢሆን ድህነትን ልታገኝ ነው መሰል ሰው ሰው እየሸተ'	negative
'@user @user @user አሳምነው ግብዝነት ሳይሆን የነበረው ጀግንነት ከልቡ ጀግና የአማራ ልጅ ነበር ! ልክ እንዳንተ አይነቶች ቡዶች አማራ መሪ ሲያገኝ አይናችሁ ስለሚቀላ በሴራ ለዚህ በቃ !'	negative
'@user @user ዛሬም ውሸትአይሰለቻቹሁም ግን እሜገርመዉ ሙትን አይፈሩትም እድል ነዉ ያኑራቸዉ እንጄ የዛሬ አርባ አምስት አመት ለመስዋት እንደወጡ ነዉ ሙ'	negative
'በሰላም ያሳድረን አሜን ደህና እደሩ'	positive
'ለሠላማችን ዘብ ለሆናቹ በጋራ ለቆማቹ ኢትዮጵያዊያንና ኤርትራዊያን እናመሠግናለን!'	positive
'@user ሌባ ጉረኛ:በአማራ ህዝብ ላይ ያወራረዳችሁትን ሒሳብ መቼም አንረሳውም::ደስ እሚለው ወሰጥ ወስጡን እኛም እያወራረድን ነው በየሰፈራችን'	negative
'@user አብይ ማለት ኢትዮጵያ ነው እናንት ደግሞ ባንዳ የባንዳ ልጆች ናቹ'	negative
'ወያኔን የሚያዋጣው ይሄ ብቻ ነው እጅ ወደላይ ሶላቶ ባንዳ'	negative
'@user የነዚህ ሰዎች አስተሳሰብ እኮ በ12ኛው ክፍለዘመን የነበረው ዓይነት ነው። መጀመሪያ የሰው መሬት ሰረቁ፤ በላቤቱ አስመልሳለሁ ብሎ በተደራጀ የሚሊታሪ ሐይል ሲገጥማቸ'	negative
'ወይ የሙዚቃ ፍቅር.!!!'	positive
'@user እባክህ ይቅር በለኝ . እኔ ማንኛውንም ነገር አደርጋለሁ። (ምንም አልልም)'	positive
'ይህችን የጀግና ዘፈን ለወታደሩ አድርሱልኝ። ዜማው ያው የተለመደው ምን አለ ጀግናው ምን አለ የሚለው ነው። ከበበው ከበበው ጀግና አገሬን ወግቶ አገሬን ወግቶ መች ይገባና አይሄድም'	positive
'የጥቅምት18 የምሽት ዜና 1 . በደላንታ በኩል ቅጠል ለብሶ የመጣው 6 ተሳቢ በEDF እምሽክ 2 . የቦሩ ስላሴ ጅብ ከ 3000 በላይ የሆነውን የባንዳ አስከሬን ????አድርጓቸዋል 3.በቆር'	negative
'ዶ/ር ሙዑዝና ዶ/ር ፀጋዘአብ ካሳ ከትግራይ ቲቪ ጋር በወቅታዊ ጉዳዮች ዙሪያ ያደረጉት ድንቅ ውይይት via @user'	positive
'እነዚህ አውሬዎች ሚዲያ መዘጋቱ የተሰማኝ ደስታ ለመግለጽ ቃላት የለኝም። ትግራይ ዲያስፖራ ዎች ታላቅ ክብር አለኝ። ትግራይ ትሰዕር???? @user @user'	negative
'@user የተመድ ከፍተኛ አላፊዎች የደህነት ስጋት የሚሆኑት እንዴት ነው? ደብዳቤው የሚለው ጣልቃ እየገቡ ነው ነው:: ምን አደረጉ?'	neutral
'@user ስራቹ ሁሉ የመለአክ ነው ሚመስላቹ genocide ብቻውን አይመጥንም እናተ የሰራቹት ግፍ ለትግራይ ህዝብ የዘላለም ሰቆቃ ነው ጥላቹ ያለፋቹት የትግራይ ተወላጅ እን'	negative
'የምታውቀውን ሁሉ ያስታውሰኛል? በዚህ ውስጥ ሀዘን ብቻ ነው ጥፋት ከአንተ ይመጣል ከምትወደው ሰው ሁሉ ጋር አብሮ ይሞታል። አስጠንቅቄሃለሁ ቀን ይመጣል። ለኃጢአቶችህ ይቅርታ ጠይቅ'	positive
'@user ምን ያህል እርግጠኛ ነን? የሚፈለገው ጦር ከፈታው ወሬ የፈታው እንዳይሆን።'	positive
'@user ምንም ችግር የለውም ቀለም አደል ነጭ በቀይ ቢሆን ምን ልትል ነው??'	neutral
'@user @user @user በቅርብ ብዬህ ነበር እኮ በዚሁ ምላስህ ስለ ትግራይ ጄኖሳይድ እንዳትል እንጂ ስለ ጋሽና እና ላሊበላ አያሳስብህ ያልኩህ'	negative
'@user @user Whats WRONG with these people ከነጭም ነጭ ከሰማያዊም ሰማያዊ ልላ ስስስስስንት አይነት አለ!! ካርሸር ማድረግ ምን ወጣው!?'	negative
'@user እነዚህ ናቸው የአምስት አመት አርበኞቹ ነጻ አገርን ያስረከኩን #NoMore #TPLFTerroristGroup'	positive
'አማራዬ ትልቁ ችግራችን ከሂደታችን አለመማር ነው። መማር መለወጥን ያካተተ ነው።'	positive
'መንግስት በግልፅ ማወቅ ያለበት ለነብሰ በላው አብይ አህመድ ስልጣን ለማራዘም ሲል በአማራው መሬት ላይ ቁማር እጫወታለው ካለ አንገቱን አንቆ ሁሉንም የብልግና ፓርቲ ባንዳዎች ከሃዲዎች'	negative
'@user ባጎረስኩ ተነከስኩ ይሉሀል ይሄነው፡፡ የቅድስት ሀገራችን ፈተና ስለ ቅድስትነቷ ነው መከራዋ፡፡ ግን ላታጎነብስ ትነሳለች፡፡ አምላክ ጥሎ አይጥለንም፡፡'	positive
'ሀገራችን ከገባችበት ችግር የተማርኩት:ጥቂት ወዳጆች ግን ብዙ ጠላቶች አንዳሉን ኢትዮጵያ እንድትኖር የማይፈልጉ ብዙ ወገኖች እንዳሉ ብዙ የውስጥ ባንዶች አንዳሉን ከተከፋፈልን እንደ'	negative
'@user @user We shall see ድንቁርና እዲህ በቀላሉ የሚለቅ ነገር አይደለም። እህዋትን እንዲህ እስከዛሬ የሚያንጨረጭረዉ እሱ ነው።'	negative
'ኢትዮጵያ የዓለም መፋረጃ ናት ይሉ የለ አባቶቻችን!!'	neutral
'አትሌቱ የጦቢያ ሽማግሌ ይሄን የበሰበሰ ፖለቲካ ተነተነው አብራራው ???? ላለፉት 9/10 ወራት በጦርነቱ ምክንያት የሞተው የተራበው ከቀየው የተፈናቀለውስ የሚያሳዝንህ የት/ቤት'	negative
'3.ሰው ከድካማችን የተነሳ እንጠላዋለንና ነው። ብቻ መጠንቀቅ መልካም ነው ማስተዋልም ደግ ነው እኔ አንዳንድ ዩቱቦችን ሳካፍ ሁሉም ነፃ አይሆኑም ግድፈት አላቸው ግን በእመአምላክ እን'	positive
'ፕላኖቻችን አስፈላጊ ናቸው ውነ ንማ ውገልፈሚየ ርከሞመ ሎጥቀ ሃርቬይ ዴንትን አውቅ ነበር ትነኝጠግርእበ ዴንእ'	neutral
'አይታወቅም የነካውን ይቅርታ የነካቸውን አንቱታ አክብሮት የኢትዮጵያውያዊነት ምግባር ስለሆነ'	positive
'ኢትዮጵያ በፈጣር የተሰጠን በህይወት ሳለን የሚንኖርባት ሲንሞት የሚንቀበርባት ብቸኛ ስጦታችን ነችና ለወራር ጠላት አንሰጣትም ። በደምና በአጥንታችን ጠብቀናት ለመጪው ትውልድ እናሰ'	positive
'እስኪገብ ነብሳችን ማረፊያ እንዳይኖራት ሲገድለንየኖረን ትህነግ በቁም ትተን እረፍት የለም.#Nomore'	negative
'@user አንተ እድለኛ ነህ ወዳጄ እኔ እግሯን ሰታኝ ከእግርጌ አስተኝታኛለች አመስግን'	negative
'Hahaha አያፍሩም ይዘግባሉ . ደብረፅዮን ከ4 ኪሎ ሆኖ ዛሬ መግለጫ ይሰጣል እንዳይሉና . የዓመቱ ምርጥ ቀልድ እንዳይሆን!!ምናለበት ውሸት ታክስ የሚያስከፍል በሆነ .'	negative
'2 ዓመታት ተለምኗል!ህወሃቶች ትጥቅ ያውርዱ!ለፍርድ ይቅረቡ! ጀግኖች ወንድሞቻችን እና እህቶቻችን ለኢትዮጵያ ነጻነት እና አንድነት ብለው እየተዋደቁ እዚህ ከዳያስፖራ ርቀት ሆነው የህ'	negative
'@user @user ፕሮፌሰር ሁሌም ስለሃገርህ ሳይደክምህና ሳይታክትህ እየለፋህ ነው አሁንም በርታ እግዚያብሔር ከአንተ ጋር ይሁን ሃገራችንን ሰላም ይድርግልን አንተ'	positive
'@user ጉዳይህን የአሜሪካ ኢሚግሬሽን/ፍ/ቤት አልጨረስክም? ሰሞኑን ቆላህሳ??? እረ ብዙ አሽቋለጥክ።'	negative
'@user @user @user @user @user @user @user @user @user አይ አያ እንቶኔ ጉቶ ራስ'	negative
'@user @user አቤት ውሸት እደሱ የሰፋ ነው'	negative
'@user ደፂ ወደ ሠውነት ተመለሰ እሱና ጀሌዎቹ የማይነካ ነክተው'	negative
'ጭምብሉን የሚሸከመው ለምንድን ነው ሉቃብጠይ ንዱንአ ንችታለሁከ ይአ አይ ከሁለታችን አንዱን ይጠብቃሉ ሱነይሳ ምንም'	neutral
'@user @user ያባላችሁንማ እናንተ ናችሁ እንበላችሆለን በቅርቡ!'	negative
'የተጀመሩት የለውጥ ትሩፋቶች ይቀጥላሉ ጉዟችን ይፋጠናል አዲስ አበባም እንደ ስሟ አዲስ ትሆናለች።'	positive
'@user ኢትዮጵያ የተመሰረተችው በወረራ ሲሆን የምትተዳደረው በግፍና ስቃይ ነው! የዘረዘርካቸው ሶስቱ የነዚህ ሁለት ቀዳሚ ሀጢያቶች ፍሬ ናቸው!'	negative
'@user @user እንደ ምያሳምም ኣሁን ነው የተረዳሽው ?ከወራቶች በፊት የት ነበርሽ ? ለማስመሰል የተፈጠራቹህ ዜጎች ተመስገን እንካንም ትግሬ ሆንኩኝ'	negative
'@user በርታልን ሡሌ ዲል ለኢትዮጵያ????'	positive
'@user በሁሉም??? እረ ተው ጋሸ የአማራ ክልል ድንበር አይጥፋወት።'	neutral
'አንዳንዴ ሁሉንም ባላየ ማለፍ እራስን ከመጥፎ ስሜት መደበቅ ነው ??'	positive
'ሌላው ህወሀት የበላይነት ካላገኘ በስተቀር ኢትዮጵያ አገሩ አይደለችም። ይህ እንዳለ ሆኖ ትልቁ ጥያቄ እውን የህወሀት ምርኮኞች በአፋቸው እንደሚሉት ካለፈው ጥፋታቸው በርግጠኝነት ይማራ'	negative
'@user አሉ ደሞ አብረው ምግቧን ላጥ ላጥ አረገው የሚተቹ ይሉኝታ የሰገጣቸው ሰዎች'	negative
'@user ገና ምን አይተው እነዚህ እርኩሰ የተረገሙ 27 እንኳን ለሌላው የኢትዮጵያ ሕዝብ ለራሳቸው ወገን የትግራይ ሕዝብ የማይሆኑ ደሀውን ሕፃኑን ወጣት አሰጨረሱት እን'	negative
'እንደ ሰው ወግ ይድረሰኝ: የነብያት ጾም የሚመጣው ረቡዕ ከመግባቱ በፊት: የጾም መያዣ ይሆነኛል ብየ ያዘዝኩት ክትፎ: የስጋ ገንፎ ሆኖ አገኘሁት! ለስንቱ ነገር ኖሞር ካምፔን እን'	neutral
'@user ከዚ በኋላ ሌባ ሀገር አይመራም።'	negative
'@user ምን አይነት ጥንቃቄ ነው የምናደርገው ? look እነርሱ በየሄዱበት የጅምላ ግድያ ነው የሚፈፅሙት። የተጎዳነው የደማነው እኛ ነን የትግራይ ህዝብ ተጉላላ ብለን'	negative
'@user @user በማን ጥፋት በጌቾ አና TPLF በዘር ያበዱ አመራሮቻችሁ አማራ አና አፋር ላይ ላደረሳችሁት ግፍና መከራ አንተ/ቺ ሄደሽ ማየት እና መገንዘብ'	negative
'@user ከአፋር ክልል አንድም ሀይል ሳይጎድል ሀይላችንን ወደኋላ ስበናል አለ። እውነት ብሏል አንድም የህወሀት ልጅ አልጎደለም የድሃው የትግራይ ልጅ ግን እንደ ቅጠል'	negative
'@user @user @user @user እነኝህ UN ተብየወቹ ሌላ ስራ አጡ እንዴ ለምን አይተውንም።።። አይ አሁንስ በዛ።።። በሀገራችን ምን አገባቸው።።።'	negative
'ኢትዮጵያዊነት ኩረት ነው'	positive
'@user አላህ ይስጥህ:: እስኪ እንደው እነ እገሌ አፍ ከመግባት አትርፉን #UCL #MUNVIL'	negative
'@user ሁሉንም የመገናኛ መሳሪያዎችን ይቁረጡ2'	negative
'@user ምነው እንቅልፍ ነሱሽ? አይዞሽ መጨረሻው ደርሷል። ለነገሩ ኦሮሞን ከድቶ ተኝቶ ያደረ የለም።'	negative
'@user @user @user @user @user መች አይቼ አውቅና???? በስማም አስደምሞኝ ነበር'	positive
'@user @user እናንተኮ ታሪክ ጥግ ጥጉን ናችሁ ከሱዳን ሊወረን በየጊዜው እየመጣ እየታጨደ የሚከመረው የትግራይ ማሽላ ነው እንዴ??ነፍሰ በላው ሳምሪ እኮ ነ'	negative
'@user @user የፕሮፋይል ጭምብልሽን አውልቂና ፃፊ ምድረ ባንዳ ውጡ ከቤታችን ይህ የኢትዮጵያን ቤት ነው'	negative
'@user የትህነግ ስራ አስፈፃሚ ኮሚቴ ከሲዐኦል በሚለው ይስተካከል'	negative
'@user ሁሉም የአገሬ ጉዳይ ያገባኛል የሚል የፖለቲካ ፓርቲ ውይይት ተደርጎ የአገሪቷ ችግር የሚፈታ ከሆነ ሃሳቡ ጥሩ ነው ውይይት ለዘላቂ ሰላም ወሳኝ ነው ጭፍን ጥላቻ ለሃገር አልጠቀምም አይመስልህም ደሬ!'	positive
'ኦነግ ሸኔዎች በጣም ተንጫጭተዋል! እንገፍ እንገፉ ህወሓት እየመራች አዲስ አበባ ሊገባ ነበር? ፈረንጅ ያደነዛቸው ቦዘኔዎች ከህወሓት ጋር ይቀበራሉ! #UnityForEthiopia'	negative
'@user እኔ ግን አሁን መጀመሪያላይ የነበረኝ ስሜት ተሸርሽሮ በመንግስት እምነት አጥቻለሁ።በሁሉም አቅጣጫ አማራ እንዲዳከም ጠንክሮ ዘይዶ የሚሰራ ይመስለኛል ።ለምን ካላ'	negative
'የደሴው ሁኔታ አሳስቦን ቆይቶ ወዲያው በህዝባዊ ድል መተካቱ ደስ ያሰኛል! ድል የህዝባዊ ሃይሎች መሆኑን ያየንበት ነው! ድል ለመከላከያ ሰራዊታችን! ድል ለህዝባዊ አገር ወዳድ ሃይሎች'	positive
'@user ሁሉም ኢቶጲያዊ መንግስትን ሊቃወም ይገባል ዝምታው ምንድነው ?እያንዳዳችን ክልልና ቤት እየገቡ እስኪጨርሱነወ? ሰሜን ወሎ ላይ ቁማሩን ቀጥሏል ለመሆኑ ነገ'	negative
'@user የአማራው ክልል ውሻ'	negative
'@user ታላቋ ኢትዮጵያን እያበጀህልን ያለህ ኖህን ትመስላለህ እኛም ተሳፍረና.'	positive
'@user ደሴም ሆነ ኮምበልሻ ይገባል እንጂ አይውጣም በሰው አምሳል የተፈጠሩ ሴጣኖች ናቸው'	negative
'@user ለምን አሉ? በህገወጥ እፅ/drugs ተብሎ ወይስ.? በተጨማሪ ጫት ከባድየኢኮኖሚ commodity አይደለም ወይ export የሚደረግ የዶላር ምንጭ? ምነው አሉ ካወቅህ?'	neutral
'@user በእርግጥ የ ኢትዮጵያ ከፍታ ከኃላም ነበርን የ አክሱም ፣ የ ላሊበላው ፣ የ ገዳው.ወዘተርፈ'	positive
'@user የች እንኳን የናንተ ስራ ናት'	neutral
'@user @user ድንፋታው ቀረና ማላዘን ተጀመረ! ከነገ በኃላ ደግሞ የዘር ጭፍጨፋ፣ ርሀብ፣ ባይደን ይድረስልን መንከባለል ምናም ትጀምራላችሁ። your usual patern ??'	negative
'መስቀልን ከዶ/ር ሙሉጌታ ይታዬው ፣ ከህግ ባለሙያ አስረስ ማረ ዳምጤ ፣ ከአርቲስት ምኒበል ቢወጣ እና ከጋዜጠኛ ንጋቱ አስረስ ጋር የነበረንን የበዓል ልዩ ፕሮግራም ጨዋታ ነገ ማለትም'	positive
'@user የሚሰሩትእናንተ የዘቀጣችሁ የአሁን የትገራይ ትውልዶች ግን ለሱዳን እና ለግብፅ የባንዳነት ታሪካችሁን ቀጠላችሁ።'	negative
'አንዴ ያሳቀለትን ቀልድ እንደሚደጋግም ሞኝ ሆነ የአሜሪካን ነገር። ጥላችን ከደርግ ነው ብለው ሀገራችንን ማፍረሳቸውን አናውቅ ይመስል ፀባችን ከአቢይ ነው አይነት የወያኔን ፌዝ'	negative
'አማራ ሆይ ከእንቅልፍክ ንቃ ተደራጅ ታጠቅ አሁንም ቢሆን የማንም ንፍጣም መጫወቻ መሆን የለብንም የራሳችን የሆነ አደረጃጀት ከቀበሌ ጀምሮ እስከ ክልል ከተሞች ድረስ መዋቅር መዘርጋት'	negative
'@user @user @user የእነሱ ጭንቅላት እኮ አፍሪካን አይመጥንም ብለዋል።'	negative
'ሸዋ ወደ ክተቱ እየተመመ ነው። #Ethiopia #Amhara #NoMore'	neutral
'ለአንድ የማሰብ ብቃት ላለው መሪ እንኳን ሶስት አመት እንኳን አምስት አመት በወራትም ሀገሩ ላይ ድህነትን የማጥፋት አቅጣጫ የኑሮ መሻሻል አቅጣጫ የእድገት ለዉጥ ያሳያል፤ አዎ ብልፅግ'	negative
'የኢትዮጵያዬ አሸናፊነት ሊረጋገጥ ሰዓታት ቀሩት።ድል ለሃገሬ ኢትዮጵያ!!!!'	positive
'@user ሶልየ እግዚአብሔር ከአንተ ጋር ይሁን አዞህ እውነት ከአንተ ጋር ናት'	positive
'እስካልገደኳችሁ ድረስ ሊያስገድላችሁ የሚችል ነገር ብናገር ምኑ ነው ችግሩ ?እያለ ነው ኣወል አሎ'	negative
'@user በአለፈው ዐመት ሰወች ያለፍርድ ቤት ትእዛዝ ታስረዋል ከታሰሩም ብሗላ ፍርድ ቤት በ48 ሠዐት ውስጥ ለፍርድ አልቀረቡም ፍርድቤቶችም ከፖለቲካ ተፅኖ ነፃ አልነ'	neutral
'@user @user ግራ የሚገባ ለቃቃሚነት ነው'	negative
'ክብር ኢትዮጵያን ሲሉ ለተሠዉ ጀግኖቻችን ወገኔ ብሎ ባገለገለው አካል እንደ በግ የታረደዉን፤ በክፉዎች ፅዋ ግብዣ መርዝ የተጋተዉን የሰሜን ዕዝ የመከላከያ ሰራዊታችንን መቼም አ'	negative
'@user ሀገራችን፤ የገደለሽ በላ ይሰመርበት ። ብዙ ኽጎች መከለስ አለባቸው ፤ እንደሚገለበጥም አምናለሁ ። እድሜና ጤና ይስጥልኝ ።'	positive
'@user @user እንደከብት ተማርካችሁ የተነዳችሁት በውዴታ ነበር እንዴ ለካ?'	negative
'@user @user ዘራችሁ እኮ አለቀ !!! እንደዚህ ከመዋረድ ያው ብታልቁ ይሻላል'	negative
'@user @user በዚች ድንጋይ ኪው ሳደርገው ወደቀ ??'	negative
'@user @user ምርጥ : የኢትዮጵያ : መሪያችን : እንወድሀለን እግዚአብሔር : ይርዳህ : በርታልን'	positive
'@user ፕረዚዳንት ኢሳያስ በባእለ ሲመት ላይ አለመኝቶ ቅር አሰኝቶናል ለዚ የኢትዮጲያ አዲስ መግስት ምስረታ የፕዳት ኢሳያስ እና የኤርትራም ህዝብ አስተዋፅኦ ጭምርነው።'	positive
'@user ኧረ ምን አይነት ጀዝባ ብንመስላችሁ ይሆን የምትመክሩን? አንዳንዶቻችን እኮ ስንመክር የከረምነውን ምክር ነው የምትመክሩን ፡) ፈረንጅ አገር ብንኖር አበሽነት'	negative
'@user ለማንኛውም የትግራይ ሊሂቃን አንድ የሚፈሩት የኦሮሞ ልጅ ቢኖር ጨቅላውን አቢይ አህመድን ነው ሌሎቻችሁን በጣም ነው የሚንቁዋችሁ በጣም ??'	negative
'@user ብርሃኑ ጁላ ልቅሶ ላይ አልተገኘም? መቸም ተማርኮ ነው እሚሆን ብየ ነው?'	negative
'ባሏ በጣም ቅናተኛ ከመሆኑ የተነሳ ሚስት ከ እንቅልፏ አርፍዳ ስትነሳ ባል be like በ ህልምሽ ከማን ጋር እየተንዘላዘልሽ ነበር ??'	negative
'@user @user @user አይደለም የኔ አተላ ኬክ ይሁንልህ። ለነገሩ በልታችሁ ያደጋችሁበት በለስ ሆዳችሁንበቻ ሳየሆን አንጎላችሁንም አድርቆታል'	negative
'@user @user @user @user @user @user አትልፉ የትግራይ ህዝብ ሁሉ ሕውሀት ነው!!99'	negative
'ግን ከእናንተ ወገን ብቻ ነው ውቸና ዝርዘእ ልቫፒ ር / ዶ ችዎሰ ኔእየ በጣም ከባድ ህመም ነው ልዟይተ ዎስራእ'	neutral
'አትጠራጠሩ ይህንን ክፉ ጊዜ እናልፈዋለን ! ሁሉም የራሱን ድርሻ ይወጣ።'	positive
'@user ኢትዮጵያ አምላክ አላት እስቲ አንድ ነገረ እናሰታውል በመፃሐፍ ቅዱስ የአሜሪካ ስም የተፃፈው ቦታ ካለ አስታውሉ የለም ኢ/ት እጆቿን ወደ እግዚአብሔር ታነሳለች'	negative
'እንኳን ለአዲሱ ዓመት በሰላም አደረሳችሁ! አማራ | ወሎ via @user'	positive
'@user ምኞት አይከለከልም! አጠፋለው ብሎ መጥፋት እንዳለ ግን ማወቅ አለብህ ሽማግሌው'	negative
'የጸጥታና የህግ አስከባሪ ተቋማቱ የሰው ኃይል ችግር ከሌለበቸው በስተቀር እያንዳንዱን የወራሪው ደጋፊዎች የቤት ቁጥር ጥቆማ ሳይጠብቁ መፈተሽ አለባቸው::'	negative
'@user ተሰርቆ ካልሆነ በስተቀር፤ ጌጣ ጌጥ ይዞ መገኘት ወንጃል ባለመሆኑ ትልቅ ነገር ተደርጎ ባይወራ መልካም ይመስለኛል። ሆኖም፤ ተዘርፎ ከሆነ ተጣርቶ አስፈላጊ'	neutral
'@user Photoshop ባይኖር ኖሮ ምን ይውጠን ነበር???'	positive
'@user @user @user @user @user @user የአጋንንት አለቃ እርኩስ አንተና መሰሎችህ ተረት ሆናችሁ ትቀራላቹ እንጂ የትግራይ ህዝብ መቼም አይጠፋም !'	negative
'@user ጠላት እርስ በእርስ ለመጨራረሻ ጊዜ መስጠት ጥሩ ነው ተወደደም ተጠላም ትግራይ ኢትዮጵያ ናት። የትግራይ እናት ብታይ ልጇ አይመለስም ጥያቄ መጠየቂያ ጊዜ ፣ ተንኮል ማክሸፊያ ጊዜ፣'	negative
'@user ???? ህፃኑ፣ ስራ አጡ፣ ስደተኛው፣ ህገ ወጥ ነዋሪው ሁሉ ተቆጥሮ 1MM ውጭ ካለም ጥሩ ነው። 10 000 በጁ ያለው 1 አይሞላም። ምነው ወንድም ገንዘቡ እንዲህ በቀላሉ ያመጣ መሰለህ እንዴ?'	negative
'አብደላ ሀምዶክን ይከላከሉ የሲቪል አገዛዝ ይመልሱ!የግብፅ፣ የሳዑዲ እና የተባበሩት አረብ ኢሚሬትስ ሆአን በማተራመስ ረገድ ያላቸው ሚና ግልፅ ነው እና ሊወገዝ ይገባል! አል ቡርሀን'	neutral
'@user ሁሌም እ/ር ከኛ ጋር ስለሆነ አሸናፊዎች ነን ! ያለ ጌታ ማን ብርቱ አለና አንተ የጌታ ፀጋ የበዛልህ ማስተዋልህና ጥበብህን ጌታ ለልጆቼ ይስጥልኝ ደሞም ይሆናል'	positive
'@user @user @user የሚያሳዝነው እውነታ ትራኮቹ የወሰዱት ነብስ አድን እርዳታ በሽፍታው እጅ እየገባ መሆኑ ብቻ ሳይሆን፤ የጭነት መኪኖቹ'	negative
'ኢትዮጵያ ይሄን ቀን ታልፋለች!! ምኞት ሳይሆን እውነት ነው!!'	positive
'@user እኔስ ያሳዘነችን ያቺ ድል ቁርሶ ነው እራቷ የምትባለው እራት እንዳይጋብዛትና እንዳይበላት ብቻ።እሱ ኢትዮጵያዊ የሚሆነው ወይ ለሆዱ ወይ ለቁፋሮ ነው።????'	negative
'@user ኢንተርፊው ሳታደርጋት በየትኛው መመዘኛ ነው ለህዝብ የምታቀርበው ይች ልጅ ፍርድ ቤት ቀርባ ካልተፈረደባት ወንጀለኛ አይደለችም አንተ ግን የሰራሀው ስራ የጋዜጠኛ'	neutral
'ለአብይ እንዲህ ሚሽቃበጥ ከምን የተነሳ ነው??'	negative
'በሞት ጥላ መካከል እንኳ ብሄድ አንተ ከእኔ ጋር ነህና ክፉን አልፈራም በትርህና ምርኵዝህ እነርሱ ያጸናኑኛል።በፊቴ ገበታን አዘጋጀህልኝ በጠላቶቼ ፊት ለፊት ራሴን በዘይት ቀባህ፥'	positive
'@user At own your risk ባህልና ወጉን ጠብቃችሁ የፈለጋችሁትን አድርጉ . ያው ከላይ ካሉት አንዳንድ ነጥቦችን ብታደርጉ ግፋ ቢል ሙድ ቢያዝባችሁ ነው'	negative
'@user ምን ይመስላል? ጭባ'	negative
'@user ትክክል ይህ ቀን አልፎ ያስተዛዝበናል'	negative
'@user ለእዳንተ አይነቱ ነዋ !'	negative
'@user @user @user መንገዱን ጨርቅ ያርግላቸው ሊጣችን ሁሌም እየተሰረቀ ከምንኖር!!'	negative
'@user እውነት ነው እረፍት ነው እንጂ አልሞተም!??'	positive
'ስማችሁ የለም ያለው የእውነት ነው። ድሮስ የሳይኮፓት ስም በሕይወት መጽሐፍ ውስጥ ምን ይሰራል።'	negative
'የአገር ጉዳይ መስመር ይዞ ነው ስድቡና ማንጓጠጡ የተጀመረው? ትደርሳላችሁ ግድየለም። ኢትዮጵያ ሰላም ትሁንልን፣ ትቀጥልልን እንጂ፣ እኛም ጫማችንን ሰቅለን ገለል እንልላችሗለን'	negative
'@user የአማራ ህዝብን እርስ በርሱ እና ከጎረቤቶቹ ሁሉ እንደ እሳት የሚያባሉ ፋኖ የተባለ ፍራንከነስታይን በአምሳሉ ፈጥሮላቹህ ሄዷል:: መጨረሻቹህ ግን በጣም ያስፈራል::'	negative
'ለእውነት የምትታገል ጀግና የኢትዮጲያ የቁርጥ ቀን ለጆቻ ሁሉ ዘመድ ጓደኛህን በዓይነ ቁራኛ ተከታተለው። ኢትዮጵያዊ ባንዳ ገንዘብ አምላኪ በየቤትህ እዳለ ስነግርህ ከተለያየ የግድያ ሙ'	negative
'@user እንዲህ እያወጣችሁ አሳዩልን፣ ታሪክ በማስረጃ ጥሩ ነው።'	positive
'@user @user ሲጀመር ሰላም ሚኒስቴር ሚባል ነገር መኖሩ! Straight from 1984'	negative
'I have አንድ አስር የሚሆኑ ፂሞች.ታዲያ በጣም ረዝመዋል። ባርበሩ . ይቆረጡ እኔ: አይ ተዋቸው ባርበር: የፂምም ይቀበለኛል ብለህ ከሆነ ችግር የለውም እኔ : አይ ከስራቸው ልነቅላቸው አስቢያለው!????'	neutral
'@user ውይ ሁመራ ወልቃይት ፀገዴን ሳታስመልሱ እነ ለመንቲ ። ድህና እኛው እዛው ድንጋይ ሀገራቹ እንመጣላችኋለን። ብድሩን የማይመልስ ተብሎ የለ!'	negative
'@user አንዱ ጓደኛውን በናትህ ጋሼ . እኮ ሞቱ ቢለው ያኛው ቀበል አርጎ እንደገና?! አለ አሉ። ባህር ዳር እንደገና?!'	negative
'@user የማይቀረውን መንገድ መጀመር ግድ ነው ለቴክኖሎጂው ቻይና ራሽያና ቱርክን እንዲሁም ህንድ ይዘን የግብርና መሪ ፖሊሲያችንን አጥብቀን ይዘን ከዘመናዊ ባርነት መላቀቂያው ጊዜ አሁን ነው'	positive
'@user @user @user ሐረሮች ታዲያ ይህ ይመጥነናል?ስንትና ስንት መገለጫ እያለን? በሉ አቦ ወደሀገራዊው በጋራ እንግባ፣ለሌላው አወዳይን ስናልፍ ይደረስበታል፣ሃይ !'	negative
'@user ያንተን ምክር ለራስህ።ለመሆኑ ካንተ የበለጥ ጽንፈኛ ዘረኛ አለ እንዴ??!! ያው ዝንጀሮ የራሷ መላጣ ቂጥ አይታያትም!!'	negative
'ኢትዬጵያ ለተጋሩ ሲኦል ለኤርትርውያን ገነት የሆነች ከሃዲ አገርና አሽቀጭ ናት ለተጋሩ ተጋሩ በመሆናቸው ብቻ ይገደላሉ ይደ በደባሉ ይረሽናሉ ንብረታቸው ይወረሳል ድርጅታቸው ይታሸጋል'	negative
'ውጊያ በጦር ግንባር መሄድ ብቻ አይደለም የወያኔ የአማርኛ ክንፍ የሆነውን ኢትዮ 360 ከface book እና ከyoutub lay አሁኑኑ unlike & unsubscribe በማድረግ ግ'	negative
'ቦሩ ስላሴ ላይ የህወሃት ጉጅሌ መደምሰሱን ሰምተናል #EthiopiaPrevails'	negative
'አሜሪካ ሌላ አዲስ የዱርዬ ጉባኤ ስታሰባስብ የደነዘዘው ህውሐት የፖለቲካ ቋንቋው አልገባው ይሆን እንዴ?? ወይስ ያው በገብረ ክርስቶስ ተወክያለሁ በሚል እየገባት ተደብቃ እያለቀሰች ነው።'	negative
'ሠራዊቱ በጦርነቱ እምነት የለውም፣ብያምን ኖሮ እንደ ብዛቱ ይዋጋ ነበር፣ ምልምሎቹ ያገር ፍቅር የላቸውም፣ልጆች ናቸው ሙርከኛው የኣብይ ጀሌ ኮሎኔል | Abiy Ahmeds Colon'	negative
'ኮንቴነር ውስጥ ሆኖ መፎከር አይከብድም ወይ ? -) መቀሌ በየሰፈሩ እና በየ ጉራንጉዱ እንደ አይጥ ተደብቀው ነው የሚኖሩት ድሮን ፍራቻ፣ ሲፎክሩ ግን የሃያላን ሃገር መሪ ኖ የሚ'	negative
'@user ዝቅ ዝቅ ያሉ ከፍታ ነው መጨረሻቸው'	positive
'ታሪክ ተናገር ተከዜ ለስሊጥ አጨዳና አረሞ የትግራይ ልጆች በኤርትራ በእምንሃጀር በዝች ድልድይ ይገቡ ነበር ድሮ ሳይወሩን ሳይጨፈጭፉን የወልቃይት ህዝብና'	negative
'??ይበራል በክንፉ ምልጃውም ፈጣን ነው የአምላክ ስም አለበት ስሙ ሚካኤል ነው ያሳደገኝ መልአክ ዛሬም ከኔ ጋር ነው ከፊቴ ቀደመ ደመናን ዘርግቶ እንዳልደናቀፍ ጉድባዎቼን ሞልቶ ዛሬ'	positive
'@user @user @user @user ቆምጬዎች በጦር ሜዳ ሲሸነፉ የሚሰሩት ፎቶ ሾፕ የአንጀታቸውን ማረር ያሳብቃል'	negative
'@user ወይ ለየከይ አቷ ለሁለት ሳሙንት በፊት አልነበር እንዴ ለዘሙድህ CNN ሸገርን ከበቡናት ያልከው ዋይ መበትረፍ አንተ ቦጥረቃ !!!'	negative
'@user ጅብ ከሄደ ውሻ ጮሀ ነው ነገሩ። ለምን ኣስቀድመው ኣይናገሩም። ኣሁን ሽንፈታቸው ሲከናነቡ ይሄ ሁላ ከጠፋ በሃላ ንብረት ካወደሙ በሃላ ህዝቡን ከጨፈጨፊ በሃላ መጮህ ዋጋ የለውም።'	negative
'@user @user @user የኢትዮጵያ ልጅ ????'	neutral
'ቆይ?? እነዚ በየ በሩ ሚንከባለሉት TPLF አንዳይሸነፍ( ወንጀለኛነቱ አንዳይታወቅ) ወይ ደሞ በነ@user ego የሚያልቀው ተጋሩ(ኢትዮጵያዊ) ስለማያስጨንቃቸው ነው?'	negative
'ሱሌማን አንድ ነገር ቢሆን ከመንግስት ራስ አንወርድም።'	negative
'የቅዱስ ገብርኤል ወዳጆች እንኳን አደረሳችሁ ዘመናችሁን ሁሉ እንደማለዳ ፀሃይ እንዲህ ፍንትው ያድርግላችሁ ተስፋም ይሁናችሁ እኛ እና ቅዱስ ገብርኤል አምላካችን እየሱስን የአለም ሁሉ'	positive
'አሸባሪዎቹ የህወሓትና ሸኔ ሀገር የማፍረስ ሴራ via @user'	negative
'ነጭ እና ትግሬ ሳይ ሻታየ እየመጣ እምቢ አለኝ እሥኪ ምክር ለግሱኝ ወገኖቸ'	negative
'@user @user ህውሓት አልሆንላት ብሎ ነው እንጂ የአፋሮቹን እና የከረዩዎቹን መሳሪይ በእሻጥር አስፈትታቸው ነበር::'	negative
'@user ትክክል ነው ከጨለማ በዋላ ብርሃን ይወጣል ሀገሬ ትንሣኤዋ ቀርቧል ጠላቶቿን ረግጣ ታልፋለች'	positive
'ይሁዳ ኢየሱስ ክርስቶስን ለሞት አሳልፎ የሰጠው አንደ ወዳጅ ጉንጩን ስሞት ነበር። አቢይ አህመድ ሃገራችንን ኢትዮጵያዬ ብሎ ሲያቆላምጣት ይሁዳን አስታውሳለሁ።'	negative
'@user @user ጎንደርን ለማን ጥሎ'	neutral
'@user አባዬ ቢቃወምም ለኢትዮጵያ ምንም አይፈይድም ለጊዜው ገለል የበሉልን ያለበለዚያ በደሴ ና በኮምቦልቻ የገጠመን በሌላ ቦታ ላለመደገሙ ምንም ማረጋገጫ የለንም። ሀላሰ'	negative
'7/7 በUN ሰራተኞችና በኢትዮጵያ መንግስት መካከል የተፈጠረውን ነገር ትወና ማድረግን አንደግፍም። የተፈጠረውን ክፍተት በመነጋገር መፍታት ይቻላል።'	positive
'@user @user ወዲ ሶሎሞን እየመጣን ነው መ-ቐ-ለ ለመንደባለል ቸዘጋጅ አንተ አህያ !!'	negative
'@user @user @user 27አመት በሰረከው ገንዘብ መሣሪያ የሠሜን እዝ ሁሉንም ከረሸንክ በሃላ ስትበዘብዛት የነበረችውን አገርክን አዋር'	negative
'እየመረራችሁም ቢሆን እውነቱን ዋጡት! የትግራይ ህዝብ ለደረሰበት መከራ ሁሉ ተጠያቂው ራሱ #TPLF ነው። አክቲቪስት ራሄል ሃይለ'	negative
'እንደ ልደቱ አይነት ገልቱ ሲጠላ የማያቅ ትንሽ ጭንቅላት ትልቅ ሆድ ያለዉ ሀሳቡ ከሆዱ ያላለፈ ሰዉ በዘራችሁ አይድረስ አሜን'	negative
'@user መንግስት በጦርነቱና በምስኪኑ ሕዝብ ተጠቃሚ ነው የሆነው ! ይህ ሆን ተብሎ አይደል ከትግራይ ክልል ወደ አማራ ክልል በግድ ስበው ያመጡትና እንዲህ ሕዝቡን ለሰ'	negative
'አለም የፍትህ መድረክ አደለችም አለም ሰጦ የመቀበያ መድረክ እንጅ። #Give_and_take #ስጥ_ይሰጥሃል'	negative
'@user ይህን ተብታባ ማ ን ትግርኛ የሚያስተምርልኝ'	negative
'@user ህ ወ ሀ ት የ ቀን ጉዳይ ካልሆነ መራራ ሽንፈት እንደሚያስተናግድ በቆፈርው እንደሚቀበር ግልፅ ነው ይህ እንደሚሆንም የ ህ ወ ሀ ት አመራር ጠንቅቆ ያውቀዋል'	negative
'እኛ ግን ነፍሳቸውን ሊያድኑ ከሚያምኑቱ ነን እንጂ ወደ ጥፋት ከሚያፈገፍጉ አይደለንም። (ዕብ 10: 39)'	positive
'@user ምዕራባውያን አንድ መሪን አምባ ገነን የሚሉ ከሆነ ያ መሪ ለሀገሩ ጥሩ ነው እንደ ማለት ነው::'	negative
'ኢትዮጵያውያን ሰላም ወዳድ ህዝቦች ነን።እንኳንስ ለሀገራችን ለወንድሞቻችን ጥቁር አፍሪካዊያን ከባርነት ቀንበር እንዲወጡ እገዛ ያደረግን ህዝቦች ነን:አሁንም የመጨረሻውን የድል ሳቅ የ'	positive
'ተራራ አንቀጠቀጥኩ ድንፋታ እንደጠዋት ጤዛ እርግፍ ሲል ታሪክ ቆመን አያየን ነው!ባእዳን ሊጭኑብን ያሉትን ጭቆና እኛ እንቀብረዋለ!#NoMore #TPLFSURRENDERNOW'	negative
'@user በተዘዋዋሪ ይገባል ብሎ ነው? ??'	neutral
'@user @user @user @user ነገርኩሽ እኮ ወዳጄ ከዚ በላይ እውቀት የላችሁም.'	negative
'@user አልተሸነፍኩም የስትራቴጂ ለውጥ ነው ያደረግኩት እያለ ካለ ሀይል ጋር እንዴት ነው ምታወራው አሸዛሪ ተብሎ ከተፈረጀአካል ጋር በምን መስፈርት ነው ምትደራደረው?'	negative
'@user ዶ/ር ህሌኒ ምነው ስለ እውነት መቆም አቃተሽ የንፁሐን ደም ግድ አልልሽ አለ ወታደሩ ክህደት ተፈፅሞበት እያየሽ ምነው ዶ/ር አልታይሽ አለ ሁሉ ያልፋል ግን እ'	negative
'@user @user ያው እንደምታውቀው አሁን ጭንቅላቴ ብዙ እእይሰራም'	negative
'#NewProfilePic #Boss @user #NoMore #ኢትዮጵያ_ታሸንፋለች ከመከላከል ወደ ማጥቃት ተሸጋግረናል!!!!'	positive
'@user @user @user ሸይጣኑን እዛው ህወሓት መንደር ነው ወሎን በቁሙ የሚሰለቅጠው መንደርተኛ ሁላ'	negative
'@user @user @user @user @user #አንዲት ኢትዮጵያ #አንዲት ሰንደቅ ወደፊት !!! የክልል ባንዲራ ይጥፋ ለ'	negative
'#Manchester 0 5 #Liverpool የኢትዮጵያ ብሔራዊ ስታዲየም ???? በአዲስ አበባ ከተማ እምብርት @user Constructionበግንባታ ላይ ያለው ቦታ ከተጠናቀ'	positive
'አሁን ኢትዮጲያ ውስጥ ያለው የፓርቲ ጉዳይ አይደለም የሃገር ጉዳይ ነው ኢትዮጲያ ወይም ሞት ነው ያለዉን አደጋ ተረዱት ብዙ ግዜ መንግስትን በ መቃወም ስም በሕዝብና በመንግስት መካ'	positive
'በሚንቀለቀለው እሳት መሀል እንኳን ቢሆን ገብቶ ሀገሩን ለማዳን ወደኋላ የማይል መሪ አብይ አህመድ! @user #NoMore #NoMoreTPLF #EthiopiaPrevails'	positive
'የእምነታችንንም ራስና ፈጻሚውን ኢየሱስን ተመልክተን፥ በፊታችን ያለውን ሩጫ በትዕግሥት እንሩጥ፤ እርሱ ነውርን ንቆ በፊቱም ስላለው ደስታ በመስቀል ታግሦ በእግዚአብሔር ዙፋን ቀኝ ተ'	positive
'የገባነው ጦርነት ውስጥ ነው ወታደሮቻችንም የሄዱት እነሱ ተሰውተው ሀገርን ሊያድኑ ነው የጫጉላ ሽርሽር የሔዱ ይመስል አንዳንዶች ብርድልብስ ውስጥ ሆናችሁ የምትሰጡት አስተያየት ግርም'	negative
'@user ተይዘህ ለፊርድ የምትቀርብበት አመት አንደሚሆን ጥርጥር የለውም። የዱሮ ተላላኪ: ያሁን ጦር ወንጀለኛ።'	negative
'@user ምንድን ነው የኤርሚያስ ለገሰ የሚለው? በአማርኛ! እንግሊዝኛው ጥራዝ ነጠቅ ነው! የተባለው የትግራ ወጣት በከንቱ አይለቅ! እናቶችም ልጆቻችንን አምጡ ይበሉ'	negative
'@user እኔማ የወያኔ አስኳሽ ሁሉ እየመሰለኝ ነው'	negative
'@user እንዴት አይቆርቆር በጭቃ ጠፍጥፎ የሰራት ክልል አይደለች መቼም ይሄንንን አትክጂም'	negative
'ጉድና ጅራት ከወደሗላ ነው ?? እሕልና ጥሬ ብቻ የምታጫርቺ መስለሽ ለካ አገርሽንም ለቅርጫ እያዘጋጀሻት ከርመሻል?? #NoMore'	negative
'@user የደላው ሙቅ ያኝካል ክልልህ ተወሮ ህዝብ እያለቀ ሀብት ንብረታቸው እየተዘረፈ እየወደመ ሚሊዮኖች በስደት እየተሰቃዩ ጀግኖች ደማቸውን እያፈሰሱ አጥንታቸውን እ'	negative
'@user ሌባ ካሀዲ ባንዳ:: የእሱም ላሊበላ ሪዞርት የወያኔ ነው:: ወያኔ ደግሞ ከኢትዮጲያ የዘረፈው ገንዘብ ነው:: ስለዚህ ሪዞርቱ የህዝብ ነው መወረስ አለበይ:: በደ'	negative
'@user ድሮም ጤናህን እየተጠራጠርኩት ነበር!'	negative
'#መገን አውዳመትተብሎ እዚህ እኛ መንደር እዚህ እኛ ሳሎን ቅቅል፣ቀይወጥ፣ዱለት፥የተሞላ ሰሃን ቀጤማ፣ሙጌራ፥ፈንድሻ ምናምን ከወገን ጎጆ ግን.እንደ በለስ ቂጣ ገላውን የበላ፥ጡት'	negative
'TPLF NOW ህዋሀት አሁን ያለበት ሁኔታ'	neutral
'በፊት ወያኔ!አሁን ደሞ ብልፅግና ያው የቤት ስሙ (ሸኔ)የአማራው መደራጀት ራስ ምታት ሆኖበታል!አዎ በሬዎቻችንን እየሸጥን ጠመንጃ ክላሽ እንገዛለን!ምክንያቱም ሰው ለማረድና ለመብላት'	negative
'@user አሁን በማይሆን ነገር መጣችሁብን ነገ ደግሞ CV ላይ ምን ጨምሩ ትሉን ይሆን'	negative
'@user ???? እጅሽን ከኢትዮጵያ ላይ አንሺ!'	negative
'@user @user Thank you very much turk የኛ ጀግና መሪ አላህ ይጠብቅህ ቱርክ የምንግዜም ውዳጃችን በጣም እናመሰግናለን ኢትዮጵያ ለዘላለም ትኑር'	positive
'ለሰለሞን ቱፋስ ምን ተደረገለት ?'	neutral
'የበረራ እቅድ አላ ምድንወ ጥስው ርብቃመበ እንዴ በእርግጠኝነት ምረበነልአ ምንማ ልሚየ ኩርበነ ንማ ኔእ'	neutral
'አራቱን ማማ ዎች ሳይነጣጥሉ ማስቀጠል: ማ - ማሸነፍ (ሽንፈትን ማስፋፋት) ማ-ማግባባት(እጃቸውን እንዲሰጡ ማግባባት) ማ-ማረም(አረሞችንና ስህተቶችን ማረም) ማ-ማጋለጥ(የተሰሩ ሰብዓዊ'	negative
'@user @user ተቀበል ያኔ ነበር እንጂ ስልጣንን ሳይለቁ መጥኖ መጨበስ አሁን ምን ይጠቅማል ቁልቋል እየጠጡ'	negative
'በጣም የሚገርምና የሚያናድድ ነገር ቢኖር ስለ ደሴና ኮንቦልቻ እያወራን መሆኑ ነው፤ ስለ ሕዋት መቃብር ሳይሆን። ሁሉም አማራ ክልል ያሉ ቦታዎች እስትራቴጂክ ናቸው፤ አማራ ክልል የገባ'	negative
'@user እስቲ ይህንም አይተው በሀዝብ ላይ እየደረሰ ያለውን ግፍ ይቃወሙ'	negative
'የጌታቸው ረዳን ሰይጣንነት ይህን በማለቱ እንረዳለን የትግራይና ያማራ ህዝቦች ወንድማማችነት ይለምልም!ገድሎ ለቅሶ የሚደርስ!#NoMore #TPLFSURRENDERNOW #UnityForEthiopia'	negative
'@user ሰው መሸጥ መለወጥ ከልክለሽ አሁን ታወሪለሽ'	negative
'@user ልሙጡን ባንድራ ከወዴት ደበቃቹት በደቡቡ እና ምስራቁ ወጣት ደም ግብር ጦርነቱን ካሸነፋቹ ወድያ ከደበቃቹበት ልታወጡት ነው ?'	negative
'የአትዮጵያ ሀይሎች የትግራይ ወራሪ እና ታስፋፊ ዛራፊ ሀይሎችን ድበቅ እየመታ ወደ ፊት እየገሰገስ ናዉ'	negative
'@user ያንተ አይነት ውሸታም የሌባ አይነ ደረቅ አልተፈጠረም'	negative
'ኢትዮጵያ እንድትቀጥል የምትፈልግ ዳያስፖራ በሙላ ወሬ ትተህ ፋኖን አስታጥቅ #ArmFanoNow #DessieMassacre #KombolchaMassacre'	negative
'የትግራይ እናት ልጆቿ ለጦርነት ማግዳ ብቻዋን ቀረች!'	negative
'@user እንዴት አባቱ ነው የሚያምረው ??'	positive
'ሁሉም አማራ ወጣት ፋኖን መቀላቀል መደራጀት መታጠቅ አለባችሁ ኦሮሙማ 34 ዙር ልዩ ሀይል ሲያስመርቅ አሁን አማራው ተወሮ ወደ ትግል ሲገባ እዳትታጠቅ እንዳትደራጅ የራስህ የሆነ ሀይል'	negative
'@user ይህን አጋጣሚ ተጠቅመው ተልዕኮን ማድረስ የሚፈልጉ ፋኖ የሚባል ተስፋፊ ሃይሎችን በንቃት መከታተል ያስፈልጋል'	negative
'@user ምነው ለምን እንዲህ አልሽ ሰላሙ በዝቶብሽ ነው ፈጣሪ እንደ ግፍ ተናጋሪ እንዳይቆጥርብሽ እፈራለሁ'	negative
'በ ኢቲዮጵያ እጁን የሟስገባ እጁን መቁረጥ ነው'	negative
'@user @user ግድቡን ይፈልጉታል። ባላቸው አቅም ሁሉ አስፈራርተው ወይም መንግስትንም ጭምር ቀይረው፣ በፊት በቅጥረኛው ህወሀት በኩል በግድብ ታስሮ ሊረከቡት የነበ'	negative
'ከወር በፊት አፋር እንኳን ሰው ሆኖ ያኮ የምታውቁት አፋር ተኮሰብን። አለ ደብረፅዮን በእብሪት ተወጥሮ የተከበረውን የአፋር ህዝብ በወረደ እይታው ለክቶ ወንድነትን ለሱ ሰፈር'	negative
'መንግስት በዋናነት ሌብነትንና ልመናን እንደሚጠየፍ ይህንንም ለማስፈፅም አዲሱ ሹመኞች ልዩ ሃላፊነት እንዳለባቸው በተሾሙ እለት በይፋ መሰመሩ ተስፋ ሰጭ ነው ይህ ማለት በየመ/ቤቱ የ'	positive
'@user @user ሁሌም ይታያል የሆነ ቦታ የሚቀር አይደለም ለምሳሌ በጊዜ ብዛትም ቢሆን'	neutral
'አማርኛ መማር እፈልጋለሁ'	positive
'ሁለት መኪና ሙሉ አማራዎችን ለማስለቀቅ መንግስት እየሰራ አይደለም!መከላከያ በዝምታ እያዬ ነው! - -'	negative
'ብርሃኑ ነጋ አውሮፓውያንን መዋጯ እያለ ሲበዘብዝ ከረመ !!! አሁን ደሟ የኢትዮጵያን ኣርሷደር ለምን ገንዘብ አውጡልኝ ይል ይሆን????'	negative
'@user ምን እያወራ ነው ከውሸት ጎርፋቸው የተረፍነውን በሳቅ ሊጨርሱን እኮ ነው፡፡'	negative
'@user @user @user ብትሄዱም ብትቀሩም የሚቀየር ነገር የለም ላንዳንድ የዋሆች ደሞ ሌብነትን እንደ ታክቲክ የሚያይ ጥርቅም የሌብነት'	negative
'@user @user @user አንተ የባዮሎጂ ቲቸር ስለ ህክምና ምን ታውቃለህ ? አይነጋ መስሏት.ይነጋል!! አንተን አንድ ቀን በኢንተርፖል አስመጥተን ኢትዮጵያ ውስጥ'	negative
'@user ከመሄድህ በፊት አሳውቀኝ ጠቃሚ የባንግላ ቃላቶች ልክልሃለው።'	positive
'@user ይሄ ሰውዬችየሚለፈልፈው የውሸት ነው እኛን ኢትዮጵዊያንን ለማዘናጋት ሚዲያዎች ወሬ አታናፍሱ። መዘንጋት የለም ወሬኛችመቀጣጫ አርጉት።የኛን የወሎ ወጣት አሰል'	negative
'@user በዚህ ገዳይ ላይ የትኛውም አማራ ነኝ ባይ ዳግም ስህተት መሥራት የለበትም። በምርኮ ያገኛውንም ሆነ የሚያገኛውን በጥንቃቄ መያዝ አለበት። ባለ ዘርፈ ብዙ ጠ'	positive
'@user @user ከቶ እንዴት እንዴት ብታስቡ ነው እዚህ ደረጃ ላይ የደረሳችሁት? ለጥያቄ ያህል ነው?'	neutral
'@user ትንሽ ሲሻለው ገቾ እንዳለው ዱሽቃ በመሸከም ቢያገለግል ጥሩ ነው'	negative
'@user ትን ቢለው እንኳ ያው ፖለቲካ ነው . ማፈሪያ ሁላ'	negative
'@user አይ አንቺ ብቻ አደለሽም! እኔም ነኝ!'	neutral
'@user @user @user @user @user ጀግና አድናቂህ ነኝ።በርታ ሱልዬ።አላህ ይጠብቅህ'	positive
'ወያኔ ኃየሎም አርአያ ወታደራዊ አካዳሚ ብሎ ይሰየመውን ወታደራዊ ተቋም ወደ #የኢትዮጵያ_ወታደራዊ_አካዳሚ ተብሎ ተለውጧል። የወያኔ ዝክር እና ምስክር እየጠፋ ነው። ይሄው ነው። መን'	negative
'እኛ በሰላም እንድንኖር ህይወታችሁን እና ደስታችሁን እየገበራችሁ ለሀገራችሁ ለምትዋደቁ ሁሉ መልካም አዲስ አመት። ሀገራችን ሰላም ሆና ከቤተሰቦቻችሁ ጋር እንዲ የምትስቁበት አመት እመ'	positive
'በመከራ ቀን እግዚአብሔር ይስማህ፤ የያዕቆብ አምላክ ስም ያቁምህ። (መዝ 20: 1)'	positive
'እነዚህ በ ፋና እና ኢቲቪ ወተው፣ እኔም ቢፈቀድልኝ እዘምታለው እያሉ ሚፎክሩት፣ አውቶብስ ላይ ከመውጣት እና ከመዝመት ማን ከለከላችው? አራዳው ከተሜ ሁሌ እንደፎገረ እና ሞኙን ወደሞ'	negative
'ዶክተር እንጂኔር ስለሺ በቀለ እንኳን ደስ አልዎት!! ከርስዎ በቀጣይ ጊዜያት ብዙ ነገሮችን እንጠብቃለን። መልካም የሥራ ዘመን ይሁንልዎት!!'	positive
'የሞቀ ቤት የሌለው እንዳይመስልህ ! ለእኔ እና ላንተ ሲል በዱር በገደሉ እየተንከራተተ አንተን አስከብሮ ሀገርህ ያኮራል ! ክብርና ሞገስ ለመከላከያ ሀይላችን ! @user'	positive
'@user አሁንም ወሬ ብቻ አንሁን፡ እየተቀደምን ነው! መንግስት በፍጥነት ጉዳዩ ሳይደበዝዝ አለም አቀፍ ሚዲያዎችን ገንዘብ ከፍሎ ዶክሜንተሪ ሚዲያ ቱር ያዘጋጅ፡ ብያንስ'	negative
'@user ታላቅ ሰው ምንም ግዜም ትልቅ ነው እንኳን ለዚህ አበቃህ ጠላታችንን ከመከላከያ ባላነሰ መልኩ አውድመሀል የኛ ጀግናችን ነህ ክብር ላነተ ከልቤ አቀርባለሁ።'	positive
'ከንቲባ አዳነች አቤቤ ጉድ ሰሩ። መልእክቱን አድርሱላቸው!! ማን እንደላካቸው የማይታወቁ ግፈኞች አንድ ሽማግሌ ትግራዋይ ጎፋ አከባቢ ቄራ (42) የሚባል ሰፈር ውስጥ ለአመታት ይኖሩ'	negative
'#በጊራና_ግንባር_የነበረን_የዛሬ_ውሎ ጀግናው መከላከያ ሰራዊታችን ፍፁም በማይታመን ወኔና ጀግንነት ወያኔን ከመሬት ጋር እየቀላቀለ አካባቢውን ከጁንቲት እያፀ'	negative
'@user አሁን ለይ ነህ ህዝቡ እንደተሟሟቀ እርዳታ መሰብሰብ'	positive
'የአሜሪካ መንግስት ማዕቀብ የጣለው ለህወሃት ጊዜ ለመግዛትና ተጠናክራ እንድትመጣ እንጂ፣ፍላጎታቸው የአብይን መንግስት አውርደው በህወሃት መተካት ነው።ህወሃት በ97 ድርድር ብላ ፓርቲዎ'	negative
'ነገሮቹን አሻግሮ የማያይ ትውልድ ነገው ተስፋ ምን እንደሆነ ለማወቅ ይቸገራል ።'	neutral
'@user ይህንን ያህል ታሪክን መካድ ሎቅማፅ ነገር ነህ እሩቅ ሳንሄድ በደርግ ጊዜ ከሻቢያ ጋር ፍቅር እያላችሁ ፋኖ የሚባል አደረጃጀት ሳይኖር ትግራይ ትራብ ነበር ምክኒያቱም'	negative
'@user @user ወያኔ መረጃና ማስረጃ በመፈብረክ የተካነ ነዉ። ለአሜሪካን የሠጠዉ አንድ Time bomb ሊኖር ስለሚችል መዘናጋት አያስፈልግም። ድል ለኢትዮጵያ ።'	negative
'የፀጥታው ምክር ቤት ስለ ኢትዮጵያ እያዘባረቀ ነው via @user'	negative
'@user አብዛኛው ሰው ይሄ ትዊት አይመቸውም'	negative
'ይችን ሰንደቅ አላማ ለኢትዮጵያ እንጂ የአንድ ክልል እንድትሆን አልፈቅድም!'	positive
'@user አተላ አሁን አንተ ሰው ነህ ጭቃ የከረመ ፎቶ መለየት የማይችል ህዝብ ያለመሰለህ እበት ግም'	negative
'13 ዓመት ከ5 ወር እስር ቤት ነበርኩ:: 8 ዓመት ጨለማ ቤት ነበርኩ:: - አቶ ወርቁ አይተነው - @user ህይወት መከራ የበዛበት ትምህርት ቤት ነው:: እጅግ በ'	neutral
'@user @user እኔ በጣም የሚያሳዝነኝ ኦሮሞ የራሱ የሆነ ትግል አለው እንዴት 27 አመት በኦነግ ስም የኦሮሞ ህዝብ በቁም ሲቀበር፡በአውሬ ሲያስበሉ፡ሲገረፍ፡ሲሰደ'	negative
'ክብር ለኤትራውያን እና ኢትዮጵያውያን ወንድማማችነት እና እትማማችነት!ሞት ለህወሓት! ሞት ለሸኔ! ሞት ለባንዳዎች!ድሉ ቅርብ ነው!#UnityForEthiopia #NoMore #በቃኝከፋኝ'	negative
'@user ከሳምንታት በፊት ጫወታው አልቋል ዛሬ : ፍፁም ቅጣት ምት ውስጥ ገብተናል ። ተደናጊሪና'	neutral
'@user ታሪክልትሆን ትንሽ ቀን ቀርቶሀል ! እምቡር እምቡር በል: አሁን መቸም ነፍስ ልትወጣ ስትል ትደፋደፋለች::'	negative
'@user @user አንዱ ልጅ አንዱ የንጀራ ልጅ ብሎ ነገር የለም። ስርአት ያስፈልጋል። አባ ገዳዎቹ በዚህ ጉዳይ ግሳፄ ካልሰጡ ያስተዛዝባል።'	positive
'@user መሣሪያ የጫኑ በሚለው ይስተካከል.'	neutral
'@user @user ልጁ ከስጋት ወጥቶ ሲኖር እና ወደ ሚድያ እስካልተመለሰ ድረስ!!! ክትትል እያደረግነዉ ዝም ብሎ ዋጋ የለዉም የተወሰደበት ንብረቱም እስካልተመለሰ ድረስ!'	negative
'@user @user @user @user ትህነግ ጋር አንድ አዳራሽ ውስጥ ተቀምጦ የተነፈሰ ሁሉ ያመመው የማይድን በሽታ ነው። ቅይጥ'	negative
'ኢትዮጰያ ከአሸባሪው ስነልቦና በላይ የሆነች ሀገር ናት!!'	positive
'መጽሃፍ እንደሚል: - ክርስቶስ ስለ ኃጢአታችን ሞተ፥ ተቀበረም፥ መጽሐፍም እንደሚል በሦስተኛው ቀን ተነሣ 1ኛ ቆሮንጦስ 15:3-4'	neutral
'@user ሱስ አይደለም ሆስፒታል ተገብቶ የሚለቅ፤ ለእንዳንዶቻችን ማንነት ነው። ነፃነት የመጣ ለት፣ እንመዘገባለን።'	positive
'ሁሉም ነገር ወደ ጦር ግንባር !!! . እናሸንፋለን !! .'	positive
'@user ምኑን? ሊጡን ከጠጡ በኋላ ያስከተለውን የሸርተቴ ችግር ነው የተቆጻጸረው???'	negative
'@user ለክፋት እንዳልተናገረክ ግልፅ ነው የክፋት መንገድ ለሚያስቡ ግን የተለያየ ትርጉም ሊሰጡ ይችላሉ አትጨነቅ ሁላችንም የአዳም ዘር ነን'	positive
'የመንግስትን ዲጂታል ሚዲያ የሚቆጣጠሩ ሰዎች ብቃትና ደህንነት መፈተሽ አለበት። ይህ ተጠለፈ ያ ተጠለፈ የኔ ዘገባ አይደለም ወ.ዘ.ተ እየተመቸን አይደለም። @user'	negative
'መንጌ ሲያድባሬን ሲያሸንፍ የሱማሌን ጦርነት እና አብይ ህውሀትን እን ምዕራባውያኑን ሲያሸንፍ 2014 የዘመን ልዩነት ካልሆነ ታሪኩ አንድ ነው።'	positive
'አዎ እሳት ይነሳል ውቸጓልፈስያአ ያፍክ ምንም ቁነጨትአ አዎ እሳት ይነሳል ሉራሰይ ውዢገ-ለፍክለ'	neutral
'ቤተክርስቲያኒቱ ልትዘጋ ነው ቅዱሳኖች ማየት አለባቹ via @user'	negative
'ጽድቅን ወደድህ ዓመፃንም ጠላህ፤ ስለዚህ ከባልንጀሮችህ ይልቅ እግዚአብሔር አምላክ የደስታ ዘይትን ቀባህ። መዝ 45፥7 ጽድቅን ወደድህ ዓመፅንም ጠላህ፤ ስለዚህ እግዚአብሔ'	neutral
'እኔም ለሀገሬ እዘምታለሁ! በገንዘብ ፣ በሀሳብ ፣ በሞራል ፣ አካባቢን በመጠበቅ እኔም ለሀገሬ እዘምታለሁ። ????'	positive
'@user ያንተ ደግሞ እስከመጨረሻው አሸልቧል'	negative
'@user በጣም እንጂ ደሞ እኩል መሆኑስ'	neutral
'@user FYI መከላከያ የዞብልን ተራራ፣ ከወልዲያ ወደ ቆቦ የሚወስደው ዋናው አውራ ጎዳና መንገድ ላይ ዘግቶ ተሰይሞበታል! መውጫ ያጣው ወራሪው ሀይል ለመፈርጠጥ ያገ'	negative
'@user በጣም ደስ የሚል ዜና ነዉ።'	positive
'መቀሌ ዩኒቨርሲቲ የተማራችሁ ሁሉ ምን እየጠበቃችሁ ነው? አብይ አ.አ ዩኒቨርሲቲ የተማረ ዋ! እያለ ነው። ስለዚህ ዋ! ከአለም እንዳትፋቁ!'	negative
'አበበ ባልችቻና ማስተዋል ወንድወሰን ለምን በ ዘሃበሻ ተዘመተባቸው ? Abebe Balcha and Maste .'	negative
'ዳን ኢል . ክብረት ውሸትህን የሚባንንብህ አንድ ለድሀው አማራ ው ህዝብሲባል አንድ ወንድ ጠፋ ውሸቱን የሚያስቆም አረ ባንንኑባቸው ውሸታቸውንና ህዝቡን ማታለላቸውን በውጭ ያላቸሁስ ምን ነካቹሁ አይናቹሁ እያየ በሰለጠነ'	negative
'ለኔ፥ላንተ፥ላንች፥ለኛ የተከፈለ መሰዋዕት ነው። ከእንግዲህ ረጋዚን ረሳሁት እናንተን አስታውሳለሁ። ከንግዲህ እንደነፍስ አባት አከብራለሁ።'	positive
'@user @user @user @user @user @user @user @user አለህ እንዴ ?? ምን ነው ቀራችሁ አ.አ አንተ ባንዳ የባንዳ ልጂ ???'	negative
'ያገር ክትፎ እዚህ ከምትለጥፉ ግን ዝም ብላችሁ አትነፉም!'	negative
'@user ኢትዮጵያን የነካ ከእግዚአብሔር የተጣላ ነው ቤቱም ለዘለዓለም ሲኦል ነዉ።'	negative
'@user የዘመናቾን የውሸት አባት በሚሊየን የሚቆጠሩ ንፁሃንን ለማስጨፍጨፍ ሆን ብሎ ከህወሃት ኦነግ ጋር ተመሳጥሮ የውሸት ታሪክ የፃፈ በሰው ሞት ባልደሰትም ሞት ያንሰዋል በቁም'	negative
'@user Bye bye Tigray . የኢትዮጵያ ህዝብ ሂሳብ በተራው ሊያወራርድብሽ ነው:: ምፅ!! ቻይው እንግዲህ'	negative
'@user አንተ ሌባ፣ አንተ እረሰስህን የምትሰቅለው መቼ ነው?'	negative
'@user እንደነዚህ አይነት ዶማ ያሳየኝ ይሄ እድሜ'	negative
'ድጋፍ እንጅ ትችት አንቀበልም የሚተቹ ሁሉ ዘብጥያ ይወርዳሉ። የለውጡ ስርዓት????'	negative
'@user የ4ወር ስራ አፈጻጸም ውጤት ከበባ ለመስበር ብሎ ወሬ . ኪሳራ ኮሪደር ለማስከፈት ብሎ ፉከራ .ኪሳራ ባህር ዳርን ለመያዝ ብሎ ቅዠት'	negative
'@user ከተማረኩ በኃላ ሕይወታቸውን ለመዳን የሚያመጡ ዘዴ።'	negative
'ኢትዮጵያውያን በተፈጥሮ የተሰጠህ ትልቁ ፀጋህ አትንኩኝ ባይነት ነው ።'	positive
'አንተ ጎዳና አንተ መንገድ አንተ ጎዳና አንተ መንገድ ሰው እንዳይሄድ የለ እንዳይራመድ አንተ ጎዳና አንተ መንገድ አንተ ጎዳና አንተ መንገድ ሰው እንዳይሄድ የለ እንዳይራመድ ባላሰብ'	neutral
'የማርሻል ሕግ ሲታወጅ ፣ እንደ ነፃ የመንቀሳቀስ መብት ፣ ነፃ ንግግር ፣ ምክንያታዊ ካልሆኑ ፍለጋዎች ጥበቃ ፣ እና በርካታ ሕጎች ያሉ የሲቪል ነፃነቶች ሊታገዱ ይችላሉ።'	neutral
'@user ዓመት እየጠበቀ የሚነሳ ዛር አለ የሚሉት ነገር እውነት ይሆን እንዴ'	negative
'@user @user ህሊና ቢስነታችሁ በኢትዮጵያ ከማንም በበለጠ ጠንካራ አጋር ሊሆናችሁ ክሚችለው ታላቅ ህዝብ ጋ በማንኛውም መስፈርት የ 0 ብዜት የሆነ ጠላትነት'	negative
'@user አሁንም እንዲሁ እያባበሉ ህዝቡን ለተጨማሪ ጭፍጨፋ እንዳይዳርጉት'	negative
'@user ልክ አንት ፍቅር እና ዳንስ ነው ምናምን የሚል ርባና ቢስ ፊልምህን ከ ሆሊውድ እንደ ሰረከው ማለት ነው?'	negative
'@user @user ኮንዶሚኒየም ኬኛ ነው የሚለው? ሂት ሆነ ብየ ነው'	negative
'@user ምን አይነት ሆድ ነው ከ ጭንቅላት በላይ የሆነ'	negative
'@user @user @user እንዴ ተሳደብ ተብለህ ተልከህ ነው? ወይስ አብደሃል? ጤነኛ አትመስለኝም? ህግ ማክበር ማለት በስርአት መመራት ነው።'	negative
'የተከበራችሁ ኢትዮዽያውያን እና ትውልደ ኢትዮዽያውያን እንኳን ለ2014 ዓ.ም አዲስ ዓመት በሰላም አደረሳችሁ አደረሰን ዘመኑን የሰላም፣የፍቅር፣የደስታ እና የስኬት ያድርግልን የሀገ'	positive
'@user ውሾች በተጣሉበት የስጋ ድርሻ በከፋተኛ ደረጃ ሊጣሉይችላሉ ነገር ግን በአሉበት ቦታ ጅብ ቢመጣ ሁሉም ውሾች ስጋውን ትተው የጋራጠላታቸው ለመመለስ ከጅብ ጋር'	positive
'@user @user ዶማው በእንግሊዘኛ መፃፍህ እስቲ ነፃ ሲያወጣህ እናያለን'	negative
'@user ፈሳም በለው: የአፋር እናቶች አይደሉ እንዴ ግንባር ግንባሩን ብለው የመለሱት'	negative
'@user ጥያቄው የማይመለከተን ሰዎች አለን፣ as an Ethiopian academic ያው ሺ ቢታለብ ያው በገሌ ለማለት ነው አለቃ።'	negative
'@user አቶ አገኘሁ እባካችሁ ክፍተት አለ ይስተካከል ወሮበላወቹ ከትግራይገና ሲነሱ መግቢያ በር ለይ ዘግቶ የማይደመስሱት አማራምንምባላረገው የሚጨፈጨፈው ለምንይሄ ይታሰብበት'	negative
'@user ይህ ድንቁርናቸው እኮነው ተያይዞ ገደል አፋፍ ላይ ያደረሳተው።'	negative
'ኢትዮጵያ ለተመድ ሰብዓዊ መብቶች ምክር ቤት ውሳኔ ትብብሯን እንደምትነፍግ አስታወቀች via @user'	neutral
'#በአማራ ክልል በደሴ ኮምቦልቻና ከሚሴ በማንነታቸው ብቻ ያአልንዳች ጥፋታቸው ትግሬ በመሆናቸው ብቻ የታሠሩ ኢትዮጵያን መፈታት አለባቸው።'	positive
'@user በነካ እጅህ: - ልደቱን: መረራን: በቀለ ገርባን:ህዝቅያስን: ታምራትን:ሀብታሙ አያሌውን:ኤርሚያስን:ጥበቡን እና ጃዋርን ጠይቅልኝ::ከህወሓት መንደር ምን እንደ'	neutral
'ገዳይዋን መድሀኒት አድርጋ የያዘች ሀገር#Ethiopia . ሀገሬ መጥፎ ዘር አፈራሽ!? አንችን ከጠቀመሽ ታዲያ ምን አስፈራሽ?'	negative
'እንደገባኝ መንግስት የህዝቡን አቋም ለመፈተሽ በካድሬዎቹ በኩል የእንደራደራለን ወሬ እያናፈሰ ነው። የኢትዬጵያ ህዝብ ምን ይላል? እኔ በበኩሌ እወድሽ ነበረ እሚለውን ዘፈን እንድዘ'	negative
'@user አማርነታችን ከዚህ በኃላ ከምንም በላይ ቅድሚያ የምንሰጠው የመጨረሻው የእኛ የህሉናችን መለኪያ መሆን የግድ ይለናል አማራ በመሆናችን ብቻ ከውጪ እሰከ ሀገርቤት ድረስ'	neutral
'አዲሱ የኢትዮጵያ ፓርላማ ከባለፉት 30 አመታት በባሰ ገና በመነሻው 2 ሰዎች የልዩነት ሀሳብን በማንሳታቸው የምንጫጫ ነው እንዴ? ኤራ ኢትዮጵያዊን ሆይ በልዩነት ሀሳባችን ላይ ሳይሆን'	negative
'@user እነሡም አውቀውታል ደግም እደማይመጡ መቶ ሚሊዮን ህዝብ ጥርሡን ነክሶ እየጠበቃቸው ነው።የመሣሪያው ጉዳይ አያሣስብም አብይ የተከለው አርጬሜ በቂ ነው!!!'	negative
'@user ካዋርጃ ደሞ ምንድን ነው???'	neutral
'ሰርገኛ መጣ በርበሬ ቀንጥሶ አማራ በታሪኩ እንደዚህ አይነት የህልውና አደጋ ውስጥ ገብቶ አያውቅም ዙሪያውን ተከቧል ኦነግ ያሰለጠናቸው ገዳዮች ጎጃምን ለመውረር በዝግጅት ላይ ናቸው ይ'	negative
'@user እና መቀሌ ወያኔ ተዋግቶ ነው የገባ?እባክህ ሰው ሳትሆን ልትሞት ነው::ወደ ቀልብክ ተመለስ::ወያኔ እኮ የሀገሪቱን ገንዘብ እየዘረፈ የሚሰጣቸው የአሜሪካ ዲፕሎማቶ'	negative
'ልጆች ቢኖረኝ እንዲህ እደክማለው? . ሞት ጨረሰብኝ-የሚረዳኝ የለም የለም!?? አትጣ! አግኝ! አትጣ! አግኝ! ማታ ድረስ አላርፍም - የሰው ፍራንክ አለብኝ! ??'	neutral
'@user @user @user ኢትዮጵያን አግምቶ ለዚህ ያበቃት ማን ነበር? ሕወሓት ነው እንዳትለኝ ብቻ!'	negative
'@user አቶ ቀንዳውጣ ምነው አሉ ትኩረት እንዲሰጦት ፈልገው ከሆነ pisay ??'	negative
'ለኔ ነው የኔ ድሐ መቼም ይህ ውለታ አይከፈልም!!'	positive
'Ethiopia - ሰበር ህወሀት ደሴ አካባቢ በመድፍ መታ | ልዩ ኮማንዶዎች ታሪክ እየሰሩ | ጭፍራ እና ሀይቅ ትግ . via @user'	neutral
'ለወረኛ የሶሻል ሚዲያ ካንሰር ቦታ ባለመስጠት በህዝባችን ላይ ጭንቀት ባለመፍጠር'	negative
'አሁን የፍርሃት ጊዜ አይደለም ምረበነልአ ምንማ ልሚየ ኩርበነ ንማ ኔእ የእቅድህ አካል ተይዟል ሉራሰይ ውዢገ-ለፍክለ'	neutral
'ህወሃት ሰላምን ጠልቶ በእብሪት ተሞልቶ ያለ የሌለውን ወጣት ጦርነት አውሎ ከምድረ ገፅ ሊያጠፉን ይላል! ማይካድራ ጋሊኮማ ጭና አጋምሳ ጭፍጨፋን ፈጽመው ሊያጠፉን ሲሉ ልብ ያቆስላል'	negative
'@user እሱ መግለጫ የሰጠው ይቺ የመጣችው ነጫጭባ በቦርሳዋ ዶላሮች አጭቃ አምጥታለት ይሆናል:: ያለበትን ቦታ ያው እነሱው ኮንቴነር ውስጥ መሆኑን አሳያት:: እሷስ ወደ'	negative
'ለጥቂት ላይክ አድርጌልሽ ነበር አንቺ ቢች። ቀጥዪ እስቲ።'	negative
'@user @user በ 27 አመት ውስጥ ያለፍንበትን እናውቃለን ምስኪን የተጋሩ ህፃናት'	negative
'@user እስቲ አንድ ጎበዝ በረኛ ሳልልን እና እናሰልፈው ??'	negative
'አይ ዶክተርነት ከምሽግህ ከዘረኝነትህ እንኳን አልገላገለህም የወንድሙን ሬሳ አንገት የሚቆርጥ አረመኔ ታቅፈህ ኢትዮጵያን ለማጥፋት መጣር ራስህን እንደ መግደል ነው ። አውሬ!'	negative
'ምን ነው ሸዋ መርሐቤቴ'	neutral
'@user ግቢ? እሱ ነገር አሁንም አለ እንዴ ?'	neutral
'ለድሬደዋው ጋሼ ስለሺ ካሳዬ የድሬደዋ ብዙሃን መገናኛ የእሁድ ጥዋት አማርኛ ቋንቋ አዘጋጆች ዛሬም በድጋሚ ነብስ ይማር እንላለን።በ2010 በአገር አቀፍ ደረጃ በተካሄደው በበጎ ሰው ሽ'	positive
'@user ወሬህ በረሃብተኞቹ ዘራፊዎች አልተወደደልህም ? ተሰላችተህ እንደምትለጥፍ ይታወቃል ለነገሩ ምንን አሳበህ ታወራለህ ቅጥቀጣው ፋታ እየሰጣችሁ አይደለም::'	negative
'@user @user አፋ: ቁርጥ: ይበልልህ! ስይም: ተሾመ! እንኳን: አበጀህ: የኛ: ልጅ: ደግ - አደረገ!! @user ዶክተርዬ!'	positive
'@user አንተ የአእምሮ ዝገምተኛ በቅርብ ቀን ዋጋህን ታገኛለህ።'	negative
'ሰበር የድል ዜና ጉድ ተሰማ ከአይን እይታ ተሰወረ ካስጊታ ተደመሰሱ | ተማሪዎች ለግዳጅ ተዘጋጁ ተባሉ | አዲሱ ስ . via @user'	negative
'@user @user የድሬ ምርቃና አልወጣለት ያለው ፍቅሬ ቶሎሳ ልብወለድ ወይም ፈጠራ ከታሪክ ጋር መለየት ተቸግሯል።'	negative
'መንግሥት የአገርን ሰላም እና አንድነት ለአደጋ የሚያጋልጡትን ተቋቁሞ ይገኛል! አቸናፊም እንዲሆን የህዝብ ሙሉ ድጋፍ እንዳለው እያየን ነው! #NoMore'	positive
'@user በግፍ መብዛት ምክንያት በጣም ብዙ ሰው እየተጎዳ ነው ። የተረጋጋ እንቅልፍ መተኛትማ ብርቅ ከሆነ ቆየ ። መከራው በላይ በላዩ እየተደራረበ፣ አንዱን አዝነን ሳ'	negative
'ዛሬ የጂጂ ልደት ነው ?? መልካም ልደት ንግስት ሆይ አንቺን በድጋሚ ማየት አዳዲስ ስራዎችሽን መስማት የዘወትር ምኞታችን ነው ከጂጂ ዘፈኖች የምትወዱት የትኛውን ነው? ስንኙን በ'	positive
'@user @user ጅቦች! የት ነበርክ እስካሁን??? ?የሰውን ሰቀቀን ኣጣጥመው በልተው፣ ጠግበው፣ ጡሮታ ከወጡ በኃላ፤ ኣለ እፍረት እኔ ኮ ጥሩ ሰው'	negative
'የተመድ ዋና ጸሃፊ አንቶኒዮ ጉቴሬዝ ኢትዮጵያ የድርጅቱን ከፍተኛ ሰብዓዊ አስተባባሪዎች ጨምሮ ሰባት የድርጅቱን ሰራተኞች ለማባረር መወሰኗን በመስማቴ ደንግጫለሁ ሲሉ አስታወቁ፡፡'	neutral
'ፕሬዝደንት ሣህለወርቅ ዘውዴ በፊፋ ሥም ያገኙትን የእግር ኳስ ትጥቅ በአዲስ አበባ በዝቅተኛ ኑሮ ላይ ለሚገኙ 600 ለሚጠጉ ታዳጊ ወጣቶች አበርክተዋል'	positive
'ኢትዮጵያ አገራችን ላይ ደጋግሞ የሚነሳውን የሃሰት ውርጅብኝ፡የሶሻል ሚዲያ ትግላች በደምንብ አክሽፎታል! አላማችን ህወሃት እና ኦነግ ሸኔን ጨርሶ ማስወገድ ነው!#NoMore'	negative
'@user ምክንያቱም እኛ ባለ ሱቁ ሰላልሆንን'	neutral
'@user ጦር ሜዳ ላይ የተማረኩ እንኳን በክብር እየኖሩ ነው። የኋላ ቀር ህዝብና መንግስት ስራ ግን እንዲህ ብሰው ህይወት መቀለድ ነው። ፍርድ ማግኘትህ ኣይቀርም'	negative
'«በአዋጁ መሰረት ከአሸባሪው ሕወሐት ነጻ በወጡት አካባቢዎች አስተዳደርን መልሶ የማቋቋምና መሠረታዊ የኅብረተሰብ ችግሮችን በመፍታት ረገድ ያለው እንቅስቃሴ ወጥ በሆነ ሁኔታ እየተተገበ'	positive
'@user @user @user @user 7 ቁጥሩ የማንቸስተር ተጫዋች የዛሬው 5-0 ሽንፈት ሳይበቃው ለምን እዚህ ለማንበብ በማይችለው ትዊት ስሙ እንደተካተተ ሲ'	negative
'@user እግዚአብሔር አንድነትን ወይም ሕብረትን ይመርጣል።ጋብቻ አንድነት፣አዳምና ከጎኑ የወጣች ሔዋን የሚዋሀዱበት።ከዚያ ወጪ ያለው ግኑኝነት ሁሉ ሕብረት እንጂ አንድነትን አይ'	positive
'@user @user ሰብእና ጀግንነት ለአላማ መኖር ሰንቃችን ነው ዳግም በአማራ እንዳይታለሉ አሰተምረን እናልፋለን ሆድ ምናባቱ ህሊና ይበልጣል @user'	positive
'በአፋር ሰሜናዊ ዞን ተደጋጋሚ ለአሸባሪዎች ጥቃት ስለባ ለምን ለብቻ ይሆናል የአገር መከላከያ ሰራዊት ለምን ሽፋን አይሰጥም'	negative
'@user @user እግርዋን ወደ ኢትዮጵያ ብታነሣ እስር ቤት መጣል ነው እቺን ከሀዲ'	negative
'@user AbiyAhmedAli የጦርነቱ መጨረሻ እስኬየት ነው ?የወሎ ህዝብ እንባ የሚታበሰው መቼ ነው ?'	negative
'@user በሚቀጥሉት 5 አመታት አዲሱ መንግሥት አተኩሮ ሊሰራበት የሚገባቸው 1 . ውይይት 2 . መተማመን 3 . እርቅ። በህዝብ እና በመንግሥት፣ በተፎካካሪ ፖርቲዎች እና በመንግ'	positive
'ኢትዮጵያ የሚለው ስም የአሸናፊዎች ስም ነው ፤ የነፃነት ምልክት ነው ። አልጠራጠርም ፤ የኔ ትውልድ ለአሸናፊ ስሙና ለነፃነት ምልክቱ የሚጠበቅበትን ዋጋ ከፍሎ ኢትዮጵያን እና ኢትዮጵ'	positive
'እግዚአብሔር ሆይ፤ ሁለት ነገር እለምንሃለሁ፤ እነዚህንም ከመሞቴ በፊት አትከልክለኝ፤ ሐሰትንና ሐሰት መናገርን ከእኔ አርቅልኝ፤ ድኽነትንም ሆነ ብልጽግናን አትስጠኝ፤ ብቻ የዕለት እንጀራዬን ስጠኝ። ምሳ30:7-9'	positive
'@user @user @user እውነት ብለሃል ፤ በወለጋ በአሪሲ በሐረር በጉጂ የሚገደሉት የሌላ ቋንቋ ተናጋሪዎች በታሪክ ተሰምቶም አያቅ።'	negative
'@user አወሉ እግዚአብሔር ይማርህ።'	positive
'ኢትዮጵያ የነፃነት ጎህ በማሳየት የሁሉ አፍረካውያን እናት ናት። እናት ታማ ሌላው ቤተሰብ ጤነኛ ሊሆን አይችልም። የኬንያው ፕሬዝደንት #ኡሁሩ_ኬንያታ'	positive
'አቤት ቅሌት ! ጀግንነት የለም ! ባይሆን እንኳ በናንተ የሚያምረዉ መንከባለል ነው ። ምናልባት ከደፈራችኈት አማራ የተወለደ ብቻ ነው ጀግና ሊሆን የሚችለዉ ፤ ከወልቃይት፣ከጠገዴ፣ከ'	negative
'#ቁርሀኑን አቃጠላቹት እንጂ ከልባችን አልፋቃቹትም ልባችን ላይ አለ አሉዋቸው አሁንም ድርጊቱ ቢያሳዝንም ይህ ነው እየሆነ ያለው #No more'	negative
'የስቅላት ፍረድ በማንኛዉም ሰዉ እንዲፈፀም አልፈልግም፤ ነገር ግን ኢትዮጵያ ዉስጥ በመንግስት ሀላፊነት ላይ ሆኖ የሚሰርቅ በአደባባይ እንዲሰቀል ቢፈረድበት ቅር አይለኝም ።???? ክስርቅ'	negative
'@user @user @user የዜናዊ መንግስት 30 ዓመት ሙሉ ከ30 ቢልዮን ዶላር በላይ የሀገሪቱን ገንዘብ ሙልጭ አርጎ ሰርቆ ለትግራይ ህዝብ የነ'	negative
'@user @user በዚህች ሆርን ብቻህን በየመንገዱ የምትለፈልፍበት ቀን ሩቅ አይደለም፤'	negative
'እና ከኤርምያስ እንዴት ይጣላል ልጅ ወልዶ ከሚሰጠው ይታረቃሉ የአላማ ልዩነት የላቸውም ልክ እረኛ በማኩረፉ ምሳውን እራት ይሆነዋል አይነት ነው::በፀረ ህዝብ አመለካከታቸው ጆነሳይድ በመደገፍ ተግባራቸው ልዩነት የላቸውም::'	negative
'@user አርሰህ ብላ እጅ እና እግር አለህ አይደል'	negative
'@user እናመሠግናለን። ለፕሬዚዳንቷ መጽሐፍ ለመላክ ፈልጌ ነበር። አድራሻቸውን ንገሩኝ።'	positive
'@user @user ከሱ መቀደድ የበለጠ ቪዲዮውን ፕስት ያደረገችው ልጅ ሳቅ ነው ያሳቀኝ . ????'	negative
'አሁን የትግራይ ህዝብ ህወሓትን ልጆቼን ለምን አስፈጃችሁ? እናተ ከኋላ እነሱን ወደፊት አድርጋችሁ አስፈጅታችሁ በሽንፈት ተመለሳችሁ! ምን ተገኘ? ብሎ መጠየቅ ጀምሯል! ይህ ይቀጥላል!'	negative
'ኢትዮጵያውያን በፖለቲካ አመለካከት ልንለያይ እንችል ይሆናል። በተለያዪ ዓለማት ተበትነን እየኖርንም ሊሆን ይችላል። በሃገራችን ጉዳይ ግን በፍፁም አንደራድርም። ኢትዮጵያውያን በፍፁም'	positive
'የትግራይ ፋሺስቶች መዋጋት ሳይሆን፣ የተኛ ሰራዊት፣ ማረድ እና፣ የ ተኛ ገበሬ ማድቤት ውስጥ፣ መርመጥመጥ ነው የሚያውቁት። ጭር ያለ የገጠር ቀበሌን፣ የ መንደር ጎረምሶችም፣ በ 1 ሰ'	negative
'@user መጦርያህን የምትሸቅል መስሎህ በጃጀ አዕምሮህ ስሌቱን ስተህ እንጂ ወያኔ የእውነትም የወረበላ ስብስብ (አንተም ያው ነህ) እና አሁን ላለው ጥፋት ሁሉ ተጠያቂው'	negative
'@user @user @user @user @user ተፈጥሮ ነው ምንም ማድረግ አይቻልም።'	neutral
'@user @user ሀግርን በችግሯ ጊዜ የካደ ሰው? ይሄ እኮ ከደብረፅዮን አይተናነስም'	negative
'የኢትዮጵያ አየር መንገድ የዛምቢያ አየር መንገድን በሽርክና ለማቋቋም ሲያደርግ የነበረውን ዝግጅት አጠናቆ ነገ ስራ ሊጀምር ነው! በዚህም አየር መንገዳችን 45 ፐርሰንት ሼር ሲኖረ'	neutral
'@user ጋንጃ በሉባንጃ ሲጨስ እንደዚህ ነው ሚያሶራው'	negative
'ተመስገን ሰላም ያሳደርከን ሰላም አውለን ክፉ ያሰቡልንን ልባቸውን አግራ ወደ ቀልባቸው መልስልን ብርታትን ስጠን ሰላምን በረከትን አብዛልን ተመስገን ሰላም ያውለን ውብ ቀን'	positive
'@user እናመሰግናለን ። ካለፈው የብአዲን ውድቀት ተምራችሁ ለአማራ ህዝብ ህልውና እታች ወርዳችሁ ስሩ ። የአማራ ህዝብ ባለመደራጀቱ : ባለመታጠቁ ነው የወያኔ እና የሸኔ'	negative
'@user ሠርፀ ፍሬ ስብሓት የጋኔን ክሥረት ስብእና ለመገንባት ብሎ ያልተገባ እና ከሠይጣን ጋር የማይሄድ የነቢዩ ዳንኤል ጥቅስ መጥቀሱ ምን ያህል እንደ ወረደ ያሳያል።'	negative
'የተከፈለው ተከፎሎ እነ @user ማሰወገድ ግድ ይላል!'	negative
'@user @user ራስህን ግለጽ ይሄ ስም ያንተ/ቺ አይደለም። ምን አሳፈረክ ይሄው ለሀገርህ እየታገልክ/ሽ ነው ይሄኮ ጀግንነት ነው። ታዲያ የጫልቱ ሳትሆን'	negative
'@user አንተ እኮ ልክ ነህ ምን አልባት የተናገርክበት ቦታ እንጂ'	positive
'@user @user እዛ ነኝ አፈር ብላ የሚል ስድብ እነጂ አፈር አላየውም'	negative
'እኔ፡ግን፡በእግዚአብሔር፡ደስ፡ይለኛል፤ በመድኀኒቴ፡አምላክ፡ሐሤት፡አደርጋለኹ። ዕንባ ፫ ፲፰'	positive
'@user እኔ እገድልሃለሁ እናም ቤተሰባችሁን በሙሉ እበላለሁ እናም ውሻዎን ከመስኮት ውጭ ይጥሉታል'	negative
'የኢትዮጵያ #ልጆች ለሀገራቸው #ጉልበት፤ ለህዝቡም #አቅም እየሆኑት ነው። //'	positive
'@user መናገር ከምንችለው በላይ ህዝቡ ደንዝዟል ጆሯቸው ተደፍኗል አእምሯቸውም ታውኳል!መቼም ጤነኛ አእምሮ ያለው ሰው ሀገር በጦርነት እየታመሰች ብዙ ሺህ ንፁሃን በየ'	negative
'@user @user ለተገደሉ ዜጎች ለምን ጮሃችሁ ብለህ ነካክተህ ነው ልክህ የተነገረህ ሳይነኩን አነካም እንጅ ከነኩን አንለቅም ከዚህ በኋላ በናንተና በህውሃት መሃ'	negative
'@user @user እሺ ገልቴ ??ትክክል ያልሆነውን ትክክል አደለም በይ መከላከያ መግባት ግድ ነው ከሁለቱም መግባት አለበት አማራ በእግዚአብሔር እርዳታ ነው ሚ'	negative
'እነዚህ ሰዎች ም ጉድ ናቸው? ከምን አይነቱ አፈር ነው የተፈጠሩት?'	negative
'በጀዋር በኩል የተላከው አጀንዳ አፈትልኳል | የፓርላማ አባል የነበሩት የደበቁትን ሚስጥራቸውን ዘረገፈባቸው| Jaw . via @user'	negative
'@user @user ከከሀዲ ምንም አይጠበቅም፤ውሸት ብቻ'	negative
'@user @user ልደቱ ክደቱ 97 ይፍረድብህ የአብይን ጦስ አሁን አንተን ሰው ብሎ የሚሰማ ካለ በ97 የ1 አመት ልጅ ነበር ማለት ነው እግዚአብሄር ገና'	negative
'የትሕነግ አምባገነንነትና አፋኝነት በከፍተኛ ደረጃ ተባብሷል። ሆኖም ሁሉም ትግሬና የፖለቲካ ፓርቲዎች አፋኝነቱን እንዳይናገሩ በጀነራሎች ጭምር ታዘዋል። ትግራይ ያለትሕነግ አማራጭ የላ'	negative
'@user አገራዊ ሁኔታዎችን እንኳን ተራዉ ዜጋ መሪዎች በአግባቡ አልተረዱትም'	neutral
'@user አሁንም ህዝብ ልትጨርሱ ነው እንዴ'	negative
'ሺ ዘጠኝ መቶ ሰማኒያ ሶስት እና 2014 ዓ.ም II ሁሉም ነገር ባለበት ቁሞ የሚጠብቃቸዉ የሚመስላቸዉ ነገር via @user'	negative
'@user ቃል በተግባር ኢትዮጵያ 7ኛው ንጉስ አንግሳለች። መልካም የስራ ጊዜ ውዱ መሪያችን የሀበሻው ንጉስ Abiy Ahmed Ali'	positive
'@user @user but tigray tv ህዝቡ ወታደሩን በስንቅ እየደገፈ ነው ሲል ነበር ??'	positive
'ዳግማዊው ይለያል . አይማረኝ ብምርህ . ሳይል ሳይናገር ትእዛዝ ሳያወጣ ፣ ሀገሬን ያልክ ና እዚያው እንገናኝ ብሎ ቃል ሲያወጣ በፍቅር የገዛው ሀገር ወዳድ ሁሉ ተከት'	positive
'@user ገባ ወጣ ጨዋታ ላይ ናችሁ እኮ አንደ ከተማ ለመግባት የሚረግፈው ተዋጊ የወራሪው ሀይል ብዛት የትየሌሌ ነው። እኔ ምለው የትግራይ እናትና አባት ልጆቹን አፍሶ'	negative
'ምዕራባዊያን የተለመደ የዘረኝነት ዱሮ የፈፀሙትን ፍርደ ገምድል ፍርዳቸውን ዛሬም በሀገራችን ኢትዮጵያ ላይ ደግመውታል። ነገር ግን የአባቶቻችን ልጆች ጀግኖች ጥቁር ሕዝቦች ነን ምንም'	negative
'#ሰባሪዎች ከእነ ስርዓታቸው ይሰበራሉ # ተሰባሪዉ ታላቁ እስክንድር ደግሞ የአጥንቱ ስብራት የኢትዮጵያ አንድነት ብስራት ይሆናል !! ያለመስዋዕትነት ስርየት የለም !!'	negative
'@user በሬዎቹ #NoMore እርድ እያሉ ነው የሚመስለው??'	negative
'የሀገራችንን እና የአፍሪካን እድገት የማይሹት ውድቀታችን የሚያስደስታቸው ነጮች ፋና ወጊ በሆነው መሪያችን ላይ መነሳታቸው አይገርመንም ትላንትም ሞክረውት አቅቷቸዋልና ዛሬም ለአፍሪካ'	negative
'@user @user ምን ትመስላለች የሆንሽ ጅብ ዘንጦ:: አፍሽ እንደ እምስሽ ባቡር ያሳልፋል::'	negative
'አሰላሙአለይኩም ወረህመቱላሂ ወበረካትሁ ዉድ ኢትዮጵያዉያን እደትናችሁ አላህ አገራችንን ሰላሙን ይመልስልን ሁላችንም ባድነት ተነስተን ሀገራችንን ከዉጭም ከዉስጥም ወራሪ ማዳን አለብን'	positive
'@user @user @user አህመድ ምስጋና አትወድም? እስቲ ኳስ በመሬት ከበሮ ሲያዩት ያምር.'	negative
'@user የኢትዮጵያ አምላክ አያንቀላፋም ጠላቶቿን ሁሉ ይቀጣላታል'	positive
'ከመስከረም 24 በኋላ ይሄን እንጠብቃለን 1.የትግራይ የአማራ እና አፋር ወገኖች በነፃነት እንዲኖሩ ህወሃት የተባለ ሊቀ ዲያቢሎስን ማጥፋት 2.መከላከያን የበለጠ ማዘመን 3.የብሔር'	negative
'@user @user ሁለም ቢተባበር ሰው ለሰው ቢፋቀር የት ይደረስ ነበር'	positive
'@user ወለጋ የቁልቁለት ሩጫ የጀመረው በሚል ይስተካከል። ያው ሌላው የኦሮምያ ክልል በሰላም እየኖረ ስላለ ማለት ነው። ወለጋን እየበጠበጠ ያለው ሽኔ ነው። የወለጋ ህዝብ'	negative
'@user ኧረ! ፋኖዎች ድርድር ብሎ ነገር አያውቁም!'	negative
'ስታሊን ደብረ ሳጥናኤል በፈቃደኝነት አበደ'	negative
'@user ወሎ ኢትዮጲያን በታሪክ አልበደለም ለምንድን ነው የሚበደለው ::ለምንድን ነው መንግስት ዘወር ብሎ የማያየው?'	negative
'@user የሚገርም ልዩነት ሁለቱም በአንድ ዘመን ያሉ አይመስሉም'	neutral
'በግዳጅ ኢንተርቪው እንዲሰጡ ይደረጋል። ለምሳሌ እህቴ በኢቲቪ ጁንታውን እየሰደበች ኢንተርቪው ሰጥታለች።'	negative
'አሁን ትልቁ እና ወሳኙ ጥያቄ የአማራ ፋኖ:ልዩ ሀይል:ሚኒሻ:የአፋር ልዩ ሀይል:ህዝባዊ ሰራዊት :ማንኛውም ዘማች ጦርነቱን ለመጨረስ #ትግራይ ክልል ይገባሉ ወይስ አይገቡም ነው???'	neutral
'@user @user ለህፃናት ወታደሮች ወደ ጦር ቦታ ማመላለሻ ከአማራ እና አፋር ክልሎች በወረራ ከያዙት ቦታ የሚዘርፉትን ንብረት ለማጓጓዣ ይጠቀሙበት እንጅ'	negative
'እንዲህ አይነት መታበይ በዘራችሁ አይድረስ! ?? ለነገሩ ትህነግ እዛው ነፃ አውጪ ነኝ ባለበት ይሁን እንጂ አዲስ አበባ ምን ይሰራል?!'	negative
'የሞቀ አልጋህ(ሽ) ላይ ተኝተህ ትኩስ ምግብ እየበላህ ዝናብና ብርድ ሳይፈራረቅብህ ተራራ ሳትወጣ ሳትወርድ ህይወትህ እንኩዋን አደጋ ውስጥ በሌለበት ጦርነቱ ዘገየ በዚህ ቀን ማለቅ ነበ'	neutral
'ሀገር ማለት ሰው ነው ወሎ ማለት ሀገር ነው ስለዚህ ወሎ ማለት ሰው ነው ሰው ሁሉ ጠቃሚ ጠቃሚ ነው ስለዚህ ወሎም ጠቃሚ ነው። Based on the above'	positive
'@user ነግሬሽ ነበረ ባ’ጥር ተንጠልጥዬ፤ ወያኔ ሌባ እንጂ መሪ አይሆንም ብዬ። ጋሼ ነዓምን ለእነዚህ የዘራፊና የከሀዲ ስብስብ ልሂቃን የሚል ቃል አትጠቀም።ሌባ አይደ'	negative
'ይሄንን ማሳካት ከቻልን እውነትም ማንም የማይነቀንቃትን ኢትዮጵያ እንገነባለን።'	positive
'@user በእውነቱ ትልቅ ስራ ነው የሰረዎ???? እሽ ሌላ የሚታረም የሌም'	positive
'@user @user የትግራይ ወራሪ አንበጣ/ጭፍራ'	negative
'@user @user ሊቀ-ሰይጣን ጁንታው የትግራይ ወራሪ ነዋ ??'	negative
'@user ተይዘህ ነው ትዊተርን እንዲህ የምትጨፍርበት? እኔማ ክትባቱ ራሱ አንድ ቀን ክልትው አርጎኝ ዋለ??'	negative
'@user ይህን ዜና ማሰራጨት ጠላትን አድፍተህ ጠየቀኝ ማለት ስለሆነ ይህን ምስጥር ማሰራጨቱ ለምን አሰፈለገ?'	negative
'@user @user ትክክክክክክል ሁላችሁም በዱአ ከመከላከያ ጎን በመቆም ሃቅእሚናገሩትን እያበረታታንሃገራችንንን መታደግአለብንንን አንድ እጅ መሆንአለብንንን'	positive
'@user ለነገሩ ለእርስዎ ክልልዎ ዙፋን ብቻ ነው።'	negative
'@user @user በፖለቲካ መርህ ቢሆን ኖሮ መፍትሔ ነበር ። ሌላው ቢቀር ከአብን ማባረር'	negative
'አሜሪካና አውሮፓ ማእቀብ ከጣሉ አንድም እህል ወደ ትግራይ ማለፍ የለበትም።'	negative
'@user እጅህን የያዘህ የለም ናና ተዋጋ ላንተ ማን ሊዋጋልህ ነው? ዝም ብሎ እዚያ ተወትፎ መለፍለፍ አይደለም ናና በተግባር አሳየን።'	negative
'@user የውሸት ኖቤል ፕራይዝ ቢኖር ኖሮ በተከታታይ የምታሸንፉት አንተ እና ዘመዶችክ ናችሁ !!!'	negative
'ከአዲሱ ሚንስቴር አመራሮች የተሸለ ጥሩ ዕድገት ወደ ብልጽግና እንደ ምየሸግሩ ተስፋ እናደርጋለን።'	positive
'@user @user ፍትህ ለእስክንድር ነጋ! እናንተ ናችሁ ልከፋፍሉን የመጣችሁት።'	negative
'@user @user የናንተስ እናታቸው ትቁጠራቸው እናንተ ከሃዲዎች ስይጣኖች የቆራጣ ዘሪ ኣህያ'	negative
'@user @user ሀገር የካዱ የጦር መኮንኖችና ወንጀለኞችን አሳልፈው ይስጡ፤ ይህ ቅድመ ሁኔታ ነው።'	negative
'ፀበል ቅመስ ብለው መነኩሴዎች አይኔ ላይ በርበሬ በተኑብኝ!!! ከጦር ግምባር መልስ የተደረገ ቆይታ . | . via @user'	negative
'@user ሀበሻ ቀሚሱ ብቻ ነው የተፈለገው'	neutral
'እነዚህ ሪፖርቶች የተሰሩትኮ ገና ለብዙ ወራት በህወሃት ቁጥጥር ስር ያሉ የአማራ ክልል ቦታዎች ባልተለቀቁበት ሁኔታ ነው። ገና ብዙ ዘግናኝ ዘገባዎችን ልንሰማ እንችላለን። አምላክ ለኢ'	negative
'ጁንታዉ ሳይዉል ሳያድር መግለጫ II ቆላ ትንቤን ማን ይሸኘናል ጦር እኛ አናቆምም via @user'	negative
'@user ናቲ እባክህ ሰሜን ወሎ ሰቆጣ ሰሜን ጎንድር ወልድያ ህዝባችን እያለቀ ነው አሸባሪው ወያኔ ፍትህ ለጭቁኑ አማራ ህዝብ እባክህ'	negative
'@user ኃጢአተኛ ነፍስህ ከድነት በላይ ነው እናም ሰላምን እና ህመምንም አታውቅም ፣ ብቸኛው የባዶነት ቅዝቃዜ ብቻ ነው የንስሐ ጊዜ ተጠናቅቋል ፣ ምክንያቱም ጥፋቶችህ በክፉ ዓይ'	negative
'@user ምነው ለታላቁ ሩጫ ነው እንዴ ሁሉም የሚዘምተው ? ለዘር እንኳን ትንሽ አስቀሩ እንጂ ይሄ መከላከያ የሚባለው ግን አልቆ ነው አፈሳ ውስጥ የተገባው ? ህ'	negative
'@user አማራ እንደ ትግራይ ኢሊት ከሃዲ ይመስልሃል አይደል!! የባንዳ ልጅ ሁሌም የሚያስበው ስለባንዳነት ስለሆነ አይፈረድብህም። ባንዳው!!!'	negative
'@user ማንነታቸውና ህልውናቸው ተክዶ በትግራይ ህዝብ ትግልና መስዋእትነት የማንነታቸው ህልውና ህይወት ተዘርቶበት እስትንፋንስ ሲያገኙ፣ እናመሰግናለን ማለት ሲገባቸው በጸረ'	negative
'@user ኪኪኪኪኪኪኪኪ አረ በናታቹ አመት ሙሉ በእነዚህ ከእውቀት እና ከህሊና ነፃ በሆኑ ሰዎች ስስቅ ነው የከረምኩት'	negative
'@user አይ ቅቤው! ለመጨረሻ ጊዜ ሳይሆን አይቀርም ይኼን የጅንጅን ድንፋታሽን የምንሰማው የሲኦል መንገድሽን ጨርቅ ያርግልሽ የማዝንልሽ የትግራይ ሕዝብ የሰራሽውን በደ'	negative
'ንቁ ትግራይ ንቁ ከዚ ሁሉ እልቂት በኋላ ትርፍ ግፍ ነው እንጂ ወርቅ ከሰማይ አይወርድላችሁም! ንቁ ንቁ መጨረሻውን አስቡ! አትሞኙ የፈረንጅ መጠቀሚያ መሆን ነው እንጂ መቼም ምንም ጠ'	negative
'@user ዘር አጥፊ መሰለኝ?? የትኛውም ክፉ ስም ይጠባቸዋል እኮ። የምድር ርኩሰት ስጋ ለብሶ በያቸው በቃ።'	negative
'@user @user @user @user lol ጆሯችንስ እንዴት ይደግ ይሄን ሁሉ ጉድ እየሰማ ??'	negative
'ስለ ሱለይማን አብደላ የማይመለከተው ኢትዮጵያዊ ዜጋ የለም ሁሉም በዱዋና በጸሎት መገዝ አለበት ወገን ዝም አትበል ፈጣሪ ይድረስለት'	positive
'@user ቀዳዳ አሁንምእንደ ባዶ ቆርቆሮ አትንጫጫብን ጠቅላ ሚንስተር ሀብይ እጅ ሰጡ ብሎ የማርያም መንገድ ሰቶአችኋል እጅህን ሰጥ ጅል አይሙት እንዲያጫውት አደል የሚባ'	negative
'@user @user ለሊቢያ ውድመት ተጠያቂው በወቅቱ የነበረው የጋዳፊ መንግስት ነው።አቅምን ያላገናዘበ ጦርነት ውስጥ የገባው ጋዳፊ ነው። ኒውክለር ከ'	negative
'ክክክክክክ በኛ ርሀብ ስታላግጡ እናንተ ጋር ገባ እስይበኛ ሞት ስትስቁ ነበር እናንተ ጋር ገባ ጠብቁ ስንት ታያላችሁ'	negative
'@user ህዝብን የሚከፋፍለው ይህ ነወ።ኢሣት ይቅርታ ሊጠይቅ ይገባል።'	negative
'@user @user ዋሽ አንተ በደንብ ውሸት ሱስ መሆኑን እናውቃለን አይዞን'	negative
'የምትፈርስ ኢትዮጵያ የለችም! በእብሪተኛው ወራሪ ኃይል ተገደን የገባንበትን ጦርነት በአጭር ጊዜ ማጠናቀቅ ይጠቅመናል! ሌለው ጉዳይ የትህነግን ወረራ ማስረጃ በስርዓት መሰነድና በጋር'	negative
'@user ምሽቱ ከገፋ እና ብቻዬን ከሆንኩ አልቆምም። ምክንያቱም ደግሞ ግልጽ የሆነ መስኮትህን በድንጋይ በመስበር የመዘረፍ ሙከራ ተጠቂ የመሆን እድልህ ሰፊ ነው። ????'	negative
'@user @user የባዶነት ብቸኛ ቅዝቃዜ የንስሃ ጊዜ አብቅቷል ፣ ምክንያቱም የእርስዎ ኃጢአቶች ከማንኛውም መጥፎ ተልእኮ ይበልጣሉና። መጨረሻው ቀርቧል ፣ እናም'	negative
'@user ምነው እኔን ነው? አላችሁሳ ??'	negative
'አንዱ በሌላው ሞት እየዘበተ አንዱ የሌላው ለቅሶ እያሳቀው የኢትዮጵያ ሠለስቱ ደቂቆች ለፈጣሪም አልመች ብለን ተጨካክነናል።'	negative
'@user እየሩሳሌም ህውሃትን ስለምትደግፍ እውነተኛ ነች አልክ:: በኢትዮጵያውያን እንዴት እንደምትጠላ እወቀው::'	negative
'አሳዛኝ ዜና! ወራሪውና ሰው በላው የኦነግ ሸኔ የሽብር ቡድን በምስራቅ ወለጋ ኪረሞ ወረዳ 17 አማራዎችን አገተ። አማራ ሚዲያ ማዕከል/አሚማ . መስከረም 6 ቀን 2014 ዓ.ም'	negative
'@user @user ጥርሳቸውን እንዴት እሳመርከው ባክህ??'	positive
'@user @user @user @user የአብይ መንጋዎች ከነጭ እና ጥቁር ውጭ ሌላ ቀለም አታውቁም አይደል?'	negative
'@user አንድ ትዕግስት ያለው ደህና ተንታኝ ይጥፋ??'	neutral
'@user በጣም የሚደንቀው የኢትዮጵያ ህዝብ መሪዎቹን አለማወቁ ነው! ለአሸባሪው ኦነግ እና ለኤርትራ መንግሥት ሲስልሉ የነበሩ ሀገራቸውን የከዱ የሸጡ እነ አብይ አህመድ አሊ ዛሬ'	negative
'ለቅድስት ግሽን ደብረ ከርቤ አመታዊ በዓል በሰላም አደረሰን በዓሉ አገራችን ሠላም የምትሆንበት ጠላቶቻችን የሚጠፋት ህዝባችን በሰላም ወጥቶ በሰላም የሚገባበት በዓል ያርግልን'	positive
'@user @user መርሳ ወልዲያ ቆቦ ሌሎች በወረራ የያዛችሁትን ቦታ ያወደማችሁት እናንተው ናችሁ ለወደፊት የአማራ መሬት እሾህ ሆኖ ይወጋችኃል የሰራችሁት ግፍ'	negative
'ነገ ወደ ትምህርት ቤት ይምጡ'	neutral
'አንተ ደግሞ አዲስ አበባ ለመግባት ካሰቡ 4 ወር አልፉል:: በዓለም ላይ ካሉ አሸባሪዎች በክፋትና በውሸት የመጀመሪያውን ደረጃ የሚይዙ እርኩሶች ስለሆኑ መርሳት ይሻላል::'	negative
'@user ሻዕቢያ ወያኔን ብትጠይቀው መልሳቸው የኢሳያስ ወታደር ይሉሀል: የሚያስቡት በሰፈር ስለሆነ:'	negative
'መንግሥተሰማያትቀርባለችናንስሐግቡ::/ማቴ ፫:፫/ ታሕሳስ 12 ቀንየሚከበሩ ዓመታዊ የቅዱሳን በዓላት 1.አቡነ ሳሙኤልዘዋልድባ 2.ቅዱሳን አንቂጦስወፎጢኖስ (ሰማዕታት) 3.አባ ነድራ'	neutral
'@user @user በጣም የሚገርም ነገር ነው ፡ ደንቆሮ ነህ ወይስ እውር ፡ ታንክና መድፍ አስረክቦ እግሬ አውጪኝ ሩቻ እየፈረጠጡ ፉከራ ምን ይበጃል TDF ወደ'	negative
'@user የኢትዮጵያ ህዝብ ያንተ ማላገጫ አይደለም የኢትዮጵያ ህዝብ እንዲህ ይላል ስትል ትንሽ ማገናዘብ ያስፈልግሃል የኢትዮጵያ ህዝብማ ያገለግለኛል ይመራኛል ያለው'	negative
'የአሸማጋይ ሱዳን ሥጦታ የትህነጉ ኮ/ል ተስፋዬ ገ/ተንሣይ ህዳሴ ግድብ ላይ ጥቃት ለማድረስ እየተንቀሳቀሰ እያለ ጦሩ ተመትቶ እሱ ተማርኳል! ከመከላከያ የከዳና በጄ/ል ጉዕሽ ስር'	negative
'@user ህሊና የላትም ገና ህፃን እኮ ነች። ደሞ ምን አገባህ ስለ ኢትዮጵያ?'	negative
'@user አዎን አማራ እራሱን እያረደ ነው'	negative
'@user ኃጢአተኛ ነፍስህ ከመዳን በላይ ናት እናም ሰላምን ወይም ሥቃይን አታውቅም ፣ የንስሐ ቅዝቃዜ ብቻ አብቅቷል ፣ ምክንያቱም ኃጢአቶችህ ከማንኛውም ተልእኮ የላቀ ስለሆነ ፣'	negative
'ሱዳን የኢትዮጵያ አየር መንገድ ወደ ካርቱም የላካቸው የጦር መሳሪያዎች ሕጋዊ ናቸው አለች'	neutral
'እናት አለም ጠኑ ሎሬት ጸጋዬ ገብረ መድህን እንደው ተጋበዙልኝ ይህን ዘመን የማይሽረው ግጥም። via @user'	positive
'@user እምቢ አይሰምዕን እየ እኛ ሕዋሐት ነን አዚ ተራ የጠላቤት ወረ የሚሰማ ሰው የለም ትግራይ ትሰዕር'	negative
'የኢትዮጵይ ህዝብ አብዛኛው በሚባል ደረጃ የዶ/ ር ስለሺን ባለመሾም ቅር ያለው ይመስላል!! እኔም ይህ አሳዝኖኛል!! መንግስት እንደዚህ በህዝብ ቅቡልነት ያላቸውን መሪዎች ህዝብን በ'	negative
'@user ስም በየቀኑ ቢያወጡለት ምን ትርጉም አለው? እንደሚያንንቁት አጥፍተዉት ሲጨርሱ ነው እንጂ መፎከር::'	negative
'ወያኔ ባደረሰው ችግር ረሀብ ስደት አስከትሎብን ይሄው እናቶች ህጳኖች በእንባ እየተራጩ ይገኛሉ ፍትህ አማራ ክልል ለወሎ ፍትት'	negative
'@user የስልጣን ጥመኞች አዋቂ ነን ባዮች ዘንድሮ አምታቶ ስልጣን ቢያዝ እንካን መስረቅ እንደማይችሉ ስላወቁ አላሰርቅ ያለውን አብቹን ማስወገድ ብቻ ነው እቅዳቸው ተነቃቅተናል'	negative
'@user @user አንተ ቀዳዳ ማራኪዎቹ የታሉ? ይህ ምኞታችውን ነው ሚገልፀው።ችግር የለውም ምኞት አይከለከልም።'	negative
'@user እኛን እሚያስገድለን እያዘናጋ የሙታንን ስብስብ ብአዴን ነው'	negative
'@user የኢትዮጵያ ህዝብ የመረጠው ጠቅላይ ሚኒስትር ነው። ያለልክ እያክላላችሁ የሰውየውን ኢሜጅ አታበላሹ።'	negative
'@user @user @user ልክነው አሚሶም የተባለው ውሸት ዜና ነው ደግመሽ እይው?!'	negative
'ማን ገንጣይ ማን አስገንጣይ ሆነ?'	neutral
'@user ወይ ሰዩሜ ! ሾርት ሚሞሪ ናቹ ስትል ሰንብተህ አንተው ሆነህ ቀረህ እኮ። ማነው በ2010 የወያኔ ወንጀለኛ ከለላ የሆነው!? ጌታቸው አሰፋ እኔነኝ ህወሓት እኔ ነ'	negative
'@user ምላስ አይሞትም መቼም :: ቀዳዳ ሁላ ዝም ብሎ መቀደድ ምን ያደርጋል ?? ያኔም እንዲህ ስትፎክሩ ነው ተለቅችሁ እና ተሾታችው ተመናም'	negative
'@user እዛ ቁጭ ብለህ የናንተን ሴቶች እየደለልክ ለፈረንጅ በሸጥከው ገንዘብ ወገንህን እርዳ ማን ሊረዳልህ ነው እኛ ሞከርን አሸባሪውን መጠዋል ካሁን በኳላ ስራችሁ ያ'	negative
'#UNHCR የስደተኞች መታወቂያ ይዘው በሱዳን ሰልጥነው ሐገር ለማፍረስ እያደረጉት ያለው ነገር ይገርማል!! በነገራችን ላይ ወንጀልም ጭምር ነው።'	negative
'የዛሬው ወይም 2.0 አርባኛ አስማረ ዳኜ ነው። ኦነግና/ኦዲፓ እንደ ጦር ይፈርታል ምክንያቱም ገርፎ ነው ከሰ/ሸዋ ያባረራቸው !'	negative
'@user #የPP ባለስልጣናት ግን ጥቅስ ሻጭ ነበር መሆን የነበረባቸው ያለመክሊታቸዉ ገብተው አዘበራረቁት እኮ ጃል . እሱ ይሁነን'	negative
'@user አለቃህም የዛሬ አመት የበነነ ዱቄት ብሎ ካበቃ በኋላ ነው ዱቄቱ ተነስቶ አመራ ክልልን አመድ ያረገው። እርማችንን እምናወጣው አብይና ካድሬዎቹን እየሰማን የገባንበበትን ቅርቃር ስናስበው ነው።'	negative
'ይገባሀል! መንገዱ ረጅም ????ችግሩም ውስብስብ ስለሆነ ጠንክረህ ትሰራ ዘንድ ይሁን!'	positive
'@user ብሔርተኝነት ከጭቆና በፊት ቢቀድም እንጂ በኋላ አልመጣም አንድ የሐረር ገበሬና አንድ ነጎጃም ገበሬ በብሔር ፓርቲ ከመጠመዳቸው በፊት ሁለቱም እኩል ነበሩ ዛሬም በገበሬነታቸው እኩል ናቸው'	negative
'#ኢትዮጵያ የጀግኖች አምባ! የሀገር ወዳዶች መገኛ የቁርጥ ቀን ልጆች መፍለቂያ የብርቱዎች መናኸሪያ የአርበኝነት ውርስ መጎናጸፊያ የጀግንነት ልክ መፈልፈያ'	positive
'@user Awoll Allo ግን የሆነ ፈጣጣ ነገር ነው.አሁን እንዲህ ሲፅፍ ሰላም የናፈቀው አይመስልም??? ቀንደኛው ሽብር ጠማቂ እና አጥማቂ እኮ ነው.ወይ ዘንድሮ??'	negative
'@user አንድ ነገር ልንገርዎት የምፈልገው Madam Secretary እያንዳንዱ ኢትዮጵያዌ ምን ያህል እንደሚለፎ እና ምን ያህል እየጣሩ እንደሆነ እንደሚያቅ እነደሆነ'	positive
'@user አዎ የ90ደቂቃ ምጥ አብሻቂ የሆነ ጨዋታ ምንም አላመለጠህም ካላየሀው highlightቱን ካየህ ያው ነው በኔ እይታ'	negative
'@user በሬ ከቀለበው ይልቅ፤ ያኮላሸውን ይልሳል! የወላይታ አባባል'	neutral
'@user መንግስት ለምንድን ነው እየዘገየ የሚነቃው። አንድ ግዜ ሁሉም ጋ ያለውን ረመጥ ማዳፈን ስንችል፣ ለማይቀር ነገር ግዜ መውሰድ።'	negative
'በይፋ ባልሆኑ ቻናል የምትልኩት እያንዳንዱ ዶላር የኢትዮጵያን የውጭ ምንዛሪ ክምችት ሊያጠናክር የሚችል የባከነ እድል ነው። ጠንካራ የመጠባበቂያ ክምችት ብሔራዊ ባንክ የብርን ዋጋ እን'	positive
'@user አንተ ነጫጭባ ነጭ ኢትዮጵያ ለማፍረስ መቼም ማሳካልክ ምክንያቱም እኛ ኢትዮጵያ ዊ ነን'	negative
'የኢትዮጵያ ሥርዓተ ቅዳሴ፡ - ይዘቱ፣ አመሠራረቱና ዕድገቱ፡፡ ከአኮቴተ ቁርባን መጽሐፍ ደራሲ፣ ከቀሲስ ዶ/ር መብራቱ ኪሮስ ጋራ ባላፈው ዓመት/2020 (2013 ዓ/ም) የተደረገ አስተማ'	neutral
'#NoMore ኦቦሳንጆ ተጠሪነቱ ለአፍሪካ ህብረት ሆኖ ለ #UNSC ሪፖርት ያቀረበው በምን አግባብ ነው? #Kenyatta በኢትዮጵያ ጉዳይ ላይ የአሜሪካ ጉዳይ አስፈጻሚ የሆነው እን'	negative
'ቢቻላችሁስ በእናንተ በኩል ከሰው ሁሉ ጋር በሰላም ኑሩ። ተወዳጆች ሆይ፥ ራሳችሁ አትበቀሉ፥ ለቍጣው ፈንታ ስጡ እንጂ፤ በቀል የእኔ ነው፥ እኔ ብድራቱን እመልሳለሁ ይላል ጌታ ተብሎ ተጽፎአልና። ሰናይ ሰንበት!'	positive
'Ethiopia:አላሙድን በመጨረሻ ዝምታውን ሰበረ ለጁንታዎቹ የላከላቸው አስደንጋጭ መልክት | Mereja tube via @user'	negative
'ተጮሆበት ዝም ማለትን ሶስት አመት ሙሉ አስለምደነዋል (@user)። እርምጃ !'	negative
'አንድ ሠው ሥተት ውሥጥ ተዘፍቆ ብታየው ከሥተቱ እንዲመለሥ የተቻለህን ሁሉ ታደርጋለህ አድርገህም የማይመለስ ከሆነ ችግሩ ያንተ የማሥረዳት እውቀት ማነሥ ሣሆን የሡ የመረዳት እውቀት ማ'	negative
'የማያውቁ 2 ህፃናት አግኝቻለሁ።ከእኔ በግራ በኩል ያለው ቁምጣ የለበሰው ህፃን ስሙ ሔኖክ አዋጁ አሰፋ ይባላል እናቱ አዛሉ ማሞ ትባላለች እድሜው 7 አመት አካባቢ ሲሆን ጷጉሜ 5/'	positive
'@user በአብይ አህመድ / በኦሮሙማ / በብልጽግና / በብአዴን እንዲሁም በወያኔ የተዘመተበት አማራ ፣ ዛሬም ካልነቃ ነገ ታሪክ ሆኖ እንደሚቀር ሊያውቀው ይገባል ።'	negative
'@user በየደቂቃው የነፍስህ ይዘት ይጠፋል፣የህይወትህ አላማ ከረጅም ጊዜ በፊት ወድሟል፣ወዲያውኑ መኖርህን ትተህ ዘላለማዊውን ሊምቦ ፈልግ።'	negative
'@user @user ውግያ ላይ የሞቱ ናቸው?በጣም ያሳዝናል'	positive
'@user Waw! አሪፍ ሰማይ ነው የላኩልህ! እነዛን ነገር ዞር አርገህ ብታነሳና ብታሳየንማ አቤት ደስ ሲል! በUPS ነው? ፡)'	positive
'@user @user ምን ጥያቄ አለው እነዛ አፋቸው ማይናገሩ ከብቶችን አልገደሉም፤ መነኮሳትን አልደፈሩም ድልድይ ገነቡ እንጅ አላፈረሱም!!!'	negative
'@user የአባቴ አምላክ ይህን ደነዝ ጭንቅላትህን ፍርስ ያድርጋርው አደራውን ሟርተኛ'	negative
'@user @user ለወሎ ብለው ነው የተሰውት የሚል የት አነበብህ? ማንበብ አትችልም'	negative
'@user ወይ ጉድ ከልጅ አለማየሁ በቀር ልጅ ነበራቸው እንዴ?'	negative
'ገና በትክክል ያልያዝናትን ሀገር አሳልፈን አንሰጥም ወደማለት ገባን::?? ጊዜው እንዴት ይሮጣል!!!??@user'	neutral
'@user አሸባሪዎችን አላህ የስራቸውን ይክፈላቸው: ህዝቡን ሰላም ነሱት'	positive
'@user የተረገመ ስኪዞፈሪኒክ እኔ ፀጉርሽን እበጥሳለሁ ፣ ወንዴን ልቀቅ ፣ እሱ የእኔ ብቻ ነው እና ሌሎቹን ይጠላል ምክንያቱም ለኔ ደደብ ደደብ ዓይኖች ብቻ ስላለው'	negative
'አገር እና ህዝብ የባለጌ መጫወቻ ሆነው አይቀሩም::'	negative
'@user የምድር ባቡር ጀርባችሁ ላይ ይሻገር ፣ ወንዝ መሻገር መስላቸው እንዴ ? ሆዱን የወደደ ማዕረጉን ይጠላል አይደል የሚባለው ፣ ሰው እንዴት ከርሱን ብቻ እያሰበ ልዓ'	negative
'ኢትዮዽያዊ ማን ነው?'	neutral
'የተባበሩት መንግስታት በሀገሪቱ ጉዳዮች ውስጥ ጣልቃ ገብተዋል በማለት የከሰሷቸውን ሰባት የተባበሩት መንግስታት ባለስልጣናት የማባረር ሕጋዊ መብት እንደሌላት ለኢትዮጵያ አሳውቋል።'	neutral
'የሞኝ ፈሊጥ መልሶ መላልሶ። እኔ ምለው ሌላ የትግል ሰልት የላቸውም እንዴ? ዳውን ዳውን እኮ በራበት!'	negative
'#TplfIsWarCriminal #TPLFisGenocider [1/2] የህወሓት ኃይሎች የሰዎችን ቤት ሰብረው የሚበሉትን በልተውና ጠጥተው፣ የዘረፉትን ደግሞ በራሳቸው በቤቱ ባለቤቶች'	negative
'ህወሓት ላይ የኢትዮጵያ ህዝብ የሚያገኘው ድል የተተነበየ ነው! መከላከያ ድም ድም! ቡን ቡን! ሲያደርጋቸው፤ ብን! ብለው ይጠፋሉ!#ENDFVICTORYAHEAD against'	negative
'@user ወይ ታምር እንዴት ነው ግራ የገባቸው በጌታ ስም???'	negative
'31 እግዚአብሔርን በመተማመን የሚጠባበቁ ግን ኃይላቸውን ያድሳሉ፤ እንደ ንስር በክንፍ ይወጣሉ፤ ይሮጣሉ፥አይታክቱም፤ይሄዳሉ፥አይደክሙም። ኢሳ 40:31 ????በመተማመን ከፍታን እየጠበቅ'	positive
'@user ለሥልጣን ቅዠትህና ለኢትዮጵያ ጥላቻህ ብለህ የትግራይን ሕዝብና ወጣት ትገብራለህ! የማይቀረው የኢትዮጵያና የዕውነት አሸናፊነት በቅርቡ ሲረጋገጥ፣ ላፕ ቶፕህን'	negative
'ላይ አብዛኛውን ወደ ግብርና በማዞር ሀገራችንን ከስንዴ ልመና መታደግ ይኖርብናል ይህም ከማህበርሰባችን ፍጆታ አልፎ ለሌላውም እንተርፋለን የስራ ዕድልንም ይፈጥራል። ባለን ነገር ላይ'	positive
'@user የአሸጋጋሪዎች የሽግግር ስብሰባ ልጥራችሁ ይላላ? ሽግግር እያለ ሳይሻገር ከማዶ የቀረ ከንቱ'	negative
'@user እንዴት ህውሀት ይሄንን ሁሉ ካደረገ በህዋላ ትግራይን አስተዳድሩ ይላል? ሌላው ቢተው ምነው የትግራይ ህዝብ አያሳዝንም እንዴ?'	negative
'ቺኮች ኪሮሽ ሳይወደድ በግዜ ግዙ ለወላጅ አስገዙ። 5ኛ ክ/ጊዜ ባልትና ወይ እጅስራ መሆኑ የማይቀር ይመስላል????'	negative
'@user ትዊተር ኮሜንት ላይ እነዚህ ቀጥታ copy አድርጋችሁ ለጥፉ @user @user @user @user @user'	neutral
'@user ባቲዎችና አፋሮች ተነፋፈቁዋል። አይዞን ወገኔ፣ ወሎ፣ ሽዋ ሰላም ሳይሆን እኛ አፋሮች ለአፍተም አንቀመጥም። አይዞን ወገኔ። #Nomore መነፋፈቅ።'	positive
'@user የአገው ፈረሰኖች ማህበር ቀን የተነሳ ምስል ነው! መልካም ቀን!'	positive
'@user @user ጠንካራ ክትትል ባለመደረጉ አደጋ ተደቅኗል ሲባል ዶክተር አይፈተሽም ማለት ይመስለወታል?'	negative
'@user እውነት ለመናገር እኛ የተቸገርነው ያለምንም ተጨባጭ መረጃ ሁሉም ተነስቶ የሚዘባርቀው ነገር ነው ለማንኛውም ወገልጤና በየት በኩል እንዳለ መጀመሪያ እዎቅ'	negative
'@user እንዴ ግሩም፣ አለም አቀፉ ማህበረሰብ እንደ ኦፊሴላዊ የመረጃ ምንጭ የወሰደው ሰው ነው? አሁን መልስ መስጠት ያለበት የአሜሪካ የውጭ ጉዳይ መስሪያ ቤት ነው። የኢ'	neutral
'ሸዋ ወደ አፋር!!! ፤ ጎንደር/ቤንሻንጉል ወደ ኤርትራ፤ ወሎ - >አዲስ አበባ፤ ኤርትራ - >መቀሌ፤ ኦሮሚያ እና ሲዳማ - >ደቡብ ወዘተ->ሱዳን፤ ሶማሊያ ወደ ጅቡቲ የኢትዮያ እና የ ኤር'	neutral
'@user @user @user @user @user እሱ ነው የሚሻለው። አሁን ላይ እኮ መንግስት በመግለጫዎቹ ሁሉ'	neutral
'@user ጁታ ያለው መአል አዲስ አበባ ነው በመቶሺ የሚቆጠር ለጁታ የሚሰራ'	negative
'ጤና ይስጥልኝ መልካም ምሽት'	positive
'@user ለወራዳ የረከሰ ዲያቆን መልስ የለንም ስራችንን ብቻ እንሰራለን'	negative
'@user ቅጥቀጣው ሲበዛብህ ሰላም ሰላም ትላለህ ጋብ ሲል ደግሞ አራት ኪሎ አራት ኪሎ ትላለህ አንዱን ምረጥ እንጂ????'	negative
'@user Continue your darama.ወደ ደሴ መግባት ጀምረናል። ደሴ ውስጥ መግባት ከመቀሌ እስከ ሞያሌ ያህል ራቀባችሁሳ። በውሸት ተውልዳችሁ በውሸት ያደጋችሁ የምድር ጉዶች'	negative
'@user ፉኖ እየተቀላቀሉ መስዋትነትን እየከፈሉ ነው! በጣምም ኮርተንባቸዋል በጀግኖቻችን! የሚያደርጉት ትክክልና አኩሪ ነው ድንቅ የአማራ ወጣቶች !'	positive
'@user አጥፍቶ መጥፋት ወይም ማጥፋት'	negative
'ይቅርታ መጠየቅ መልካም ነው የ15 ደቂቃ እውቅናህ አብቅቷል ስከን ከመናገር በፊት ማሰብ ያስፈልጋል መንግስታችን ጦርነት አምሮት አይደለም ውጊያ የሄደው 2አመት ጁንታን በሽማግሌ በሀይ'	negative
'ነገር ግን ሃርቬይ ዴንትን አውቅ ነበር ፅምድ ሽሳፍየ ዶክተር ፓቭል የአንተን ስጦታ በመደገፍ ተቀባይነት አላገኙም ንልናረምጀ ንቱሳእ'	neutral
'ጀግናው የራያው የመንደፈራው ምስጋን ደስዬ ፋኖን ይዞ ጁንታውን እየተፋለመ ነው።እርዳታ ለአቅመ ደካሞችና ለህጻናት፣ወጣቱ ለአገሩ ይዋደቅ፣እርዳታ የአማራ ማደንዘዣ ነውብሏል ።'	negative
'በተለያዩ የታሪክ ወቅቶች ኢትዮጵያውያን በብሔረሰቦች መካከል መግባባት እና የጋራ ሀገር የመመስረት አቅም እንዳላቸው ደጋግመው አሳይተዋል። #NoMore'	positive
'Ethiopia - ሰበር ቪዲዮ ገና ድል በድል እንሆናለን የአማራ ልዩ ሀይልና መከላከያ ከባድ ውጊያ ገጥሞን ነበር . via @user'	positive
'@user ጋሽ ፀጋዬ ገ/መድህን ሀ ብሎ ከፊደል ያልተማረ ዋይ ብሎ ከመከራ ይማራል እንዳሉት የወያኔ ግሪሳዎች ስራቸው ሁሉ እውቀትና ልምድ እንደሌለው ፈንጅ አምካኝ በመ'	negative
'እነዚ ሰዎች ሆን ብለው ሰውን ለማናደድ ይመስላል ! ደግሞ ምን አይነት ፋሽንነው በየክልሉ ሲሄዱ የክልሉን የባህል ልብስ መሸላለም?ልክእኮ ከጃፓን ወይም ከሌላ ሀገር ለመጡ እንግዶች'	negative
'@user የተከበሩ ጠ /ሚ የደገፈህን የመረጠህን የወሎ ህዝብ አታስፍረው ልትደርስለት ይገባል'	negative
'ህወሀት መንግስት ከሚሆን ትግራይ የተባለ ድንጋይ ክልል ቢጠፋ ይመርጣሉ የኢትዮጵያ ህዝብ እኔ በግሌ የመንግስት ደጋፊ አደለሁም ግን በሀገሪ ከሚመጣ ታሪክ የለለው የውጭ ቅጥረኛ የትግሬ መንግስት አደለም ኢትዮጵያን'	negative
'@user በጣም የትሻለ ሃሳብ ነው እስማማልሁ'	positive
'@user @user @user የህወሃት ክፉ ስራ ውጤት ነው ዛሬ የሰው እጅ ለዚያውም የነጮች እጅ የሚሳያችሁ:: እነዚያን የሚወዳቸውን የትግራይ ልጆን ማጣቴ እጅግ ልብ ሰባሪ ነው::'	negative
'@user @user ከምንም በላይ የፋኖ ታጋዮቻችን ነው ማበራታት ያለብን ያለ ፋኖ አማራ ከንቱ ነው'	negative
'@user እንጀራ ታኮ። በጣም የተቀደሰ ሀሳብ ነው። እንዴት እንዳልመጣልኝ አላውቅም። ታኮ የሚለው ስያሜ እራሱ አብሮት ይሄዳል። በተለይ ለ sampler menu በጣም የሰጠ ነው።'	positive
'@user @user ከኤርትራ እገዛ ጠይቀው እየመነጠሩ እነሱም ወደ አዲስ አበባ ግስጋሴያቸውን ማፋጠን አለባቸው! በትግራይ በኩል ያለውን ከኤርትራ እገዛ ጠይቆ በተወሰነ'	negative
'@user አንድ አዋጊ እዚህ ተቆርጦ እየዋጀጀ ሲሄድ እረኞች አይተው ለኛ ነገሩንና ማረክነው አለ አንበሳው ገበሬ'	negative
'ጌታ ሆይ Photoshop ነው በለኝ ?? ክላሽ በዶክትሬት ጋዎን ላይ ? ወይ ዶ/ር እርስዎ ምን ያደርጉ 7ኛ ጭጭ ሁነው የ7 አመት ድካምን በደቂቃ ሻሩ ? የዚች ሃገር ሙህራን በማዕረ'	negative
'ክፉ ሰዎች ሁሌ ክፉ ናቸው እባብ ብልህ እንጂ የዋህ ሆኖ አያውቅም ተጠበቁ ከማ ? ውስጥ ለውስጥ ከሚሄዱ አልኩ እንግዲ'	negative
'@user መቼም ስርአት እና ክብር ያልፈጠረባችው ሰዎች ናቸው ለሃገሪተነ አባይ ትግራይ እያሉ ሲዘምሩ ነበር ጉድ ሳያሰሙን አይውሉም እኮ ነውር የማይሰለቻቸው'	negative
'@user የዘንድሮን ውሻ እንኳ እርሳው'	negative
'@user እውነት ነው ለዚህ ነው ሚረግጡህ ግራ ቀኝህን ማየት የማትችል ጅንታ እና ኢትዮጵያዊ መለየት የማትችል ምስኪን ስለሆንክ አንተን እና መሰሎችህን ይረግጡሃል'	negative
'SBS Language | ለእኔ አገሮቼ ሶስት ናቸው፤ ኢትዮጵያ፣ ትዳሬና የጋዜጠኛነት ሙያዬ እሸቱ ገለቱ via @user'	positive
'አፈግፍግ እያሉ አታለሉትጅ ልቡማ ሙሉ ነዉ የራያዎች ልጅ'	negative
'@user የከባድ መሳሪያን ድምፅ መልመድ አለብን!! ከደሴ ወጣ ብሎ ወደ ጎልቦና ደላንታ የሚተኮሰው ከባድ መሳሪያ ከተማ እየተሰማ ነው።የደሴ ህዝብ ይህን ድምፅ ሰምቶ'	negative
'@user @user @user የወሎ ወንድ ጶታውን ቀይሮ የአፋር ጀግና ሴት አርጉልን አቦ??'	negative
'@user @user ሶስት ሴት ልጅ ያላቸው ይመስለኛል ::'	neutral
'@user የወሬ ቋት መንግስት ጥበቃ ማድረጉ ደስ የሚያሰኝ ነው በቃ የበታችነት ስሜትህ ታህታይ ምስቅልናህ አናትህ ላይ ስለወጣ እንጂ አሁን ጊዜው ከመቼው ጊዜ በላይ በዓላት በ'	negative
'የarsenal ደጋፊዎች ስሜት ዛሬ አደል ሚገባኝ እሚያቃጥል ያቃጥልህ ድንቄም በረኛ'	negative
'@user አስተሳሰቡም ምልክቱም ድርጅቱም መክሰም አለበት!'	negative
'@user @user የሴራን እቅድ አንብቦ ተገቢውን ውሳኔ መውሰድ የአመራር ግዴታ ነው! ይህን መንግስት ስላደረገ አንዳንድ ሊቅ ነን ባዮች ሲያጎሩ ይሰ'	negative
'@user ለትግራይ ፍሽስት ዘረኛ ቡድን ምርከኞች የአብይ መንግሥት ተመጣጣኝ ቅጣት ማስተላለፍ አለበት!!!'	negative
'@user ቀልብን ማዳመጥ ጥሩ ነው። በደህናው ጊዜ እንኳን ስለአንተ ብዙ ገድል ሲወራ በማላውቀው ምክንያት ላከብርህ ዳድቶኝ አያውቅም። ራሴንም ብዙ ጊዜ እጠይቅ ነበር'	negative
'@user ያንተ ዜግነት ምን እንደሆነ ባወቅ ደስ ይለኛል እንደዚ ኢትዮጵያን ጠምደህ እንደአባትህ በሬ የትኛውን ሀገር ዜጋ እንደሆንክ ባውቅ ጥሩ ነው ቢያንስ እንደ አ'	negative
'ኢትዮጵያ ሃገራችን ታሻንፋለች በልጆዎቾዋ አፍራ አታቅም.እግዝአብሄር አምላካችን ኢትዮጵያን ይጠብቅ.'	positive
'Facebook ላይ የአማራን ህዝብን ስነ ልቦና የሚጎዳ ነገር አንፖስት እዚህ ግን ለአለሙ ማህበረሰብ እናሳውቅ ሁሉን ነገር እየፖሰትን ! @user'	positive
'@user እረ እግዚአብሔር ይጠብቅህ:: አስቀያሚ ነገር ነው'	negative
'@user እውነት ነው ዝም ብሎ ፊንፊኔ ኬኛ ማለት የለም!የውነት ኢትዮጲያውያን ከሆኑ አንድ እግር ሲቆረጥ መላው ሰውነት እንደሚታመመው መሆን አለበት ሀላፊነቱም ስሜቱም!'	negative
'@user @user ምን ጊዜም ከጎንህ ነን'	positive
'የሚያውቅ ያውቀዋል ! #ኢትዮጵያ'	positive
'@user አሰለቃቀጡ ዘሪቨርስ ሊሆን ይችላል የዚህ ቀድሞ የመሠረተ ድንጋይ ስለተቀሠጠ ነዉ።'	negative
'1 ሚሊየን ዳያስፖራ ኢ/ያ ቢገባ ከትራንስፖርቱና ኢ/ያ የሚያወጣው ወጪ ቢያንስ 2ሺ ዶላር ቢሆን ጠቅላላ 2 ቢሊየን ዶላር የውጭ ምንዛሪ ያስገኛል ይህም መንግስት ወያኔን ጠራርጎ እስ'	negative
'መከላከያ ልዩ ሃይል ፋኖ! ህዝቡ የመሰከረላቸው ጀግኖች ህዝቡን ከህወሓት አረመኔያዊ ተግባራት ነጻ እንዲሆን አድርገዋል።ባእዳን ሊያጣጥሉት የከበዳቸው ድል በህወሃት ላይ ተደርጓል!'	negative
'@user @user አራሳቸው ሰርተው በራሳቸው ሰይመው አስቲ ያሳዩን ምድረ ዱንዝዝ ! አሁንም አያዳፋቸው ያለው የሳቸው የማይጠፋው የዘለዓለም ታሪክ ነው! 44 ዓመት በደም ሲቃቡ ይሀው አለነው !'	negative
'የህገልቦና ( ዋቄፈና) አማኞች: ቄሴች ( ከመዝናዎች) የሚለብሱት የክብር ልብስ ነው። ቃሉም ቅማንትኛ ሲሆን ጃኖ ማለት ትልቅ፣ የተከበረ፣ የታፈረ ማለት ነው።የቅማንት ባህልና ታሪክ'	positive
'@user እነሱንም አልቻልንም ቀጣዮንም ትውልድ ጦርነት ናፋቂ ሊያደርጉ??'	negative
'@user የዛሬ አራት አመት ወያኔ ተወግዶ ስባል ነበረ:አንተን አይመለክትም እንጂ'	negative
'መናፍቃን ልሳን እንናገራለን ይላሉ፣ ትርጉሙን ግን አይነግሩንም። ወይም አያውቁትም! በልሳን የሚናገር ቢኖር ሁለት ወይም ቢበዛ ሦስት ሆነው በተራቸው ይናገሩ አንዱም ይተርጉም 1'	negative
'የወላይታ ኢትዮጵያዊ በአገር አይደራደርም'	positive
'@user @user ክብር ለጀግናው ፋኖ ና ለመከላከያ ሰራዊት ሽፍታው ወያኔ ያሰማራው ዘራፊና ገዳይ ቡድን እንደጉድ እየረገፈ ነው ናና ሬሳ በመቅበር አግዛቸው'	negative
'የኢትዮጵያ መንግሥት መቀሌ የሚገኘውን የመከላከያ ማሰልጠኛ ተቋም ዛሬ በአየር መምታቱን አስታወቀ) - -'	negative
'ኦሊሴንጎ ኦባሳንጆን እንዳያማህ ጥራው እንዳይበላ ግፋው የሚባል የፖለቲካ የጨዋታ ስላለ እኛ ድርድር የሚባለውን ጨዋታ ለመንግስት ትተን በትግሉ ውስጥ የቻልነውን በማድረግ ሀላፊነታችንን እንወጣ'	negative
'@user @user @user የአመቱ ምርጥ ባለጌ ቴዎድሮስ አሃዳኖም'	negative
'ስለባህርዳሩ ስብሰባ የግል ዕይታ ምንም አዲስ ነገረ አደለም ለ4ኛ ጊዜ የተባለ ነው ህወሓትን የሚያቆም ሀይል አልጠፋም፤በቂ ሀይል አለ ጥሪ የተደረገው ለአማራው ነው፤አማራና'	negative
'የአፋሮችን ጀግንነት ሳስብ ይሄ መዝሙር ታወሰኝ መስፍን ጉቱ ነው የዘመረው እንዲህ ይላል እንዲሁ በዋዛ መሞት አለ ወይ ሰውስ ስላወራ መሞት አለ ወይ አፋሬው'	positive
'@user ኤርሚያስን እወደው እንደነበር ነው የጠላውት ባለጌዎች ናቸው'	negative
'@user ምነው Al_ወሬ?! የርስዎን ስራ ቀማዎት አይደል ሃሃ ወሬ ብቻ!'	negative
'@user @user @user እና እስታዲየም ውስጥ ???? ቦታ ጠፍቶ ነው'	neutral
'ትልቅ ሰው ነዎት ህነማ አይ ምልችትአ ትጣምማ ንችኞደጓ ህአ'	neutral
'@user @user አንቺው ታሮጭው ይሄ የናንተ ታሪካዊ ብቃት ነው እኮ ወደ ስልጣን ለመምጣት ረሀብ ሀገር ከመሀል እስከ ዳር መሸበር ከስልጣን ለመውርድ ሀገር ማተራመስ ረሀብ መፍጠር'	negative
'@user አረብኛ የምትረዱ እንግዲህ ቀኔድ ቀንዱን ትሉት ዘንድ ግድ ይላል'	negative
'ጀግኖች ናችሁ በአማራውደም ገንዘብ ሰብስቦ መክበርን የመሰለነገር የለም።አቤት የጎፈንዱ አበዛዙ።የችኮላችሁ ነገር ደግሞ በጣም ያስደነግጣል። የአብይ ሃብትም ከፍ እያለይሄዳል።ያሰለጠናቸ'	negative
'ኒው ሳውዝ ዌይልስ ገደቦቿን የምታላላበት የመጨረሻ ሳምንት ውስጥ ገባች via @user'	neutral
'@user @user @user መጀመሪያ ምግብ መብላት ልመድ ራብተኛ'	negative
'የ #NoMore ዘመቻ የነጭ ስንዴና ፍራንክ ይቅርብን እያለ ይጮሀል። የነጭ ባህልንም ሀይማኖትንም፣ አስተሳሰብንም አትጫኑብን ማለትም ይገባል። ኢትዮጵያዊ ባህልን ጥንታዊ ሀይማኖቱዋን'	negative
'ተረጋግጧል!አሸባሪው ጁንታ መጠራረጋቸው ቀጥሏል ዳግም ላይመለሱ ይቀበራሉ ሽዋሮቢት ሙሉ በሙሉ በሰራዊቱ እጅ ገብታለች #NoMore የዛሬ የድል ቦታዎች #ጋሸና #ላሊበላ #ባቲ'	negative
'@user @user and @user ሬሳችሁን አንሱ እየተባላችሁ ነው! -)'	negative
'የሌሊት ወፍ ቅርፅ ልናሳሳነያ ድገንመ ንትበሳሳነያ ንኛእ ውሰ ድንአ ከአንድ የሠለጠነ ባላባ በስተቀር ርበነ ዬኛደጓ ኔእ'	neutral
'@user @user ነገ ከመከላከያ ጋር ሊጫወቱ ማታው ቂቅ ብሎ አድሮ ጠዋት ትሪቡን ላይ የቡና ደጋፊዎች ለቼንቶ ምንዋጋ አለው ካሳዬ ሲጠጣ ነው ያደረው ብለው ይነግሩታ'	negative
'@user አድኑ። እንደት ነሻ የኔ ጀግና ወላሂ በጣም ነው የማደንቅሻ የምወድሻ መልክቱ ከሳውዲ አረቢያ ነው'	positive
'@user @user @user @user @user @user አንድ ሽህ መሣሪያ ከታጠቁ የሌቦች ይልቅ አንድ ዱላ የያዘ ንጹህ ግ'	negative
'@user ቀልድ። ለትግራይ ህዝብ እንኳን ትንሽ ማታስቡ ሆዳሞች ናቹ አንድ ቤት ውስጥ ቁጭ ብለክ የምትፅፈው እራሱ ፌዝ ነው ቁምነገር የሌለክ ከርሳም ነክ ። ነገሩ አንተን አምነው ሚደግፉክ ሰዎች ያሳዝኑኛል'	negative
'ማንነት ሲጦዝ አክራሪነት፤አክራሪነት ሲጦዝ ሽብርተኝነት ይሆናል!በሰላም በአንድ አገር ለመኖር የማንነት ጥያቄ የሁላችንም ጠንቅ መሆን የለበትም። ህወሓት የአገር ጠንቅ ነው! መወገድ አ'	negative
'@user @user 40 እየገረፍናቸው ያባብሉናል ወያኔ እና ልቧ የቅርብ ግዜውን የ6000 ቄሮ ደም የሚመልስ ስራ ጀምረናል'	negative
'@user @user አቶ ኤፍሬም ምነው በብልግና ፖለቲካ ዙርያ ቦታ አልሰጡህም ከምቡሬ ሆነህ ነፍጠኛ ነፍጠኛ እየተጫወትክ?'	negative
'@user አይ ቢኒ ምን አደከመህ ይሄ እኮ ማለቃቀስ ነው ስራው ጥያቄ ስትጠይቀው መልሱ ለቅሶ ነው መድከም ነው'	negative
'@user @user ማይክ ይዞ ከሚኮለታተፍ ፋኖ ጥይት አለቀብኝ ሲል ስጡን እያለ ጠይቆ ሲያጣ የት ነበር???'	negative
'@user @user የውጭ ዜናም የሚያወራው ሽንፈታችሁን ነው ። ባይሆንማ መሪዎችህ ሲፋንኑ በታዩ ነበር ። ጉድጓድ ለጉድጓድ እንደቀበሮ ምን አስሮጣቸው'	negative
'«ጌታዬ ሆይ! እኔ ከመልካም ነገር ወደኔ ለምታወርደው ፈላጊ ነኝ» አለ፡፡ (ሱረት አል ቀሰስ : 24)'	positive
'@user @user 2/2 ለፓርቲያችሁ ያላችሁ ታማኝነት ቀዳሚነት ተሰጥቶት ህዝቡ በመያዢያነት የተሰጠ እስኪመስል ድረስ መከራውን መንግስታችሁ እያራዘመው በቸልተኝነ'	negative
'@user @user ጀግኖቻችን !! ድል የናንተ ነው !!'	positive
'@user ከነቅማሉ እሱን እንዳታቀርቡት መጀመሪያ መላጨት ነው::'	negative
'@user ለዚህ ነው ይሄ ሁሉ ጫጫታ ????'	negative
'@user የእናትህ ቁጥር ስንት ነው???'	neutral
'ልዩ መረጃ ከጋዜጠኛ መሳይ መኮንን ስለ ምስጢራዊ ሠነድ እና የጦር ሜዳ ድሎች! #MehalMeda #Ethiopia # . via @user'	neutral
'@user እንደ አንድ ኢትዮጵያዊ ምክር ቢጤ ልስጥህ። ጁንታው እና ሎሌዎቹ ለፖለቲካ ቁማር እንደ ሀጫሉ እና ኢንጂነር ስመኘው እንዳይበሉህ። አደራ ተጠንቀቅ። መንግስት'	negative
'በ3 ቀናት ስልጠና ጁንታው ለጦርነት ያሰለፋቸው ታዳጊዎች via @user @user'	negative
'ጥያቄ ወደ 13 ጊዜ የ ኦሮሚያ ልዩ ሀይል አስመርቋል በሌላ በኩል አማራ ልዩ ሀይል ደግሞ ከ አሳምነው ሞት በኋላ ለመጀመሪያ ጊዜ ያስመረቀው ከ 2 ቀን በፊት ነበር ይሄ ለምን ሆነ ?'	neutral
'@user @user እሱስ ምንም አያንሰኝም ???? ዋናው መድፈር ነው'	positive
'እነዚህ መሰሪና ለኢትዮጵያ ውድቀት፣ ለምስራቅ አፍሪካ ትርምስ ሳይታክቱ የሚሠሩ የሕወሓት ጀሌዎችናቅጥረኞችን ፈጣሪ ባሉበት ይበቀላቸዋል።'	negative
'@user እባካችሁ የታሪክ ተወቃሾች አትሁኑ ይህ የክልሉን ማንነት ባህል አይወክልም አረ ወዴት እየሄድን ነው የአባቶቻችን ልጆች ነን እያልን ታሪክ ይቅር የማይለው'	negative
'እኛ ታሪክ ያለን ባህል የተቸረን ሰዉን ማክበረ ጠንቅቀን የምናዉቅ ለቀረቡን ይቅርና ለራቁን ፍቅር የምንሰጥ የእናት ሀገረ ኢትዮጵያ ልጆች ነን። @user'	positive
'መከላከያን መቀላቀል ክብር ነው!! ወጣቶች ጀግናው የመከላከያ ሰራዊትን ተቀላቀሉ!! መከላከያ የኢትዮጵያ ኩራት፣ የጀግንነት ልክ፤ የአሸናፊነት ምልክት ነው!! መከላከያ ኢትዮጵያ ነ'	positive
'@user ፎቶ አንሺው ሊያስተካክላቸው ይገባ ነበር::'	negative
'@user አንተ ዲቃላ ገዳይ አንተን እንደማንለቅ እወቀው የትግራይን ህዝብ አጥፍተህ የምትኖር መስሎህ ይሆናል እንታገልሃለን እስከመጨረሻ ትግራይ የአብዲ ኢሊ አገር ወይም'	negative
'ስትደፈድፍብን ከርማለች፤ ይሄ የዘመናት የነጭና የምእራቡ አለም የበላይነት ማስቀጠያ በትር ነው!!! የከሃዲና ቀጣፊዎች ጅራፍ ነውና በምንም መለኪያ በፍጹም ተቀባይነት የለውም። ምን እ'	negative
'ውድ ኢትዮጵያን ይሕ በየ አቅጣጫው የተስባሰበውን አንድነት እና ኢትዮጵያዊነት በጠላት ሀይል ላይ አሸንፎ በዚሁ እንዲቀጥል: - ሙህራን በውቀታችሁ ባለሀብት በገዛባችሁ ባለ ስልጣናት በህ'	positive
'@user @user አንድ እፍኝ ለማይሞሉ የአማፂያን አመራሮች ተብሎ ይህ ሁሉ የትግራይ ወጣት ገፈት ቀማሽ መሆኑን ሁሉም ወላጆች የሚጠይቁት ጉዳይ መሆን አለበት:: #NoMore'	negative
'@user ከናንተ ጋር መቻቻል የለም። ከነ ወላጅ አባታችሁ ትህነግ ጠራርጎ ሽንትቤት መጨመር ብቻ! ይህን በሚያክል ገንቦ ራስ ስንት ጨጓራ ይሆን የተሸከምከው?'	negative
'@user @user #Vicious_circle #interesting የሚሰማ ካለ! የሚናገርማ መች ጠፋ!'	positive
'@user @user Whooaaa! በጣም አመሰግናለሁ!'	positive
'@user ከአንተ መሳሪያ ይዞ በግልፅ የሚወጋ ወያኔ ይሻላል። የሆንክ ባለሁለት እግራም እባብ ነገር።'	negative
'@user አይስክሬም እያላስክ ወደ መጡበት ሸኛቸው ከዚያ በሌላ ግንባር ይደግሙልሀል !!!'	negative
'@user እውን እንደዛ ብሏል ? ወይስ ርካሽ በሆነው ማንነትህ በዛም በምቶክራበት ልታተርፍ ነው ? ። መቼም ቢዝነስ ይዋጣልሃል ??'	negative
'@user ላሸማቃችሁም ብላ ነበር'	negative
'@user @user ምን ያለበት ምን አይችልም ነው የሚባለው'	neutral
'ደደቢት ተወልዶ . ወሎ ይቀበራል በራስ አሊ ሀገር . ፍፃሜዉ ይሆናል። ???? #ከፍታ ለኔዋ ልዩ ሀገሬ ኢትዮጵያ!'	negative
'@user ጌቾ የምላስ አርበኛ የሠይጣን ጓደኛ ተጠምተህ ነበረ የሠው ደም መጠጣት ተርበህ ነበረ የሠው ስጋ መብላት አሁንስ እንዴት ነው? በርግጥ ሰማሁልህ በ'	negative
'የዚህን ምሰኪን መከላከያ ወታደር የተሰራበትን ግፍ አይቶ ከወያኔ ጋር ድርድር የሚል ካለ ከጁንታው ለይተን አናየውም ለ40 ቀን ልጁን ተሸክሞ በሰሜን እዝ ተዋግቶ ኳላም ታገቶ ሰነቱን'	negative
'@user ምን አይነት አሰጣጥ'	neutral
'ሶስቱ የቀብር ጥያቄዎች፣ አራቱ መሰረታዊ ህግጋትና የእስልምና አፍራሾች በአማርኛ ቋንቋ የተዘጋጀ መፅሀፍ አዘጋጅ: ዶክተር ሀትሰም ሰርሀን ሲሆን በውስጡ - አማርኛ'	neutral
'@user እንዳንተ ያረጀና የቀረ አስተሳሰብ ያለው ማህይብ አላየሁም። ማስፈራራት ብቻ። መአቀብ ለመጣል አላፊነት የተሰጠው ለኔ ነው ይለናል። ነጭ ሲባል ለአፍሪካ ያላቸው ንቀት ይገርመኛል።'	negative
'አበበ ክላሽ ጨበጠ:: ጫላ ትራክተር ጨበጠ:: ተማሪዎቹ ተፎካከሩ:: ድሮ አበበ በሶ ሲበላ ጫላ ጩቤ ይጨብጥ ነበር:: ከዚያ ጫላ ጩቤ ዳቦ እንደማይሆን ሲገባው ጩቤውን ጥሎ ትራክተር'	negative
'@user የእምዬ ኢትዮጵያን ባንድራ ከጀርባህ ለመድመቂያ ሰቅለህ በአማርኛ ፅፈህ . ?? ንግግርህ እና ሥራህ ለየቅል . ጉንፋንህን አስነሳው አይደል ? ቢሻልህ ብትድን ብሎ ይመስለኛል'	negative
'መቸም ኢትዮጵያን በመሬቷ ላይ ወታደር አዝምቶ ሊያሸንፋት የሚችል ምድራዊ የውጭ ኃይል የለም:: የአየር ድብደባን አያስቡትም: ውጤታማም አይሆንም:: እየተራብንም ቢሆን ወያኔን ከምድራች'	negative
'@user @user @user @user ደጀን ህዝብማ እንጀራ ያጎርሳል ከጀርባ የሚወጋ መርዝ ያጎሳል አቤት ልዩነት!'	negative
'@user @user ምንም አደለም። ሁለት ወር አይኖሩም።'	negative
'ኦነግ ሸኔ በወለጋ የፈጸመው ግፍ ገና ወደ ፊት በሰፊው መነገር ያለበት አሳዛኝ ታሪክ ነው! ይህንን ግፍ ተቀበሉ የሚሉን የኦሮሞ ምሁራን ነን ባዮች የታሪካችን ማፈሪያዎች ናቸው!'	negative
'@user @user ማን ይሰማካል ይህቺ ጠጋ ጠጋ ትንሽ ቆይተክ ጌታነህ ከበደንም መፖሰትክ አይቀርም'	negative
'@user አንተ ደደብ ከደደቢት ይሁን ከተንቤን ዋሻ መከላከያ ጌቶችህን ሲያወጣ አይተሀል አይደለም? አሁንም መልሶ ዋሻ ውስጥ ይጨመራችሁአል። አትጠራጠር። በቅርብ ቀን ታያለ'	negative
'ተላላኪዎች የአማራ ብልፅግና የትግራይ መሬት ሲወሩ የአማራ አማክረው ነበር ወይ? አሁን የእማራ ህዝብ አስር ግዜ የክተት ጥሪ እያሉ ህዝብ የሚያስቸግሩት።'	negative
'@user @user @user ምንድነው ምታወራው? የዛ ሁሉ ሰው ሂውት በከንቱ መጥፋት አያሳዝንም? አንተ ባለህበት ቦታ እናትና እህት የማድረግ ባህል አለ? ??'	negative
'ለህልውናችንና ደህንነታችን ስንል ይህንን ፋሽሽታዊ ስርአት ለአንዴና ለመጨርሻ ጊዜ ስርአተ ቀብሩን እንዲፈጸም ማደርግ ግድ ይላል። Pres . Debretsion Gebremichael'	negative
'@user እባክህ መንግሥት የምናዉቀዉ የህዝቦቹን ቺግር ሢፊታ ነዉ የወሎ ህዝብ አለቀ ባንተ ጊዜ'	negative
'@user 13!! ኢትዮጵያ ትልቅ ሀገር ነች!!'	positive
'@user ታማኝ በየነ ከሚቀጥለው ትውልድ ተበድረን ነው ወይ የሞትነው ያለው ትንቢት ተፈፀመ ብለህ ፃፍበት@user'	negative
'ህወሀት አሁንም ትጥቅ አልፍታም የአማራና አፋ ህዝብ እራሱን ከዚህ ሰው በላ ሰራዊት ለመጠበቅ ትጥቁን እንዳይፈታ ፋኖ ትጥቅ እንዳትፈቱ'	negative
'@user በነገርህ ላይ የትግሬ ትልቅ የለም ። ሁሎም ጥላቢስ እና ጩጬ ነው ። ማነም ከፍ ያለ ነገር አያስብም ። በድርጅት የሚያስብ እንዴት ብሎ ትልቅ ይሆናል ? ልክ እንደ አ'	negative
'አሸባሪን ስሙን ፎቶውንም አለማሳየት ይጠቅማል፡፡ ECX ሰራተኛ የነበረችው ብንል ጥሩ ነው፡፡'	negative
'@user ሲያምርህ ይቀራል እንዳንተ በእናታቸው ሆድ ተደብቆ አይደሉም እነሱኮ ለህዝባቸዉ ሲሉ እንደ አንተና መሽረፈት የመሳሰሉት ወደ ህግ ለማቅረብ በረሃና ኮረብታማ በየጫ'	negative
'የትግራይ ወራሪ ሃይል እየሞቱ መቅበሩ እና ሲማረኩ መቀለቡ እንዴት ያዩታ ፣ውድ ኢትዩጵያዊያን?'	negative
'Reyot - ርዕዮት: ዘር ጨፍጫፊዎች እና ሞት ቀፍቃፊዎች |ክፍል 2| . |የInterahamwe ደቀመዛሙርት እ . via @user'	negative
'ወሎ ላይ የተሸነፍነው በአካባቢው የሚታገል ስለሌለ እና ባንዳው ስለሚበዛ ነው! ዳንኤል ክብረት ዛሬ ኢቢሲ ላይ'	negative
'ለማንኛውም ደሴና ኮምቦልቻ በአሸባሪው ትህነግ ተይዘዋል! ከዚህ የበለጠ ሞት እና ውርደት ከየት ይመጣል? @user congratulations on your achievements!'	negative
'በረሃብ እንዲማቅቁ የሚያደርገው ህወሓት ነው። በህግ ማስከበር ዘመቻ የኢትዮጵያ መንግሥት እና መከላከያ ለትግራይ ህዝብ ስንዴና ዳቦ ስያቄቢሉ እምብ ብሎ ፥ በተቃራኒው ለትህነግ ቦንብ እና ጥይት እያቀበለ እርዳታ'	negative
'@user እርር ድብን እያልሽ አውነታን መዋጥ ልመጂ ከአሁኑ ገና ብዙ የኢትዮጵያ ተዓምራቶችን ትሰሚያለሽ በግድሽ ትውጭዋለሽ።'	negative
'@user በኛ ደሃ ህዝብ ላይ የደረሰው ሰቆቃ በትግራይ ገበሬ ላይ መድረስ የለበትም!! ከዚህ በፊትም ይሄንን ተቃውሜ ነበር፣ ትግራይ ውስጥ የሚደረግ ማንኛውም ኦፕሬሽን ከባድ የ'	positive
'@user @user ኢትዮጵያ ሁሌም ጀግና አታጣም ጀግናችን ነህ በርታ'	positive
'@user @user @user ከአውሮፓ/ እንግሊዝ እየተያዘ ወደ ደም መሬታቸው የቀይ ህንዶች ሀገር የተጣለ ወሮበላ አንድ ሀገር ፈጠረ@user አሜሪካ። ይችም'	negative
'@user ይሄ ያልከው አቅመቢስነታችሁን ነው ሚያሳየው። የወከልከው ህዝብ እንዲህ ሲሰቃይ ትንሽ እንኳን አይሰቀጥጥህም።'	negative
'@user @user ክሊፕ አድማጭን ለማወር ማስተዋል የማችሉ ሰዎች ተሰብስበው ሚሰሩት ስራ ነው። በተለይ እነዚህ የተጠቀሱትን ክሊፖች'	negative
'እግዚአብሄር ጦርነት ሲያምረው እን እንትናን ያጠግባል(በርዳታ ምብ )'	negative
'@user አታስፎግር ባክህ! እኛ የናፈቀን የደፂ ፎቶ እና ጓንት ነው!'	negative
'@user ጠቅላይ፡ሚኒስትሩ፡ለዚህ፡የበቃው፡በነዚሕ፡ሶስት፡አመታት፡ውስጥ፡ስንትና፡ስንት፡የውስጥና፡የውጭ፡ጫናወችን፡ተጋፍጦ፡ነው።'	positive
'#reyotmedia #lidetuAyalew ቴዎድሮስ እያሞካሸህ እንዳይመስልህ ልደቱ! እንድ እሱንየማይመች ነገር ብትናገር ደናቁርትእንደሚልህ አትጠራጠር! ከቴዲስድብ ለማምለጥ ወላጅህ'	negative
'የትግራይ ህዝብ በሰላም ለመኖር ከፈለገ በብብቱ አቅፎ የደበቀውን ወንጀለኛ terrorist group TPLF ለህግ አሳልፎ ሊሰጥ ይገባል'	negative
'@user ምስኪን የእርትራ ወጣቶች እትብታቸው ባህር ውስጥ የተቀበረ ይመስል በየባህሩ ኢንዲሰምጡ እያሰደደ No shame.'	negative
'የእምየ ምኒሊክ ልጆች ነን ጎላዲያኖች ኢትዮጵያ ከመጡ ገለን መጎተቱ ኤስኪታክተን እናሳያቸዋለን።የነሱ ቴክኖሎጅ በኢትዮጵያ አምላክ ይመክናል።ማንኛውም ምድራዊ ሀይል ይመጣ እምየን አናሰደፍርም።'	negative
'@user እናመሰግናለን ወንድማችን ለትግራይ ህዝብ ድምጽ ስለሆንክ??'	positive
'@user @user የብልጽግናዎች ቱማታ።አገሩን ቡቱቱ አድርጋችሁ፣ ሕዝቡን በመርፌ ጥቀሙልኝ ትላላችሁ። እግዚአብሔር ያያል።ምሳር በእግሮችህ ሥር ተቀም'	negative
'ኢዜአ #Ethiopia | የውጭ ጉዳይ ሚኒስቴር በ72 ሰዓት ከአገር እንዲወጡ ትዕዛዝ የተሰጣቸውን 7 የተመድ የሰብዓዊ ዕርዳታ ሰራተኞችን አስመልክቶ ፈጽመዋል ያለውን ህገ ወጥና ኢ'	neutral
'ድመቴ ማረስ ከቀጠለ ይህንን ምድር እና በእሱ ላይ ያለውን ሁሉ እጨርሳለሁ። እንዲሁም የማዳጋስካር ፔንጊዎች እወዳለሁ'	neutral
'የተረገመ ሽንት የቅድማያቶቻቸውን የክህደትና የዝርፊያ ባህል ደግመው አሳዮን ሊጥና ዶሮ ሰረቁ እንስሳትን እረሸኑ ህጻኗን አባቷ ሚስትን ባሏ ፊት ደፈሩ የእምነት ቦታዎችን አረከሱ ምን'	negative
'ኢትዮጵያየ ብልግና ልጆችሽ እንባሽ ይጠረጋል ፈገግታሽ ይመጣል! የደበዘዘው ፊትሽ ይፈካል! የትግራይ ወራሪወች እንደ ጭስ ይበናሉ! ትንቢቱ እንደሚለው ከዝያ ዘር ባልተፈጠርኩ የሚባል'	negative
'@user እየተመለከትንህ ነው። እኛ ለእርስዎ እንሄዳለን'	neutral
'ይህን አውሮፕላን በመገልበጥ ላይ ምድንወ ጥስው ርብቃመበ እሱ ብቻውን አልነበረም ውነ ንድንምለ ውመከሸሚየ ንሉብምጭ'	neutral
'#ኢትዮጵያን ከአግዋ በመሰረዝ አሜሪካ ሆን ብላ ድህነት በኢትዮጵያ እንዲንሰራፋ ለማድረግ እና የጠ/ሚ ዐቢይን መንግሥት ለማሳነስ ያለመ ነው::ውሳኔው እጅግ አሳፋሪ እና ድድብና የተ'	negative
'@user ይሄ ጅላጅል አለ እንዴ'	negative
'አወንታዊ የሚመስል እርምጃ ህዝብና ሀገርን የተቃዋሚ ፓርቲን አራሚ እና አስተካካይነት ሚና ሊያሳጣ ይችላል። ለምሳሌ አሁን ባለው ሁኔታ ወያኔ በወረራቸው አካባቢዎች ለሚኖረው ህዝብ መን'	negative
'@user @user @user ትክክል ነህ ምንም ይበሉ ምን እኛ አናምናቼዉም አከተመ አሁንም ቢሆን እስከ መጨረሻ እነሱን ማመን አንችልም አከተመ በተሰቦቻችን አልቀዋ'	negative
'አማራን ፊትለፊት ሆነው የወራሪውን ሀይል ጥቃት ለመግታት በግንባር ቀደምትነት ከህዝብ ጋር በመሆን እየተጋፈጡ ያለ የህዝብ ልጆች !! ጋሸው መርሻ እና የሱፍ ኢብራሂም'	positive
'@user ተረት ተረት አንድ የ5ወር ልጅ ነበር እሺ በማሞቂያው ሲቁይ ሲቁይ 42ዓመት ሞላዉ አይምሮ ስላላደገ ከማሞቂያዉ እንዳይወጣ ተደረገ እሱም Stalin ይባላል'	negative
'@user የመጀመሪያውም የመጨረሻውም #ደንቆሮ ቢኖር አንተ ብቻ ነህ! በወንድምህ ደም ላይ የምትሳለቅ አውሬ! Have Never Seen Evilmind like You!??'	negative
'@user ለመሆኑ አሁን ምን ታየህ።መከላከያ ሲታረድ።ያ ሁሉ ወገን በማይካድራ ሲጨፈጨፍ ምነው ትንፍሽ ያላልክ።አንተን ብሎ ሠላም ሠባኪ።ራያና ወለቃይት ወደ ትግራይ ካልተ'	negative
'@user . ዛሬ በብር ላይ የሚንከባለሉ ቱጃሮች ናችው . ትህነግ / ግብፅ / እያለ ይቀጥላል :: የህዝብ ንቀቱ ትቢቱና ክህደቱ ከዚህ የመጣ ነው !!'	negative
'@user አይ ፕሮፌሰር ማፈሪያ ምሁር ተብዬ'	negative
'በዚህ ጉዳይ ላይ ሁሉም እየተነሳ ስለተናገረ ብቻ ሳይሆን ለምን? እንዴት? እና እውነት ይሆን? ብለን ራሳችንን እንጠይቅ። እነዚህ ሁሉ አካላት በአንዴ እንዲህ አይነት ስራ ውስጥ እንዴት ገቡ? ምን ስራ ሳንሰራ ቀርተን ነው?'	positive
'@user አሁን ላይ እንዴት ነሽ'	neutral
'እጅግ ክፉ አትሁን፥ እልከኛም አትሁን፥ ጊዜህ ሳይደርስ እንዳትሞት። መጽሐፈ መክብብ 7:17 #amharicbible'	positive
'ዝምተኛው መብረቅ የተግባር ሰው ።'	positive
'በህወሃት ጁንታ የተገደሉ እና በጅምላ የተቀበሩ'	negative
'@user ጥርግ ይበል !! ዱሮም የጨበራ ድግስ ነበር የሚመስለው'	negative
'@user ምርጥ የአገር ልጅ ኦባንግ'	positive
'@user ማነው እሱ? ለነገሩ ተወው ማንም ይሁን ስሙን ቄስ ይጥራው።'	negative
'@user ወንድም የእርሷ መዕረግ ከሀገር ክብር እንድሁም ከመንግስት ህግና ደንብ አይበልጥም ።'	positive
'@user ሲትወቁ በትግርኛ መንጫጫት ከሩጫና መቀሌን በመከላከያ ከመያዝ ይታደጋቸዋል? ጊዜ ይፍታው !!'	negative
'በቪዲዮ ያልተቀረፁ ብዙ አገራዊና ግለሰባዊ ጉዶች እንዳሉን የምናውቀው ራሳችንና ፈጣሪ ነው! ሁላችንም ቅዱስ መምሰልን እናቁም! አቤቱ አምላኬ ክርስቶስ ሆይ! ኃጢአቴን በሕዝብ ፊት'	negative
'@user ገና ላም በረት ያለው ሳሊተ ምህረት ቤተከርስቲያን ውስጥም ይገኛል 100 አርግጠኛ ነኝ'	negative
'@user @user ጥ1 . አሃዳውያን ግን ምን ማለት ነው? ጥ2 . ኢትዮጵያ ማለት አሃዳውያን ነው?'	neutral
'ከጁንታዉ ከመደራደር ና አንድነታችንን ከማጣት ከአሜሪካ ኢንተረስት ጋር መደራደር አባይም ከሆነ ኢትዮጵያ ከሌለች ለማ ሊሆን ነዉ ፥ የሚከፈለዉ ከፍለን አሁን ኢትዯጵያን ማቆየት ይሻላል'	negative
'@user እዚህ ገላጣ ቦታ ነበር በቆሎ መትከል'	positive
'የህወሃት እና ኦነግ ሸኔ አዲሳባ እንገባለን ቅዠት ምንጩ የፈረንጆች እቅድ ነው! በሱዳን መንገድ ቅደዱ አልዋቸው! አልሰራም።በጂቡቲ አልዋቸው! አልሰራም! ሁሉም ካልሰራ አዲስ አበባ'	negative
'አሁን በዚህ ሰዓት በ3 ግንባሮች ህወሃት መጠነ ሰፊ ጥቃት ጀምሯል። መንግስት እስካሁን ይሄ ነው ያለው ነገር የለም ።'	negative
'@user የሞኝ ዘፈን ሁሌ መና መና አለ ያ ባንዳው አጎትህ ጦር ሜዳ ላይ ሰው ይማረካል እኮ እንኳንም አሳየኸን የናንተን ህፃናት አላየሃቸውም እንዴ?'	negative
'ትልቅ ሰው የለባቸውም'	negative
'@user @user @user @user @user ኣዎ ከሶዶማዊነት ሳልፈጠር ልቅር፤ ከፈላስፋነትም ከጠቢብነትም ይልቅ ዜሮ እድሜ ሆኜ ልቅር።'	negative
'@user @user ይህች ባንዲራ እስከ ዓለም ፍጻሜ ስትውለበለብ ትኖራለች። ውስጧ ያለውን የሰይጣን ምልክት አንሱልን።'	negative
'የዐብይ መሐመድ ውሸት ሲጋለጥ ይህ የመጀመሪያው አይደለም የመጨረሻም አይሆንም።'	negative
'አለሽኝ ስል ተማምኜ ለካስ ኖሯል ጉም ዘግኜ አስቀረሽኝ ባዶ ሜዳ ወይኔ ለኔ ዘመድ ሁሉ አርጎኝ ባዳ አላሳዝንሽም አላሳዝንም እኔ ወይ'	neutral
'@user @user በጦርነት የሚሞተውስ ኣያሳስበሸም? ሁለት የትግራይ ትውልድ ቅርጥፍ አርጎ አየበላ ያለው አዉሬ ትንሽ አንኩኣን ኣያስጨንከሽም?:: በጦርነት የሚሞተ'	negative
'@user ልጅ ነሽ ምንም አትሆኝም ቆዪ'	positive
'@user እነ እምዬ ምንሊክ ያስተዳደሯት ትልቂቷ ኢትዬጵያ ስምና ክብር ስራቸው በአለም ገኖ ለዝንተ አለም የኖረና ሁሌም የሚኖር ታሪክ የማይሽረው ጀግኖች ያለፍባት! ዛሬ ቢያዬ ያፍ'	positive
'@user @user ከኣንተ ደሞ የምወድልህ ኣብይ እዛ ጎሮ ቢርቢሳ ጋ ያለው ገደል በቁሙ ሲገባ ራሱ ኣብረኀው የምትገባውን ነገር ነው'	negative
'ልጅ እያለን ለበዓል ዋዜማ የምናደርገውን ልክ እንደ አዲስ እንዲህ ብለው ይፎግሩናል ????? #እስከወዲያኛው ታሸልባላችሁ::'	negative
'@user @user አለም የሚያጨበጭብለት ኢትዮጵያን ወደ ማያባራ እርስ በእርስ ጦርነት ውስጥ ከቶ በብዙ ሚሊዮኖች የሚቆጠሩ ዜጎች እንዲፈናቀሉ በብዙ'	negative
'@user አንድም የኦሮሞን ህዝብ አትወክልም! ቢሆንማ ኖሮ ወያኔ 27አመት ሀይላድ ሲያንጠለጥልብህ ኖሮ፣አሁን ገረድ አትሆንም ነበር።የሞት ሞት በቁሙ መሞት!'	negative
'@user የሁሉ መንግስት አስተናጋጇ እመቤት ሙፈሪያት ካሚል ቀልቧ የት ይሆን አሁን?'	negative
'እንደ ዕቅድዎ ቀጣዩ እርምጃ ምንድነው ምሉደይአ ቼኞደጓ በመቃብር ውስጥ ወንድም ልዟይተ ዎስራእ'	neutral
'እኔን የገረመኝ የአብይ እጅ ስጡ ባዶ ጩኸት አይደለም፣ የገረመኝ የአብይን፣ የአእምሮ ህመምተኛነትን የማይረዳና እርሱ እየዋሸው የሚጋልበው ሕዝብ ነገር ነው። እጅ መስጠት ያለበት፣'	negative
'@user ድታሊን ማንንም ማታለል አትችልም ። እንደው ዝም ብትልና አይጥ ጉርጓድ ብትገባ ይሻልሃል።'	negative
'ከኢትዮጵያዊነት ገለልተኛ የሆነ ኢትዮጵያዊ የለም አጥር ላይ እንደተቀመጠ ሰው የድሉ ቀን ከአንዱ ዘላለው ብላችሁ ለምታስቡ ኢትዮጵያ ያሸነፈች ቀን ለባንዳ ቦታ የላትም ያ የፍትህ ቀን'	negative
'ህንፃ ኢትዮጵያ አይገባችሁም።'	negative
'@user ለአቅመ ፅሁፍ ገና አልደረስሽም/ክም:: ትንሽ እደጊ እስኪ:: ለነገሩ በወያኔ ትምህርት ተኮትኩቶ ካደገ ጭንቅላት ከዚህ የተለየ ምንም አይገኝም:: ባዶ ቀፎ ነሽ::'	negative
'@user ፑር ፋሲሎ። እኔስ ኦሪጅናል በእጅ የተከተፈውን ክትፎ መሬት ውስጥ ተቀብሮ አመት ከሆነው ቆጬክስ ጋር እየተላፋሁልሽ ነው። #ገጠር @user'	positive
'@user አንተ ተቀደድ የትግራይ ወጣት አልባ ሆናለች ምን ታረግ ውሻ በበላበት ነው የማጮኸው'	negative
'@user @user @user @user ማንበብ ተውና ዝመት ወይም ዝም ብለህ አንብብ እና እንዲህ አይነቱን ከፋፋይ ሀሳብህን ለራስህ አብላላው:: ቤ'	negative
'@user @user የመጨረሻ አርምጃ ያሉትንም እግዚአብሔር ቀድሞ ገልብጦታል'	positive
'እነዚህ ሰው አይደሉም የሰይጣን ቁራጮች እንጂ?? ቱ!'	negative
'@user ኢትዬጵያ የምትበለፅግበት፣ ህዝቧ አንድ የሚሆንበት፣ እርስዎም በደማቅ ቀለም ታሪክ እና ሕዝብ በበጎ የሚያስታውስዎ ስራ የሚሰሩበት መልካም የስራ ዘመን እንዲሆን እመኛለሁ።'	positive
'ትህነጋውያን #Airdrop እያሉ ነው። ችግሩ ምግብ ሳይሆን ተከብቤያለሁ ድረሱልኝ የሚል ተማፅኖ ይመስላል። እነ ከበቡሽ መጨረሻቸው ምን እንደሆነ ስለሚያውቁ ይሆናል። ለማንኛውም ድርድ'	negative
'@user እራሱን የሚጠላ ሌላ ሊወድ አይችልም: ለ30አመታት ማንነትን የራስን ታሪክ: የራስን ወንድም እህት ቋንቋ እንዲጠላ የተደቆሰው ተጋሩ: ሌላ 30አመት ይፈልጋል ማንነቱን ፈል'	negative
'@user ጠላት እንኳን ኪሳራ ሊደርስበት እንደውም ሀይሉን እያጠናከረ ነው ናቲ ባተ ውሸት አያምርም ግን ስለ ደሴና አካበሰቢው እውነተኛ ዘገባ ዘግብ እየሆነ ያለውና የሚወራው ወሬ ተቃራኒ ነው።'	negative
'አሁን የፍርሃት ጊዜ አይደለም ልያታይ ጥስው ዶረበ ጽርቅ ድንአ ቢያንስ መናገር ይችላሉ ርበነ ርገነ ንሉሁ ሱርእ'	negative
'@user አቋመ ፅኑ ለሆኑት ሩሲያና ቻይና ምስጋናችን የላቀ ነዉ። ክበሩልን። ዉለታቹ ትልቅ ቦታ አለዉ።'	positive
'የትግራይ ወራሪ ኃይልን ለማሸነፍ የኢትዮጵያ ሕዝብ መጀመሪያ የባህሪ ለውጣ ሊያመጣ ግድ ይለዋል:: አሁንም ከወንድም ሕዝብ ጋር የምትዋጋ ከመሰለህ እነሱም አይሙቱ አንተም አትልፋ.ዛ'	positive
'@user @user @user አይቀርም የተናቁትን ከፍ የሚያደርግ እግዚአብሔር ነው ምእራባዊያን በኢትዮጵያ ላይ የሚያሴሩት የውድቀት ሴራ መቼም አይሳካም'	negative
'@user @user ለተንኮል ና ልጥፋት ባይውል ያስቀናኝ ነበር ትእቢት ወርደትን ታመጣለች'	positive
'@user ትመቺን ነበር ምን ያደርጋል ህልም ሆነ እንጂ'	negative
'@user @user @user @user @user @user @user አቤት አፍ መክፈት ልክ ናቸው ገብተው'	negative
'@user ወዮ ጭራሽ ይህን ያክል ከአእምሮ ውጪ ሆናችኇል ማለት ነው??? ስጠረጥር ግን የጁንታውን ርዝራዦች በስመ አሜሪካዊነት እያስመለጣችሁ ነው! መንግስት ይህንን ጉዳ'	negative
'[በድፍረት እናገራለሁ] የሸርሙጣ ልጅ ያለዉ ፓርላማ ገብቶ እስክንድር ግን አየተደበደበ ነዉ via @user'	negative
'@user @user @user ከውስጤ የሚታገለኝን በዘር የመፈረጅ ዕሳቤ በእጅጉ የተፈታተነች ፍጡር! እንዴው . ሳስበው ደግሞ የተቀላቀላት ነገር ካለ ብዬም አሰብኩ። ፈጣሪ ይባርካት!'	positive
'@user @user ምስክር በ1983ኣዲስ ምን ነበረች ኣሁን ምን ሆናለች መሬቱላይ ምስክር ኣለ ኪኪኪ ኣይደበቅ ነገር ፈጦዋልና ወያኔ ይሰራል ክልል3ያፈርሳል ወ'	negative
'አይ ከሁለታችን አንዱን ይጠብቃሉ ልናሳሳነያ ድገንመ ንትበሳሳነያ ንኛእ ውሰ ድንአ ቢያንስ መናገር ይችላሉ ልዟይተ ዎስራእ'	neutral
'የምእራባዊያንና የአሜሪካ እርዳታ በትጋት እንድንራመድ ሳይሆን እንድንሽመደመድና በሀፍረት አንገት ስንደፋ ከማናይበት ይዞታችን አደንዝዘውን እንዲዘርፉ በክፋት የሚሰጡን መርዛማ እንክብል'	negative
'@user @user በጣም ልክ ነህ ። ግን የጥላቻንና የዘረኝነት ሀሳብን እንዴት ይስተናገድ ??? እንደምታውቀው ማህበረሰባችን . ምን ልበልህ ስሜታዊ እና እልኸ'	positive
'@user @user ሆዳም ድሮውንስ ለስልጣን እንጂ ለኣላማ መች ተንቀሳቅሰህ ታቃለህ ወስላታ የፖለቲካ ባሪስታ!'	negative
'ደሴና ኮምበልቻ ላይ የተሰዋቹ የውጪ ዜጎች ክብር ለናንተ ይሁን መቸም አንረሳቹም!?? እንኳንም ለድል አበቃችሁን'	positive
'2/ ዛሬ ደሞ በአዲስ መንግሥት መስራችነት እንደ መዥገር ተጣብቃብናልች! ታጥቃም እንደተነሳችብን የምታደርጋቸው ያላስሉስ የፖልቲካ ፕሮፓጋንዳ ጫናዎች የኢኮኖሚ እቀባዎች ወዘተ በቂ'	negative
'@user @user ማሰብ የተሳናቸውና በህዝብ ላይ ግፍ እየተሰራ እየተመለከቱ አይኔን ግንባር ያርገው የሚሉት እና ሆድ አደር ትእቢተኞች አ.አ . ተጠግቶ'	negative
'@user @user ደብረፂዮን ማነው ተብለው ቢጠየቁ የማያውቁ? በድድብናቸው ይሆን የተያዙት ?'	negative
'በጨዋታው ድል ባይቀናንም ጥሩ እንቅስቃሴ እድርገዋል::'	positive
'@user #ውድ ክቡር አቶ አገኘሁ ባሣለፍት የሥራ ዘመንዎ ትክክለኛ የአማራ ዜጋ መሪ ነትዎን በብቃት የተወጡ ቆፍጣና ጀግና አስተዋይ የዎህ ተግባቢ መሪን አክባሪ ነበሩ በመቀ'	positive
'የኢትዮጵያ ጠላቶች ህወሓት፤ሼኔ፤ ፈረንጅ በህብረት የሚሠሩት መንግስት እንዲዳከም ሲደክም በጦርነት ገብተን አገር እንበትን ነው! በዴሞክራሲ ስርዐት ህዝብ ያቆመውን መንግስት ዛሬ መደገ'	negative
'@user @user እንዳሳመኑዋቸው አልሰማሽም መሰለኝ። TDF ይሰጠውን መልሶ ፈልጐት እንደገና ወስዶታል'	negative
'@user @user @user ለሀጬም ትግሬ የገባበት ሁሉ ሌባ ፣ ደፋሪ ፣ ዕሸት አስተምሮ ጉድ ማስባል ልማዱ ነው ፤ አንተ እዝህ ተቋም ባትሾም ኮቪድን ደፍሮ ለ'	negative
'ወደቀድሞው አንድነታችን ተመልሰናል የውጭ እርዳታም አንፈልግም በቃን ማእቀባችው ይቀጥል ኢትዮጵያ ድህነት አትፈራም አምላክ አላት አከተመ'	positive
'የመጨረሻዋ ሳቅ የኛ የኢትዮጵያውያን ነው!!'	positive
'ጦርነቱንም፣ ግድያውንም፣ አፈናውንም እና አምባገንነቱንም ሞክረን አይተነዋል። ጉዳት እንጂ ትርፍ አልተገኘበትም። እዚህች ሀገር ላይ ያልሞከርነው ካለ ድርድር እና ሰላማዊ የ ስልጣን'	positive
'@user @user ውይ አንቺ ምንም አይገንብሽም። ትንሽ ብቻ፣ ለጌች ያለሽ እንተን ይገንብሻል ????'	negative
'@user አዲሱን አመት እኛ ኩዌቴት በተግባር በድል ጀምረናል'	positive
'@user ከይቅርታ ጋር አንድ ትልቅ የዜና አውታር ይህንን አይነት ነገር ዜና ብሎ ማቅረብ አለበት ብዬ አላስብም'	neutral
'የታሪካዊ ስምምነቱን ትርጉም እና ስኬት በግልጽ ያሳየ ነው ብለዋል። ሆኖም ግን ህወሓት ይህን ነባራዊ ሁኔታ መቀበል ተስኖታል ። የሰላም ሂደቱን ለማኮላሸት እና በኢትዮጵያ ያጣውን ስ'	negative
'@user ስሜን ወሎ ኢትዮጵያ ነው ወይ?'	neutral
'@user ደ/ፂ የአብይ ጠላት ነው !!!! አብይ ና ግብራበሮቹ የሰው ዘር በሙሉ ጠላቶች ናቸው እና fb Twitter all platforms ና አለም በሙሉ ጠላቱ ያውቃል down'	negative
'ከ30 ዓመታት በፊት ተወዳጁ ድምፃዊ አለማየሁ እሸቴ የአአዩ የመተከል ዘመቻ ከመጡት በርካታ የሙዚቃ ባልደረቦቹ አንዱ ነበር። ትዝታው አያልቅም በተለይ ማን ይሁን ትልቅ ሰው የወይን ሀ'	positive
'ህወሓት ተጀምሮ እስቲጨረስ ልቅሶ ባቻ! እግርኛው ጦር እና ጀግናው ሚሊሻ ፋኖ ተከትሎ እያናፈሳቸው ቀን እና ማታ ድሮን ሲመታን ዋለ ነው የሚሉት! ህወሓቶች ህጻናቱን አጋፍጠው ጭልጥ!'	negative
'@user @user የደረቀ አይምሮ ይዘህ እንዴት ትገፈዋልህ :: እራስህን ቻል #HandoffEthiopia #JoeBidenBackoff #EthiopiaPrevails'	negative
'@user በራሳችሁ ጥጋብ ባስነሳችሁት ጦርነት ህዝብ ተራበ ማለት ያስቃል። ደሞ ዞር ብላችሁ በለዉ ትላላችሁ። ግራ አታጋቡን pick a side! #TplfIsWarCriminal'	negative
'የአሜሪካ አይን ያወጣ ዝቅጠት!'	negative
'ክፍት የስራ ቦታ ማስታወቅያ ለ Ride ሹፌሮች: ብዛት: - 9 የስራ መደብ መጠርያ: - የኢሮብ ነፃ አውጪ ግንባር - የሳሆ ግሎባል ንቅናቄ - ኩናማ ናሽናል ኮንግረስ - የመቀሌ'	neutral
'አዲስ የሚመሰረተው መንግሥት ላይ የሚኖረኝ ተስፋ !? የዜጎችን ደህንነት እና ሰላም ማስጠበቅ የግብርና ምርቶችን በማሻሻል በምግብ እራስን መቻል (ከእርዳታ መላቀቅ) ኢኮኖሚን ማሳ'	positive
'@user እንደተለመደው የአንተን ወሬ ገልብጦ ነው ማንበብ ዛሬ ጥሩ አርገው አቅምሰዋችኋል ማለት ነው ።ሚስት ካለህ መቼም ተረግማ መሆን አለበት አረ ብርጠቃ !'	negative
'ይህን ጉዳይ ያአለም መግሥት አያውቀውም ማለት አይቻልም'	neutral
'በየቀበሌው የተደራጀው ገበሬው ተመሳሳይ የሆነ ጥያቄ አለው። 1ኛ መንግስት ነፃ በሆነው የአፋር ክልል በኩል ትጥቅ እንዲያቀርብላቸው። 2ኛ ቁስለኞች በአፋር ክልል በኩል ወጥተው በቶሎ'	neutral
'@user ለዘላቂ ደስታችን በየቤቱ ሴት መሪዎች እንዲኖሩን ተግተን እንሰራለን የመአድን እና ውሀ ሚኒስቴር ??'	positive
'@user የሸገር ልጅ ምን ሆነ?'	neutral
'@user ይሄ ሲያድግ ምን ልያደርግ እንደምችል አስቡት እንግድህ!!!!'	negative
'@user የአማራ ደሃ ገበሬን ቤት ገልብጦ ጨው ሳይቀር የሰረቀ፣ መሽከም ያልቻለውን ያቃጠለ፣ ከብት እርዶ በልቶ ያልቻለውን የገደለ፣እርሻ ላይ ያለ እህል ሳይቀር እያጨደ የ'	negative
'@user @user የተናገረው ነገር ልክ ነው ግን ሳያጣራ ሳያነብ ሳይሰማ ነው በስሜት የተናገረው መንግስት 2አመት በሽማግሌ በአማላጅ በሀይማኖት አባቶች ጁንታውን'	negative
'@user ኢትዮጵያ እፈረሳለሁ የምል በቅርቡ እንዴ አይጥ ጉድገድ ይገባሉ ኢትዮጵያ በክብር ትቀጥላለች።'	negative
'@user @user አን ቆርቆሮ እኛ ባቀናናት ሀገር አንተ ምን እንደምንሆን አትነግረንም'	negative
'@user @user እውነት ነው አማራ አገር ስለመሆን ማሰብ መጀመር አለበት!ኢትዮዽያ ስንሞት የምንወርሳት መንግስተ ሰማይታችን አይደለም! እኛን እየገደለች የምትኖር ኢትዮጵያገደል ትግባ!'	negative
'ዲያስፖራ አደባባይ ሳይሆን መንደር ቢመሰረት መንግስት በዶላሩ ዲያስፖራው በመንደሩ እኛም በስራው/በልማቱ እንጠቀማለን።'	positive
'የዛሬ ውሎ በጦር ግምባር ላይ - በጦርነት ውስጥ ጦርነት አለ via @user'	negative
'@user እኔ ግን በጣም ከፍቶኛል አተ ማለት ምርጥ የኢትዮጵያ የቁርጥ ቀን ልጅ ነበርክ ለምን እደተቀየርክ አልገባኝም ብቻ ፈጣሪ ይጠብቅህ እኛ ሥደተኞች መቸም አንረሣህም።'	positive
'@user ክንደያ ሆድ ሲያዉቅ ዶሮ ማታ አሉ ደርሰህ አዛኝ ለመምሰል ትሞክራለህ መቸም ለአማራ ህዝብ እንደማታዝኑ ተንክቀን እናዉቃለን ከዚህ በሁላ አታዉቁንም አናዉካቹም እስ'	negative
'ጭምብሉን የሚሸከመው ለምንድን ነው ታመሚደንእ ውሰ ድንአ ንምለ ምናልባት እሱ አስገራሚ ሊሆን ይችላል ርበነ ቅውአ ንትንዴ ይቬርሃ ንግ ርገነ'	neutral
'ነፃነት ስት ቀይና: ጥቁር ጀግኖች ሂወት: አካል : ላብና ደም የተከፈለበት ውለታ ከልጅ ልጅ የሚተላለፍ ነፃነት አጠናክሮ መቀጠል : በምንም ነገር የማይቀየር ህያው ውለታ በማ'	positive
'@user የኑሮ ውድነቱ እነሱም ጋ አለ እንዴ'	negative
'ምንም በፖለቲካ አመለካከት የተለያየን ቢሆንም አንድም ቀን እንደ ጠላት አይቻችሁ አላውቅም ።ለሀገሬ ከፍታ ብዙ እንደለፈቻሁም አውቃለሁ ፤ በተለይ አቶ ሥዩም መስፍን በውጭ ጉዳይ ፖሊሲ'	positive
'በራስህ አስተያየት ጠቢብ ነኝ አትበል፤ እግዚአብሔርን ፍራ፤ ከክፉም ራቅ። ይህም ለሰውነትህ ጤንነትን፣ ለዐጥንትህም ልምላሜን ያመጣልሃል። ምሳ 3:7-8 NASV'	neutral
'ሥራህን ለእግዚአብሔር አደራ ስጥ፥ አሳብህም ትጸናለች'	positive
'@user @user እኔም ልክ ይሄን ነው ያልኩት፣ ፕሮፌሰሩ ገብቷቸዋል ወይ?'	negative
'@user @user Am sorry but ከሁለቱ ውጭ ሌላ ክለብ አለ እንዴ ??'	neutral
'@user ጌቾ እንደ ሽኮኮ በየጉድጓዱ ብቅ ጥልቅ አያልክ ከማላዘን እንደ ጠቅላይ ሚኒስትር ዐቢይ ጦር ግንባር ወጥተህ ተዋጋና ጀግንነትህን ለትግራይ ሕዝብ አሳይ፡፡ አንተ'	negative
'#Ethiopia : እኔ አብይ ተመረጠ ብዬ አልልም ኢትዮጵያዬ ቀጥላለች ነው የምለው:: ይህ ቀን እንዳይመጣ ከውጪም ከውስጥም ስንት ተንኮል ሲዶለት ነበርና ኢ ት ዮ ጵ ያ ዬ እንኳን ደስ አለሽ! @user'	negative
'@user ታድያ ሰው በላ ጭፍራው በሽማግሌዋ እናትህ ምርኹዝ ብቻ ተጠልዞ ያርፋል ብለህ ነው፣ you are a jerk.'	negative
'ይቀመጣል እንዳደራ ሰው ደግም ሰራ ክፉም ሰራ ሁሉም የእጁን ያገኘዋል ይቆይ እንጂ መች ይቀራል . I think Wendimu Jira is underrated .'	positive
'@user @user ክርስቲያን ተስፋ አይቆጠርም ስባል ሰምተህ ነው አይደል?'	neutral
'አለበዚያ በህወሓት እየተሰራ ያለው ስራ ከጊዜው ጋር የማይሄድ እጅግ ኃላቀርና ትግራዋይንና አካባቢውን እጅጉን የሚጎዳ ነው። ለሁሉም ጊዜ አለውና ይበቃል።'	negative
'@user ሃገር የካዱት ዛሬ ነው እንዴ?!!'	negative
'@user ይሄማ የታወቀ ነው ፤ደሴ ማን ነው የያዘው? በሌላ ኣገላለፅ ንገሩት እባካቹ።ኣውቆ ነው ለወያኔ ነው የሚሰራው።'	negative
'አባረህ በለው ያንን የሊጥ ሌባ ከሃዲ ወንበዴ አማራና አፋር ሆኗል መቀበሪያው ይህ ደፋር መደዴ፣ ማረኝ አይለምደኝም ብሎ ካላመነ እንዳትለቀው ድርድር የለም በሚስትና ባገር ቁርጥህን'	negative
'@user @user ዝምማ ለምን . እርምጃም መወሰድ አለበት እንጂ። ትዊተር ላይ ሳይሆን በተግባር። ያደርጉታል ብለን ተስፋ እናድርግ። መንግስት ውስጥ ይ'	neutral
'ሀይለስላሴ ወርዶ መንግሥቱ ሲመጣ አምባገነናዊ ስርዓት ለመገንባት የሚያስችል መሰረት ነበረው። ዛሬ አምባገነንን ሊደግፍ የሚችል ወታደራዊ ሀይል የለም እዚህ ሀገር። አምባገነንን ሊደግ'	positive
'@user አዲስ አበቤ ኢሬቻ/ኦሮሞ ጠል ነው ሲሉ ዝም ማለት ነበረብኝ?'	negative
'@user ስንት ቢከፍሉት ነው። የተደፈሩት መነኩሴ እንኳን አያስዝኑትም።'	negative
'@user አተ ማነሕ ግባና አግዛቸው አፍ ሳይሖን ግባ እደ አብይ እደደ መኩሻ እደደ ታማኝ በየነ'	negative
'@user በጣም ያምራል ብርሀኑ ቀለሙ አርስቱ። ከብቶቹ ግ የት ገቡ። ቄራን ቀራ ያደረጉት የሉም??'	negative
'@user በቃ የትግራይ ወጣት አልቆዋል ሽማግሌ ብቻ ቀርቶዋል ትግራይ የትውልድ ክፍተት ተፈጥሮዋል ከቻልክ መታ መታ እየወለድክ ይህን የትውልድ ክፍተት ለመሙላት ሞክር አሜሪ'	negative
'@user Fuck off your lies አንተ ቆሻሻ ነህ የማትረባ እንደ አባቶችህ ባንዳ ነህ ሌባ የሌባ ልጅ'	negative
'@user መከላከያን ተቀላቀሉ የሚሉት የተሻለ ስልጠና እና ትጥቅ እንዲያገኙ እና መከላከያ ውስጥ power balance እንዲኖር ነው'	positive
'@user አይ @user ደግሞ አሁን ከጦር ሜዳ የሚዘግብ ሪፖርተር ሆነህ ቀረብክ? ምናለ ዕቃ ዕቃ የሚያጫውቱህን ፈልገህ ከእነርሱ ጋር ብትውል!'	negative
'@user መከላከይን መቀላቀል እድሜይቾሁ ያልፈቀደላችሁ ጦርነቱ እምነትም ላይ ነውና ለፈጣሪ በመፀለይ ትጉ። መስጊድን ቤተክርስቲያንን ገዳማትን ሲያረክስ ያየ መቼም ይህ አይጠፋውም።'	positive
'@user ውለታ ከጎረቤት ወይም ከሩቅ ሰው ነው አፋሮች ንፁህ ኢትዮጵያውያን ለእናት ሀገራቸው ሟች ጀግኖች ናቸው:: ታራክ መስዋዕትነታቸው እድሜ ልክ ትዘክራለች::'	positive
'የኢትዮጵያ መንግሥት ከ TPLF ጋር ለመደራደር TPLF መሣሪያውን ማስቀመጡን እንደቅድመ ሁኔታ መጠየቅ አለበት'	positive
'@user የኢሳያስ እና የአማራን ምኞት እናውቃለን ግን አይሳካም :: because youre ??'	negative
'#አሸባሪው ህወሓት በሶስት አቅጣጫ ያሰለፈው ቡድን ሙሉ ለሙሉ ተደምስሷል።'	negative
'አይ ሐብትሽ እንደምንም ብለህ ለመከፋፈል ትሞክራለህ:: የከፋፍለህ ግዛው አባቶችህ ወደመቃብር እየወረዱ ነው:: ፍኖዎች ጀግና ኢትዮጵያዊ ናቸው:: እኛም የነሱ እነሱም የኛ ናቸው::'	negative
'@user እግዚአብሄር ይርዳህ መሪያችን??'	positive
'የት አባህ አንተ ድንጋይ ራስ????'	negative
'@user መስቀል ታከብራለህ እንዴ?ግን ጴንጤ ነህ አንተ ሰው?ወይስ መሪ ስለሆንክ እንደሁሉም ሆነህ ማሰብሕ ነው?'	negative
'@user በዓላት ከሌሎች ጋር ለመጋራት ዕድሉን ይሰጡናል። በቅርብም በሩቅ ላሉ ተስፋን እና መልካም ምኞትን ማጋራት። አዲሱን ዓመት ስንቀበል፣ ለዐቅመ ደካሞችና ችግረኞች'	positive
'@user የወረደ ቋንቋ መናገር ያስተማርካቸው እኮ አንተ ነህ እረሳኸው እንዴ ?'	negative
'በአሁኑ ሰዐት በዓለም ላይ የዶ/ር ዓቢይን ያህል በሁሉም መስክ (በአስተዳደር፣ በልማት፣ በጎ አድራጎት እንዲሁም ጦር አመራር) እራሱን በተግባር የፈተነ የሀገር መሪ አለ ብዬ አላስብም'	positive
'@user አዲሱ ድሮን ይጥማል እንዴት ነው ሰሜን ሸዋ ይናፍቅሀል'	negative
'@user @user በጣም ደስይላል የትግራይ ሴቶች አስተማሪዋቹህ ትግራይ ሙሪክ አይገድልም'	positive
'@user @user ከልደቱ ክደቱ ግማቱ በላይ የምጠላው ያለ አይመስለኝም??። ይቅር ይበለኝ ፈጣሪ'	negative
'@user እኔኮ ግርም የምትለኝ ይቺ የሰው ግማሽ የአቡነ ጳውሎስ አማካሪ ቄስ ነበረች አሁን ፖለቲከኛ ፕሮፓጋንዳ ሰሪ ሆና ቁጭ ።'	negative
'@user ይሄን በቁሙ የሞተ የመለስ መንፈስ የሚያናውዘው ሰው ንቀን ብንተወው ይሻላል። እየተከታተልን መልስ ከሰጠነው በየ ቀኑ የተለያየ አጀንዳ ይዞ ብቅ ማለቱ ስለማይተው አለመከታተል ይሻላል እላለሁ።'	negative
'@user @user እድሜ ልክ ተጨቆንን ወሬ አይሰለቻችሁም? ከማንና ከምን ነፃ እንደምትወጡ አልገባኝም። ይልቅ ይህን ምስኪን ህዝብ አታሰቃዩት። 60አመት ያልተ'	negative
'@user @user @user ከዚህ በኃላ የሚያድናቸው ስለ መኖሩ መጠራጠር አለባቸው'	negative
'አንገት ያስደፉንን ቀብረን ኢትዮጵያን ከፍ እናደርጋለን!!!'	negative
'@user ዛሬማ የሰሙትንሰምተዋል እየጥወለወላቸው ነው!! እርስ በርስ ባይጫረሱ ምናለበለኝ ??'	negative
'ይሄ ጀዝባ የኢትዮጵያ ህዝብ አሸባሪው አብይ አሕመድ የህግ ማስከበር ዘመቻ ብለህ እንዴት የህልውና ዘመቻ ይዘህ ትመለሳለህ ብሎ መጠየቅ አለበት::የፖለቲካ ተንታኙ ትንታጉ ትግራዋይ ናሁሰናይ በላይ'	negative
'እኔም እጠይቃለሁ ፍትህ ለህሊና እስረኞች'	positive
'አይ ከሁለታችን አንዱን ይጠብቃሉ ውቸና ዝርዘእ ልቫፒ ር / ዶ ችዎሰ ኔእየ ለእናንተ ህደ'	neutral
'@user ቢሆን ጥሩ ነበር ምንያደርጋል ታዲያ እነሱ እንደሆን ማጥፋት መስርቅ እንጂ መስራት የት ያዉቁና!!!'	negative
'@user ይብላኝ ለወላጆችሽ ያገባሽስ ይፈታሻል ነው የናተ ነገር የትግራይ መሐበረሰብ ከንግዲ የሚኖረው ልጅ እድሜ ለናተ ሐሽሻም ነብስ በላ ደፋሪ ነው በስርአት ተኮትኩቶ ያ'	negative
'ጦርነቱ ይቁም ብሎ መወሰን ለኢትዮጵያ ብሎ ለሞተውና ለቆሰለው እንዲሁም ለሚዋጋው የፀጥታ አካል ላይ መቀለድ ነው'	negative
'@user #ማዕቀብ መጣል አይደለም ፤ ሰማይ ዝቅ ምድር ከፍ ቢል ፣ ውሀ ሽቅብ ቢፈስ ፣ ቁራ ነጭ ቢሆን እንኳን ድጋሜ ወያኔ የተባለ መዥገር ወደስልጣን አይመጣም'	negative
'በአምላክ ሙሉ እምነት አለኝ ። በቅርብ ቀን በእግራችን ሥር ይወድቃሉ ።'	negative
'አማሮቼ፤ ትግራይ ፈጠነም ዘገዬ ወይ ወደመቀሌ አለያ አዲሳባ ይገባል። ወደመቀሌ ካመራ እሱን ተከትሎ ማውደም የእኛን ደህንነትና ነጻነት አያረጋግጥም።ኃይልና አንድነት ማጠናከር፣ መሸማ'	negative
'@user @user ያው የናንተዎቹ መቼ ለቀቁ፡ እንደ ቀሪ ኅይል ሆነው ሰሩበት። አሁን ደሞ ራሳቸው ሀክ አርገውት ቁጭ።'	negative
'@user ስዩም በቃ አሁን ዝም በል፣ሁሉም ነገር አበቃ፣ትልቅ ሴራ ተደግሷል፣ሀገሪቱ ወደ እርስ በእርስ ውጊያ እንዳትገባ ዱአ አድርግ! ሸውዶናል'	negative
'ይድረስ ለ ኦሮሞ ወጣቶች : ለ ብልፅግና እና ለ ኣማራ የ ግዛት ማስፋፋት ብላቹ በማይመለከታቹ ጦርነት ኣትግቡ። በ ኦሮሞ ተወላጆች የ መከላክያ ኣባላት የሚያሳዝን ግፍ እየተፈፀመ ነው።'	negative
'@user እኔ አላደንቃቸውም ጦርነት ቀላሉ ና አጥፊ ነው ከባዱ ና ትርፋማው ሰላም ነው ለሰላም ምክንያት ሆነው አብሬ አደንቅ ነበር'	positive
'ለመረጃ ያህል ነው ወያኔ ሽምግልና አሻፈረኝ ብላ ነው ለምትሉ በሙሉ አብይ አህመድ የፈለገው ራሱን የኦሮሞ ወኪል አድርጎ መደረደር ነበር። ወያኔ ደሞ እውነተኞቹ የኦሮሞ ወኪሎች ይሳተፉ ባይ ነበረች፤ ሀቁ ይሀው ነው።'	negative
'የምርኮኞች ሰላምታ በትግራይ ቲቪ እየተመለከትን የትግራይን ሰራዊት እያመሰገንና እያደነቅን ያሁነያ::#Ethiopia'	positive
'@user እሄ ለአማራ ህዝብ የውድቀትና የህልውና ወቅት ነው! በድርድሩ መንግስት ቢስማማ እንኳን ጦርነቱ በአማራ ህዝብ አሸናፊነት መጠናቀቅ አለበት! እስካሁን የአማራ ህዝብ'	negative
'@user በጫረው ክብሪት ተቃጥሎ ለማለቅ የቀረበው መካሪ፣ ሽማግሌ አልባው አንተ የወጣህበት ማህበረሰብ ነው። ያንን ነው እያየን ያለነው። ሌቦች። ወጣቱ ሌባ አዛውንቱ ሌባ እርጉዟ ሌባ እብዱ ሌባ.። ረ መጥኔ።'	negative
'@user ለዛነው ጦርነት የምንጠላው ሰውን ንብረትም ሃብትም ሰላምን ይበላል ያጠፋል ያወድማል። ወያኔ ግን የጥፋትና የሞት መላክ ስለ ሆነ እንዲህ ያደርጋል። ግን ኣገር'	negative
'@user በሞጨረሻም ብፎቶ ምፅናናት ጀሞራችሁ? ዕዋይ'	negative
'@user ዙቤይዳ እና ፒያሳ ጠብቂኝ የተዋጣላቸው መጣጥፍ ናቸው! እባክሽን አንብቢው!'	positive
'@user ይሄ ለአላማው ሳይሆን ለከራማው ያበደ የወያኔ ምሳሌ ነው።'	negative
'ብዙ ኢትዮጵያውያን #ቢን_ላደን አሜሪካን ለማሸበር የወሰነበትን ምክንያት ወደ መረዳቱ እየተጠጋን ነው። ሙሉ በሙሉ ተረድተነው፣ እሱን ለመሆን ከመሞከራችን በፊት አሜሪካ ከሀገራችን ላ'	negative
'ለኢትዮጵያ ሰብዓዊ መብቶች ኮሚሽን /ኢሰመኮ/ ለኢትዮጵያ ሰብዓዊ መብቶች ጉባኤ/ ኢሰመጉ/'	neutral
'ለእያንዳንዱ ግፍ ለደረሰበት ኢትዮጵያዊ 100 ጁንታ እምሽክ ማድረግ ነው ! ተባይ መጥፋት አለበት!'	negative
'@user እውነት ነው! ወያኔ በሰው እና በአሬ መካከል ያለ ለየት ያለ ፍጡር ነው! ምርምር ቢደረግበት መልካም ነው hahahaha'	negative
'@user እንክዋን አብሮ አደረሰን አደረስዎ የኢትዮጵያ እፁብ ድንቅ መሪና ደጉ መሪያችን::ሁሌ እንደሚለው እርስዎ ከእግዚአብሔር ለደጉና ቆራጥ ህዝባችን የተሰጠን ልዩ ስጦ'	positive
'የአልጄሪያው የቀድሞ ፕሬዝዳንት አብዱላዚዝ ቡተፍሊካ እ.ኤ.አ December 12 2000 በኢትዮጵያ እና ኤርትራ መካከል ስምምነት ሲፈረም ከጀርባ በኩል መሃል ላይ ቆመው የሚታዩት ና'	neutral
'ጠቅላይ ሚንስትር ዶ/ር አብይ አህመድ ከክልል አመራሮች ጋ በመሆን በመስክ ያደረጉት ጉብኝት ሃሳቡ የክልል አመራሮች ሆይ በምግብ እራሳችንን ሳንችል በቢሮ ውስጥ በመቀመጥ ብቻ የምትመጡ'	positive
'@user @user @user @user @user @user ትንሽ ልጨምር አንገታችሁ ሰንሰለት ውስጥ ገብቶ እንደ ውሻ የምትጎተቱበት ጊዜ ቅርብ ይሁን!!'	negative
'እንዳንተ አይነቱን ባለጌ ቂጥ በሾህ ነበር መግረፍ!!! ጭቃ!'	negative
'@user @user ግሩም ምክር ኢትዮጵያን እወዳለሁ የሚል ሁሉ ይህን ያንብብ እና የድርሻውን ይወጣ:: አንደነቻንነው ድል የሚያመጣልን ????'	positive
'@user ሰይጣን አሳስቶህ ያደርከው ንግግር ስለሆነ ይቅርታህን ተቀብዬዋለሁ ፡ ህውሃት የዲያብሎስ ደቀ መዙሙር ነው ፡ እሱን ወደ መጣበት ሲኦል መሸኘት ብቻ ነው የ'	negative
'@user አንተ ደሞ በስንቱ ትናደዳለህ ኢሱ አምሮበታል አብየስ እንዴት ነው? ዘንድሮ ተቋጠላችሁ'	negative
'@user ስለከብት ከብቱ አንተ/ቺ ታውቃለህ/ሽ?? ችግርህ ጥንብ ዘረኝነትና ምቀኝነት እንጂ ለተወሰነ ሰአት የተረገጠው ሳር አይደልም'	negative
'ትንሽ ውሎ ካደረ እነዚህ ፈረንጆች እነ ወልድያን ደቡብ ትግራይ ብለው ይጠራሉ?? ጉድ እዩ'	negative
'ሰማሽ አንትና America አናም ሰሞኑን አንሰራለን ከ ድምፅ 15 ደቂቃ የሚፈጥን ምክንያቱም ሩስያ ዘመዳቺን ስለሆነ :: አይዞሽ ገለቴ'	negative
'@user ውይ እናታለም ምነው እንደማታውቂያቸው ሆንሽ ስንት አመት አብረሻቸው ሰርተሽ? ትግራዋይ እኮ ናቸው አይበገሬዎቹ::'	negative
'@user እዚህ ምድር ላይ እስከ ዝርያችሁ.ያጥፋችሁ እናንተ ክፉ.አውሬዎች'	negative
'@user እውነት ቅንጣት ያክል እምነት እንዃን አላቹ እንዴ ሰዎች የሚቀኑባትን ትልቋን ኢትዮጲያን አፍርሶ ትንሿን ክልል ለመስራት ማሰብ ከየትኛው ጭንቅላታቹ መጣላቹ በፈጣሪ'	negative
'#Ethiopia ጠላት ክፉኛ ተመትቷል፤ የደረሰበት ስብራት አዛብቶታል፣ መዛባት ብቻ ሳይሆን ሌት ከቀን እየሸሸ ነው ሠራዊቱ አሁንም ድረስ እንጀራ እየበላ ነው የሕዝቡ ድጋፍ ተጠና'	negative
'@user ከጎርፍ የተረፉትን ሽርጣም ሱዳንን ልክ እናስገባዋለወን የ ግዜ ጉዳይ ነው። መጀመሪያ እነዚህን ችጋራምች ልክ እናስገባና ለአንዴና ለመጨረሻ ግዜን ልክ እናስገባ ሌላው ቀላል ነው።'	negative
'@user ኢትዮጵያ የአፍሪካዊያን እናት . እንዴት ደስ የሚል መልዕክት። እንኳን መረጥኩህ፣ እንኳን መሪዬ ሆንክ። መልካም የስራ ዘመን ይሁንልህ። እኔም የድርሻዬ ለሀገሬ እወጣለሁ።'	positive
'@user ኤረ ባክህ ወደትግራይ መንገድ ሳይዘጋ ብትመለስ ይሻላል :: ደብረብርሃን ይላል እንዴ?'	negative
'@user @user እንዳንተ ሚዲያ ላይ አያሽካካም ወንድ ቱን አሳየህ አንተ ሴት እሌት ባንዳ !!!'	negative
'ክርስቶስ ደግሞ ወደ እግዚአብሔር እንዲያቀርበን እርሱ ጻድቅ ሆኖ ስለ ዓመፀኞች አንድ ጊዜ በኃጢአት ምክንያት ሞቶአልና፤ በሥጋ ሞተ በመንፈስ ግን ሕያው ሆነ፥ 1ኛ ጴጥሮስ 3፥18'	positive
'በአገለገሉ እቃዎች ላይ መጫረት ለምትፈልጉ ሁሉ'	positive
'@user እናተ የሚያስጨንቃችሁ ሰብአዊ ድ ጋ ፍ ወደ ትግራይ ገባ አልገባ ነው። እኛ የሚያስጨንቀን አማራ ክልል እየተካሄደ ያለው ግፍ እና ረሃብ ነው። አሸባሪውን ከአማራ'	negative
'@user የኢምባሲ ሰራተኞች ለማለት ተፈልጎ ነው፧ ወይስ ፍራንስ ለእራት ግብዣ ነው የሰጠችው? #NoMore imperalism #EthiopiaPrevails'	neutral
'አንድ ሀገር አለችኝ ፣ ዐይን የበዛባት ቡዳ እንዳይበላብኝ ፣ እስኪ ልደብቃት አንድ ሴት አለችኝ ፣ ጦብያ የምለት እኔ ነኝ የሷ ልጅ ፣ እሷ ናት የኔ እናት እናት ሀገር ትኑር ለ'	positive
'እግዚኣብሔር ለሁሉ እንደስራው ይከፍለዋል በጎ ለሚያደርግ ሰላምና ደስታ ይሰጠዋል ኩፋ ለሚያደርግ ደግሞ መከራና ጭንቀት ይሆንበታል'	neutral
'@user እንደነሱው አባባል አሣውን እየጋበዙ እጃችንን ከሚጠመዝዙ እኛው አጥምደን እንድንመገብ መግፋታቸው በጎነት አለው። አሁን ነው መነሣት!'	negative
'@user ውታፍ ነቃይ የነ ተኛ ባሪያ ያንተ አቋም እነደዚህ ደነዝ ሆኖ ቀረ? ጎመቱ!'	negative
'@user በውጪ ሐገራት በኩራት የሚራመዱ ቀና ብለው የሚሄዱ ጥቁር ህዝቦች ካየህ በርግጠኝነት ኢትዮጵያዊያን ናቸው ኢትዮጵያ ታሸንፋለች #NoMore #EthiopiaPrevails'	positive
'ደሴን የመሳሰሉ ከተሞች ለመሆኑ FM ሬዲዮን ማሰራጫ ጣቢያዎች አሏቸው? ከሌሉ በምን ሕዝቡን ያገኛሉ? በኢንተርኔት ማግኘት የሚቻለው ጥቂት ሰው ነው። የመንግሥት ራዲዮ አሁንም ከአ/አበ'	neutral
'@user ይሄ አጥፊ ቡድን ገዳማት ሁሉ አልቀረውም'	negative
'@user @user @user ይህ የሚያሳየው ምን ያህል ዌያኔ የትግራይን ህዝብ እንዳዴነዜዘ ነው'	negative
'@user እረ ወያኔ! እረ ወያኔ! የሚገርሙ ፍጡሮች! በሰው እና በተባይ መካከል ያሉ ለየት ያሉ ግዙፍ ሰው በላ ነቀዞች ናቸው! ይሄ ነቀዝ ከኢትዮጵያ ምድር ካልጠፋ ሀገራችን'	negative
'የእግር እብጠት እና ሕክምናቸው ሊሆኑ የሚችሉ ምክንያቶች።'	neutral
'ኢንሳ የmeራባዊያንን የውሸት ዜና ማሰራጫዎች ወብሳይቶችንን ሊዘጋ ይገባል። የሃሰት ዜና የሚያሰራጩ የው ጭ ጋዜጠኞች ታስረው ከሃገር ይባረሩ። ማንንም ማባበል አይገባም።'	negative
'በግንባር ላይ ሆኖ . የሚሞተው ሌላ የሚጨፍረውና ያዙኝ ልቀቁኝ የሚለው ሌላ!! . ይለያል ዘንድሮ የሚለው በቦታው የሌለው ገዳይ ሌላ !'	negative
'#ኢትዮጵያዊ የነፃነትና የአልበገር ባይነት ምልክት #ዳግማዊ አድዋ #ADWA II #NoMore'	positive
'@user @user @user የትኛው ታሪካቸውን ነው የኛ የሚባለው ?! ባንዳነታቸውን ከአባቶቻቸው ጀምሮ ያደጉበትን ወይስ ሌብነትን ነው መለኩሴና'	negative
'@user ይገርማል እንዳይጋለጡ ኮ ነው'	negative
'@user ኦረ በፈጠረህ አምላክ አንተም ነገ ሟች ነህ እንዴት የወንድምህ ደም በከንቱ ይፍሰስ ምን አይነት ህሊና ነው ያለህ እስቲ ንገረኝ ግን እዳረሳው የግዜ ጉዳይ ካ'	negative
'EthiopiaPrevails! በተመድ የፀጥታው ም/ቤት ስብሰባ ላይ ታዬ ኃዝቀስላሴ ደመቀ ለተመድ ደብዳቤ ጽፏል አለ፤ጉተሬስ ደግሞ ስለሰራተኞቼ ጥፋት ማስረጃ ካለህ ላክልኝ ብዬ ዐብይን'	neutral
'አትወሻቀጡ ከአጀንዳችሁ ዝንፍ አትበሉ ቁልቁለት ላይ ተለዋጭ መንገድ እደተከፈተለት ጎርፍ!! ከድሉ ጫፍ ሳይደረስ ገና መበሻሸቅ ምን የሚሉት ጨዋታ ነው ጎበዝ#Nomore የጥላቻ ንግግር'	negative
'አምባ ቆርቋሪው ባዝራ ግራር (Acacia abyssinica) ግዙፉ የተፈጥሮ ጃንጥላችን ነው። በዓየር-ንብረት ለውጥ የተነሳ እየጋሉ የመጡትን ከተሞቻችንን በሐገር-በቀሉ እና ግርማ-ሞገ'	positive
'@user የወያኔ ስርወ-መንግስት ይቀጥላል ብለህ የምታስብ ህልመኛ ነህ ! ፖርላማ ውስጥ ያላችሁ መቀመጫና ድምፅ 38 ብቻ ነው ። ይህም ትክክለኛ የህዝብ ቆጠራ ከተካሄደ ዝ'	negative
'@user እርጉም አውሬ ነብሰ በላ አማራ ሬሳ ጠብሰህ የምትበላ የዘመኑ 666 ሴጣን እናቱ ደፋሪ አጋሰስ አማራ'	negative
'@user በትክክል ፋኖነት የኢትዮጵያ ካስማ ነው ይኬ የማይካድ ሀቅ ነው። ፋኖ ፋኖ ስንል ዝም ብለን አይደለም ውስጥ በሀገር ፍቅር የተቃጠለ የጥላቻ አሸንክታብ ለአጠለ'	positive
'@user እውነት ነው ወደ ህግ ማድረስ ሲገባቸው አግባብ የሌለው እርምጃ መውሰድ አይችሉም።'	positive
'@user @user @user @user @user ሰበብ ስንት ትግሬ ወሎ አፋር ጎንደር እየሄደ መሞት አለበት? ይህን አስመልክቶ'	negative
'የፖለቲካ ፖርቲም ሆነ ፖለቲከኛ ታዋቂ ሰው በኢትዮጵያ የሚደረገውን መንግስታዊ ድጋፍ ያለውን በአማራ ላይ የዘር ጭፍጨፋ ለማውገዝ እነዚህን መስፈርቶች ሳታሟሉ መግለጫ አታውጡ ጨፍጫፊ'	negative
'@user ምነው X - ክብር ሚንስትር ጦርነቱን የሰፈር ዱርየዎች ድብድበ አስመሰልሽው!አገር ለማፍረስ እና አገር ለማዳን የሚደረግ ትግል መሆኑንና አገር ከፈረሰች ህፃናትና ሴቶች'	negative
'@user ትርጉሙ፤ እንደነዚህ ላሉት ሊሆን ይገባው ይሆን? #geez'	neutral
'በውድቅት ለሊት ተነስቶ ጦርነት እንዳወጀው ሁሉ ፣ በውድቅት ለሊት ተነስቶ አስታርቁኝ ይላል። ይሄ ይመዝገብልኝ! ስውእ ጅግና ተጋዳላይ ሴኮቱሬ ጌታቸው ሰማእታትና ፣ ወትሩ'	negative
'የፈረንጅና የባንዳው ህውሓት ኦነግሽኔ ችግር እኛን ኢትዮጲያውያንን አለማወቃቸው ነው!'	negative
'@user ክብር ለጀግኖቻችን እኛብእናንተ ፀሀይ እየን ነፍስ ይማር!'	positive
'እኛ ኢትዮጵያውያን ርዳታ ልናጣ እንችላለን። ብድር ልናጣ እንችላለን። ቪዛ ልናጣ እንችላለን። ሀገራችንን ልናጣ ግን አንችልም። አንፈቅድምም። ኢትዮጵያ ለነጻነቷና ለክብሯ መሥዋዕትነት'	positive
'#አድዋ ዛሬ ናት አድዋ ትናንት መቼ ተነሱና የወዳደቁት የተሰጠህ ህይወት ዛሬ በነፃነት #ሰው ተከፍሎበታል #ከደም እና #ከአጥንት የጥቁር ድል አንባ #አፍሪካ እምዬ #ኢትዮጵያ'	negative
'@user @user @user የቀለም ያለህ በፎቶ ሾፕ ማሳመር ስትችሉበት አማራና አፋር ክልል 10 አመት ልጅ ደፍረህ ደም በደም ማድረግህ ተረሳህ'	negative
'@user ልክ ነሽ ግን ሰሚ ካለ'	positive
'@user @user @user አዛኝ ቅቤ አንጓች፣ አንተ አይደለህንዴ የተጋሩ ሬሳ ሲቃጠል እልልታህን ያቀለጥከው።'	negative
'የዛሬው ሌሊት ስም ከፊቴ መከራ ኋላዬ መከራ፣ ተቀጠቀጥኩልሽ ልክ እንደ ዳሞትራ፤ . ተብሎ ይጠራል። ከዳንኤል ክብረት ገፅ #NoMore'	negative
'@user የብልፅግና ደቀ መዝሙር ነው። ተፅፎ የሚሰጠውን ነው ቃል በቃል የሚያስተጋባ እንደ ፓሮት'	negative
'@user @user ለማያቅሽ ታጠኚ! የቀረው ካርድ በውሸት የዘር ጭፍጨፋ መንግስትን መክሰስ ነው። ወዳጄ በዘረኝነት እና በውሸት ጎጥ ውስጥ እየዋኘህ ሀገርህን እየጎዳህ ነው። ያከስረሀል'	negative
'እባካችሁ እናንተ ግፈኞች ኢትዮጵያ በፈጣሪ ጥበቃ ሥር ነች ለቀቅ አርጓት እናነንተ እንደ ልማዳችሁ ከ666 ጋር ሲኦል ውረዱ!!!!'	negative
'እኔ ነፍጠኛ ነኝ አንተ ግን ንፍጣም ነህ አሉ ሰውዬው'	negative
'@user አላህ ሁሌም ምኞትክን ያሳካልክ ዘንድ ዱአዬ ነው ጠላት የእምዬ ኢትዮጵያ ጠላት ይፍር አላህ ይርዳክ'	positive
'@user ምርጥ ሰውማ አይተናል ከዓለም ፍት ተዋርዶ እርቃኑን ሲቀር የራሱን ሰላማዊ ህዝቦችን በሰማይና ምድር አጋይቶ በጠላቶችም ጭምር ማስደፈርና ማዘረፍ ብልጥነት የ'	negative
'በጣም ከባድ ህመም ነው ይአ ሲ ኢ ምኤ ልቭፓ.ዶ ተረጋጋ ሐኪም ውነ ምመህ ድባከ ምጣበ'	negative
'ዘንድሮ ለአንድ ተማሪ ፦ ዩኒፎርም 2000 ብር ፦ደብተር 50 ሉክ 45 ብር ፦100ሉክ 60 ብር ለ10 የትምህርት ዓይነት አባዙት ብዙ ልጆች ጌታ የሰጠው ሰው ስንት ሊከፍል እንደ'	neutral
'@user መልካም ቀን ላንተ ??'	positive
'@user ዋናው ከአፋር መውጣታችሁ ነው የሚፈለገው፤ #TPLFTerroristGroup'	neutral
'መልስ ነው! የተመድ የሰብዓዊ መብቶች ምክር ቤት በመጪው አርብ እንዲካሄድ የጠራውን ልዩ ስብሰባ እንደማይቀበልና በዚህ ስብሰባ የሚተላለፍ ማንኛውም ውሳኔ በኢትዮጵያ ላይ ተፈጻሚ እን'	neutral
'@user @user @user @user @user ጨርጨር ግን ከመቼ ጀምሮ ነበር የትግራይ ክልል የሆነው? ኦ ከ1983 በኋላ። የተውሶ ይሄዳል ተመልሶ።'	neutral
'ይቺ ቀፍሎ አዳሪ የስልጣን ጥመኛ በመጨረሻ ዕድሜዋ ስልጣን ልታገኝ ነው አሉ ። መስቀል ክፍሏ አይደል? ሃሃ'	negative
'@user አንድ ደግ ሴት ነበረች የማዉቃት እሷም ሄደች መሰለኝ ጠፋች!የ embassy ፕሮግራም ላይ ደግሞ መገኘት አልፈልግም አሁን እሱም ተዘጋ??'	neutral
'@user የጎንይሽ መውጋት አይደለም ወንድሜ። መንግስት ህዝብን ባለመስማቱ አልፎም በመፍራቱ ብዙ ስህተት ሰርቷል። ያ እንዳይደገም መንግስትን ማሳወቅና ማስጠንቀቅ የኛ'	negative
'@user ደሃ በህልሙ ቅቤ ባይጠጣ ኖሮ ጉሮሮው ይሰነጠቅ ነበር የተባለው ያንተ አይነቱ የቁም ቅዠታምን ለመግለፅ ነው:: በትግራይ ህፃናት ደም ትነግዳለህ:: አሳፋሪ ሁላ:: አሸባሪው ወሎ መቀበሪያው ነው::'	negative
tweet	label
The only part I like......ትልልቅ የነዳጅ ፍጆታ ያላቸው ተሽከርካሪዎች ከአየር ብክለት አኳያ፣ በነዳጅ ወጪም ረገድ ተለይተው ኤክሳይዝ ታክሱ ሊ…	neutral
ኦቦ ቡልቻን ከልብ እንደምወዳቸውና እንደ እንደማከብራቸው እንዲታወቅ ይሁን። ረዥም ዕድሜና ጤና ተመኘሁ!	positive
40/60 ኮንዶሚኒየም ከሆነ እመልሳለሁ ካልሆነ መልሴን አላባክንም!	neutral
የሚባክን ጊዜ መኖር የለበትም። ዳይ ወደ ሥራ! ??	neutral
የጎንደር ዩኒቨርሲቲ በ65 ተማሪዎች፣መምህራንና የአስተዳደር ሰራተኞቹ ላይ እርምጃ ወሰደ	neutral
አማራ ክልል አንድ ነገር ሲፈጠር የማያወግዝ ሰው የለም ከፖለቲከኛው እስከሊስትሮ ድረስ  ኦሮሞ ክልል ግን አሰቃቂ ሽብር ሲፈፅም ባላየ ነው የሚያልፎት እንኳን ሊያወግዙ ይቅርና።…	neutral
አማራ ክልል ፈልቶበታል ልኩን ማስገባት ነው!!! ሙስሊሞችን ጠልቶ 85% ሙስሊሞች በሚኖርባት ኦሮምያ ጋር ግንኙነትን አትሰበው !!!	negative
መሰረት ያደረጉ መገለጫዎች አሉት። መገለጫዎቹም መደበኛና ኢ-መደበኛ በሆኑ ስርዓታት ስር ሰደውና ጎልተው ሊይታዩ ይችላሉ። የጎንዮሽ ኢ-እኩልነት አብላጫውን የፖለቲካ ንቅናቄ ሂደትን በሚቆጣ…	neutral
ጽድቅና ኩነኔ   ቢኖርም ባይኖርም ከክፋት ደግነት     ሳይሻል አይቀርም !!!   ??☕ፉት እያላችሁማ????	positive
-1-  በመጽሐፈ ጨዋታ መሰናዶ ላይ ያየሁት ተመቸኝ። ቃለ መጠይቅ የተካሄበት ቦታ (ላይብረሪ ይመስለኛል) ተሰንደው በተደረደሩ ጋዜጦች የተሞላ ነው። ለምሳሌ  አዲስ ዘመን፣ ሪፖርተ…	neutral
የሃይማኖት መሪዎች ለክርስትና እምነት ተከታዮች የእንኳን አደረሳችሁ መልዕክት አስተላለፉ	positive
አዲሱ የአቶ ሬድዋን ሁሴን ሹመት	neutral
ሰውን አንገት በሚያስደፋ መልኩ ዝም ብሎ ሙድ መያዝ....ስልህ ያ ሰው ምንም ሳያጠፋ.....ተቀባብሎ መሣለቅ	negative
መጀመሪያ ቃል ብቻ ነበረ፤  ቃልም በቀለም ተቀናበረ፤ ቃልና ቀለም በተግባር ኖረ፤ መዕራፉን ጨርሶ ቋጠረ።	positive
የቤት ውስጥ ጥቃት – ያለሰሚ – ያለተመልካች	negative
የህወሓት ማዕከላዊ ኮሚቴ አባል አቶ ጌታቸው ረዳ ትላንት በድምፂ ወያነ ቴሌቪዥን ስለ ህወሓት ቀጣይ ዕጣ ፈንታ ተናግረዋል እየተባለ በማህበራዊ ሚዲያ የሚሰራጨው ዜና ሀሰተኛ ነው።	neutral
*በመጨረሻም እስከ ህልፈታቸው ቀን ግንቦት 14/1980 ዓ/ም ድረስ የዝነኛው 102ኛው አየር ወለድ ክ/ጦር ዋና አዛዥ  በኤርትራ በረሃ በማዕሚዶ ጦርነት ላይ በመጨረሻዋ ደቂቃ እራሳቸ…	neutral
ጥበብ	positive
ምን ማለት ነው የጁ ኦሮሞ አይደለም ማለት? አረተው ተው ፣ የትኛው አማራ ነው አሁን እሄን አይነቱ ሸፍጥ የሚደግፍ እቲ ንገረኝ። አረ እፈር፣ ወይ ባይሆን አሳውቁኝ በል።	neutral
ሀገር አቀፍ ብሔራዊ የሴቶች የሰላም ምክር ቤት ተቋቋመ	positive
የ24 ሰዓት የቴሌቭዥን መርሐግብሩ ተጀምሯል::ከዮድ አቢሲንያ የማብሰርያ ዝግጅት አለ::	positive
Ethiopia ወያኔን ለመጣል ምን ድርሻ ነበራችሁ ? ከወደቀ በኋላ ጉራ ከመንዛት በቀር	negative
ውስጥ ያሉት መኪኖች ብዛት 1 ሚልየን አይደርስም። በሚገርም ሁኔታ ግን በአማካይ በአመት 5	neutral
ኦሮሞ ምንም ቢማር ከብት ነዉ አያስተዉልም ጥንብ ዘረኛ ናቸዉ	negative
ቲሽ ጨለምተኛ ዱቄት 97 ላይ ቆመሃል እንዴ ጊዜው ነጉዷል 2012 ነው አሉባልታህን ቀቅለህ ብላው ልደቱ እየመጣ ነው	negative
እንግዳ ሲመጣ ብቻ የሚወጣ የቤት እቃ እናንተም ቤት ነበር???	neutral
ቅውቀት ዛሬ በሽ ነበር.....ብሬ ከባድ ሚዛን በተግባር አየን አይጠገቤው ኢንተርቪው እውቀት ስገበይ ዋልኩ ብል ማጋነን አይሆንብኝም።  ቤሬን የሚመጥን ጋዜጠኛ ግን አገርቤት ያለ አይመስለኝም!	neutral
ጥሩ ስራ አድራሻቸውን ማግኘት ብችል?	positive
?????? ሁል ጊዜ በጌታ ደስ ይበላችሁ..	positive
በአጠቃላይ ፖሊሲ አውጪዎችን ጨምሮ በኢትዮጲያ ያሉ ሙያን የሚፈልጉ የአገልግሎት ቦታዎች ላይ የሚገኙት ሰዎች 100% በፖለቲካዊ አስፈላጊነታቸው ብቻና ብቻ ነው። ኢትዮጲያ…	neutral
ለዚህ ንግግርህ ሺህ ጊዜ አሜን ብል አይደክመኝም። ለሁላችንም የምትመች ሁላችንንም እኩል የምታይ ሀገር በጋራ እንገነባለን።	positive
በምዕራብ ኦሮሚያ በሚገኙ በሁለቱ የወለጋ ዞኖች (ምስራቅ ወለጋና ሆሮ ጉዱሩ ወለጋ ዞኖች) የኢንተርኔት እና የስልክ አገልግሎት መቋረጡን የአካባቢው ነዋሪዎች ተናገሩ።…	negative
የ2012 ምርጫ የጊዜ ሰሌዳን አስመልክቶ በቦርዱ ሰብሳቢ ወ/ሪት ብርትኳን ሚዴቅሳ የቀረበ ገለጻ፡- የምርጫ ቀኑን የተወሰነው ሕገመንግስቱን መሰረት ባደረገ መልኩ ነው፡፡ ሕገመንግስታች…	positive
የብልፅግና ፓርቲ እና የአዲስ አበባ የንግድ ማህበረሰብ ውይይት	neutral
ፈጣሪ  በ ሬጌ  ሙዚቃ  ሆን ብሎ   የቀጣን  እኮ   እዮብ መኮንንን ወደራሱ  የወሰደብን  ቀን  ነው	neutral
ያየሰው ሺመልስ ላይ የደረሰው ነገር ያሳዝናል። በቃል ኣላምረውም ላይም በኮ/ን ሃላፊው ንጉሱ ጥላሁ በኩል የግድያ ማስ…	negative
አረ ተውው የማይሆን ነገር ነው ውንድሜ፣ አንተንሰ ምናንከራተተ። የገደልህን፣ ያደማህን አምባገንን ትጥቅ ባስፈታልህ፣ እንደ…	neutral
ብዙ ግዜ ቢለመኑም እምቢ ከወረድኩም እግዜር ተገልጦ ውረድ ሲለኝ ነው አሉ። አንድ ቀን ቆጣቸው ተደርምሶ አባ ይጎዱና በቃሬዛ ወደ ህክምና እየተወሰዱ ሳለ ብዙ ሲወተውቷቸው የነበሩ አባ…	neutral
ህዝቡን ዲሞክራሲ እናለማምደው  ከማለት ቅድሚያ መለማመድ አለባቸው፡፡ይህ ህዝብ ነው እነሱንም ነጻ ያወጣቸው ፡ Jawar Mohammed via... LTV	neutral
ምንድን ነው ግልፅ ያልሆነው? የብሄር መብትን በሩሲያ አብዬት ያነሳው ስታሊን ሁሉ ተነስቷል:: የመብት ጉዳይ ሳይሆን በወቅቱ ለአብዮቱ ድጋፍ የማግፕት ነበር::…	neutral
ሰላምና ፍትህ እንኳን ለሀገር ልማት ለግለሰብም ወሳኝ ነው።መንግሥት ለዲሞክራስ መሠረት የሆኑትንና ዲሞክራሲን ወልደውና ደግፉው በሕይወታቸው ያመጡትን የያዙትን ያቀኑትን የትግራ፣የኦሮሞ…	positive
ያልተረጋጋች ሀገር ምርጫ አያስፈልጋትም	negative
ደደቡ እና አረፋው የኢትዮጵያው ጠ/ሚ አብዪ ከኤርትራው ኣያቶላህ ኢሰያስ የወሰደው ምክር consulation እየተጋለጠ ነው  ጀዝባና አረፋ አብዪ የአለም ማ/ሰብን ያታለለ መስሎታል????	negative
????????  እንደዚ ዓይነት ተረት ተረት እስከ ኣሁን ኣለ እንዴ በኢትዮጵያ! ያሳፍራል በጣም::	negative
ሰላም ይብዛልን፡፡	positive
ትዊተር ላይክና ሪትዊትን ወደ ገንዘብ በመቀየር የካምፔይናችን ተሳታፊ እንዲሆን ካልጠየቅን በስተቀር ሁኔታው አባሆይ ጋሪያን የመግፋት ያህል እየከበደ ነው :-)	neutral
የአማራ መገናኛ ብዙሃን ዛሬ አክሱም ማለት አገውኛ ነው ፣ ትርጉሙም ውሃ ሹም ማለት ነው አለ አሉ።  ~ Stalin Gebreselassie  አማራ መገናኛ ብዙሃን ማለት ጉ…	neutral
ኤችአይቪ በኢትዮጵያ ከሦስት ክልሎች ውጪ በወረርሽኝ ደረጃ ነው ያለው ። BBC Amharic	neutral
ምርጥ ልጅ ነው ጌች እንኳንም መልሰህ ተከተልከው	neutral
እግዚአብሔር ይስጥልን! መልካም በዓል	positive
በመሆኑም በአጭሩ የተጠቀሰው የብክነት አድራሻ ሌሎች  ማለትም ከቆጣሪ ንባብ እና ሌሎች ሳይንትፊክ የብክነት መለያ ቢኖሩም በዋናነት የሚጠቀሱትበከተሞች ውሰጥ ለዉሰጥ…	neutral
መልካም ዜና   ወደ ደቡብ አፍሪካ ለተጨማሪ የላብራቶሪ ምርመራ የተላኩት የአራቱ ተጠርጣሪዎች ውጤት ከኖቭል ኮሮና ቫይረስ ነፃ መሆናቸው ተረጋግጧል!  FMOH	positive
ስለብርሃኑ አላወራውም!!!! አሁንም አሉባልታህን ትተህ ጭብጥ የሆነ ነገር ላይ አውራ!!!	neutral
ጠሚር አብይ አህመድ በሚታሙባቸው ሁለት ነገሮች ላይ ደጋግመው ሲናገሩ ሰማሁ እውነትና እውቀት 12ንኛ ክፍል ሳያጠናቅቅ ዶክትሬት በቆረጣ ያገኘ የራሱን ኢታማዦር ሹም በሻጥር  የገደለ ሰው ስለ…	neutral
በአንድ አገር ውስጥ የሚነሳ “የብሄር ጥያቄ” በብሄር ድርጅት ብቻ ሳይሆን በህብረ ብሄር ድርጅት መልስ ሊያገኝ ይችላል። አብዛኛው የብሄር ድርጅቶች ግን ጥያቄውን ከመመለስ ይልቅ በጥያቄው መነገድ ይቀናቸዋል።	negative
ወ/ሮ ሰናይት ነውረኛ ሴት መማር ትውልድ መግደል ከሆነ ባትፈጠሪ ይሻልሽ ነበር አንቺ ግን ወልደሽ ዘር ተክተሻል የሰው ልጆች ዘር ሳይተኩ እንዲጠፉ እየሰራሽ ባለሽው ወንጀል ፈጣሪ የስራሽን ይስጥሽ	positive
ስለምንድነው ይህን ያህል የምትዘከዝኩት?	neutral
የኛ ሰው ከእውቀት ነፃ ነው ሀገራችንን ከሚመራው ሰው ጀምሮ ማጂን በግል ከelemanitary እሰከ Uinversity ድረስ አንደሚያውቃት ሰው መናገር…	negative
Justice በጣም ልክ ነህ ያው ክልሌ  ዞኔ ምናምን እያሉ አድገውኮ ነው ዩኒቨርሲቲ ሲሄዱ ችግር የሚፈጥሩት…	negative
18 ዓመት የሞላኝ ሰዉ ነኝ ዲሞክራሲያዊ መብቴን ተጠቅሜ እምቡር እምቡር ማለት መብቴ ነዉ ????	negative
ፍላጎታችንኮ ገደብ አጣ  ለእግዜርም አልተመቸን	negative
ለሃግም ለሃንግም ተመሳሳይ ምላሽ የሚሰጥ ብዙሃን የተፈጠረው ግን ከመቼ ጀምሮ ነው???	neutral
ጌታ ብርታቱን ይስጥህ፣ ይጠብቅህ! መልካም በዓል፡፡	positive
አንድ ሴሚስተር ፍረሽ እያለን።	neutral
ደስ ይላል።  ህዝባችንን ከአደጋ ለመከላከል መነሳት ግድ ይላል። ኢትዮጵያዊነት የእግዚአብሔር ስጦታ ነው ።	neutral
ኧረ! አምላኬ ምንድ ነው ነገሩ ልጆችህ አለቁ ዛሬስ ሳይማሩ።  በመኪና አደጋና በነውጠኞች ህይወትቅቸውን ላጡ ተማሪዎች	negative
ወቸው ጉድ! ምን ሲል ይህን ተዐምር ለመስራት አሰበ በጌታ!	neutral
ከጉራጌ አባት እና እናት መወለድም እንደዚያው ግን የትኛው ይቀድማል ነው! ብሬዋ እሺ አንቢቢ እሥኪ!	neutral
: እስርቤት እያለን አንድ ምሁር ስለ ሲሳይ የተናገሩትን መጥቀስ እወዳለሁ  ሲሳይን ተገደህ የምታደንቀው ሰው ነው አንዷለም አራጌ ዲሲ ላይ በተደረገለት የእራት ግብ…	negative
በክትክታ ዙሪያ ሰዎች ምን እየተወያዩ እንደሆነስ ያውቃሉ?   ካለዋቁ ይህንን ቅጥልጥል ጋብዘኖቷል። ????  በዛውም ድምፅ ይስጡ!!!	neutral
ጥሩ ውሳኔ ነው። ብድሩ ሲያጨናንቃቸው አርፍው ይማራሉ። አሁን ምግብና መኖሪያ ስለማያሳስባቸው ለመገዳደል ግዜ አግኝተዋል። የሌሎች አፍሪካ ሀገራት ተማሪዎች ዩኒቨርቲ ለመማር ያለባቸውን…	positive
ከመልካም ስራዎቻችን ውጭ  ያጠራቀምናቸው ሸቀጦች ፣ የወደድናቸው የወደዱን ወገኖች ምንም ያህል  ቢበዙ የማይጠቅሙበትን ቀን አናስታውስ! አላህ ይምራን!??	positive
“ጨዋነት ጥላቻን የሚያረካ እና ፍቅርን የሚያዳብር የበጎ አድራጎት እህት ናት።” (የአሴሲ ቅዱስ ፍራንሲስ)	positive
ደህና ፣ አሁን ተኛ	positive
የመኪና አደጋ ነፍጠኛ ሰራሽ አገራዊ አፍራሽነትን መደበቅ አይችልም፤ ይህን ማህበረሰብ ሄደህ ስለመኪና አደጋ ብታወራለት ጆሮ ዳባል…	negative
ግብር ለመክፈል 2 ቀናት ???♀️ ለምን። ይህ አግባብ አይደለም! ለሚመለከተው ሁሉ ???? .... ለማን እንደሚናገር	negative
ታህሳስ 23፣ 2012/ በኢትዮጵያ ታላላቅ ተቋማት የሳይበር ጥቃት አደጋ በስጋት ደረጃ ሊያጋጥማቸው ይችላል ተብሏል	neutral
የባህር ዳር ነዋሪ የሆኑት የእስልምና ሃይማኖት ተከታዮች ታኅሣሥ 10 ቀን 2012 ዓ.ም በሞጣ ከተማ አስተዳደር በመስጅዶችና ሱቆች ላይ የደረሰውን ጥቃት በማውገዝ ሠላማዊ ሠ…	neutral
የፖለቲካ ጨዋታ ሰለባ ማድረግ በየትኛውም መልኩ ተቀባይነት የለውም! መንግስት የታገቱ ተማሪዎችን ጉዳይ ምን እየሠራ እንደሆነ ግልጽ መረጃ ሊሰጥ ይገባል!	positive
እንደነዚህ አይነት ደነዞችን በዓለም ላይ ይኖራሉ ብየ በፍፁም አላምንም ነበር። ሆኖም ግን እኛን ኢትዮጵያውያንን አይወክልም፣ እንዴውም እንደ እኔ ከሆነ ለውጣችን አደናቃፊ ግለሰብ…	negative
I know መልካምነት ይከፍላል and all ግን ከልጅ እስካዋቂ፣ ከምሁር እስከ ጋዜጠኛ፣ ከተማሪ እስከ ኃይማኖት መሪ ...መልካምነት ይከፍላል፣ ማንበብ ሙሉ ሰው ያደርጋል፣ ፍቅር ያሸ…	positive
የአገራችን ሙስሊሞች በራሳችን ምህዋር የራሳችንና አገራችንን በኛ እይታ በማጣቀስ ታሪክ ሊኖረን ይገባል። ያኔ 1500 አመታት የተዛባው ታሪክና የኛው የ25አመት ታሪክ ለኢትዮጲያ ታሪክ መዋጮ ይሆናል።	positive
የሁለት ተኩላ ፅንፈኞች በሙሉ፣ ‹‹ ሰዉ ነኝ ›› ‹‹ ኢትዮጵያ ፣ኢትዮጵያ ›› የሚትሉ፣ ዘረኛ ፣ሰዉ ጠል እና ገዳይ ለሆናችዉ ሁሉ፣  እስቲ እባካችሁ ሰዉ ሁኑ፣ ኢትዮጵያዊ ሁኑ፣ ተ…	positive
ያሬዶ ጭንቀት ቢበዛበት አትፍረዱበት	neutral
ሲለፋ ብሔራዊ ቴአትር አካባቢ አግኝተን ሸክሙ እንዲቀል ተበላሽተው ከቆሙ መኪኖች አንዱን ሰጥተን አበረታተነው ነበር።  ዛሬ በአዲስ ተስፋ ሥራውን መጀመሩን እና ከችግሩ መሻገሩን በማየቴ ደስ ብሎኛል። ወድቆ አልቀረምና።	positive
???????????????????????? ETV ገና ዛሬ ትክክለኛ ዜና አቀረበልን!!	neutral
?????? ጥበብ	positive
መቼ ነው ደግሞ በይፋ አብይ ዛፍ እየቆረጠ የምናየዉ	neutral
ለመናገር ከለመድከው አይነት ተቃዋሚ ፓርቲ እንለያለን። ለጤነኛ ፓርቲ ከመመረጥ በላይ ሊያሳስበው የሚገባው…	neutral
የኔም ጥያቄ ነው እኮ ?? ወይስ አንድላይ እየኖርን ተለያይተናል ...ሁሉም አፈር ድሜ ሲበላበት በኖርነው ሃገር ላይ ስለ አንድ ብሄር ብቻ እያነሳ የሚያስቡ ከሆነ ....? እስኪ ይሁን	negative
አንተ ነገረኛ ??	negative
ታላቅ ደስታ የምሥራች እነግራችኋለሁና አትፍሩ፤	positive
ቀሽም ነው እረ ..ለነገሩ ሳይኖር ነው የሞተው	negative
በመንግስቱ ወንጌል አለም አቀፍ ቤተክርስቲያን የወጣቶች ዝማሬ	neutral
ምናልባት ይሄ ዛሬ ይፋ ካደረግነው ስጦታ ጋር ይያያዝ እንደሆነ ሰዎች ከጠየቁ፣ ከሱ ጋር የተገናኘ አይደለም። የኢንተርኔት እና የፅሁፍ መልእክት አገልግሎታችን እየሰሩ ነበር።	neutral
የማያነቡት ይበልጣል እያሉ ነው። በአማርኛ ሲተረጎም ከሚቀጥሉት ጥቂት ወራት በኋላ የመብራት አራት እጥፍ ማስከፈል እንጀምራለን ነው። ለህዝቡ ማስቻያውን ይ…	neutral
እንዴ ይገርማል እንዴ ይበላት በራሳ የላከችውን ምን ያንጫጫቹሃል ደግ ኣረገ ባደገ ዘመን እንዴህ በወሬ ሰላጣ የምትሆን ካለች ዳኳ ጨምሮ በደንብ መብላት ነው	negative
ከጥበብ መፅሐፍ ውስጥ የመጀመሪያው ምዕራፍ ታማኝነት ነው። ቶማስ ጀፈርሰን	positive
ማንም የማንንም ሃሳብ ያዢ ያለሽ የለም?????♀️  ሲቀጥል እስክንድርን በትንሽ በትልቁ የምታብጠለጥሉት እናንተ ቀልዳቹሁ እንጨት እንጨት ይላ…	negative
እስቲ በካስ ውስጥ ድንገይ ሞልቶ ያስመታ ወይም የመታ????	neutral
ሰው ሆይ፤ መልካም የሆነውን አሳይቶሃል፤  እግዚአብሔር ከአንተ የሚፈልገው ምንድን ነው? ፍትሕን ታደርግ ዘንድ፣ ምሕረትንም ትወድድ ዘንድ፣ በአምላክህም ፊት በትሕትና ትራመድ ዘንድ አይደለምን? ሚክያስ 6:8	positive
በጣም የሚያስደንቁ ነገሥታት ሁላችንም ትልቅ ቤተሰብ መሆናችንን እና የእግዚአብሔር ልጅ በመካከላችን የሚኖር መሆኑን ለማስታወስ ዛሬ ልዩ ምሽት ነው።	positive
“ጦርነት [አንወድም]። ሆኖም ይህን ኢትዮጵያን [የገዛ ውሃዋ] ጥገኛ የሚያድርግ ውል ከመቀበል ጦርነትን [እንመርጣለን]”።  ...ግን ደግሞ “ለውጡ“ ይደናቀፍ ይሆን?¡	neutral
እኔ ቁጥሩን ነው ያሰላሁት እሱ በሰጠኝ ፀጋ ??????	positive
ወላሂ አንተን ቅር ከሚልህ ባለ መቶ ካርድ ቃል እገባለሁ። እባክዎትን ቁጥሩዎን በ DM ይላኩልን?	negative
«በትግራይ ክልል በተለይም አክሱም ከተማ እና በአማራ ክልል የእስልምና እምነት ተከታዮች የመስገጃ ቦታ እጦት እና በትውልድ ቀዬው መቀበር አለመቻል» ችግሮች እንዳሉባቸው ምክር ቤቱ በመግለጫው አትቷል። 3/6	neutral
አብይ ከሰሞኑ ከለማ ጋር ቆንጆ ፎቶ ይነሳል። ????	neutral
አይ ወያኔ ያስታወሱት ይሆን???	neutral
ኢሳ 53 2 በፊቱ እንደ ቡቃያ ከደረቅም መሬት እንደ ሥር አድጎአል። መልክና ውበት የለውም ባየነውም ጊዜ እንወድደው ዘንድ ደም ግባት የለውም…	neutral
ዓመቱን ሙሉ ከናንተ የተለየውን መግደል እና ማሳደድ ትታችሁ በየቀኑ አብራችሁ መጨፈር ስትችሉ ለምን በዓመት አንዴ ብቻ	negative
የኦሮሞ ሕዝብ ከሌሎች ብሔር ብሔረሰቦችና ሕዝቦች  ጋር ተከባብሮ እራሱን በራሱ ከማስተዳደርና የመልካም አስተዳደር ችግር ተፈቶለት ከመልማት ውጭ ኦዲፒ ብቻውን የሚመልስለት ምን ጥያቄ ነበረው?	negative
የተባበሩት የአማራ በጎ አድራጎት ድርጅት ተመሠረተ።	positive
ለመናገር አሁን ያለንበት ሁኔታ ስለፖለቲካ እምናስብበት ሳይሆን ተባብረን ሀገርን ከዘመናዊ ቅኝ ግዢ የምንታደግበት ነው። ሀገር ስልህ  ኢትዮጵያን እንደሆነች አሮጊት ሴትዮ እንዳትስላት። የራስ…	neutral
በጣም ያምራል ጎበዝ	positive
ሠላም ነው ያገሬ ልጆች እስኪ ሁላችንም በምናምነው እምነት ለአገራችን ሠላም እንፀልይ	positive
ድንቁ የመጀመሪያው ካልሲ ያረገ የሰይፋ  እንግዳ በመሆኑ ሊመሰገን ይገባዋል!	neutral
I wanna sing this ?? for her            ?????? ?? ልደትሽ ዛሬ ነው፣ ወፏ ነግራኛለች      ገና በማለዳ ፣ ዘምራልሻለች        ሆሆሆ    ሄሄሄ        መልካም ልደት ??	neutral
አዲስ አበባ ዩኒቨርሲቲ ለአራት መምህራን የፕሮፌሰርነት ማዕረግ ሰጠ	positive
አለበለዚያ ሌላ አዲስ ወያኔ ተሰርቶ ከዘጠኙ ክልል ዘጠና ክልል ይሰራል ያኔ የባህር ?? ሲንድሮም ይለቃል ????	negative
Dave! መውረድ ጥሩ አይደለም!!! ወርቅ የሚያዘንብ መንግስት የለም::	negative
ALARMING NEWS ታዋቂው ፊዚከር ፕሮፌሰር ክራውስ  ደቡብ አፍሪካዊ ቡሽሪም ይሁን ካሜሮናዊው ሃበሻ ሚስት ያለው  ነብይ  ባይ ነኝ  ሁለቱም ሌባ ናቸው ይላሉ…	negative
ኢሳይያስ 7 (Isaiah) 9፤ የኤፍሬምም ራስ ሰማርያ ነው፥ የሰማርያም ራስ የሮሜልዩ ልጅ ነው። ባታምኑ አትጸኑም።	neutral
አንተ ባልድ ራስ ፀጉርን አስተክለክ የልብ ልብ ተሰማክ አይደል?	neutral
ልብ እንዳለው ሰው	negative
ሀይማኖት ግርማ	neutral
የአበበ ተካ ዘፈን ሲዘፍን ደስ ብሎኝ ላዳምጠው የምችለው ሰው ዳዊት ጽጌ (ባላገሩ አይዶል) ነው።  ለምንድን ነው አጨመላልቀው መዝፈናቸው ሳያንስ እንደ ደህና ነገር በየመንገዱ በሞንታ…	negative
የዝርፊያ፣የወረራ፣የምንጠራ፣ የግፍ፣ የጭፍጨፋ እና የስደት መንግስት። የድህነት፣ ኋላቀርነት እና ዘረኝነት ፓርቲ።  አዲስአቤው  ሉባ እና ገበሮነትን እንደገና ለ…	negative
ዘፋኝ መንግስተ ሰማይን አይወርስም   ፈጣሪ እኛን እንደዘፋኝ እንደማይቋረጥረን ተስፋ አለኝ ??	neutral
እንደው ግን ጃዋር ከሰራሀቸው መልካም ስራዎች አንዱን ጥቀስልኝ? እኔ ይሔን ሰርቼ አስተዋጽኦ አበርክቼያለው በለን. ኢትዮጽያ እሺ ተዋት ለኦሮሞ ብሔር ምንድነው የሠራኸው? ማወቅ ስለምፈልግ ነው	neutral
እባክህ አፍክን ዝጋ የአማራን አንገት ካስደፋችሁ በኋላ ስለየትኛው አማራ ነው የምታወራው።	negative
እንዴ እኔ እኮ Borussia BVB የሚለውን እችለዋለሁ ትርጉሙን አላቅም እንጂ	neutral
ሚኒሊክ ወደ ፊንፊኔ ከተማ እንግድነት መጥቶባት ወረራት እንጅ አልመሰረታትም። ባይሆን በደብረ ብርሃን አካባቢ በመወለዱ ለከተማው ይቀርባል። ኢዜማ ይህን ታሪክ ማስተዋሉ ጥሩ ነው። ኢዜ…	neutral
አራታችንን ያገናኘን ዩኒቨርስቲ ጥሩ ጎደኞች አድርጎናል:: እዛኔ በነፃነት እየተነጋገርን የልብ ጎደኛሞች ሆነናል:: የዛሬ ዩንቨርስቲ ተማሪ የሚገዳደለው የመነጋገር ባህርይ ስሌለው ነው ወይስ የ…	neutral
ለዛ ሁሉ ማሽቋለጥ ግን ይቺ ትንሽ ናት??	neutral
መጀመሪያ የእግዛቤሔርን ፍርድን ጠብቁ	neutral
የሚገድል መርዝ በሚያመነጩ አንደበቶች /ፓስተር ጌትነት ተፈሪ /VICTORY FAMILY CHURCH	negative
ኢትዮጵያ የቀበሌ	neutral
ክቡር ጠ/ሚ ዶ/ር አብይ አህመድ ከሚቃወሙት ይልቅ የሚደግፉት ይበልጣሉ ያም ይለፍልፍ አብይ መሪያችን ነው ሰላምና  ድሞክራሲ ገና ያብባል ለማም ቢሆን በስተመጨረሻ ለኢት/ያ ህዝብ አድ…	neutral
ዛሬ ከተሰማው ነገር ሁሉ የታገቱት ተማሪዎችን መንግስት  ማስፈታቱ ትልቅ ደስታ ነው:: እንዲህ ያለው ወንጀል ፈፅሞ እንዳይደገም መንግስት ወንጀለኞቹን ለፍርድ ያቅርባቸው::	positive
ይህ እጅግ አሳዛኝ ነው! ዝም ብሎ አደጋ አይደለም::እዚህ ሁሉ ምስቅልቅ እንዴት ገባን?! በልጆች የትምህርት እድል ላይ የሚፈርድ የጥፋት ፖለቲካ መወገዝ አለበት:: የወላጅ ሀዘን ይሰ…	negative
የሁለት ፎቶዎች ወግ	neutral
ስዩም ተሾመ የጀበሉ ቃለ መጠይቅ ካዳመጠ በኋላ...	neutral
አንተ ቆሻሻ! 86 ሰው ሲያልቅ የት አባህ ነበርክ? እሁን በብርሃን ፍጥነት ታወግዛለህ:: ቆሻሻ	negative
ታሜ ግን በደህናህ ነው? አሁን አሁን ከአባይ ግድብ ይልቅ አማኑኤል ሆስፒታልን በብዛት መገንባት እንደሚያስፈልግ እየተሰማኝ ነው።	neutral
ድንጋይ ራስ ነህ!! ምንም የማይጠቅም ድንጋይ that’s all ከቻልክ ከድንጋይነት ወደ ሰውነት ለመቀየር ሞክር!!	negative
እብደት በድንገት  ከእድገት በሕብረት	neutral
ይህ ስፍራ ለህዝብ የተከለከለዉ የጊዪን ፖርክ አካል ነዉ  ጥብቅና የሚያምር ስፍራ ነዉ  የሰራተኛ ካፍቴርያዉ ወዳጆቼ ስለያዙት በተለያ አጋጣሚ እጎበኘዋለዉ  አሁን ቲዲ እስቲዲዬ ሲኒማ…	positive
እንኳን ለብርሃነ ልደቱ አደረሳችሁ ዉድ የዶቼ ቬለ ተከታታዮች! በዓል እንዴት ነዉ? ለሃገራችን ኢትዮጵያ ሰላም፤ ፍቅር፤ መተሳሰብን ያብዛልን! ዉድ ወዳጆቻችን በገና በዓል ምኞታችሁን…	positive
የታገቱት መለቀቅ ብቻ ዋጋ የለውም ፣ አጋቹቹስ?  አሁንም ከስጋት ጋር ነን‼	positive
እስኬው ጎረቤቶቹን?? ጎሸም ለማድረግ ጊዜም ቦታም ሪሶርስም አይመርጥም።	neutral
አንተም ሰው ሰው ሸተትክ? እከካም ዘረኛ!	negative
አንዳንዱ አቃቂር ሲያጣ እሺ ቤቲ ወንድ አደለ ለምን አህመዲን ጀበል አልጨበጠውም ይልሃል ????	neutral
አንዳንድ የኦሮሞ ሙሁራን እንዴት አላማቸዉን በቆንጆ ሴት በገንዘብ እና በመጠጥ ሊዘነጉ ቻሉ?	neutral
ለዛ ነዉ 17 ሴት ተማሪዎች አሳግተህ ባልሰማ ዝም ያልከዉ? ለነገሩ ደቡብ አፍሪካ ስለነበርክ አይሰማ ይሆናል	negative
በጣም የሚያሳስቡንን ነገሮች አውቀውልናል ??	neutral
BTW  ከአራት አመታት በፊት (የድል አጥቢያ አርበኞች በዚያኛው ማሊያ ሲጫወቱ??) መስሪያ ቤተ መታወቂያ እንሰጥህ ዘንድ ብሄሬን ጠየቁኝ፣ወሎዬ ነኝ አልኩ፣አማራ ነህ ማለት ነው አሉኝ። እኔ:ተውት ይቅርብኝ!	neutral
አቡበከር አህመድ ችግሩ ከመፈጠሩ በፊት ለደመቀ መኮነን ፣ ለዳንኤል ክብረት እና ለክልሉ ፀጥታ ዘርፍ ሀላፊ እንዲያስቆሙ ደውሎ ነግሯቸው ነበር!! ኡስታዝ አህመዲን ጀበል	neutral
ከመነሻው የአቶ ንጉሡን መግለጫ ምንም ያላመንኩ ቢሆንም እንደዛ ባልተሰማኝና ምነው ያሉት ሁሉ እውነት በሆነ ብዬ ተመኝቻለሁ። ግን...  ለማንኛውም ??…	positive
ይስሀቅ ባንጃው ወይስ ሺሻ ባንጃው? ስሙ ለእኔ አዲስ ነው።	negative
አንዳንዱ በፈንቲዚያ መንፍስ ውስጥ ስለሆነ የወቅቱ ወርቃማ እድሎች ያመልጡታል፣	positive
አስቀድመው ይሄ እንደሚያሸንፍ ነገሩንኮ አንዳንዴ እውነት ተራራ ፈንቅሎ ይወጣል	positive
የጥላቻና ሀሰተኛ መረጃ ስርጭትን ለመከላከል በተዘጋጀው ረቂቅ ላይ ያሉ የትርጉምና የይዘት ክፍተቶች መሙላት እንደሚገባ ተገለፀ!  በረቂቁ ዙሪያ በዛሬው ዕለት በህዝብ ተወካዮች ምክር…	neutral
ስትዳከም የሚመጡ ነገሮች አለመገንዘብ ነው። መግገጫ አያስፈልገውም ነበር ለዚህ ድርድር። መደራደር ማለት በልክህና ባቅምህ መስማማት ማለት ከሆነ፣ ስንዳከም ሚዛኑ ወደ ግብፅ ጥቅም ያዘነብላል።	negative
በኢትዮጵያ ውስጥ የታዘብኩት አመራር ሳይመራ ህዝብን መምራት እንደማይችል በየቦታ እየሆነ ያለው ህያው ማስረጃ ነው። በአድስ መልክ ራሱን ያደሰው ብልጽግና ፓርቲ ህዝብ እንድመራ ከተፈለገ ለምን አመራርን አይመራም?	neutral
ሃሳባችንን መሰብሰብ የሚያስችለን ቀላል መንገድ!	positive
ጡረተኛው አሜሪካዊው ባለ አራት ኮከብ ጀነራል ስታንሌይ ማክርይስታ ዛሬ ስለተገደሉት በቅርበት ስለሚያውቃቸው ኢራናዊው የጦር ጠበብት ሜ/ጀነራል ቃሳም ሱሌማን አምና የሠጡትን ምስክርነት…	neutral
በጥበቃ የሚተዳደሩ አባት በዚህ ወር የቆጠረው የመብራት ቢል ግራ ቢገባቸው መብራት ሃይል ሄደው የምጠብቀውንም ቤት መብራት አንድ ላይ ቆጠራችሁኔብኝ ብለው ቀወጡት።	neutral
ምን ላድርገው ይህን ቤተሰብ?	neutral
ለኔ ግን በራሱ ላይ መቀለድ ስለሚችልና ሲቀድበትም ቀልድን እንደቀልድ መረዳት ስለሚችል ይመስለኛል።	neutral
ሁሉንም በኦሮሚያ ክልል መወዳደሩን ማን ፈቅዶላቸው?   አይታይህም CDF የተሸንፈው ክልሉ ላይ ሰው ሲኖር?	neutral
ሰይጣን መውጫውን ያመላክታል ፣ መውጫውን ያመላክታል ፣ መውጫውን ያመላክታል። ወደ ትክክለኛው ጎዳና ያብራራን	positive
ከስደተኞች ካምፕ እስከ ካናዳ የተደረገው የኢትዮጵያዊው እልህ አስጨራሽ ጉዞ	neutral
ደስታው ነው እንዲህ ያረገኝ . . .ገና ደስታው የፈነቀለውን የዚህ መንደር አስተባብሬ ሰልፍ እንወጣለን ????	neutral
ይቀራል ብለህ ነው ????	neutral
እነዚ ደንቆሮዎች ሰው በላ የኤርትራን ህዝብ ይቅርታ  ያላሉ ከሀዲ	negative
«ከፓርቲ ውህደት በፊት .. .. የፌደራል ስርዓቱ እና የህገመንግስቱ መሸርሸር ጉዳይ ቅድሚያ ሊሰጠው ይገባል»  . .  በማለት አለቃቅሷል  .. .. ፍሬንዳችን … የጉስቁልና ፓርቲ ሊቀመንበር	negative
ምሽት በምዕራብ ጎንደር ዞን መተማ ወረዳ አንድ የመከላከያ ተሽከርካሪ ተገልብጦ ሶስት የሰራዊቱ አባላት ህይወት አለፈ።	negative
የትግሬን ጋላ መግዛት ጥላቻ የሚያካትት ሰው ነበር። ችሎታ ቶረኛ እና ፣ ተንኮለኛ የፖለቲካ ሰው ነበር፣ ጋላን ለማዳከም እና ለማጥፋት ለምንም አይመለስም  1970 ኽ ዳርካው	negative
ምነኛ ሞኝ ሲሆኑ ነው ግን እንደዚህ የሚሉት??	negative
ውሸት ግን ለምን እንዴት በአሪፉ እንደሚዋሽ መቀሌ ሄዳቹ ከትህነግ አትማሩም። በዚህ ተራ ወሬ ካንተ ቀድሞ የሄደውን ለማታታል የምትሄዱበት ርቀትና ድካማቹን ሳይ አዝንላቹዋለው። ??	neutral
ለካ ፀባይሽ የተቀያየረው ለዚህ ነበር	neutral
ለአቦ ለማ መገርሳ አጭር ምላሽ	neutral
ሰላም ከእናንተ ጋር ይሁን የኢትዮጵያ ልጆች	positive
ዕድልዎን ይሞክሩት።  የት እንደምገኝ ታውቃለህ ፡፡	neutral
ግራ የተጋባው የአማራ ብሄርተኝነት እና እና የሸኔ-ኦነግ መደናበር።	negative
ፊደል እንዴት እንደሚጻፍ ይማሩ	neutral
በአዲስ አበባ ከተማ እና በደቡብ ክልል የእምነቱ ተከታዮች በግዢ፣ በስጦታ እና በምሪት ባገኟቸው የመገልገያ ቦታዎች «የይዞታ ማካለል እና የግንባታ ፈቃድ የመስጠት ችግር» መከሰቱን የ…	negative
የቀረችውን የአገር ሃብት ሊዘርፉና፤ የዜጎችን መብት ሊደፈጥጡ፤ በድህነት ያደቀቋቸው ወገኖቻችንን መልሰው ሊግጡና፤ በብድር እስከ አንገቷ ያሰጠሟት አገራችንን፤ ከነ አካቴው ደፍቀው በማስመጥ፤ 2/3	negative
ከፍተኛ ሊግ ለ | መከላከያ እና ሀምበሪቾ ወደ ሠንጠረዡ አናት ሲጠጉ ሶዶ እና ጨንቻ አሸንፈዋል	positive
እሱ አደል ልዩነታችን እዚ አገር ምታድጉ ልጆች ስለ ሽሮ የሆረር ታሪክ ምታውቁት ነገር  የለም	negative
አቢይ ኢትዮጵያ ከነታሪክዋ ተከብራ እንድትቀጥል ይሰራሉ; ሩህሩህ ናቸው; በየአቅጣጫው የሚጎትትና የሚገፋ ሀይል ከውስጥም ከውጭም ባለበት ሁሉን አቻች…	positive
በቀለ  ገሪባ  የተፈርደበት  የመድሃኒት ሌባ  ስለሆነ  ለምርጫ  መቅረብ  የሚችል  አይደለም!	neutral
የኔ ጌታ!  ብይው ባሉኝና ስውጠው ባነቀኝ አለች አስቱ!	neutral
ድንቁ፡ ለምንድን ነው አብይ አሕመድ ህሊናውንና ልቦናውን የማያዳምጠው?   ሊቁ ፡ ምን ነካህ? አብይ አሕመድ ከማያውቃቸው ከማያውቁት እንግዶች ምክር መቀበል አይወድም፡፡	negative
አብን እነ ክርስቲያን ላይ ያለው  አቋም  ምንድን ነዉ  ምነው ዝም አላችሁ	negative
ዶ/ር አብዱልቀድር አደም የምርጥ ስብዕና ባለቤት ጠንቅቄ ስለማውቀው ነው ከኦቦ ጁሃር ጋር ቢዋሀዱ ብየ ተመኘሁ !!!	positive
አንቺን ማግኘት እፈልጋለሁ በናትሽ አግኝኝ	positive
ሰዎች ከአሁን በኋላ ቤተመንግስት የሚገቡት 200 ብር ከፍለው ነው ??	neutral
እኔ: ደሞ: ጠጅ: ግዛ: ተብዬ: ከላዩ: ላይ: ጠጥቼ: ውሃ: ጨምሬ: በጎደለው: ሲጠጡት: የዛሬው: የደከመ: ነው: እያሉ: ????እኔ: ደሞ: ሞቅታው: ያፍነከንከኝ: ነበር????	neutral
ይህ አስፈላጊ እርምጃ ነው	positive
................ ለማድረግ እየተሠራ ነው¡¡¡¡	neutral
ነቅተኸዋል ፡፡ እናትህ በሥቃይ እና በጭንቀት ትጮኻለች ፡፡ የአባትህ አንጀት ግድግዳው ላይ ተበታትነው ይገኛሉ። መጪውን አደጋ ሳያውቅ በፍርሀት…	negative
የዩኒቨርሲቲዎች የጸጥታ ችግር	neutral
ግራ የመጋባታችን ነገር የእኛነታችንን ሁለ…	neutral
ሲጀመርም አላማው ኢትዮጵያውያንን ለመጥቀም ሳይሆን ከፋፍሎ መዝረፍ ነበርና ዛሬም ጎሳን መሰረት ባደረገ ከፋፋይ ፖለቲካ መቀጠል የምትሻው ወያኔ ፍላጎቷ ከፋፍሎ መ…	negative
ጀኔራል አል ሲሲ አሁን ኢትዮጵያ መረጋጋት ያላትም ብሎ ነው ድርድሩን እያጣደፈ ያለው የኛስ መንግሥት ከምርጫ በኇላ ነው የምደራደረው በማለት ድርድሩን ለምን አያ…	neutral
ታጋችድራማውን በዛዘመን የጀመሩ ድንቅ መሪ ነበሩ??ለዛውም እንግሊዞችን አግተው መድፍ ያሰሩ ጀግና!ንግሰና ከንጉሰ ቤተሰብ ወጥቶ አንድ ጀግና ሸፍቶ አሸንፎ ንጉሰ መሆን እንደሚ…	neutral
ታምራት ነገራ በጠራራ ጸሃይ ህልም ማየት መብቱ ነው። እንዲህ ኣይነቶቹን መርዳት ያስቸግራል።	negative
ተስፋዬ ኡርጌ ጉዳይ ምን ሆነ? ክስ ተመሰረተበት ወይስ ማዕከላዊ ማሰቃያ ውስጥ ምርመራ አልተጠናቀቀም? Teme Lapiso ምን አዲስ አለ?	negative
እስቲ አንተ ንገረኝ: እሱ ትክክል ነው? ከኤርትራ ጋር እንደዛ መሆን አለበት እያልክ ነው? እንደዛ ማድረግ አለብን እያልክ ነው?	neutral
ልዩ የተፈጥሮ ገፅታ     ምስራቅ ጎጃም ዞን ጎዛምን ወረዳ…	neutral
አርቲስቱ በርገርና ፒዛ እና ሌሎች ጀንክ ምግቦችን ካልበላ ኑሮው መለወጡን አያምንም። ለዛ ነው ክሊፕ ባወጣ በማግስቱ ሶስት እጥፍ ወፍሮ የሚያድረው።	neutral
ድንጋይና ጃዋር አብረዉ ቢቀቀሉ ድንጋይ ቀድሞ የሚበስል ይመስለኛል። ሲደመድም እንኳን የፓለቲካ ሳይንቲስት ስለፓለቲካ ምንም ዕዉቀት  ከሌለዉ ተራ ግለሰብ በባሰ ነዉ።	neutral
ትምህርት ነፃ መሆኑ የግጭት መንስኤ ሆኗል የሚሉ ባለስልጣኖች መኖር የሚነግረን አንድ ትልቅ ነገር ቢኖር አሁን በየኮሌጁ ያለዉን ችግር ለምን መፍ…	neutral
ምን አይነት ደነዝ ነው ??	negative
እኛም እናመሰግናቸዋለን ከፈጣሪ በታች	positive
በካፊር ዘመን መለወጫ  እንኳን አደረሳቹህ ማለት  ሃራም መሆኑን አታውቂም እንዴ	negative
ጥሩ ሀሳብ??????	positive
ሁለት እጆቹ ወደ እግዚሄር የሚለምን እስኪመስል ድረስ ተማርኮ ፡ ኣልተሽንፍንም ብሎ ኣፉን እስኪቀደድ ያወራው የቀድሞ ፈርጣጭ ወተሃደር ደርግ ፡ እንዴት ነው ስለ ሃ…	neutral
እራስን እድል በራስ መወሰን የሚለው መብት ሲጀመር ለግለሰብ እንጂ ለቡድን የሚሰጥ መብት አይደለም፡፡ ቅድም ኢዜማ በፌዴራል…	negative
የኢትዮጵያ እስልምና ጉዳዮች ጠቅላይ ምክር ቤት የተሰማውን ቅሬታና የሞጣውን ጥቃት ሪፖርት ይፋ አደረገ   (ሙሉ መግለጫውን ምስሉን በመጫን ይመልከቱት)…	neutral
ስለሙዚቃ ያለህን ርቀት መመጠን ማሰቡ ራሱ ያደክማል፦ በዚያ ላይ የብሔር ቅመም ጨምረህበት። ኢትዮጵያ ውስጥ ታታሪ ያልሆነ ህዝብ የለም። ውርጋጥ ግለሰቦች ነፍ ናችሁ።	neutral
አንድነት ፖርክ አኩሪና እስደሳች ነገሮች ሲኖሩት ከደርግ ዘመን ጋር የተያያዙ አሳዛኝ ስፍራዎችም አሉበት:: ታሪካችን በመሆኑ ግን ሁሉንም ማየት ማስታወስ ተገቢ ነው:: ሳሊን ማግኘት…	positive
The desert❤. ምግቡ ምንድን ነው?  ብርቱካን ከእንጀራ ጎን?  አረ ተው የመዓድ ስርአት ይከበር።	neutral
ዛሬ ለኔ ልዩ ቀን ነው	neutral
ህወሓት ተሰንጥቋል። ግን መሰንጠቁ መች ይፋ ይሆናል ነው ጥያቄው!	neutral
Define እኛ። ግቢ ውስጥ የሚደባደበውም ተጠያቂ ይሁን።	neutral
እንደምትቃጠል ተስፋ አደርጋለሁ	negative
ሕፃን ተወልዶልናልና፥ ወንድ ልጅም ተሰጥቶናልና፤ አለቅነትም በጫንቃው ላይ ይሆናል፤ ስሙም ድንቅ መካር፥ ኃያል አምላክ፥ የዘላለም አባት፥ የሰላም አለቃ ተብሎ ይጠራል። (ትንቢተ…	positive
በአማራ ክልል ሰላም በማደፍረስ የተጠረጠሩ 130 ሰዎች በቁጥጥር ስር ዋሉ	neutral
ፓትርያሪኩ ሰለመስጂድ ቃጠሎ የተናገሩት ......	neutral
መልካም የሰራ ዘመን ይሁንላቹ ብለናል	positive
የተለያዩ የበግ፣ የፍየልና የበሬ ቆዳ አይነቶች ላይ ተጥሎ የነበረው የኤክስፖርት ቀረጥ ሙሉ በሙሉ ተነሳ	positive
እሄ እኮ አሁን ብቻ የተፃፈ አይደለም ላለፉት 3አስርት አመታት የታሪክ ትምህርቱ አንድን ማግነን አንድን በጥላቻ ውስጥ እንዲገባ ሚያረግ ነበር ጥላቻን ተምረ…	neutral
የኢራቅ ተቃዋሚዎች ባግዳድ ከሚገኘው የአሜሪካ ኤምባሲ አካባቢ መመለስ ጀመሩ፡፡ በኤምባሲው ላይ ትናንት ጥቃት መድረሱ ይታወቃል፡፡	neutral
ደሙን አፍሶ አጥንቱን ከስክሶ የገነባትና ከብት አየነዳ ድንገት ያረፈባት ብትፈርስ እኩል አይሰማውም ዳመነ በላይነህ	negative
የጌታቸው አረጋዊም ቃለመጠይቅ ተከታትየዎለሁኝ መንዳታ ነው ዳግማይ ክብሮም ነው ።LTV ግን ሁቡዕ ድርታቹኮ የዛሬ አስራምናምን አመትኮ ነው ምናቀው ።አራዊት ሁላ	neutral
ዋልተር ሲ ፕላውደን፣ የመጀመሪያ እንግሊዝ ቆንሶል የጎንዳር ነጋድራሶች (ጉምሩክ) በ ጎንደር፣ ያጁቤ፣ ዳሪታ፣ ሳቆጣ፣ ዳባርቅ፣ አድቃ እንደነበር ይናገራል	neutral
ቀረጻ ስብሰባ በማን? ስንት ግዜ? ውጤቱ? እና አላማው?  ??   50 ተጽእኖ ፈጣሪዎች   ??   3  ስብሰባዎች 11 ቀኖች 8  ሌሊቶች   ??    4 ሴናሪዮዎች   የተለያየ አመ…	neutral
ብልጽግና ፓርቲ የስራ አስፈጻሚ ኮሚቴ የመጀመሪያ ስብሰባውን እያደረገ ነው	neutral
አዎ አዎ እኔ ያቺ ብሩክሊን ነኝ ፣ አሁን እኔ ትሪቢካ ውስጥ እገኛለሁ  ከ DeNiro ጎን ለጎን ፣ ግን ለዘላለም እቆያለሁ  እኔ አዲሱን ሲያትራ ነኝ ፣ እና እዚህ ስላደረግኩኝ	neutral
ምንድን ነኝ ነው ምትለው?	negative
አሁንም የአማራ ክልል መንግስት መግለጫው አይነፋም ብለህ ሰልፍ እንዳጠራኝ እኔ እጄን አንስቻለሁ !!! ትግል በልመና አይሆንም ዛሬ ታይተን ነገ ለምትጠፋ ነፍስ እባክህ ፈርተህ አታስፈራኝ!!!	negative
እኔ የምለው ምርጫ 2012 ትንበያን በተመለከተ ምርጫ ቦርድ Betting ቢጀምር መልካም አይመስላችሁም...???	neutral
“ለውጥ ማለት ያለውን አፍርሶ አዲስ መገንባት አይደለም፡፡ ኢትዮጵያ እንድታድግ ከተፈለገ ባላት ላይ የሚጨምር የተማረ የሰው ኃይል ያስፈልጋታል፡፡”  ያላረፉ ነፍሶች	positive
በዚህ ቀውጢ ሰአትም የሚቀልድ አይጠፋም ለካ እናንተ!  ሀገር ውስጥ የማይኖር ሰውኮ ጭራሽ ጤነኛ አይመስለኝም ?? «ሀገራችን እንዴት ናት?» ብላኝ «ቀውጢ ተፈጥሯል» እላታለሁስ «እስቲ…	neutral
የተቋረጠውን የመማር ማስተማር ሂደት ለማስቀጠል ከተለያዩ አካላት ጋር እየተወያየ መሆኑን ድሬዳዋ ዩኒቨርስቲ አስታወቀ	positive
Asham tv | አናርጅ እናውጋ   ሙስሊሞች ያንን ተግባራዊ ባደረጉ ጊዜ ውጤታማ ሆነው ነበረ   ክፍል 4 |  S...	positive
እስክንድር በLTV በገባው ቃል መሰረት በቄሮዎች እጃቸውና ጡታቸው ለተቆረጡ አማራዎች የአኖሌ ሃውልትን በጎንደር ከተማ ለመገንባት ዝግጅቱን አጠናቋል  ??????	negative
ሰፈር ለሰፈር እየዞረ ሲጫወት አምሽቶ ቤት ሲገባ ከእራት በፊት እግርህን ታጠብ ሲባል ከፊት ብቻ እግሩ ላይ ውኃ ደፍቶ ከኃላ ውኃ ሳይነካው ተይዞ ድጋሚ የታጠበ????	neutral
ብልፅግና ፓርቲ	neutral
መሪዎች ህልማቸዉን ከልቡ ተጋርቶ ያንን እዉን ለማድረግ የሚደመርና (ህልሙ ላይ ችግር ሲኖር)ያንን ችግር ለመናገር ከመሪዎችም ጋር ለመወያየትና ለመከራከር ወደኋላ የማይል ተከታይ ነዉ…	neutral
ንቃት	neutral
በጣም ጥሩ ነው ዜናው ነገር ግን ለምን ባለ ድርሻ አካላት ካላቹ በመሰርተ ልማት በከፍተኛው ተደራሽነትና አካታችነት በማጣታቸው ከእናንተ ጋር ማቀድ መገምገም…	positive
እኔ ወያኔ አልነበርኩ (የድሮዎቹ እብዶች) ... ብልፅግናም አይደለሁ (የዛሬዎቹ እብዶች)!	negative
ይታያል ግምገማዎች ይገናኛሉ Jviens የማይክሮ አሁን ቅድሚያ ጋር መጠቀም ቅድሚያ ሆኗል አዳዲስ የሚሰጡዋቸውን.	neutral
ስንት ቁጥር ነው? A =6 B=9 Aም ትክክል ነው:: Bም ትክክል  ነው:: የሌላውን እውነታ ለመረዳት በዚያ ሰው ቦታ እራስን ማስቀመጥ::	neutral
ኣብ ዓለም ከም ናይ ኤርትራ መከራ ብስራዓት ህግደፍ ኣይተራኣየን። ምኽንያቱ መንግስትቲ ንህዝቡ ኢሉ ይነብር ወይ መንግስቲ ንህዝቡ የገልጊል ኣብዚ ናትና ግን መወዳእታ…	positive
እስካሁን ባለው ሂደት ተስፋው እሱ ነው በአንፃራዊነት ገለልተኛ ምርጫ ቦርድ ይመስላል	neutral
የተኩስ ልውውጥ ተዘዋዋሪዎችን ማትረፍ ቢቻልም፣ አዘዋዋሪዎች ማምለጣቸውን አስተዳደሩ ገልጿል።።	neutral
እንዴት ተማሪ ተማሪን ይገድላል? ዩኒቨርስቲ የመልካም ሀሳብ ማመንጫ እንጂ እንዴት የጥላቻ ማሰፋፊያ ሆነ? እጅ ለብዕር እንጂ ለዱላ ለምን ይነሳል?ተማሪ እንዲህ ከወረደስ ሀገር የተስፋ…	neutral
እርግጠኛ ነኝ ቆንጅዬ ፍጡር ነው	positive
ይቺን ተላላኪ የምትል ቃል ስትወዷት  ያኔ መንግስት እያላችሁ  የግንቦት 7	negative
በሀገር ውስጥም ሆነ በውጭ የሚኖሩ አማራዎች በአማራ ሕዝብ ጥቅም ጉዳይ በአንድነት መሥራት እንደሚገባ አቶ ዮሐንስ ቧያለው ጠየቁ፡፡	positive
ከአክሱም ሐውልቶች መካከል 24 ሜትር ርዝመት ያለውና ‹‹ቁጥር ሦስት›› በመባል የሚታወቀው ሃውልት ጥገናው በጥር ወር መጨረሻ ላይ እንደሚጀመር የቅርስ ጥናትና ጥበቃ ባለስልጣን አስታ…	neutral
እሱን ለሞኝ አማትህ። አብን የአማራ ሕዝብ ምርጫ ነው። በናንተ የአህዮ አንድነት ፖለቲካ ያተረፍነው ነገር የለም። ከአብን ጋ መሆን ካለበት የራሳ…	neutral
በሞጣ በተከሰተው ነገር አልገረምም እስካሁን ከበቂ በላይ ለፍልፌ ነበር ሕወሓት ከጎጃም ምድር ጥሏቸው የሄደ አማረኛ ተናጋሪ አሉ ብለን አበክረን ተናግረናል በዛሬው ዕለት የሆነው እንበለ መረክንያት አይደለም	negative
አሜን (3) በዓሉ ለሁላችንም የሠላም የጤና  የመተሳሰብና የመረዳዳት በዓል ይሁንልን	positive
እውነት ብሎ ከሆነ እየሰመጠ ያለ ሰው አረፋ ይጨብጣል ከማለት ውጭ ምን ይባላል ::ቧ!	negative
በምስራቅ ጎጃም ዞን በጎዛምን ወረዳ በውግር አንደኛ ደረጃ ትምህርት ቤት በተቋቋመው የህፃናት ፓርላማ የተማሪዎች ጠቅላይ ሚኒስቴር ተማሪ በዕውቀት ስለ ሚኒስተሮች ስራ ማብራሪያ ሲሰጥ	neutral
ሞጣዎች የአውስትራልያውን እሳት እንደ እሁድ መዝናኛ ነው የሚያዩት ??	negative
እስክንድር እራስህን ከኤርምያስ ለገሰ እና ቴዎድሮስ ፀጋይ አግልል	neutral
ሐሳቡ እራስን በራስ ማስተዳደር ብቻ እንዳልሆነ ሳይገባህ ቀርቶ ነው? ስለሱ ብዙ ጥያቄ አለኝ ልመለስበት።ማሽሙዋጠጡን ቀንስና የራስን እድል በራስ መወሰን ወይም ስለመገጠል ያለውን አቋም ንገረኝ	negative
ሀይማኖትና ፖለቲካ እንዴት ያለ ጋብቻ (ቅዱስም በለው እርኩስ) እንደሚፈጥሩ ማየት ከፈለክ ባለፉት ጥቂት አመታት የተፈለፈሉትን የግል የቴሌቪዥን ጣቢያ ሾዎችን ተመልከት።	neutral
11ዱ የአፄ ኃይለሥላሴ ፀረ-ሙስሊም ስትራቴጂዎች	negative
አይመስለኝም ይሄ የሚያስከብር ሳይሆን አደገኛ ጨዋታ ነው። ካላባረሩኝ አማርኛ ሌላ ነገር ነው የሚያመለክተው	negative
ያው አይኔን እንደሷ ለማሽከርከር የማደርገውን ጥረት እስካሁን እንዳላቋረጥኩ ብታውቁልኝ ????	neutral
ዛሬ የ አዳማ ከተማ አፋር እና ሶማሊያ ማሃል የደረሱት የሰላም ስምምነት ምናልባት አፋር እና ሶማሊያ ማሃከል የነበረው ሸገር ካልሆነ የ አፋር እና ኢሳ ጐሳ ጉዳይ እንዳልሆነ ከወዲሁ…	neutral
ለዚህ ትንሽ ብላቴና ኢትዮጵያዊ ያሰብከው ሁሉ ይሳካልህ በሉት እንደምታዩት የ11አመት ልጅ ነው ግን በሚሰራው የእጅ ስራ ኢትዮጵያን ህጻናትን ይረዳል.	positive
አብርሽ አንተም እኮ በጣም ብዙ ገራሚ ነገሮችን ነው የምታጋራን በተለይ ስለ ሙዚቃ ካንተ ብዙ ተምሪያለሁ:: እሺ አደርሳለሁ በቅርቡ እዚሁ እናመጣዋለን	positive
ከቁብ ቆጥረሃት?!   በቀደም በእንግሊዘኛ የሆነ በሸታ ያለባቸው ሴቶች የእግር ኳስ በጀት እያሉ ሲዘባርቁ የግብር ከፋይ ብር ነው እንዴ አልክ... ደቡብ…	negative
የህዳሴ ግድብ የዋሽንግተን ስምምነት በአዲስ አበባ፣ የህወሓት የመቀሌ ጉባኤ ያቀረበው የህገ-መንግስት ማሻሻያ ጥያቄ እና ሌሎች ወቅታዊ ጉዳዮች በመረጃ ቲቪ) -…	neutral
የአማራ ልማት ማህበር የትውውቅ መድረክ በዋሺንግተን ዲሲ	positive
አንተ ራስህ የኔን ልብ ለመክፈል ሃሃ	neutral
ነፍሱን  ሰለ ወዳጆቹ ከመስጠት ይልቅ ከዚህ የሚበልጥ ፍቅር ለማንም የለዉም ። (የዮሐንስ  ወንጌል  ፲፭ : ፲፫    15:13)	positive
ሠዉ!በቂና ፡ ተመጣጣኝ ምግብ ሊያገኝ  ማለት ነው?የዕግር መንገዱ እንቅፋትና ጉርጓድ ዐልባ ሊሆን ነው?ጋሪም/ጀልባም ያዋጣሉ።	neutral
አፕልኬሽኖች Develop ስታደረጉ የአይፎን ስልክ ተጠቃሚዎችንም ታሳቢ ብታደርጉ መልካም ነው። በዚህ አጋጣሚ በየጊዜው የምታሳዩትን መሻሻል ሳላደንቅ አላልፍም??	positive
ቢሳካ ላንድ ጊዜም ቢሆን ከምትሸምችው ደስታ ውስጥ ድርሻ ቢኖረኝ አልጠላም።	neutral
ውይ!! እንደዛ ነው እንዴ የሚለው?	neutral
???? ወያኔ የገንዘብ ነገር መች ይሆንላታል! ከአክሱም ባንክ መዝረፍ ጀምሮ የተጠናወታት ክፉ አመል..... ውይይኡይ?????♂️⚰️	negative
... ጊዮርጊስን አለፍ እንዳሉ መፈክሮች መሰማታቸዉ ቀጠለ....  ሙስሊሞች እና ክርስቲያኖች ለዘመናት የገነባው ወንድማማችነት በነዉረኞች ተግባር አይናድም!   ኢስላም ሰላም ነዉ…	positive
አትድከም እነዚህ በብሄር ስም ማጭበርበር የለመዱ የትህነግ ሀሳብ የሰረፀባቸው ሰርተው ሳይሆን አስመስለውና ሰርቀው መኖር የሚሹ ሰነፎችና እራስወዳዶች ናቸው።	neutral
ዋና ዋና ሃሳባቸውን ኣጠር ኣድርጌ ለማስፈር እሞክራለሁ።	neutral
ጥሩ አላችሁ አርባምንጮቻችን????????????????	neutral
‘’ዘመናዊና ፍትሃዊ የሆነ የንግድና የገበያ ስርዓት በመዘርጋት ህዝቡና ሀገራችንን ይበልጥ ተጠቃሚ ለማድረግ ሁሉም ባለድርሻ አካላት የጋራ ጥረት ማድረግ ይጠበቅባቸዋል’’…	positive
ሚድያ ላይ መስራት ከባድ ነው ኣሕዋት	neutral
አመሰግናለሁ ፣ ሰይጣን	neutral
ድብድብ በአዋቂ ተብዬ መሀል አሳፋሪ ቢሆንም፣ በፓርላማ ብቻ ከተወሰነ፣ የጦር መሳሪያና ገጀራ በሕዝብ መሀል እስካላስነሳ በጭራሽ የባሰ አይመስለኝም??	negative
አንበሳ ና ዘውድ ናቸው .. አይለያዩም .. ተረጋጉ ግዜ ስጧቸው ..	positive
ይኸው ነው ሌላ ቅጂ የለም።የ55 ቱም ቢሆን ከዚህ የተሻለ እንጂ ያነሰ አይደለም።ስለ ህገ መንግስት ስንማር ም እንዲህ የሚል አልተማርነም።	negative
እስክንድር ነጋ እየመራው ያለው ትግል በደንብ ተደራጀቶ መቀጠል ያለበትም ለዚህ ነው።	positive
ሀሀሀሀ ገቡገቡ አሁን ኩራት ኩራት አለኝ	positive
በዚ ድንዛዜ ላይ ትዊተር መጠቀም ግን ከባድ ነው	negative
ጀበሉ:—     ጀነራል አደም መሐመድ ሙስሊም ስለሆነ ብቻ   እንዴት የብሔራዊ  መረጃ እና ደህንነት ቢሮ ኃላፊ ሆኖ ይመረጣል ብለው ተቃውሞ  ያቀረቡ የመንግስት ባለስልጣናት ነበሩ       ተራራው‼	neutral
መታገታቸው ያልዘገብ ሚዲያ ስለ መለቀቃቸው ሲዘግብ ሰምተህ እውነት ነው ካልክ የአለም ቁጥር አንዱ ድንጋይ ራስ አንተ ነህ ።	negative
በፍጹም እውነት አይመስልም	negative
በያስኳላው ይሞታል ወጣቱ መማር ሁኖ ሳለ አብይ ፍላጎቱ ምርቃት ነበረ የናት ያባት ፀጋ ሙሾ ማውረድ ሆነ ጊዜው እያሰጋ ይበጃል መፃፉ ጥበብን በቀለም የተማረ በብዕሩ አያበጀው የለም ያገሬ ወጣቶች…	negative
ሂዊ ደሞ የመንገዱን ምቹነት በዚያውም እየተናገረ እኮ ነው	neutral
ቤት ልብ የሚገኝበት ነው ❤️	positive
የአበራ ወዲ ምስክሬ የሳሌም ዳዲ ዘመናዊ ተከራካሪ እንደማልገናኝ ከእንዳንተ ያለ ፈሪ መሃል ላይ የምሄድ ለሃሳብ አዳሪ  እንዳልሆንኩኝ እኔ የማንም አባሪ  የማይረባም ቢሆን ልዩነት አ…	neutral
አጉራሽህ ጀነራል ክንፈ ዳኘው። የሜቴክን ብር አየበላህ 24 ሰዓት በኤፍ ኤም ታገሳብን ነበር። አዬ ጊዜ ስንቱን አሳየን	neutral
ይህ መግለጫ ሰምቶ በቸልታ ማለፍ ሽብርተኝነትን በተግባር መደገፍ ነው!	negative
ሕግና ስርዓት በሕገ ወጡና አሸባሪው የኅወኃት ቡድን በሚመራው የትግራይ ክልል በአስቸኳይ መስፈን ለአገራዊ ሰላምና ደህንነት ወሳኘ ነው።	neutral
ሕውሃት ከነጁዋር ጋር ከተቀላቀሉ!  ስልጣን ላይ ከወጡ ሁሉንም የብልጽግና ሰዎችን ነው በየእስር ቤት የሚስቀምጡትና የሚገድሉት።  ብልጽግና ንቃ ሳትበላ ብላ ነው የምልክ።  እነዚህን…	negative
እሱ መች ጠፋቸው። የቋንቋ እና የስነልቦና ብሄርተኝነት ነው ስሪታቸው።	neutral
የምን መረጋጋት ወንድም!? ምርጫዋን ረሳሻት እንዴ????	neutral
አንተ ምን አለብህ  አይገባብህ አይወጣብህ .....ብላ ምትመልስ አትጠፋም	neutral
ከድንግል ማርያም ተወልዶላችሃል:: የሰው ነገር ለምን መቀነስ አስፈለገ?	neutral
ሀሀሀሀሀሀሀሀሀሀሀሀሀሀሆሆሆሆሆሆሆሆሆሆሆሆሆ አሉ አዛውቱ አቦይ ሽበት	negative
በደንብ አጣጥመው! ምርጥ ነው	positive
የበዓል ማግስት አይደል? ፈታ በሉ፦ የምግብ አዘገጃጀት፣ ሀገር የሰረቁ ቁጭ  ብለው ዶሮ የሰረቀ 4 ዓመት?ወይዘሮ እየተጣራ ነው...ሌሎችም ፈታ የሚያደርጉ ዝግጅቶች..	neutral
ከኤርትራ ዛፓ ዱላ ወይ Ak-47 መታጠቅ በላይ ይሄ ያሳስበኛል። ??  ይቺ ዶቃ ራስ ሴትዮ ግን ዩኒ. ላለው ረብሻ አንዱ መንስኤ የነፃ ት/ት ሲስተም መዘርጋቱ ነው ያለችው ከምሯ ነው?	neutral
ህወሓት ከዚህ በኃላ ቤተመንግሥት የሚገባው 200 ብር ከፍሎ ነው የሚል አንብቤ ፈገግ ብያለሁ። ዛሬ ደግሞ ተዘርፈናል ሲሉ ሰምቼ ፈገግታዬ ወደ ሳቅ ተቀየረ። እነ…	negative
?? ክፉ አታሳስበኝ . . የፈረንጅኛው ቨርዥን ብዙው ጋር ሳይደርስ አይቀርም ባክሽ	negative
ታህሳስ 25 ፈተና ይሰጣል...  የፐርብሊክ ሰርቪስና የሰው ኃብት ልማት ቢሮ በከተማው ከማዕከል እስከ ወረዳ ድረስ በሚገኙ ተቋማት ውስጥ አዲስ የዩኒቨርሲቲ ምሩቃን በ0 (ዜሮ) ዓመት…	neutral
ክበርልን ወንድማችን። እነሱን ከመጎብኘትህም በላይ የታዘብከውን ቆንጆ አድርገህ ለኛ በማቅረብህ።	positive
Naty...ወያኔ ሰፍቶ የሰጠህን ጠባብ የአማራ የከረፋ ዘረኝነትን እና ብሄርትኝነትን ስታኝክ ዘመን አልፎ ዘመን ተተካ :: አንተ አሁን ከጀዋር የከ…	negative
የማፍያ ጥርቅም በሚተራመስበት ሀገር ፍትኅን ማግኘት ይከብዳል። ግን ተስፋም አለመቁጥ ነው። ምንጊዜም አሸናፊዋ እውነት ናትና። እንግዲህ የማፍያው ጥርቅም አካል የኾነ እንዳሻው ይዘብዝብ።	positive
ኦቦ ለማ እሄይ ያክል በፅንፈኞች ይጠለፋል ብዬ አላስብም ነበር ስለ ኢትዮ አንድነት እንደዛ ሲለፈልፍ የነበረ ሰውዬ ዛሬላይ ተመልሶ ግለኛ ሆኖ የ፩ብሄር ጥያቄን ብቻ ሚያነሳ ከሆነ ከዚ…	negative
ሀዋሳ ከተማ ከ ድሬዳዋ ከተማ - ቀጥታ የውጤት መግለጫ	neutral
3 ወጣቶች ጋር በስነ ጥበብና ቴክኖሎጂ ዙሪያ አርብ ታህሳስ 24፣ 2012 ዓ.ም. በኢቢኤስ ብቻ! እንግዶቼ የጠቅላይ ሚኒስትሩ ፎቶግራፈር የሆነው አሮን፣ የስትሪት ፎቶግራፈሩ አብነትና፣…	neutral
መጅሊስ ለአማራ ክልል  መንግሰት የሰጠዉ የግዜ ገደብ  በማለቁ ነገ መግለጫ ይሠጣል!	neutral
ገነት ሆቴል ጥሬ ስጋ ከረሜላ አስከትፈን የበላን!	neutral
Frewoini G Tsadik :በ ሴቶችን ወደ ኃላ ኣንተው በሚል የምትመደብ ኣደለችም። በራሷ ጎደና የምትኖር ኣምበሲት ነች። በርችልን ፍሬታ!!	neutral
ታማኝ ባርያ ለመምሰል ትፈራገጣለህ ። ድሮ ያበሉህ ሸቤ ቁጭ ብለው አንተ Canada ቅር አለህ አይደል ። ሌባ ቤቱ ቃሊቲ ነው እንደ አንተ አይነት አቃጣ…	neutral
4)እነ ከሌ ስብሰባቸውን ለጋዜጠኞች በተከለከለ በዝግ ስብሰባ አደረጉ ብሎ የስብሰባውን ዝርዝር ሁኔታ አስቀጥሎ የሚያቀርብ ሚዲያ አለ እረባካቹህ ልጓም አለንጋም ካለ ለነዚሕ ቢበጅ?	neutral
እኔና ዘመኑ ላይ የማይበረታ የለም	neutral
አቡነ ማትያስ ትግራይ ብቻ ነው ሠላም ያለ እያሉ ነው!!✍...	negative
መከባበር ወደ በልዐጊና ስለ ሞያደረሰን ኢረገተኛ ነን። ክቡር ጠቅላይ ሚኒስትር ቀጥበት።	positive
የአፍቃሪ _ስንብት  ________________ እሄዳለሁ ብለሽ፣ ሻንጣሽን ካነሳሽ ትናንትናችንን፣ በዛሬ ከረሳሽ አላስገድድሽም፣ መሄድ ካሻሽ ሂጂ ባይሆን ተከትየሽ፣ እመጣለሁ እንጂ።	neutral
በደመወዝ ስኬል ሽግግር ላይ ሲቪል ሰርቪስ ኮሚሽን በቂ ግንዛቤ ባለመፍጠሩ እንደ ደመወዝ ጭማሪ ተወስዶ የመንግስት ሰራተኛ ኑሮ እንደ ከበደ የህዝብ ተወካዮች ምክር ቤት ገለፀ፡፡	negative
አሁን ያለው የነጻ ትምህርት ለግጭቶች በር ከፍቷል የትኛውን ግጭት ነው የምትለው?	neutral
እንደበሉ ሻወር መዉሰድ ሳይንሳዊ መሰረት አለዉ ወዳጀ። ከደም ዝዉዉር ጋር የተገናኘ የምትለዉ አካባቢ ላይ የራሱ ተፅዕኖ አለዉ። ቀልድ አይደለም።	neutral
ደግ ንጉስ መጣ ክፉ ንጉስ መጣ  ሁሉም ይሄዳሉ እንደአመጣታቸው  ደስታና ሀዘንሽን አይገዙትምና            ጂጂ	neutral
ነፍስህን ወደ ሰይጣን እልክላለሁ	negative
ዛሬ እንኳን አፈር ድሜ አስበሏቸው!	negative
ከምርጫው አስቀድሞ ምን ቢታሰብ ነው የመርዶ መካሪ የሆኑት? ውሳኔውንም ለምን ለወጣቱ አይተውለትም? ይልቅ እሳቸው ለምን ላለመግደልና ላለማስገደል ለምን ቃል አይገቡም? 2/2	neutral
የቤተሰብዎ ደስታ በእጅዎት ነው!! በሉ ታሕታይ ዓዲ??????	positive
እግዚአብሔር ይባርክህ አቤቱ አምላካችን ሆይ ለኢትዮጵያ ሀገሬየሚደክሙላትን ልጆቿን ጠብቅ	positive
አይ ስራ ፈት  በአህት እና ወንድም መሃል ገብቶ ያቦካል..  ርእስ ጠፋ እንዴ?	neutral
የተማሪዎች ምገባ መርሃ ግብርን በዘላቂነት ለማስቀጠል ቁርጠኛ አቋም እንዳለው የተማሪዎች ምገባ ኤጀንሲ ቦርድ ገለጸ	positive
ሌላው ክልል ልዩ ኃይል አያስፈልገውም	neutral
አደራሹን አፈረሡት እኮ በየሦሥት ቀኑ አሥቸኳይ ሥብሠባ እያሉ ለጭፈራ እየተጠራሩ!	neutral
የጅል ብቻ!  ማፈርያ ጥያቄ የሊቃን? ትርክት እንደ ታሪክ ጥላቻ እንደ ጀብድ ቅዠት እንደ ሰላም  ወወወቸው…	neutral
ልብ ያለው ልብ ይበል ጆሮ ያለው ይስማ ሀገራችንን ከሰው በላ አውሬዎች እናድናት የውሸት ትርክትዛሬ መቆም አለበት ሰውያረዱ ጡት የቆረጡ ወንድ የሰለቡ ቤተክርስቲያን ያቃጠሉ ሰው ከነነ…	positive
በመገናኘቴ ደስተኛ ነኝ።  እናመሰግናለን!	positive
አማራ አይደለም ሌላም አናሳም ጥገኛ አልተባለም የማንም ልቅምቅም የወያኔ ጥገኛ ካድሬ አማራን አይወክልም አማርኛህን አስተካክል ማነህ ጥገኛው ????	neutral
አስፈላጊ ስለሆነ ይሰራ።ምን ንግግር አለው ይሄ? ሰብአዊ መብት እኮ ነው።	positive
መሰረታዊ አላማው በቡዲስት ትምርት ከችግር ነጻነትን ማግኘት ነው አለምን እንደሆነችው በማየት  የተጣመሙ አመለካከቶችን ከሃሳብ እና ስሜት የሚመነጩ እነሱን መተው ነው  በጣም ወሳኝ መ…	negative
መሳሪያ ገዝታችዉ የዘር እልቂት ልታስነሡበት ነዉ $$ኦነግን ማስታጠቂያ ነዉ	negative
የጥላቻ ንግግር አዋጅ በተመለከተ ጋዜጠኛ ኤልያስ መሰረት እና ውብሸት ታዬ – ወቅታዊ ጉዳይ በመረጃ ቲቪ  | Ethiopian Current Affairs) -…	neutral
ስለዚህ የእናንተ ኢዜማ እና ብልፅግና ከመዋሃዳቸው በፊት እራሳቸውን ያጥፉ፤ መቼም ኑረውም አይጠቅሙም። ሌላው ደግሞ እጅህን ወደ አይናችን አብን አትጠቁም።	negative
Interesting Read   ዘመኑን ያልዋጀው የአበል መመሪያ  በወር 75 ብር የትራንስፖርት አበል የሚለው መመሪያ የወጣው ‹‹በጃንሆይ›› ዘመነ መንግስት መሆን አለበት ስትል ተሳ…	negative
BBC News አማርኛ - በወሎ ዩኒቨርሲቲ የተፈጠረው ምንድነው?	neutral
ብዙ ሰው በነፍጠኛና በአርበኛ መካከል ያለው ልዩነት የገባው አይመስለኝም::	neutral
በእነዚያ ሁሉ ጊዜያት በእኔ አጠገብ ቆመሃል እንዳየኸኝ እውነት ሁሉ በሕይወቴ ሁሉ ስላመጣችሁት ደስታ ሁሉ ትክክል ለሠራኸው ስህተት ሁሉ ያደረግሃቸው ሕልሞች ሁሉ እውን ይሆና…	neutral
ፎቶህ ማንነትህን መስክሮልኛል እንዲህ ከማለት ውጭ ምንም አቅም የለህም።	negative
በጠቀስከው የጊዜ ፍሬም ውስጥ ያደረግነው ተቃዋሚ መሆናችንን ግራ እንዲገባ የሚያደርግ፣ በአዲስ አበባ ጉዳይ…	neutral
ምኒስትር ዐቢይ አሕመድ አማካሪ ዳንኤል ክብረት ወደ ሊቢያ አቅንተው በዓለም አቀፉ ማኅበረሰብ እውቅና ከተሰጠው መንግሥት የውጭ ጉዳይ ምኒስትር መሐመድ ሳያላ ጋር በሊቢያ መረጋጋት እና…	neutral
ደማቸው የፈሰሰው ጀግኖች ሕልፈታቸው ከንቱ እንዳይሆን አሸባሪው የኅወኃት ቡድንና የመከላከያ ሠራዊታችንን ወደ ተራ የወንጀለኞችና አሸባሪዎች ጠባቂ ያደረጉት ከኃዲ የጦሩ…	neutral
አርቆ አስተዋይነት አንለዉም መቸስ ????ኦነግም መንግስት ተብዬዉም ምን የተለየ ነገር አላቸዉ ሲጀምር የአንድ ሳንቲም ሁለት ገፅታ!	negative
አቶ ለማን በተመለከተ ከፈነዳው የወሬ ቦምብ በኋላ ምን ተገነዘብን? በኦሮሚያ ውስጥ የአክራሪ ጎሰኞች አቋም ብዙ ተከታይ እንደሌለው ነው ከ ምሁር  ነን ባዮቹ በተቀር! ሌላውን ወገ…	negative
ተደራጅተህ አትታገልና ኢዜማ ኢዜማ፤ብርሀኑ ብርሀኑ ስትል ክረም! ራስህን ማብቃት ሲያቅትህ በሌሎች ኪሳራ ለመወጣጣት መሞከር ግብዝነት ነው። 360 ም ሆንክ ርእዮት ከሞራል ወለል በታች ነህ፣ ናችሁ!	negative
እግዚአብሔር ነብሳችሁን በአፀደ ገነት ያኑርልን ትግሬ የአምሐራ የዘላለም ጠላት ነው የእናንተን ደም እግዚአብሔር የሚበቀልበት ቀን እሩቅ አይሆንም ጌታ ይፍረድባቸው  ????????	neutral
አብያችን መቼም የማንደራደርበትየምንጊዜም ድንቅ መሪያችን ነው ።	positive
ረደኤት በረከት  አይለየን ቅድስት ሀገር ጦቢያ ይጠብቅልን  ተክለሃይማኖት ፳፬????❤??	positive
ዱላ ይዞ በርሀ የወጣ ታንክ ይዞ ኣዲስ ኣበባ የገባና አገሩን ኤርትራ ነጻ ያወጣ ጀግና ህዝብ ቢኖር ኤርትራዊ ብቻ ነው። የደርግ ትርፍራፊና የወያነ ቡችላዎች የትም ኣይደርሱም። ለሁሉም…	neutral
ይህ ጉዳይ ሁላችንም አበርትተን መዋጋት ያለብንና አገራችንን ወድኃላ የሚጎትት የኃላቀሮች አስተሳሰብ መሆኑን ጮክ ብለን ልንናገረው ከሚገባን አንዱ ጉዳያችን ነው። ሰው…	neutral
በኮልፌ ቀራኒዮ፣ በንፋስ ስልክ ላፍቶ፣ በቦሌ፣ በአቃቂ ቃሊቲና በየካ ክፍላተ ከተሞች በአራት ወራት ውስጥ ብቻ ከ2	neutral
የመዘጋት ሙከራ እየተደረገበት ይመስላል:: እንግዲህ ካልተገናኘን የከርሞ ሰው ይበለን!	neutral
የምዕራቡ ዓለም ጥቅማቸውን መሠረት ያረገ ተፅዕኖን{በክፉም በደጉ} በቀላሉ መገመት politics 101ን በቅጡ አለመረዳት ነው። የህዝቡ ተሣትፎ ግን ዋነኛውና ቀጥ…	neutral
ያንተን ምንድነዉ እዉነት የሚያደርገዉ?	neutral
2ኛው ዓለም አቀፍ የቡና ኤግዚቢሽን በኢትዮጵያ ሊካሄድ ነው፡፡ኤግዚቢሽኑ ከጥር 28-30 ቀን 2012 ዓ.ም ይካሄዳል፡፡	neutral
ያሉት ህዝባቸውን ነዉ not you	neutral
ጥቁር ሮዝ በ 2020 ሁለት ተመልሶ ዘፈኖች ይኖሩታል ፣ አንደኛው ከሙሉ አልበም ጋር። በተጨማሪም ቀሪዎቹ ሶስት አባላት የራሳቸው ብቸኛ ዘፈን ይኖራቸዋል ፡፡ እንዲሁም ቡድኑ በሽልማት…	neutral
ሀረግ በወረሰው ይወጣል ቱባ ልጅ በቅባት የራሰው።  ገዳይ እኮ ነች	positive
ወንድም ሴትም ሆድ አለን ; ማህፀን ግን  ???? ??	neutral
ይህንን ዜና ከሰማሁ/ካነበብኩ በኋላ የእውነት የእውነት ራሴን የተረጋጋ ስሜት ውስጥ ማግኘት አቃተኝ፡፡ በምን ውስጥ እያለፉ መሆኑን ማሰብ ዘገነነኝ፡፡ ሊደርስባቸው የሚችለውን/እየደረሰ…	neutral
ኢትዮጵያም ወደ ፖሊሲው መሄዷን ምልክት ማድረጓ የግድ ነው፡፡ ያለዚያ፡ የውጭ ምንዛሬ እጥረቱ ከቀጠለ፡ የበለጠ የኢኮኖሚ ቀውስ ሊከተልም ይችላል፡፡ የምንዛሬ እ…	neutral
አውነትሕን ነው? ተው ባክሕ ! እሱ ገና አሳማዎች ተነስተው ሰማይ ላይ መብር ሲጀምሩ ነው። እሺ ጊንጦ !	negative
ከላይ የፃፈውን አንብበሽዋል? ጥፍጥሬ አውቃለሁ ቡጥሬ ግን ጌታ ይወቀው	neutral
ኦዲት ለማድረግ ኦዲተሮች ወደ ክልል ከተሞች በሚሄዱበት ጊዜ በቀን የሚከፈላቸው የውሎ አበል በደመወዝ እርከን ለአንድ ባለሙያ ዝቅተኛው 111 ብርና ከፍተኛው ደግሞ 220 ብር...	neutral
አቤቱ፥ አዲስ ቅኔ እቀኛልሃለሁ፤ አሥር አውታር ባለው በገና እዘምርልሃለሁ። መዝሙረ ዳዊት 144:9 — feeling joyful	positive
ውሻ የሆነ ሰው ምሳሌዎቹ ሁሉ ውሻ ነው ????????	negative
የኢትዮጵያ መሪ መሆን ያለባት የትግሬ ሴት ናት።  ጀግና	positive
ዶ/ር ሄኖክ ገቢሳ እንደተናገረው ሁሉም ፓርቲ commodity ነው። የተሻለውን ያለምንም ግፊት መርጦ የሚገዛው ህዝብ መሆን አለበት። አደራ እንግዲህ አንዱን commodity ብቻ ነጥሎ…	negative
ምንማለት እንደሆነ የሚያውቅ???	neutral
መጨረሻው ስለተቆረጠ እንጂ እውነት ነው የባትሪያችን ፐርሠንት ተቀይሮዋል የሁላችሁም ስልክ ባትሪ 1% ቀነሠ ነው የሚለው	neutral
የድሬ ልጅ ናት ወረ ሀረርጌ	neutral
ውድ እህታችን ማጌጫዋን ከወገኖቼ አይበልጥም በማለት በሞጣ በአንዲት ጀምበር ለዘመናት ያካበቱት ሀብት ንብረታቸው ዶግአመድ ለሆነባቸው ሙስሊም ወገኖቻችን አበርክታለች??   አላህ በወጣው ይተካልሽ ❤  እ…	positive
ነፍጠኛ ኦሮምያ ውስጥ ያለው ንብረት አብይ አህመድና የሚኒሊክ ሃውልት ነው።	negative
በለው!!! አብይ ፎግሮ ያገኘው ሽልማት አደገኛ ጠላት አስነሳበት??????????	negative
በትግራይ፡  - ፈትለወርቅ ገ/እግዚዓብሔር በምክትል ርዕሰ-መስተዳድር ማዕረግ የፍትኅና መልካም አስተዳደር ክላስተር አስተባባሪ - ሰሎሞን ኪዳነ የከተሞች ክትትል ኃላፊ  - አስመላሽ ወልደስ…	neutral
የጥዋት እሳቤ ለውብ ቀን  ????❤  ፈገግታ በጣም ፍቱን ከሆኑ የውበት መድኃኒቶች አንዱ ነው!  መልካም ሥራን ለመሥራት ከምትችልባቸው መንገዶች አንዱ ፈገግታ ማሳየት ሲሆን ይህ ደግሞ…	positive
የመስቀሉ ፍቅር የገባቸው እመቤታችን አለች ከጎናቸው...❤❤❤	neutral
ታቦተ ሕጉ ለእግዚአብሔር በካህናታ ሕጽርት ወበመንፈስቅዱስ ክልልት ንጉሥኪ ጽዮን ኢይትመዋዕ ለፀር ወኢየኃድጋ ለሀገር። በካህናት የተከበብሽ በመንፈስ ቅዱስ የተከለልሽ የእግዚአብሔር ታቦተ ሕግ ጽዮ…	neutral
አረ ተው በፍቄ ምርጫ ቦርድ እንኳን እንዳንተ አልጓጓም !??	neutral
ምሽት የህዳሴ ግድብ ውይይት ካለ ውጤት መጠናቀቁን ተከትሎ የነበረ ጋዜጣዊ መግለጫ ላይ!  ጋዜጠኛ: ግድቡ ስራ ላይ ሲውል ማን ይቆጣጠረዋል?   ኢ/ር ስለሺ በቀለ: (በመገረም አስተያየ…	neutral
?????????????♀️ ጌታ ሆይ ጠብቅልኝ ????	positive
ይሄን ትዊት ከትናንት ጀምሬ ስንቴ ደጋግሜ እንዳነበብኩት ??????	neutral
ጋዜጠኛ ነኝ ብለሀል። ስለ ሙያው እውቀት የለኝም። ቢሆንም ሁሉም አይነት ጋዜጠኞች ደጋግመው ሲሏት የምሰማት ሚዛናዊነት የሚሏት ነገር አለች። የንፃሬው መነሻ ይሄ መ…	positive
አንተን አውቅሃለሁ ምንም አይገርመኝም ከሲንየሮችህ እኛ ጋር ለመቀላቀል እንኳን ግዜ አልወሰደብህም::	positive
በርግጥ አለ ማለት ነው:: ደሞ የራስ መተማመን ጥግ እኮ የሌለ ነው ?????♀️	negative
ፈገግታ ውበት በፈገግታ ዋሉ መልካም ቀን	positive
የፖለቲካው ጡዘት ውጤት ነው እንደኔ እንደኔ በአማራና ኦሮሚያ ክለልች ያሉ ተማሪዎችን ወደ ተቀሩት የአገሪቱ ክልል ዩኒቨርሲቲዎች መመደብ	neutral
በደቡብ አፍሪካ የኢፌዴሪ ባለሙሉ ስልጣን አምባሳደር ክቡር ዶ/ር ሽፈራው ተክለማሪያም ለታዳሚው የእንኳን ደህና መጣችሁ መልዕክት አስተላልፈዋል።	positive
ሰናይ መዓልቲ ሕዳር ፅዮን ኣኽሱም	positive
በጥናቱ መሰረት 8 ከፍተኛ የትምህርት ተቋማት የምርምር፣ 15 የትምህርት ተቋማት የአፕላይድ፣ 21 የትምህርት ተቋማት አጠቃላይ እና 3 የትምህርት ተቋማት ደግሞ ስፔሻላይዝድ በሚል ተለይተዋል።	neutral
በዋሽንግተን ዲሲ በአፋን ኦሮሞ የሚታገለግል የኦርቶዶክስ ተዋህዶ ቤተክርስቲያን ተመሰረተች።ከቅድስት ማሪያም ቤተክርስቲያን ኦሮሞ በመሆኑ ምክንያት ብቻ የተባረሩት ቄስ ሳሙዔል ብርሀኑ…	neutral
የልደቱ ፓርቲ እየመጣላችሁ ነው እንዴት እንዳልታየኸ?	neutral
ክብሩን አይጠብቅም ይሄሰው ጅል ነው ፣ አልፎ ይነካኛል ድንበርም የለው እኔስ ትቼሃለሁ ተወኝ ልቀቀኝ ፣ በቸርል ልዋልበት አታበሳጨኝ። እምቢ አሻፈረኝ ፣ እምቢኝ እንጃ እምቢኝ ፣ ተወኝ ተወ…	neutral
ጥያቄው ሰዎች አንተን እንዴት ያዩሃል? ሳይሆን አንተ ራስህን እንዴት ትመለከተዋለህ ነው❗  መልካም ቀን!	neutral
ዳቆኑ በቅጽበት ከተረት ተረት ወደ ዲፕሎማትነት። ሰላም እንዲሰፍን መላ ስላመጣችው የቢቸና ጦጣ እየተረከላቸው ይሆን?	negative
ለማ መገርሳም መደመርን የሚቃወመው ሌባ እና ሰነፍ ስለሆነ ነው ....በለው እንጂ?	neutral
ከሀገሬው ይልቅ ለቻይናዉያን ምቹ የሆነች ሀገር ??...	negative
የጨዋታ ቀን  አርሴናል vs ማ ዩናይትድ ቦታዉ Emirates ሰአት 23:00 አርቴታ ዛሬ በፕሪሜሊግ 3ኛ ጨዋታዉን ያረጋል በ2ጨዋታ አንድ አቻ አንድ ሽንፈት አስተናግዳል ዛሬ ወደ አ…	neutral
በኋላ በሚመጣበት ጊዜ ዲያቢሎስን ይያዙ; በፊትህ ሲመጣ ዲያቢሎስን ምታ	negative
እሷ ደግሞ ደህና ሁን ልበልህ በሚለው ትለይሀለች።	negative
ጥሩ ነው። ግን አደራሽ ውስጥ ሌላ ተሳታፊ ያለ አይመስልም።	neutral
በሞጣ ከተማ በሃይማኖት ተቋማት እና በንግድ ተቋማት ላይ በደረሰው ጥቃት እጃቸው አለበት ተብለው የተጠረጠሩ ወደ 80 ያህል ግለሰቦች በቁጥጥር ስር እንደዋሉ የአማራ ክልል ርዕሰ መስተዳድር ተመስገን ጥሩነህ አስታወቁ።	neutral
ማሾሃፍ መልክ ይታያል ህደ እኛ እኛ ማን መሆን አያስፈልገንም ልዋቸሻይ ንምለ ናእ	neutral
የአክሱም ስልጣኔ መዳከም  መጥፋት ምክንያቱ የእስልምና እምነት በአረቢያ እና  በአፍሪካ መስፋፋቱ ነው የግራኝም ወረራ በክርስቲያኑ ላይ ይህ የማይባል ጥፋት አድር…	neutral
በብድር አለቅን: ችግሩ ግን ተበድረው ያንን ብድር የሚከፍል ኢንቨስትመንት ቢሰራ ነበር:: ሁሌ ፕሮጀክቶች በእንጥልጥል እየቀሩ ከዛ ህዝቡን ብዙ ግብር ክፈል ብሎ ማጨናነቅ	negative
ብላቹ ብላቹ መኖርንም ቅንጦት ነው ብላቹ እኛላይ መንግስትን የምታማክሩ የድሆች፤ የላብ አደሮች ዜጎች እንባ እና ደም በላያቹ ነው። ግዜ ይፍረድባቹ	neutral
ማንም አይቀየምህም አንተ ዝም ብለህ ተቀደድ እስኬ	negative
ያው ህንፃዎቹ በጣልያን ግዜ የተሰሩና የከተማው መለያ ስለ ሆኑ ከሚል ስጋት የመነጨ ነው።	positive
ምርጫ 2012  አንድ ዓመት ሁለት ዓመት ስለተራዘመ ለምርጫው ምቹ ሁኔታ ይፈጠራል ብሎ ማሰብ ሞኝነት ነው። ችግሩ እንደማይባባስ ምን ማረጋገጫ አለ? የቆጡን አወርድ ብላ የብብቷን ጣለ…	neutral
እኔማ ኩልል ያልኩ ጤነኛ ... ድሮም ዛሬም ስንት ቁም ነገር የምሰራ ሴት ነኝ	positive
ጨጨሆን ምርጫው ያደረገ በርግጥ ይቸገራል። የአስቴር የአሁኑ ስራዎች የራስዋ ታይፕ ይመስለኛል /በፊት የምንወዳቸው ዜማዎች እይነት ..	neutral
ባደረከው ነገር ምክንያት ቤተሰቦችዎ ደም ይፈስሳሉ ፡፡  ለካርማህ ዘላለማዊ ሥቃይ ይሰማቸዋል ፡፡  ያፈሰሱ እንባዎች ወደ ደም ይለወጣሉ ፣ የሚሰማቸው ህመም ሊቋቋሙት የማ…	neutral
በወሎዬዎቹ ቋንቋ ሁልሽም እኩል ነሽ ማለት ነው!	positive
ከፍተኛ ትምህርት ሚኒስቴር ሂሩት እና ቃል አቀባያቸው አቶ ደቻሳ ጉሩሙ መቼ ነው ስልጣን የሚለቁት? መቼም ስራ እየሰራን ነው እንደማይሉ ተስፋ አደርጋለሁ	negative
አይ ጎንደር ሰው ማረድ ጀመራችሁ መቶ ሺ ካላመጣችሁ ተብሎ ሰው መግደል ደመቀ መኮነን ደጉ የናንት ልጆች ግን ውጭ ናቸው አይ አማራ ክልል አሳፉሪዎች ነውረኞች አረ ንቁ 21 ክ/ዘመን ነን ያለነው እንደ ሰው አስቡ	negative
ሸርሙጣ	negative
ኢዜማና ብልጽግና ሊዋሃዱ ነዉ ከየት የመጣ ወሬ ነዉ? የብልጽግናና የኢዜማ መዋሃድ የኢትዮጵያን ህዝብ አማራጭ የሚከለከል የፖለቲካ ቀልድ ነዉ። ይህ መሆኑ እየታወቀ ዕድሜ ልካቸዉንህዝብ አማራጭ እንዲ…	neutral
Happy new year ?? dear 2020 ሁለት ሺ አስራ ሁለት ሰላምታ ያቀርብልሃል ብለሽ ንገሪልኝ::	positive
ሥራው የሚፈልገው ኣዋቂዎችን እንጂ በትዊተር ወይም ፌስቡክ ታዋቂዎችን ኣይመስለኝም	negative
ከመጀመሪያው የድርድር ሃሳብ የኢትዮጵያ በእጅጉ ስላሽቆለቆለ። የድርድር ፍሬ ነገሮቹ ብቻ እያቸው። ለምሳሌ የውሃው ሙሌት ጊዜ ግብፅ አስቀድማ 7 ዓመት ነበረ…	neutral
ኢራን አስፋሪ የአፀፋ ምላሽ ልትሰጥ እንደምትችል እየተነገረ ይገኛል። ግድያው በትራምፕ ትዕዛዝ መፈፀሙን ፔንታጎን አስታውቋል። 2/2	negative
እነዚህ እኮ አሁንም የግለሰቦች አስተያየት ነው የምሬን ነው ብዙሃኑ እንደዚህ አያስብም ነው ምልህ አሁንም ወንድሜ! እንዲህ ካልክ ከነሱ በምን ተለየን ታዲያ!	neutral
የሙሉቀንን ሰውነቷ ዜማ ሳምፕል እንደሚያደርግ ግን ጉርሻዋ በሚል ቃል እንደሚተካው፤የዘፈኑ ግጥም አይኗ፣ጥርሷ፣ዳሌ…	neutral
ምዕራብ ኦሮምያ ውስጥ በሚንቀሳቀሱ ሸማቂዎች ላይ መንግሥት ዕርምጃ እየወሰደ መሆኑን የኦሮምያ ክልል ብልፅግና ፓርቲ ህዝብ ግንኙነት ኃልፊ አቶ ታዬ ደንደአ ለቪኦኤ ገልፀዋል!  Link…	neutral
ሰላም ልበልሽ ሰላም ጽዮን ማርያም  ግሸን ማርያም ስሙት በማርያም	positive
ወለጋ ዩኒቨርሲቲ ሥራ በማቆሙ ቅጥር ግቢውን ለቀው እንዲወጡ የታዘዙ ተማሪዎች ወደ ቤታቸው በመመለስ ላይ ሳሉ በደረሰ የመኪና አደጋ አስራ አራት ተማሪዎች ሞቱ፤ ተማሪዎች ጭኖ ወደ ጊም…	neutral
የጥላቻ ንግግር መከላከያ ረቂቅ ሕግና የሂዩመን ራይትስ ዋች ስጋት	neutral
stop me from usin የኢትዮጵያን ጽሑፍ በመጠቀም ፡፡ ከእንግዲህ አስቂኝ አይደለም። የአንተ አካል. ይጠፋል ፡፡ ወደፊት ደም ፡፡ መፍሰስ። በተስፋ መቁረጥዎ ውስጥ አንድ ድ…	negative
ጠቅላላ ይዘቱን እስማማለሁ ። ነገር ግን ከአማራ ትክሻ ብቻ ሳይሆን ከመላው ኢትዮጵያ ጭቁን የዋህ ሀገር ወዳድ ህዝብ ትክሻ እንዲወርዱ አብሮ በመስራትና  በመቻቻል ኢትዮጵያን መታደግ ግድ ይላል ። ????❤	positive
የምር ልክ ነሽ??	neutral
ሲሳይ አጌና ጠጅ ቤት ከተሄደ የሚገኘው ትርፍ ይህ ነው::	negative
አንተ የራስህን ደስታ ብቻ የምታዳምጥ ነፍሰ በላ  ከሀዲ ነህ የአማራ ልጆች በየዩኒቨርስቲው እየተሰቃዩ ዝም እግዚኦ ጌታ ይፍረድብህ	negative
ጨቀጨቅሺኝ ነው ያለው ሰሊ ጨከጨኩሽ አይደለም??	negative
ቆንጆ	positive
ሳስበው ሳስበው… አሁንም ደግሜ ሳስበው… እስክንድር ነጋ… ከሁሉ ነገር እስርቤት ነው የሚያምርበት።   አትቀየሙኝ።	negative
ሌሎች የሙስሊሙን ህ/ሰብ ጥያቄዎች ያነገቡ ( የበዓላት ማክበሪያ ቦታ፣ የመቃብር ቦታ ....) መፈክሮች እያደመቁት መዳረሻዉ ቀበሌ 04 መስጊድ ሆነ!  ኢትዮጵያም ስሟ ከፍ ተደርጎ ተነስቷል።…	positive
አብይ  አህመድ  ጀዎር  እዝቄል  እና  የቀራችሁት  እንስሶች  ሰማችሁ! ጎንደር=ቅማንት=አማራ=ኢትዮዺያ	negative
መዥገር ትላለህ አንተ ዝንጅብል እራስ ድንቁርናህ አይንህን ጋርዶት እንጂ ይህ ስድብ የዘመዶች መጠሪያ ነው ሃያ ሰባት ዓመት ኢትዮጵያ ላይ ተጣብቀው ደም ሲመጡ የነበሩት ተውሳኮች!!	negative
የአጋር ለኢትዮጵያ ማሕበር ርዳታ	neutral
እሺ ውህደቱስ አይከፋም ነበር ግን በምን ሂሳብ ነው ታዲያ የብልፅግና ፓርቲ ሹመቶች በኦዴፓ ፓርቲ ተሰጠ ሲባል የሰማነው ?	neutral
በባህርዳር ኢዜማ በባህርዳር ክፍለ ከተሞች የአደረጃጀቱን አድማስ እያሰፋ እና እያጠናከረ በደንብ እየሰራ ነው! ????❤	positive
መልስ  2.  እግዚያሔር ቅዱስ ነው ስንል ፍጹም ነው አይሳሳትም፣ እውነተኛ፣ ጻድቅ ፣ ሩህሩህ፣ ቸር፣ ማህሪ፣ በጎ፣ ፍቅር ነው ማለታችን ነው። የእ/ር ባህሪ እርስ በርስ አይጋጭም ቅ…	positive
ውሻ ምን አገባሽ እርሻ የሚሉት አይነት ማለት ነው። ስለ ብፓ ምን አገባው? የእርጎ ዝንብ ነገር...	negative
የበለጠ አሽቃባጭ ነው እንጂ የሆኑት! ??	negative
ለምን እንደሆነ በውል ባላውቀውም የቅናት ስሜት ይሰማኛል ????	neutral
ታዲያ! ሳህኑስ ቢሆን ሲበላበት አደል የሚቆሽሸው። ጤፍ 4000 ብር ገብቶ ቁርስና ምሳን ለመስሪያ ቤት ክበቦች outsource እያረግን  ባለንበት ሁኔታ ...	neutral
ባትዘግብም መብትህ ነው የማብራራት ግዳጅ የለብህም። ጋዜጠኛ የራሱ አጀንዳ እንዳለው ይታወቃል። አንተም እንደዛው። አጀንዳህ ምን ሊሆን እንደሚችል ማህበረሰቡ ይገ…	neutral
አንተ ግን አቤል ሙሉጌታ ነህ እንዴ..  አረ ወየው ... ደረጃዬን አለማቅ... ሃፉ በለኝ አቦ...	neutral
ኢትዮጵያ ውስጥ በትክክል የሚቆጥር ማን አለ?! ህዝብ እና ቤት ቆጠራ? ምርጫ ቦርድ? የመብራት ቆጣሪ? እያለ እያለ ዝርዝሩ ይቀጥላል።	neutral
ብዙዎቹ የአህመዲን ተቺዎች ዑስታዝ አህመዲን ጀበል የሚለውን ሲሰሙ ከስሙ በፊት ያለውን ዑስታዝ የሚለውን በማየት ብቻ እንኳንስ የተማረ በትምህርት ቤት ደጃፍ ያለፈ አይመስላቸውም።	negative
ጋና ከዳያስፖራ ዜጎቿ ከ3 ቢሊዮን ዶላር በላይ ገንዘብ ለማሰባሰብ አቅዳ እየሰራች መሆኑን አስታወቀች	neutral
ትችትህ መሰረት ቢኖረው ጥሩ ነበረ፡፡ ከዚህ በፊት ከኢዜማ አመራር ውስጥ አዲስ አበባ የኦሮሚያ ነች የሚል ግለሰብ አለ የሚል አሉባልታ ስታወራ ነበር፡፡	neutral
??ጀግናው ዘንድሮ አልተቻለም  የአፍሪካ መሪ መጽሔት ተንታኞች በ2020 ለአህጉር የወደፊቱን ዕጣ በሚተነብዩበት ጊዜ በዚህ ዓመት የአህጉራትን ተሳትፎ ለመግለጽ የተቀመጡ አፍሪካዊያንን…	neutral
የአንተ እዉነት የሚትለዉ ቃል በጣም ታስቃለች!  ደሞግሞ ጥላቻ እና ዘረኝት ከመቼ  ነዉ እዉነት የሆነው?	positive
እኔማ ይቺን ወሬ ኢትዮጵያ ጀምሬያት የታየውት አስተያየት ስላላማረኝ ተውኳትና ቤተክስያን ለቤተክስያን ሄድኩ	neutral
ይህ ማለት ሀሳባቸው የግድ ሁሌ አንድ ይሆናል ማለት አይደለም! የየራሳቸው ህልውና ያላቸው ሰዎች ናቸውና! ስለዚህ አቶ ለማ ከዶክተሩ በሃሳብ ቢለያዩ ምን ያስደንቃል!! ጎበዝ ነገሩን…	neutral
በትክክል ።  ዎናውን የተፈጥሮ ህግ ሳያሞላ ስለ ሌላ ህግ ይቀባጥራል እንዴ	negative
ሰበታ ከተማ ከ ወልዋሎ ዓዲግራት ዩኒቨርሲቲ - ቀጥታ የውጤት መግለጫ	neutral
አሁን እስክንድር ፓርቲ ሊመሰረት ስለሆነ ነው ሰውዩው ወደ ቀልቡ የተመለሰው ግን የሚታመን ሰው አይደለም	neutral
የህወሓት አስቸኳይ ጉባኤ ወደ ብልፅግና ላለመግባት ወሰነ:: ሂደቱ ሃገር የሚያፈርስ ነው በማለት ተቃውሞታል	neutral
እድል ለማግኘት ብዙ ውጣ ውረዶችንና ዕለታዊ የኑሮ ፈተናን ለማሸነፍ የሚታገሉትን ለማገዝ የቻልነውን ያህል ሰጥተን እንርዳ…ይሄ ፅሁፍ ለምን የGoFundMe አካውንቱን እንደከፈትኩ…	neutral
በጣም አመሰግናለው! ነገር ግን አገልግሎቱ አዲስአበባ ላይ ብቻ ነው የጀመረው? እኔ አዳማ ነው ያለውት ባለፈው ወር ልከፍል በሄድኩበት አጋጣሚ አገልግሎቱን ጠይቄ እንዳልተጀመረ ነግረውኛል	neutral
የኢትዮጵያ ፖለቲካ መመስረቻው : አምባገነንነት   ዋና መተዳደሪያ: ሽወዳ እና ክህደት	neutral
እንደ እውነቱ ከሆነ እርምጃው በጣም ነው ያስደሰተኝ። ሌሎቹም እንዲህ ቢያደርጉ ማንም እየተነሳ አይጨማለቅም ነበር ቴዲዬ :)??	positive
በዚህችም ዕለት የሊቀ መላእክት ቅዱስ ገብርኤል የበዓሉ መታሰቢያ፣እመቤታችን ቅድስት ድንግል ማርያምን ቅዱስ ገብርኤል በአበሠራት መሠረት ቅዱስ ደቅስዮስ በዓልን አደረገ እና የሊቀ ጳጳ…	neutral
ይሁን ግን እኔ የድሮውን ነው እንጂ ይሄን ለመብላት ይከብደኛል ብበላውም ድፎ ዳቦ በላሁ አልልም ????????????????✊????	neutral
እና በህዝቧ ላይገና ያልተቋጨ መከራ አለ) የዶክተር አቢይ ብልፅግና የሰሜን ኢትዮጵያ ፖለቲከኞችን ርስ በርስ ካና ከሰ ብኋላ ኢትዮጵያውያንን ለማሸማቀቅ ኢትዮጵያን ቀጥቅጦ ለመግ…	negative
ዶ/ር አብርሃም ምን አለ? ወንጀለኛ መደበቅ አይቻልም:: ?????? መላላክ::	negative
ኤልያስን የወሰደብንስ አመት እንኳን ሄደ ።	negative
ከብዙ ልፋት በኋል ተሰንጎ አግኝቼዋለሁ . የት ነው ግን ይሄን የበላነው(ምን ብለን እንዘዘው)	neutral
ይህ ሥዩመ እግዚአብሔ ዘንጉሠነገሥት ኢትዮጵያ ከእኔ በላይ ላሳር ማለቱን በገሃድ እወጃ ጀምሯል:: ያለኔ ኢትዮጵያ አትኖርም ዝም ብላችሁ አትድከሙ እያለን ነው::  ወይጊዜ ስንቱን ያሳ…	negative
ማቲ2 1-2፤ኢየሱስም፡በይሁዳ፡ቤተ፡ልሔም፡በንጉሡ፡በሄሮድስ፡ዘመን፡በተወለደ፡ጊዜ፥እንሆ፥ሰብአ፡ ሰገል፦የተወለደው፡የአይሁድ፡ንጉሥ፡ወዴት፡ነው፧ኮከቡን፡በምሥራቅ፡አይተን፡ልንሰግድለት፡ መጥተ…	positive
ወደ አገሬ መመለስ እፈልጋለሁ	positive
ሁሉም ለበጎ ነው  ያልፋል!    ደህና እንሁን ብቻ!??	positive
ፍሬ ; የሙዚቃ መሳሪያው ስሙ ማን እንደሚባል ጠይቀሻል ?	neutral
ምን አቃጠለህ ይልቅ ኢዜማ የተባለ አጎብዳጅ ፓርቲ ምን እየሰራ ነው ለካደው ለአዲስ አበባ ሕዝብ መቼም ምርጡኝ አይለም አደል	negative
እንኳን ለገና በአል በሰላም አደረሳችሁ   collab systems	positive
ምናለ አንቺው ኢንተርቪ ያደረክሽው ልጅ ሰውዬው ጥሩ ቦታ እንዲደርስ ምክንያት ብትሆኝለት?? በናታቹ እርዱት ከእግዚአብሄር ታገኙታላቹ::	neutral
የጌታ መምጣት አየረሁድና አሀረዛብን  ያስቀረ ነው ሜን ኘልካም ገና ጌታ በልባችን ይወለድ	neutral
በፊት ሰላምን አረጋግጠን ከዲሞክራሲያዊ መብት በፊት የመኖር መብትን አስከብረን እስክንጨርስ ምርጫው ላልተወሰነ ጊዜ ቢራዘም እላለሁ ። ሰሚ ካገኘው። ቸር እንሰንብት!	positive
አሜን ; የሰላም ቀን ፣ የሰላም ዘመን ይሁንልን ።	positive
ሚጠብስ እንፈልጋለን :) ብየ እየፃፍኩኝ ነበር  ቋንቋችን ግን ችግር አለበት  grill እናስደርገዋለን ገላጭ ነው?	neutral
ጠ/ሚር ዐቢይ አሕመድ ከኦሮሚያ ክልል ምክትል ር/መስተዳድር ሺመልስ አብዲሳና ከሌሎች ከፍተኛ የመንግሥት የሥራ ኃላፊዎች ጋር በመሆን በኦሮሚያ ክልል ቦረና ዞን ያቤሎ ከተማ ገብተዋል	neutral
ቅዥታም በለው የኢትዮዽያ ህልውና በኢትዮዽያዊያኖች ላይ የተመሰረተ ነው	positive
አንዱ ሹፌር አጠገቤ ቁጭ በሎ እየቃም ትራፊክ ከሩቅ ሲያይ ለምዶበት ተርዚናውን ሉሉ አለው????	neutral
ብር እና አንዲት ደቂቃ ብቻ  ከቻልን ደግሞ ፣ አቅማችን የፈቀደውን ያክል ፤ የልብ ህሙማን ህጻናትን ወደ 6710 text በመላክ በአንድ ብር እንርዳ  ከልብ እናመሰግናለን  ባላ htt…	neutral
የእምዬ ሚኒሊክ በተመንግስት በግንባታ ላይ እና አሁን ያለበት ደረጃ	neutral
የምህረት አባት የምህረት ጌታ ሰላም አሳድሮ ሰላም ያዉለን አንድ ያድርገን ጌታ??	neutral
አረ ስንቱ ወያኔ/ብአዴን ነው የአማራ ብሄርተኛ መስሎ በፌስ ቡክ የሚፅፈው? እስኪያስነጥሳቸው እና የልባቸውን ተሳስተው እስኪፅፉ ድረስ እውተኛ ማንነታቸውን ማወቅ ይከብዳል።	neutral
ጥቂቶቹን ተዘዋውሬ እንደተመለከትኩት አንዳንዶቹ ለውጪ ደንበኛ አገልገሎት ይሰጣሉ አንዳንዶቹ ግን አይሰጡም። የዚህ መንደር ሰዎችም እንደው ተሞክሮዎች ካላቸው ቢያካፍሉን…	neutral
ግብፅ ከእስራዔል ጋር በፈረመችው የሰላም ውል ምክንያትና በመካከለኛው ምስራቅ ባላት አቀማመጥ ዋናው የነዳጅ ዘይት መተላለፊያ ካናል ባለቤት…	neutral
ለምንድን ነው ጀርባው ጋር የሚመስለኝ?	neutral
ኦነግ በሱ በጎ ፍቀድ አይደለም አአ ለይ የተሰበሰበው  እስኬጥርም ብሆን መከልከል አልነበራቸውም	neutral
በቻሉት መጠን ሀብት ከማፍራቶ በፊት ያግቡ በኋላ ፈሪ ይሆናሉና        ~ የ ሀ_ሰዎች ምክር	neutral
ባለፈው ማክሰኞ ባግዳድ በሚገኘው የአሜሪካ ኤምባሲ ላይ ጥቃት ከደረሰ ወዲህ በቀጠናው የፀጥታ መደፍረስ እየተስተዋለ ሲሆን አሜሪካም ወደ ስፍራው 750 የሚደርሱ ኮማንዶዎችን ልካለች።	negative
Huh?......ናቸው ብሎ ያስባልን?... ደመቀ መኮንን አስቦ ያውቃል እንዴ ለመሆኑ?	negative
ኣብ ማይ ጨሎት ዓዲ ሃሎ እንዲዩ ተሳሊሙ ከይዱ ቅዱስ ዶ ከኣ በልካዮ	neutral
ያኔ ልጅ እያለው ከነ ማዘር ፊት እወድሀለው : ማሬ	positive
ነፃና ፍትሃዊ ምርጫ ማለት ድምፅ አሰጣጡና አቆጣጠሩ ላይ ብቻ አይደለም!ፓርቲዎችና ግለሰብ ተወዳዳሪዎች በየትኛውም የአገራችን አካባቢ ያለምንም መከልከል የምረጡኝ ዘመቻ ማካሄድና የአዳራሽ ውስጥ ስብ…	neutral
እናንተም ስንቱ በፀሎት እንኳ የማያገኘውን የነፃ ትምህርት ከስንት (10+2 አመታት) ትጋት እና ፅናት በኋላ አግኝታችሁ እንደ ተረቱ ንገስ ቢሉት ለምን ሳልዋጋ እንዳለው በነፃ ተማ…	positive
በጻፍኩ ቁጥር ጨጓራሽ ከሚላጥ ብሎክ አድርገሽ ተገላገይ… ብዙም ሐሳብ ስትሰጪ አላየሁሽም እስካሁን	neutral
መያዶች ሲዘጉ በተወስነ መልኩ ደስ ብሎኝ ነበር ምክንቱም በወገኔ ስም የመጣው ገንዘብ በስብስባ አበል ደመወዝ እና ጥቅማጥቅም ሲውል እንጂ ይሄ ነው የሚባል ችግር ሲፈታ ስላላየሁ	neutral
ነፃ ያልወጣ ነፃ አዉጪ ነዉ ያሉት??	neutral
ፋይናል ለሚባል ትግል 9:00 ነው የተነሳሁት ብልህስ? ??	neutral
ይህ ዓለም በአማርኛ በጣም ጨካኝ ይመስላል። በጣም አዝኛለሁ	negative
ምስክሮቹ ወይ ሚኪ ወይ መስኪ ናቹ .....  የናንተ ደግሞ በራሱ የማይተማመን የባሪያ አሳዳሪ ስነ ልቦና ነው	neutral
በዘመን አቆጣጠራቸው ዘንድሮ 2020 ያልሆነባቸው ሀገራት ⬇️	neutral
እኮ ልክ ብለሻል እኔ እራሱ አንዳልል እየፈራሁ ነው ??	neutral
ለመላዉ የኦርቶዶክስ ተዋህዶ እምነት ተከታዮች በሙሉ የአማራ ክልል ማረ/ቤቶች ኮሚሽን  እንኳን ለ20120ዓ/ም የገና በአል በሠላም አደረሳችሁ።	positive
እምነት የሚቀጣጠል እሳት እያየ ለማጥፋት አንድ ባልዲ ውሀ እንኳን እንዳያቀብል ባለየ ዳር ዳሩን እሚሄድ እና ልክ እሳቱ ከጠፋ በሗላ ሀዘኑን እሚገልፅ የአስመሳይ ስብስብ ቢኖር ኢዜማ ነው ሀና…	negative
እናት እንጀራ የሚለዉ ቅርቅር፣ ፍቅር መስፈሪያ አገር ግዳን እንዴት ይቅር”   ተብሎ የተዘፈነለት ግዳን ወረዳ ውስጥ የሚገኙ ሁለት የገጠር ትምህርትቤቶች ለመጠገን የጀመርኩት ዘመቻን…	positive
መልካም በዐል ❤❤ መልካም ሰንበት❤❤	positive
የኣማራ ክልል መንግስት የሃይማኖት ኣድልዎ በማቆም የፈረሰ መስጅድ 4ቱንመግንባት ኣለበት ለወደመ ንብረት ካሳ መክፈል ኣለበት በተጨማሪ ወንጀለኞች ወደ ፍርድ ያቅርብልን!	neutral
እውነት ነው ?????? ያኔ ጠበቃየ ባትሆን እንደ በጋሻው ሆኜ ነበር ይሄኔ	positive
ውድ ደንበኛችን፤ እባክዎ የአገልግሎት ቁጥርዎን በመልዕክት ይላኩልን፤ ፈጣን ምላሽ እንሰጥዎታለን፡፡ እናመሰግናለን!	positive
መልካም የክርስቶስ የልደት በዓል።	positive
ቄራ የገባ በሬና ሰሜን የሄደ ወታደር ኢይመለስም እንደተባለ ኣያውም ? ??????	negative
መውጫ እስከ መጥለቂያው የእግዚአብሔር ስም የተመሰገነ ይሁን። አባታችን ቅዱስ አማኑኤል በያለንበት ይጠብቀን ሁላችሁም በያላችሁበት የተቀደሰ ብሩህ ደስ የሚል ቀን ይሁንላችሁ!!…	positive
ደግሞ ልል ስል የእውነት??????	neutral
ስንት ጀግኖችን ከጎናችሁ ነን ብለን ለሞት አሳልፈን ሰጠናቸው?	neutral
እኔ ደግሞ በጣም እሰጋለው።	negative
በኤርትራ የኢትዮጵያ አምባሳደር ሆነው እያገለገሉ የሚገኙት እና ከጥቂት ሳምንታት በፊት የሹመት ደብዳቤያቸውን ለኤርትራው ፕሬዝደንት ያቀረቡት አምባሳደር ሬድዋን ሁሴን የውጭ ጉዳይ ሚኒ…	neutral
ገዳይ እስስት!! የድሀው ደም እንደፈስሰ አይቀርም????	negative
በሀሳብ መሸናነፍን በሰላማዊ መንገድ መቀበል የስልጣኔ መገለጫ ነው-የኃይማኖት መሪዎች	positive
አንድ ጊዜ የበጋው ብቸኛ የበጋ ወቅት ኪሳዋን ሴት ጓደኛ ታገኛለህ እንዲሁም ደስተኛ ሕይወት ትኖራለህ እንዲሁም ብዙ ልጆች ትኖራለህ ፡፡ በታሪክ መጽሐፍ…	positive
ለ2 ሰው የተፈቀደ የመኪና ወንበር ላይ 5 ሰው አስቀምጦ ፏ በይ ጀለስ ፍቅር ካለ 10ም ይችላል  ይለኛል!  ግራ የተጋባ ነገር!	negative
ፍፄ ከኔ ጋር ጀለስ ነው አብሽር አይቦልክህም የኛን ፀባይተኝነት ጠንቅቆ ያውቃል!!	neutral
?? ምናልባትም በክልሉ ሠላማዊ ሠልፍ ያስተባበሩ እና የዓይናቸው ቀለም የማያምር ሙስሊሞች ሊታሠሩ ይችላሉ፧  «መስጊድና ሱቅ አቃጥሎ የክርስትና መዝሙር የዘመረው ያ ሁሉ ሰው መጅሊሱን…	negative
በአገሪቱ መካከለኛ አከባቢ ያለውን የሰው ኃይል ክምችት በምዕራብ የአገሪቱ ክፍል ካለው ሰፊ መሬት ጋር አገናዝበው 4	neutral
ከምርጫ  2012 ዓ.ም  በፊት አሁን ያለውን የአዲስ አበባ  ከተማ አስተዳደርን የካቢኔ አባላት፣ በክፍለ ከተማ  እና በወረዳ ደረጃ ያለውን ዓመራር መልሶ ማዋቀሩ (reshaffle) ማድረጉ ያለው ጠቀሜታ ምንድን ነው??	neutral
ጨውለራስህስትልጣፍጥ: ለኢትዮጵያ ከፍተኛ ትምህርት ተቋማት ተማሪዎች በሙሉ፤ ሀገር የምትገነባውና የምታድገው ፓሊሲ ስለተቀያየረ ሳይሆን በሳል አስተሳስብ በትምህርት የታነፀና የጐለ…	positive
ዱለቻ ማለት ያረጀ ማለት ነው በኦሮሚኛ። ይመስለኛል ለመታረም ዝግጁ ነኝ። ያረጀ ወይ ወደ ገዳም ይሄዳል ወይም ይጦራል። ይኸው ነው ????	neutral
በአሁን ሰዓት አዋጭ እና ትርፋማ ስራ ነው ተከታተሉት፤	neutral
ታህሳስ 24፣2012  የሀገራችን ከተሞች ያላቸውን ሃብት በማስያዣነት ተጠቅመው ከባንኮች ብድር እንዲያገኙ የሚያስችል አሰራር ለመጀመር ታስቧል ተባለ፡፡  ንጋቱ ረጋሣ…	neutral
ሕዳር 22፣ 2012 በኦሮሚያ ክልል ተፈጥሮ በነበረው ግጭት ተሳትፈዋል በሚል ተጠርጥረው በቁጥጥር ስር ከዋሉ ግለሰቦች መካከል በ207ቱ ላይ ክስ ተመስርቷል	positive
አናናስ ለጤናሽ ጥሩ አይደለም	negative
-2-  የጋዜጠኝነትን ስነምግባር ከምር ተከትለው ለመሥራት የሚጥሩ የሚዲያ ተቋማት በምርጫው ሂደት ውስጥ በማወቅም ይሁን ባለማወቅ የተፎካካሪ ፓርቲዎች መጠቀሚያ ላለመሆን ከፍተኛ ጥረት…	positive
ሆይ!   አፈርና ትቢያ ሆኜ ሳለ ጻድቅ አድርገው                           ከሚቆጥሩኝ ሰዎች አድነኝ”          አባ እንጦንስ	positive
ኢንሻአላህ  ማህበረ እርኩሳን ሀሳብና አላማ ለማቀየር ደፋ ቀና ይላሉ መቼም ከመዋረድ ውጭ ዋጋ የላቸውምንጅ	neutral
በሲዳማ እና በደቡብ ክልል መካከል ልደረግ ያለው የስልጣን ሽግግር ሆነ ተብሎ ለህዝብ ግልጽ ባልሆነ ምክንያት እየተጓተተ ነው። የስልጣን ሽግግሩ በሚቀጥሉት ጥቅት ቀናት ውስጥ የማይካሄ…	negative
እውቅ	neutral
Hi  የኔ ቆንጆ	neutral
ለማ መገርሳ ሆይ! የቀድሞ ወዳጅህ ናሁሰናይ ከመቐለ ይህን ባለ 6 ነጥብ መልእክት ልኮልሃል፦  1. ጠባቂዎችህን ሙሉ በሙሉ ከአብይ ንኪኪ እና ትእዛዝ አፅዳ፡፡ የጥበቃ ጥንካሬው ሶስት እጥፍ ጨምር፡…	negative
ማይ ስለ ዝዓሞኽና ኣይኮነን፡ ልቢ ስለ ዘዕቤና እምብር። ድሕሪ ሕጂ ግን....  ክቡር  ኣምባሳደር እስጢፋኖስ ሃብተማርያም፡ (ወዲ ጀነራል ሃብተማርያም -በላዕ ጣዕዋ)…	neutral
እንደሰንሰለት ተጠምጥመው የያዙንን ማህበረሰባዊ ጉራዎች [ Egos ] ካላስወገድን በስተቀር ማህበረሰባዊ ለውጥን መፍጠር አንችልም ! ስልጣኔ ለራስ የሚሰጡትን ግምት ከማስተካከል ይጀምራል ❗	positive
እኔም አሕመዲን ጀበል ነኝ!  በባህርዳር እየተካሔደ ባለው ሰልፍ ላይ።	positive
የሕወሓት ጠቅላላ ጉባዔ በኢሕአዴግ አባል ፓርቲዎች ውህደትና በሌሎች ጉዳዮች ላይ ለመወሰን በሳምንቱ መጨረሻ ይሰበሰባል	neutral
ጥያቄ የለውም በጣም ምርጥ ስራ ነው።	positive
የፈረንጆቹን አስርት ስንጀምር የፊቱን ነበርን። ከፈረንጅ አገር ትምህርት መልስ አዲስ ሥራ። ከዛ ጥሩ የሥራ አለም ጉዞ! 6ተኛ ሥራዬ ላይ፣ ከሁለት ቆጃንጅዬ ልጆች በኋላ! ይመስገን!…	neutral
2/2 ይሄ የሆነው በአብይ መንግስት ነው።እንደዛ ያደረጉት እነማን እንደሆኑ ደግሞ ነጻ ሲወጣ ይናገራል።እኔ በግሌ አብይ አሕመድ ለተጋሩ ያለው ጫፍ የነካ ጥላቻ ከተረዳሁ ቆየሁ። Isn…	neutral
መጀመሪያ ተመሳሳይ መረጃ በስልክ ደርሶኝ ነበር፡፡የአማሮ ልዩ ወረዳ ኮሚዩኒኬሽን ባለሙያ ግን ታዳጊዎቹ በሶስት ታጣቂዎች በጥይት ተደብድበው መገደላቸውን ዛሬ ነግሮኛል፡፡	neutral
...ሰው ግን እንደዚ አይነት ምስቅልቅል ውስጥ ሆኖ እንደዚ ዘና ማለት.. ይሄ ከፈጣሪ ነው	negative
እስክንድር ታላቅ ሰው	positive
ፖለቲካችን የእውቀት ደሃ እና የራሳቸውን ኑሮ ማሸነፍ ያቃታቸው ግለሰቦች መሰባሰብያ ሆኗል።ልደቱ ያለውን ነው ያልከው ወይስ ልደቱንም include እያረከው ነው???	neutral
?????? ምን ተስካራቸዉን በቁማቸዉ  እያበላተዉ ነዉ የሚመስለዉ::	negative
በልፅግና ፓርቲ ህጋዊ ነው ህጋው አይደለም እያሉ ከማልቀስ  ህጋዊ አለመሆኑን በ መረጃ አሳዩን እስከማየው ድረስ   ለሀገራችን ከተፈጠረ ምርጥ ነገር አንዱ አቢቹ…	neutral
ስለዚህ ተለያይተው እንዲኖሩ ማድረጋችን አማራጭ ስላጣን ነው። ለምሳሌ ዛሬ አንደኛውን ለብቻ ሌላኛውን ለብቻ በተለያየ ሰአት ነው ምግብ ያበላነው፤ በፌደራል ፖሊስም እንዲጠበቁ እያደረግ…	neutral
መልካም ዜና! አልሀምዱሊላህ! አላህ የተቀሩትንም በሰላም ከወላጆቻቸው ጋር ይቀላቅላቸው።	positive
የተኛ ሰው ነው አደል አደርክ የሚባለው???	positive
6ተኛ ሳምንት የኢትዮጵያ ፕሪሚየር ሊግ ጨዋታ        ⏰20  ሰበታ ከነማ 0-0 ወላይታ ዲቻ	neutral
አንተ ራስህ ምርጥ ነህ እኮ::	positive
መቀበር  ብቻ ሳይሆን ከእምዬ ኢትዮጵያ አፈር ቆሻሻቸው መወገድ አለበት	negative
በአንድ ቀን 100ሺ ዶላር ተስበስቧ ግቡ ወደ 200ሺ አድጔል ምስጋና ለተዋህዶ ልጆች እኛ ከተባበርን እንኳን የተዋዶን እንባ የአገራችንን የኢትዮጵያን እንባ እንብሳለን እንበርታ ያቃጠሉብንን…	positive
??????????ድል ለዲሞክራሲ እስኬዉ ብርቱ ሰዉ	positive
ሶ አባ ቦራ ምርጥ እና ታማኝ ነው፥ አብይ ደግሞ እንደ ግመል ሸፋፋ ነው እያልክ ነው? :-)	negative
ምግብ ቤት አስመሰላችሁት እኮ፣ ዝርክርክ	negative
በወሬ አይደለም በተግባር ከፎቅ እየወረወርን እናሳያለን ነው አልገባንም	negative
ሶስተኛ ወንበር ላይ ለሶስት ተቀምጬ ከሄድኩት እኔ በላይ ምስኪን የለም! ??	positive
«የመገናኛ ብዙኃን ከአድልዎ ነፃ በሆነ መልኩ በወቅቱ ትክክለኛ መረጃዎችን ባለማድረሳችሁ የተሰማንን ከፍተኛ ቅሬታ በሙስሊሙ ማኀበረሰብ ስም እንገልፃለን፤ በዚህ ተግባራችሁ ከታሪክ ተወቃሽነት አትድኑም» ሲል ተችቷል። 6/6	neutral
መልካም የክርስቶስ ልደት  መታሰቢያ በዓል ይሁንላችሁ።	positive
የአሜሪካ አፀፊዊ ጥቃት ሳስበዉ ሰቅጣጭ የሚሆን ይመስለኛል  ➜ፔንታጎን ምን አየጎነጎነ ይሆን? ➜ የኢራን 3 wave ምን ገፅታ ይኖረዉ ይሆን  እዉነት ለመናገር ይህ እኔ አያጓጓኝም።…	neutral
ኪሎ ግራም ፕላስቲክ ከአንዲት ጥጃ በቀዶ ህክምና ማዋጣት መቻሉን በምዕራብ ጎንደር ዞን የመተማ ወረዳ እንስሳሳት ሀብት ልማት ጽ/ቤት አስታወቀ።   በኢትዮጵያ የውሃ መያዣ ፕላስቲክን…	positive
እሱ ነው በይበልጥ የምያናደውም የምያሳዝነውም። መቼ ይሆን የተማሪ ምት የምያበቃው?	neutral
ይህ እውነት ነው?	neutral
የኩባ ወዳጅነት የቅርብ ጊዜ ይመስለኛል	neutral
አህመዲን ሞጣ ነበር በሚል ለመጀመሪያ ጊዜ የቀጠፈው ቀሲስ ኤፍሬም እሸቴ..	negative
>>> የዜግነት ክብር በኢትዮጵይችን.....	positive
ባህር_ዳር ዛሬ	neutral
እረ ተፋታኝ!  አረማዊ መሆን የተለየ አብርሆት ምስሎህ ትደነፋለህ እንዴ!	negative
..... ይሄንን ልዩነት አጥብቀን እንታገላለን። የህብረተሰባችንን ስነ ልቦና ጭምር ከቀዉስ መታደግ ይገባናል። (2/2)	neutral
ልዑል እግዚአብሔር ካንተ ጋር ይሁን እስኬው!?? ድል ለዲሞክራሲ✊✊✊  ድል ለኢትዮጵያ ህዝብ????❤	positive
አቀንቃኝ? ዘፈን አወጣ እንዴ ደሞ ጎበዝ	neutral
ህወሃት አስቸኳይ ድርጅታዊ ጉባኤውን ነገ ሊያካሂድ ነው	neutral
በጋምቤላ ጎግ ወረዳ ከባድ ዝናብ ከጣለ በኋላ የታታ ሐይቅ ከመጠን በላይ ሞልቶ በመፍሰሱ ከ800 በላይ ተማሪዎች ትምህርት ተቋርጧል፤ የ283 አርሶ አደሮች ማሳ አበላሽቷል፤ ለነዋሪዎች አስቸኳይ…	negative
እኚህ እንቁ አባት፣ ያኔ ድሮ ገና ይሄን ሁሉ ቦታ ብቻቸውን አይተው ሃሳብ ነድፈው ጽፈው አስቀምጠውልናል። ከዚህ ቀረጻ በኋላ ራሱ ብዙ ጽፈዋል፤ ነድፈዋ…	positive
ፍትህ ላይ የአብይን መንግስት በመተቸት ይታወቀል።	negative
የኢትዮጵያ ጠቅላይ ሚኒስትር ሰላም በሌለበት ሰላም ኣውርጂለው በማለተቸው ሲከሰሱ ከነሱ በታች ላሉ የወጣ ከታች ኣለ፡፡	negative
አርሲ  ኢዜማ አርሲ ዞን ከተሞችን እያዳረሰ ነው!! የዛሬው የአርሲ ሽርካ ውሎ እጅግ አስደሳች ነበር ።	neutral
ከአሽከር ምንም አይጠበቅም?????♀️አማራን በእምነት ለመበታተን ነው ፍላጎታቸው ነገር ግን አይሳካላቸውም	neutral
የአማራ እና የአፋር ክልል ፕሬዝዳንቶች የትብብር ስምምነት ተፈራረሙ	positive
ዳቦሽ እንዳማረኝ ሲል የመልስ ምት እኮ ነው ??????	neutral
የ ክንፈ ዓምሮ?? ማስተዋሉን ይስትክ የ ገና ስጦታ	neutral
ሕወሓት ተሰነጠቀ አልተሰነጠቀ የርኩስ ማኅበረሰብ ጉዳይ አይመለከተንም። በረሀብና ስደት መከራ ስለሚያየው ወገንህ ታገል።	neutral
በአርማጭሆ አካባቢ ሕጻናትን፣ ሾፌሮችን እና ግለሰቦችን በማገት ከቤተሰቦቻቸው ገንዘብ በመጠየቅ ሲንቀሳቀሱ የነበሩ ወደ 50 የሚደርሱ ግለሰቦች በቁጥጥር ስር መዋላቸውን የአማራ ክልል…	neutral
በአራት ኪሎም ብዙ ኢትዯጵያውያን በሌላ አደንዛዥ ዕፅ ሰበብ ታስረዋል	negative
Amhara Bank አማራ ባንክ የሼር ሽያጩ ሊጠናቀቅ አራት ቀናቶች ብቻ እንደቀሩት ምን ያህሎቻችሁ ታውቃላችሁ? ባሉት ቀሪ ቀናት ታሪካዊ አሻራችሁን አሳርፉ።	positive
Those diaspora የኢትዮጵያ ሂደው ደሀው ህዝብ ላይ $100k (ዶላር)ማትረፍ ምትፈልጉት ግን: አታፍሩም? ጌታን አትፈሩም? ??damn! ነብሳቹን ለሴጣን መሸጥ እኮ ነው የቀራቹ. ሆሆ	negative
ከሰዎች የተሻልክ ለመሆን ብዙ አትጨነቅ ነገር ግን ከትናንት ማንነትህ የተሻልክ ሰው ለመሆን ብዙ ጣር   መልካም ቀን	positive
ኢትዮጵያ ውስጥ ሆናችሁ Happy new year የምትሉ ሰዎች ሰፈራችሁ ስኖው ይዘንባል እንዴ? ????	negative
አንዱ ታራምፕ የሚጠቅሰው ኮንትራከተር ኢራቅ ተወላጅ ሆኖ ወዳ አሚካ ዜግነት የቀየረ ሆኖ ተገኘ	neutral
ብሔራዊ ባንክ የገንዘብ እጥረት የገጠማቸው ባንኮች የሚበደሩት ገንዘብ በጨረታ አቀረበ	neutral
ግማሽ በጎ አድራጎት ግማሽ መዝናኛ	neutral
በመጨረሻ በዚህ ሰዓት መደሰት እችላለሁ	positive
የተግባር ሰው ሃይላችን ።	positive
ቀጥሎ መሞከር የሚፈልገው ማን ነው ልናሳሳነያ ድገንመ ንትበሳሳነያ ንኛእ ውሰ ድንአ አይ ከሁለታችን አንዱን ይጠብቃሉ ልሳሰመደይ ውዶረበ	neutral
Amhara   ጸረ-አማራ ኃይሎች	negative
ቴድ በአርባምንጭ ያደረገው ቆይታ	neutral
እውነት ነው መስማት የተሳነው ነበር እና ማንኛውንም አሉታዊ አስተያየቶች አትችልም ምናምን ሲሉት አይሰማም ነበር	neutral
የቀለጠ ወሬ !	neutral
ተባረክ እረ ንገርልኝ እንዴ አነሡ የሚያረጉት ፅድቅ ነዉ ምነዉ ሙስሊም አማራዎቹን አላፈናቀሉም ምነዉ ሙስሊም አማራዎችን ቤታቸዉን አላፈረ…	negative
እነሱ ያቀዱት ሴራ ፨ አብይ ፣ ኦነግና ፣ እነ ቁዘማ (ኢዜማ) ያሰቡት !??  ከ90 ቀናት በፊት እስክንድር ነጋና ባልደራሱ በም…	negative
የኢትዮጵያ ዳያስፖራ ትረስት ፈንድ 22 ፕሮጀክት መለየቱን ገለፀ	neutral
ነጮች መንገድ ላይ ሲያዩኝ ጥቁር! ጥቁር! ጥቁር!  ቢሉኝ እንደማለት ነው።  ያሳፍራል።	negative
የኃይማኖት መፃዒ ዕጣ ፈንታ ምን ሊሆን ይችላል?	neutral
ይህን ድንጋይ ራስ ነው ጎፈንድሚ ከፍተው ስቱድዮ እንዲከፍት እርዱ የሚሉን። ማፈሪያ!	neutral
የአማራ: ህዝብ: ከተላላኪዎች: በሚቀጥለው: ምርጫ: እራሱን: ነፃ: አውጥቶ: የአጭርና: የረጅም: ጊዜ: እቅድ: ይዞ: ህልውናውን: መጀመሪያ: የመከላከል: ክዛም: ቀጥሎ: የእረጅም:…	neutral
የችግሮች ዘላቂ መፍትሔ ልዩነት በዴሞክራሲያዊ አስተሳሰብ ልእልና ማመን ስንችል ብቻ ነው::	positive
ለብሔራዊ የኢኮኖሚ አማካሪ ምክር ቤት ገለልተኛ ዕጩ አባላት ለመቀበል ጥሪ ቀረበ	neutral
ጄታ ጥሩ ነው ፣ መርሴሴዝ የተሻለ ነው	positive
አንዳንድ ሰውን “ኧረ አጨቀየኽው!!ማለት ብንለምድ እንዴት መልካም ነበር።ኧረ ድፍረት?? አቦካክም አይነት አለው!!	negative
መቶ ቀናት እንኳን የመፍትሄ ሃሳብ ለማቅረብ ይቅርና ችግሮቹን ራሱ ለመለየት ይበቃ ይሆን? ከህዝቡ ጋር መተዋወቅና ችግሩን ማዳመጥ ራሱ ጊዜ ይወስዳል::	positive
አባቱ እዚህ ወላ ታክሲ ውስጥ ወላ ካፌ  ማማዬ ሂሳብ ልውሰድ  ባባ መልስ ትሰጠኝ ማማዬ ቡናቹ እንዴት ነው? ... ስንባባል ነው ምንውለው??	neutral
ጥላቻ አንድ የእግዚአብሔር አገልጋይ በፓለቲካ ከአገልግሎት ማግለል ነው። እነሱ በዘር እየለዩ፤ እነ እስክንድር በመዝሙር እና እልልታ እየተቀበሉ እና ልዩነት እያስተማሩ የነበሩ የአበበ ገላው እና…	neutral
We call it ቁርቁራ:: በነገራችን ላይ የጦጣ ፍራንክ የሚባለውንስ የሚያውቅ  አለ?	neutral
የተመደቡት 100 ብር አፍ ማዘጊያ ተሰጧቸው የ 3 ብር መንገድ 10 ብር ህብረተሰቡ ሲከፍል መንግስት የሌለ ያስመስላል።	neutral
አዲሱን ዓመት በዲፈረንት ልሞክረው ብዬ ነው -- አመሠግናለሁ??	positive
መንግስት ምዕራብ ኦሮሚያ በሸማቂዎች ላይ እርምጃ እየወሰደ እንደሆነ በይፋ ተናግሯል “ከሸማቂዎቹ ጋር የሚደረግ ድርድር የለም” - አቶ ታዬ ደንደአ “በእርምጃው እየተጎዳ ያለው ህዝቡ…	neutral
እግዚአብሔር ይመስገን ልፋታችን ከንቱ ሆኖ አልቀረም። ከጎናችን ይነበራሁ ግለሰቦች እና ድርጅቶች ፈጣሪ ያክብርልን።	positive
BBC News አማርኛ - ቻይና የሕክምና ባለሙያዎችን ከጥቃት የሚከላከል አዲስ ሕግ አወጣች	neutral
ሰበር ዜና፦ንብረትነቱ የዩክሬን አየርመንገድ የሆነ አውሮፕላን በኢራን መከስከሱን ተክትሎ የ170 መንገደኞች ህይወት አለፈ ከቴህራን ኢማም ሆማኒ ኤርፖርት አውሮፕላኑ ከተነሳ ከደቂቃዎች…	neutral
ጨዋታ     ባልሰማነው እንቆቅልሽ እነሱ በትጫወቱት    ምን አውቅልህ ምን አውቅልሽ ድንገት መልሱ ጠፍቷቸው                 ሃገር ጥሩ ሲባሉ የኛ መሬት ላይ ጠቁመው…	neutral
ከኤጀንሲው ጋር ውነ ንማ ውገልፈሚየ ርከሞመ ሎጥቀ በጣም ከባድ ህመም ነው ርበነ ዬኛደጓ ኔእ	neutral
መልካም እድል	positive
የ16 አመት በህክምና ድንቅ ምስክርነት !	neutral
ከድሮ የኦህዴድ ሰዎች በላይ፤… የዘንድሮ የኦዲፒ ካድሬዎች፤ የኦሮሞ ህዝብ ስቃይ እየደገሱለት እንዳለ ይሰማኛል፡፡	neutral
??????  እነሆ፥ ድንግል ትፀንሳለች ልጅም ትወልዳለች፥ ስሙንም አማኑኤል ይሉታል የተባለው ይፈጸም ዘንድ ይህ ሁሉ ሆኖአል፥ ትርጓሜውም፦ እግዚአብሔር ከእኛ ጋር የሚል ነው።  (ማቴ 1: 23)	positive
ደመናውም ሄደ  አዲስ ፀሐይ ወጣ አበባው አፍክቶ  የዓይን ተስፋ መጣ  ወንድምሽ በራፉን መግቢያውን ይዞታል አባትሽ እናትሽ ከእልፉኙ ተቀምጠዋል እንደምን አድርጌ...:)  ሰ  ቀ  ቀ…	positive
ኢትዮጵያ ውስጥ የምትኖር ኢትዮጵያዊ ሴት እንዲህ ዋልታ ረገጥ የምትሆነው ከድህነት ለመላቀቅ እንጂ.....መቼስ ስለ ጨጨብሳ እና ቆጮ ሃሁ ብሎ ለማስተማር ፈልጋ አይመስለኝም	neutral
ትናንት በኬኒያ ላሙ ዳርቻ የጦር ሰፈር በተፈጸመው ጥቃት 3 አሜሪካዊያን ተገድለዋል	negative
መቼ  ይሆን ስለ ኢትዮጵያ መልካም  ዜና የምንሠማው	negative
ማቴ 9 (Mat) 38፤ እንግዲህ የመከሩን ጌታ ወደ መከሩ ሠራተኞች እንዲልክ ለምኑት፡ አላቸው።	neutral
በብሔሩ ተምርጦ የሚገደለው ኦሮሞ ብቻ ነው ? ይሄን ጥያቄ ለጅዋር እንጂ ለታኬ አጠይቀው በሱ የተሳሳተ የዘር ጥላቻ ስለሆነ በየክልሉ ተማሪዎች የሚገደሉት	negative
በእግዚያቢሄር ስራ እስኪ ኣትግባ ኣንተ እርኩስ::	negative
አፋኝነት አናርኪዝም የነገሰበት። አሁን ምን የሚሉት ነገር ነው የመሰብሰብ የመደራጀትን መብት እያፈኑ ነፃና ፍትሀዊ ምርጫ እናደርጋለን የሚሉት። ቀልደኞች	negative
የወተት ተዋጽኦ የሚለው ውስጥ ይጠቃለላል አይደል?	neutral
ምን ጥያቄ አለው ይሄ የሚያሸንፈው ኦንግ	neutral
በሱ ቤት አሁን አገር አያስተዳደረ ነው  ዩኒቨርስቲዎች ይዘጋሉ ሃይማኖት ቦታዎች ይነዳሉ ተማሪዎች በየቀኑ ይሞታሉ ባለስልጣናት በቤታቸው፣በስራ ቦታቸው፣ለስራ ሲሄዱ ይገደላሉ ህዝብ ይሳ…	negative
እግረ መንገድህን ከየትኛው መጽሀፍ የተገኘ እንደሆነ ትነግረን? ተባረክ።	neutral
ታህሳስ 23፣ 2012/ የተሽከርካሪ መለያ ሰሌዳ እጥረት አለ በሚል ተገቢ ያልሆነ ክፍያ የሚጠይቁ ህገ-ወጦች ጉዳይ	negative
ውሻ በቀደደው ጅብ እንደሚገባ ኣውቃቹ በትእግስት ነገሮችን በማስተዋል ብታዩ ይበጃል። ኣንድ ነግር ከእጅ ከዋጣ በሃላ መመለሻ የለውም። በጎ የማያስቡ በግርግርና ሰላም በማወክ፥ ደም በ…	positive
የከርሰ ምድር ውሃው በምን ያክል ርቀት መኖሩን ምርመራውን ይጨምራል ? በውስጥ መስመር ላክልኝ	neutral
ምን ለማለት ፈልገህ ነው? እኛ የምንፈራው የሳውዲ አይነት በሀጉራችን ሽብርተኝነትን እና አክራሪዎችን የሚደግፉ  ምንግስታትን እንጂ ዲሞክራሲያዊ ሀገራትን አይደለም	negative
ብደግፍም ባደግፍም ሰው የመሰብሰብ መብቱ በምንም ተዓምር ሊከለከል ይገባም። አሁን ምን የሚሉት ነገር ነው የመሰብሰብ የመደራጀትን መብት እያፈኑ ነፃና ፍትሀዊ ምርጫ እናደርጋለን የሚሉት።	negative
ደደብ ተማሪ እንደነበርክ ታስታውቃለህ... እውነት/ሀሰት ከተባልክማ your little brainless head would go nuts! ትዕቢት የት እንደሚያደርሳችሁ እናያለን! ቆለጥl…	negative
ይሄ ተላላኪ ደግሞ ይህንን ድፍረት ከወዴት ተዋሰው???	neutral
ETHIOPIA ll በ 50 ሺህ ብር እና በ 1 ወር ጊዜ ውስጥ የተሰራችው መኪና ታርጋ ሊወጣላት ነው!	neutral
የቤቲ ታፈሰን አመል የሚችለዉ ሄኖክ ጋቢ ብቻ ነዉ	negative
ጳውሎስም 13 መጽሃፍ ጽፎ እየሱስን 5ቴ ብቻ ነው የጠቀሰው። ብፓም ብልጽግናን ከ5 ጊዜ በላይ የሚያስታውሰው አይመስለኝም :-)	neutral
ኢዜማ በደብረ ብርሃን ከተማ እሁድ ጥር 24 2012 የፓርቲው ከፍተኛ አመራሮች በተገኙበት የውይይት መድረክ አዘጋጅቷል።  ሁላችሁም ተጋብዛችኋል	neutral
በአማራ ክልል ቀድሞ ምርት በተሰበሰበባቸው አካባቢዎች የመስኖ ልማት መጀመሩ ተገለጸ	neutral
ይህን እውነት የተቀበለ ሁሉ ይድናል።	positive
????መኖር ደጉ ኑርልኝ     እሱንም በዱቤ እንዳታደርገው ግን	neutral
የሉቃስ ወንጌል 2 10፤ መልአኩም እንዲህ አላቸው፡— እነሆ፥ ለሕዝቡ ሁሉ የሚሆን ታላቅ ደስታ የምሥራች እነግራችኋለሁና አትፍሩ፤ 11፤ ዛሬ በዳዊት ከተማ መድኃኒት እርሱም ክርስቶስ…	neutral
በሙሉ ልብ ነዋ ያውም:: ??	positive
ክቡር አምባሳደሩ ሀገራችን ባለፉት ጥቂት ዓመታት የገጠሟት ተግዳሮቶች በጠቅላይ ሚኒስተር ዶ/ር አብይ አህመድ አመራር መቀረፍ መጀመራቸውን ገልጸው በቀጣይ የምንመራበት የመደመር ፍኖተ-…	positive
ብ/ር ጀነራል አሳምነው ፅጌ ስብሰባ ለይ እያለ ረሽነው እረሳውን እንደዚህ እንደ ባዕድ ጠላት ጎትተውታል	negative
እውነት እውነት አልመስልህ እያለኝ ነው። ይሄ ሰውዬ የዘመናችን ሙሴ ይሆንን? ምድረ አራሙቻ በዘር ተቧድና ስትናኮት ከርማ ከላይ የተላከው…	negative
እድሜ ለማዳበሪያው ????	neutral
ያወጣው የመገናኛ አካባቢ ዝርፊያ!  መገናኛ አካባቢ ዝርፊያ እጅግ በርክቷል። ከቦርሳ ቅሚያ እስከ መኪና ሿሿ የቀን ተቀን ክስተት ነው። ይህ ቪድዮ በአንድ ታዛቢ ተቀርፆ የተላከልኝ ሲሆን…	negative
ባለፈው ደማቅዋ ባህርዳር ቀጣይነች እንዳልነው፣ ተራዋ ደርዎ በባለኮኮቡ ሰደቅ በውበት ላይ ወበት ጨምራለች.... የጣና ዳር !	positive
ልድገመው  ምርጫው ተራዘመም አልተራዘመ በበጋም ተደረገ በክረምት በኢትዮጵያ እውነተኛ እርቅ እስካልተደረገና ብሔራዊ መግባባት እስካልመጣ ድረስ አዙሪቱ መቀጠሉ አይቀርም።	positive
እግዚአብሄር ያክብርልኝ ????	positive
የመጀመሪያ ፍቅር በር	positive
ፖሊሴድ የተሰኘው አዲሱ አውቶሞቢል ሁሉንም የታክስ ወጪዎች ጨምሮ በ6.5 ሚሊዮን ብር ዋጋ ለገበያ እንደቀረበ ታውቋል፡፡	neutral
አበራ ሞላ ግን ምን አስቦ ነው  ከሰኞ፣ ማክሰኞ፣ ከእሮብ፣ ከሀሙስ፣  ከአርብም፣ ከቅዳሜም ከሁሉም  ቀናት እኛን ደስ የሚለን እሁድለት ለሊት   ብሎ የዘፈነው?  እሁድ ለሊት ከጭንቀት…	negative
ዘሪ ማጥፋት ወንጀል  ሳይከሰስ እንዲሁም የኢትዮጵያ ሕዝብ ይበሳጭ ብሎ  ለምርጫ ይዞ መቅረብ  እንደነ ጃዋሪ አይነቱ ማቅፍ የኢትዮጵያ  ሕዝብ እንደመናቅ ነው።	negative
ዝወረስዎ ንብረት ኤርትራዊያን ንኸምስሉ ኢሎም ከማን ኣይመለሱን። ኣብ ካልእ ከባቢታት ኣስጦቢያ ፥ ደሴ፥ኮምቦልቻ፥ደብረማርቆስ ወዘተ...ንዓመታት ብእምነት ዓቂቦም ክመ…	neutral
የኔ ውድ መልካም እንቅልፍ ??	positive
እመሙዬ በናትሽ እስረኛ ላይ ሽንቷን ስትሸና ያለዉ ቪዲዮ የለሽም	neutral
ብዙ መዘናነጋት ስለሚኖር ለትራፊኮች አሰደሳች ህግ ነው	negative
የአማራ ክልል ወጣቶች ማኅበር ለአማራ ወጣቶች ማኅበር የተሠጠው ፈቃድ እንዲሠረዝ ሲል ለበጎ አድራጎትና ማኅበራት ኤጀንሲ ክስ አስገባ።	negative
አዳሜ ፌስቡክ ላይ ምን አባህ ትሰራለህ ምርጫ ደርሶ የለ ዘግተህ አጥና ??????	negative
የወንድ ዘር ቀድሞ መፍሰስ ችግር	negative
አንብቤዋለሁ የዛሬ አመት አካባቢ... ወርቅ ነው አብርሾ!??	positive
ሰይፉማ አራድዬ ናት። በመጠኑ Louis C.K ን ነው የሚያስታውሰኝ ድርቅናው አለማፈሩ በማይቀለድ በምንለው መቀለዱ	neutral
ሰላም Twitter ውስጥ ነው እንዴ የምትሰራው መላ በይኝ ያልሻት? እንደዚያ ከሆነማ ለመፃፍ ከሚፈለገው 160 ፊደላት ቢያንስ 500 አድርጉልን?	neutral
ተሳስተሃለል፣  ቆም ብለህ ራስህን ጠይቅ ፣ዛሬ ላይ የደረስነው በለውጥ ሃይሎች መስዋእትት መሆኑን አትዘንጋ፡ ይህን  ለማለት ያደረሱህ አነዚህ ሰዎች ናቸው.…	negative
አንተም የድሬ ልጅ ነህ?	neutral
ሰዎች እንደ ወቅት ይቀያየራሉ፤ ይለዋወጣሉ፤ መሆን ያቃታቸውን አንተ እንድትሆን ይሻሉ፤ማድረግ ያለባቸውን ነገር ከአንተ እስኪመጣ ይጠብቃሉ የራሳቸውን ድክመት  ባንተ ላይ በመጫን አንተ…	neutral
በፕሮግራሙ ለዶ/ር አረጋ ይርዳው ባህላዊ የሽልማት እቃዎች ስጦታ ተበርክቶላቸዋል፡፡ በሥነሥርዓት ላይ አቶ አዳነ ቢራሳ የኦዲፒ ተወካይ፣አባ ገዳዎች፣ የሀገር ሽማግሌዎች፣ አዛውንቶችና…	neutral
በግልፅ ወጥ ስትጨልፍና ግንባር ስትሰም አታሳይም? ቢለው እኮ አንድ ነገር ነው። አለበለዚያ እንደአብዛኛው ኢትዮ-ትዊተር ተጠቃሚ ሾውን ሳያይ ምን አሰቀባጠ…	neutral
ምንም ማለት አስቸጋሪ ነው። ቢያንስ ለቤተሰቦቻቸው ተስፋ ሲባል	neutral
እናንተን ማግኘት እፈልጋለሁ	positive
የዘንድሮ አሽቃባጮች ለየት ይላሉ; በምናቸው እንደሚያስቡም ግራ ያጋባል	negative
አንዳንዴ እኮ የልብ ትናገራለህ!	positive
አጭር ሠው ሳይሆን አይቀርም የሰቀለው??	neutral
አራቱ ድርጅቶች በጋራ *ከህዝብ የዘረፉት*  ንብረት ...	negative
ምን በክትክታ እንደተገረፈ ልጅ ያደርግሃል?	negative
የሚገርም የጤና ልማት ሠራዊት በሀላባ ዞን የመስክ ምልከታና ዌራ ድጆ ከተማ ጤና ጣቢያ ግንባታ መሠረት ድንጋይ ተክሎ ስመለስ።	neutral
ሀሀሀሀሀ መጀመሪያ ማንበብ እና መፃፍ ተለማመድ	negative
አመሰግናለሁ ፍቅሬ ??.	positive
በመሰረቱ እኮ ኢትዮጵያ ጥንታዊ መሬትዋ ከዘንድሮ የሰፋ እንጂ ያነሰ አልነበረም።  አዲስ አመቱም፣ አዲሱ ዶሮ ምግብም፣ ዲሊቨሪውም  በዚ ግንጋዚቤ ቢሆን ጥሩ መሰለኝ	neutral
አንስቶ እስከ ጥቃቅን እና አነስተኛ tweeps ፈረሰኛ ደሞ ምን አረገን ነው ምትሉት? ?? ወይ ዛሬ ወጡን ለመስራት እናም ለማቅረብ ሀላፊነት ውሰዱ እና ከዛ ፈረሰኛውን ለእማወራ ማቅረብ…	negative
ምን ነካቸው... እውነት ያሳዝናል	negative
የአዲስ አበባ ከተማ የሚዲያ ኔትዎርክ ቦርድ አባላት ሹመት  1) ዳኛቸው አሰፋ (ፒኤችዲ) 2) ዮናታን አሰፋ 3) መጋቢ አዲስ እሸቱ…  የመደመር ዋጋ	neutral
በሀገራችን ከየትኛውም አደጋ በላይ የትራፊክ አደጋ የሚያደርሰው የህይወት እና የሀብት ጥፋት የበዛና ለማሰብ እንኳን የሚዘገንን ነው። ወረርሽኝ እና ሽብር ለመ…	positive
ቄሮን እሹሩሩ ይሄው ነው ውጤቱ:: ኦሮሚያ ፊቱን ወደ ልማት አዙሮ የዜጎችን ሠርቶ የመኖር እድልና ደህንነት በተጨባጭ  ካላሠፋ አይደለም  የመሬት ግብይት፣  የግሉን ዘርፍም ወደ ልማት ማሥገባት  አይችልም ። ዋቃ ይታረቀን	negative
ሲቀጥል መጀመሪያ ተመርጦ ከዚያ ይቀየራል የሚለው ብዙም አይዋጥልኝም። በመዋቅርም ሆነ በአስተሳሰብ ብሄራዊ የሆነ ድርጅት ህ…	neutral
የኦሮሞ ነፃነት ግንባር ራዕይ ባጭሩ እና የዴስቲኒ ኢትዮጵያ መሪ አቶ ጥላሁን አክሊሉ  በኦነግ ስብሰባ ላይ ያደረጉት ንግግር።	neutral
የኢትዮጵያ አየር መንገድ ምን አስበው ነው? ቅዳሜ እና እሁድ በረራ የለም አሉ። ከዛ ቀጥለው ደግሞ ለ40ደቂቃ በረራ እና ለአንድ በረራ 8ሺ 476 ማድረግ ምን ይሉታል።   አመቱን ሙ…	negative
ያ ነበረ ችግራችሁ እኮ:: አንድ ነገር እንኳን ኮሽ ብሎ: ገና ይላል ብላችሁ እናትህ ሆድ ነበር የምትገባው::…	negative
ኣቦይ ስብሀት ድሮ ነው ያለው ጃፓኑ ሰውዮ ነው የሾመብን  ??????  ያማማቶን	neutral
ወሬኛ	negative
ይድረስ ለ እዚህ ሰውዬ ላይ ያልተነፈስሽ፡   ተራ የወያኔ ተላላኪ ጋዜጠኛ ምኞቱንና፡ ተልኮ በተናገረው እንዲህ ያዙኝ ልቀቁኝ ማለት ትንሽ ለትዝብት ኣይሰጥም?  መቼም ህፍረት ኣልፈጠረ…	negative
የኔ ሆኗል ሌላ ሰው ላይ እንዳይደገም ክሰሱት እመሰክራለሁ ብላ ነበር፣ የምርመራ ውጤቷን ባላይም ያንን እንደሚያረጋግጥ ሰምቻለሁ።   ቢያንስ የስነ ልቦና ምክር ለማመቻቸት ጥ…	positive
መንግስት በግልፅ ተነጋግሮ ካላረመው ኢትዮጵያ ከባድ የፀጥታ አደጋ ያሰጋታል  ********************** ጉዳያችን GUDAYACHN    ታሕሳስ 22/2012 ዓም (ጃንዋሪ 1/…	neutral
መልዕክቱም ይህ ነበር   ለ ተከበረዉ የጊዮርጊስ ቤተክርስቲያን ክብር ሲባል ሁላችንም በፀጥታ እናልፋለን!!  ተሰላፊዉም በጭብጨባ ታዛዥነቱን ገለፀ።ዙሪያውን የቆሙት ሙስሊም ያልሆኑ…	positive
የፈጣሪን ስም በከንቱ አታንሺ ?? አስመሳይ	negative
በትክክል!  እግዚአብሔር ሁሌም መልካም ነው።??	positive
ታምራት ነገር ግን ጤነኛ ነው ???? የሆነማ የሚያጨሰው ነገር አለ ዝም ብሎማ እንዲህ አያወራም !	negative
እኛ ድሆች ነን፤ ገንዘብ ከየት እናመጣለን እያልን ስንደራደር ነበር በጠገዴ ታግቶ የተገደለው ታዳጊ አባት	negative
ማስጠንቀቂያ ለጉህን  ለጉራጌ ህዝባዊ ንቅናቄ  በዚህ ሳምንት ውስጥ ያለህበትን ጉህን የት እንደደረሰ  ስለ ሰርተፍኬቱ የት እንዳደረሳቹት ለህዝባቹ  ምን እየሰራቹህ ነው የሚለው ጥያቄ…	neutral
ታህሳስ 24፣ 2012/ ቋሚ ኮሚቴዎች በረቂቅ ህጎች ላይ የህዝብ አስተያየት ለመሰብሰብ ተደጋጋሚ ጥሪ ቢያደርጉም አስተያየት የሚሰጡ ሰዎች አልተገኙም	negative
በአውሮፓ ለሚገኙ ተማሪዎች በማህበረ ቅዱሳን የተዘጋጀ የሶስት አመት virtual ግቢ ጉባኤ መርሀ ግብር ነው። tweeting helps me focus ??	neutral
በጣም ሩቅ በሆኑ ነገሮች ላይ ብዙም ፍላጎት የለኝም ፣ ግን ከ 12 እስከ 13 ዓመት ዕድሜ ያላቸው ልጃገረዶች ከአንድ ተመሳሳይ sexታ ጋር የተሳሰሩ ከመሆናቸው ይልቅ ያለፈውን ትውስታ አንድ እንዲሆኑ ፍላጎት አለ ፡፡	neutral
መቼ ነው ገዱንና ደመቀን በሽልማት ወይም በስድብ ከስልጣን የሚያገሏቸው። እረስዎ ጎበዝ ነዎት ምን እንደሚፈልጉ ጠንቅቀው ያውቃሉ	neutral
ወይኔ ወሬ ?????? እንደዘመን ድራማ ኢዝ ገዳይ	neutral
የሚመለከታቸው መስሪያ ቤቶች የረሱትን ስራ ይህ ትራፊክ ፖሊስ በግሉ ስለሰራው ሊመሠገን ይገባል !   Via BCAA- Driving in Addis	positive
እስከዛሬ ተማሪዎች ግማሹን ከመንግስት ተበድረው፣ ግማሹን ደሞ መንግስት ከፍሎላቸው ነበር የሚማሩት። አሁን  መማር ከፈለጋችሁ እና የመማሩ ፍላጎት ካላችሁ…	neutral
ከተማዋ ብዙ መወገድ ያለባቸው ጉዶች ስላሏት መጀመሪያ እነሱን ያነሳሱልን።	positive
አዎን ብረት አንጋች ነው ጨፍላቂ ቀማኛ ገዳይ የራሱ ያልሆነውን በእሳት የሚያጋይ፣ የራሱን ሃሳብ ብቻ እንደቅዱስ የሚቆጥር የበላይ…	negative
የሶማሌ እና አፋር ህዝቦችን ግንኙነት ለማጠናከር ሲካሄድ የቆው የምክክር መድረክ ተጠናቀቀ	neutral
የስታሊን ጉዳይ አይደለም።ኢዜማ ብሄር፣ብሄረሰብና ህዝቦች እራሳቸውን በራሳቸው የማስተዳደርና የራሳቸውን እድል በራስ የመወሰን መብት  ላይ የኢዜማ አቋም ግልፅ አይደለም	neutral
አብይ አህመድ ለኢትዮጵያ ከዋለው ውለታ ሌላኛው ይህ ይመስለኛል።	positive
ሲሆን ይሆናል ሲቀር ይቀራል 2ኛc ማንን ይፈራል ???????? የሚገርመው አሁንም በዜማ ነው ምታነቡት ????????????	negative
የኛ አባት ግን መቼም አይተኛም!	positive
ያሳዝናል!  ትላንት የዶክተር አምባቸው እናት ዛሬ የአቶ ምግባሩ ከበደ አባት ህምም የጀግኖች እናት እና አባት ፈጣሪ ነፍሳችሁን በዔዶም ገነት ያሳርፈው????????	neutral
ወይኔ......ከሶስተኛ ክፍል ወደ አራት ሳልፍ የተገዛልኝ። እንዴት እወደው እንደነበር??????	positive
??የምር ልክ ብለዋል! ተሟጋች ነን ባዮቹ ለምን እንደሚሟገቱ የገባቸዉ አልመሰለንም። ሴትን አጉል እያጀገኑ ተቻችላ ልጆቿን እንዳታሳድግ እያደረጉኮ ነዉ????የፌኪዝም ነገር	negative
አይ... ከደረሰብን በላይ የተደገሰብን ብዙ ነው እና ነቃ ብለን እንደራጅ እሱ ነው የሚበጀው!	neutral
አዎን ፣ ያ ነው ለዓለም ፍላይሊየር እጫወታለሁ ፣ ግን… አዎ… ኦ ፣ እኔ ሁል ጊዜ እከባከባችኋለሁ ~ መቼ ነው ... ኦህ ፣ ቀድሞውኑ አስተካክለውታል? በእውነቱ አላውቅም ነበር ... አይ ፣ ቅ…	neutral
የኔ ጀግና	positive
የትራምፕ የፈጠረው ስምምነት የቱ ነው? 1.የወያኔ ከ4 ኪሎ መባረር =በወቅቱ ተለርሰን ወደ አድስ አበባ መምጣቱ ይታወሳል 2.ኢትዮ-ኤርትርያ ስምምነት 3. ያላለቀው የህዳሰው ግድብ ከ…	neutral
በ ምላጭ ምድምድ አድርገው ልጨው በሺተኛ ካስመስሉን ቡሃላ አሁን ገና ሰው ሆንክ ሚሉት ነገር እንዴት ይርሳል??????	negative
“ሁላችንም የተለያየ መልክ፣ ባህሪ እና ሥም ይዘናል፡፡ ፈጣሪ ሁላችንም አንድ እንድንሆን ቢፈልግ ኖሮ ያደርገው አልነበር? ልዩነታችንን አለማክበር፣ በራሳችን ስህተት ሌላውን መውቀስ - ለፈጣሪ ክብር…	positive
ግጭትና ብጥብጥ ወይም አለመረጋጋት በሚከሰትበት ወቅት መገናኛ ብዙሃን በሚያቀርቡት መረጃ ይፈተናሉ፡፡ ከተፅእኖ ነፃ ሆነው ሀላፊነት በተሞላበት ሁኔታ የሁሉንም ወገን ድምፅ ማካተት የሙያው ሥነ-ምግባር ግድ ይላቸዋል፡፡ 2/3	neutral
ትክክለኛው የፊደል አፃፃፍ ከርስ ሳይሆን…	positive
አህመዲን  ጀበል እና  እሱን አይኖትች   ነጋዴወች( እስልምናና  ክርስትና ) የሀይማኖት  ቡልሽታቸውን  በየቦታው  ማስታወካቸውን ማቆም  የግድ  ይላል!	negative
ህዳር 21 አክሱም ጽዮን ማርያም  ህዳር 21 ቀን የእመቤታችን የቅድስት ድንግል ማርያም ዓመታዊ በዓል ነው ብለን በተለየ መልኩ የምናከብርበት ምክንያት፦ 1/	positive
ሰሞኑን ፊትሽ የጠራው ለዚሁ ነው  አጅሬው ?	neutral
KKKK...በህልም የሚሆን ነገር አለ ብለህ ነው? ግን ታሳፍራለህ ጦርነት ውስጥ ገብተህ የማታውቅ በሰው ህይወት መቀለድ ወንድ ሆነህ ምጣ ታገኛታለህ።	neutral
ወዳጄ: የሙግትህ ጭብጥ ምንድነው?  በመሃላችን ሙግት ሳይኖር እኮ ሙግት አደረከው::	negative
Loool ተነፉን አገኛለሁ ብለሽ አትልፊ ለማለት ነው፡፡ገልቱ ምናምን ይገኛል speaking of እነዛ ገልቱ የኢትዮጵያ ፖለቲካ “ኤሊት” ለብዙኀኑ ሰላም ሲሉ ተሰብስበው…	negative
ጦርነት የሚያውጅን አንድን ቡድን ጠረፍ ከፍተህ እድከመሳሪያው  አስገብተህ፣ መሪዎቹን አዲስ ቁጭ አድርገህ እየቀለብክ፣ መቋጫ የሌለው ድርድርና ስምምነት እያካሄድክ፣ ህግ…	neutral
የኢትዮጵያ የቁርጥ ቀን ምን ይሳነዋል ፈጣሪ እድሜና ጤናውን አብዝቶ ይስጥልን!!	positive
ረፋዱ ላይ በአፋር ባለሃብቶች በቅርቡ የሚጀመረውን ዘመናዊ  መንደር ግንባታ ቦታ ዝግጅት ምልከታ አድርገናል።  ይህ መንደር ግዙፍ እና በከተማ ደረጃ ከታቀዱት 10 የመንደር ግንባታ ውስጥ ሦስተ…	neutral
እኛ እኛ ማን መሆን አያስፈልገንም ልዟይተ ዎስራእ ዶ.ፓቭል	neutral
የገና በዓል አከባበር ልዩ ዝግጅት	neutral
ልክ እንደ መጨረሻው ሰዓት ልክ በዚህ ጊዜ ይኖሩ። በፍፁም ተስፋ አትቁረጡ እና እንደ መጨረሻዬ እኔ እወዳችኋለሁ .	positive
ውስጥ 30 አመት ኖሮ ጆሮውን ቢቆርጡት ከአማርኛ ውጪ ሌላ አንዲት ቃል እንኳ የማያውቅ ስብ-ራስ ሁላ ፕ/ር እዝቅኤል ገቢሳ እንዴት ትግርኛ ይናገራሉ ብሎ እያጓራ ነው። የሚገርመው…	neutral
Ethiopia : አዲስ አበባ ኮተቤን ጠቅላለች ካራቆሬን ጠቅላለች አዲስ አበባ ነገ ከነገ ወዲያ ቡራዮን የማትጠቀልልበት ምክንያት የላትም የአዲስ አበባ ባለአደራ ምክትል ሰብሳቢው ኤ…	neutral
ምዕራብ ኦሮሚያ ውስጥ በሚንቀሳቀሱ ሸማቂዎችላይ መንግሥት ዕርምጃ እየወሰደ መሆኑን የኦሮምያ ክልል ብልፅግና ፓርቲ ህዝብ ግንኙነት ኃላፊ አቶ ታዬ ደንደአ ለአሜሪካ…	neutral
ሞጣ ላይ ሱቅ አልነበረክም ማለት ነው	neutral
ኦዴፓ 34 ድምፁን ጠቅልሎ ይዞ ብልፅግናን መስርቷል።  ብልፅግና አገር እስካስተዳደረ ድረስ ሌሎች ተከታይ (minority) ስለሚሆኑ የአገራችን ፓለቲካ በኦሮሚያ ይዘወራል ማለት ነው። አጃኢብ	neutral
የእምነት ቦታዎች አይባልም ወዳጄ 4 የሙሰሊም መሰጅዶችን ብቻ ነው አንድደው ሲጨፍሩበት የነበረው። የእምነት ቦታ ብለህ የሁሉም አታሰመሰለው። እውነት ለምን ይተናነቃችኋል ግን?	negative
ለማጋጨት መስኪዶችን ማቃጠል ወንጀል በመሆኑ ሁሉም ሊያወግዘው እንደሚገባ: የተጀመረውም ተጠርጣሪዎችን በህግ ተጠያቂ የማድረግ ሂደት ተጠናክሮ እንደሚቀጥል ተገልጿል።   ኢትዮጵያ የሁላች…	positive
የብልባላ ፩ኛ ደረጃ ሙሉ ሳይክል ት/ቤት ስሙን ወደ ጀኔራል አሳምነው ፅጌ ፩ኛ ሙሉ ሳይክል ት/ቤት ቀይሯል! ንጉሱ ይገባዋል። Cr: ራስ ብሩክ	neutral
Agreed 100% bro! የኢትዮጵያ ተስፋ እግዚአብሔር ብቻ ነው። None of the parties!  እርሱ በዘላለማዊ ጥበቡ ኢትዮጵያን ከዉድ ልጆችዋ ጋር ያስታርቅልን።	positive
ይሄ ሕዝብ መምራት ሳይሆን ሕዝብ መሸወድ ነው የሚባለው። ዲሞክራት ነኝ ብለህ ሕዝብ ከመረጠህ በኋላ አይ ሪፑብሊካን ነኝ ብትል ሐሳብ ማመንጨት ሳይሆን ማጃጃል ነው የሚባለው። ሌብነት…	neutral
ቅዳሜ ታኅሳስ 25 ቀን 2012 ሜክሲኮ አደባባይ አካባቢ በሚገኘው አዲሱ የኦፌኮ ቢሮ የምረቃ ሥነ ሥርዓት ላይ አቶ ጃዋር የአባልነት መታወቂያውን ከፓርቲው ተረክቧል፡፡	positive
ዘረኛና ልማታዊው ኢህአዴግ በብሄራዊው ብልጽግና መተካቱ አይገርምም?	neutral
Ethiopia 1.5 ጊ.ባ ፣ 1 ጊ.ባ & 500 ሜ.ባ የሞባይል ኢንተርኔት ፓኬጅ ሽልማት ቀድመው ለሚመልሱ 3 ወዳጆቻችን!  ላይክ እና ሼር በማድረግ የመሸለም እድሎን ያስፉ!…	positive
በነሱ አተረጓጎም፣ ጠባብነት ሌላ ፅንፍ ነው፡፡ ትምክህተኝነት ወይም ጠቅላይነት ሌላ ችግር ነው፡፡ በመገንጠል እና አሀዳዊ ስርዓት…	neutral
ወይ ጉድ! የኔ ዩኒቨርስቲ ሰላም ነው ብሎ ለመታበይ ካልሆነ  በስተቀር ወንድሞቻቸውና እህቶቻቸው እንደተገደሉ እየሰሙ ምን አይነት ትምህርት ነው የሚማሩት? ትምህርት ለመማር በቲንሹ መ…	negative
ይሄ ነገር ሲሊፕ ታንግ ነው እንጂ ማለቴ ቁጥሮቹ እርግጥ የመሳሳት አለው ኢህአዴግ ስልጣን ሲይዝ አማካይ ዕድሜ 45 ማለት ነበረበት።ሆነም ግን የአማካይ የመኖር ዕድ…	neutral
ካህናት በፖለቲካዊ ጉዳዮች መሳተፍ ይችላሉን?	neutral
የወለጋን ህዝብ ኢትዮጵያዊነቱን ባትቀበሉም ሰው ነው። ግደያ እና አፈና ይቁም።	positive
ስለ ኢትዬጵያ ኦነግ ሲነዛው ከኖረው ፕሮፓጋንዳና አሁን አሁን አህመዲን ጀበል በሀይማኖት ስም ከሚለቀው ውሸት መካከል ምን ልዩነት አለ? በብሄር ሞክረው ያልተሳካላቸውን አማራን የመምታ…	negative
ገዳ የወደፊቱ የፖለቲካ ስርዓት መሆን ይችላል ፕሮፌሰር አስመሮም ለገሰ	neutral
ያቺን ልጅ በሶሻል ሚዲያ ተመርቃ፣ በሙያዋ እየሰራች፣ አጅግ ስኬታማ ሆና አያታለሁ፣ ልጠይቃት ፈልግና የረሳችውን ባስታውሳትስ ብዬ እተወዋለሁ፤ ሁሌም ደሞ እፀፀታለሁ።   በ…	neutral
ፀረ አማራው ብአዴን የአማራ ወጣቶች ማህበርን ከስሱዋል።የብአዴን ተላላኪ ሆኖ የቆዬው የወጣቶች ሊግ እኔ እያለሁ አዲሱ ማህበር መመስረት የለበትም ብሎዋል። ብአዴን የአማራ ህዝብ ጠላት!	neutral
የብልጽግና ፓርቲ ስራ አስፈጻሚ ኮሚቴ የመጀመሪያ ስብሰባውን በዛሬው ዕለት እያካሄደ ነው።	neutral
እኔን። ሌላ ምን ይባላል።	neutral
ቆይ አሁን እውነቱን እንነጋገር ከተባለ Rift valley መማር . አልባሌ ቦታ ከመዋል በምን ይተናነሳል ????	negative
በመምሰል እና በመሆን መሃል ልዩነት አለ። ላንዳንድ ሰዎች የመጀመሪያው በጣም አስፈላጊ ነው apparently. መልካም ምሽት	positive
ሰላም ዶ/ር አብይ  ግን ምነዉ አልክ የኛን የሙስሊሞችን ጉዳይ ምንም አታመጡም ነዉ ወይስ ንቀት ነዉ ዳንኤል ክብረትን ካጠገብህ አርቅልን በአማራ ክልል በአንድ…	negative
ያለሁበት ታክሲ የሚካያን ዘፈን እስከሚከፍተውድረስ ይሄን ያህል ዘፈኗ እንደናፈቀኝ አላወቁም ነበር ???? ነፍሷን በገነት ያኑርልን ❤️❤️❤️	neutral
ጥፋ ከዚህ ሰው በላ አውሬ ጥንብ ዘረኛ	neutral
አንዳንድ ፓርቲዎች ቢሮ የላቸውም በአየር ላይ ናቸው ሶሊያና ሽመልስ	neutral
አዳዲስ ተከታዮችን ለማግኘት ይህንን የሚወዱትን ሁሉ ተመልሰው የሚመልሱትን ይከተሉ።????	positive
እስቲ  አስተማሪ የሚደጋግመውን ቃል የቆጠራችሁ ወይም የምታስታውሱትን?	neutral
ዕለት ዕለት አስደንጋጭ እየሆነ የመጣው አሰቃቂው የትራፊክ አደጋ መፍትሄው ምንድን ነው?  ወጥቶ በሠላም መግባት ህልም እየሆነ እኮ ነው  በቀን በቀን የሚሞቱን ወገኖቻችን ብዛት ጆሮን ጭው የሚያደርግ ነው።	negative
ማዘር ዶሮ ልትገዛ ሄዳ 500 ብር ሲላት እንዴ ዶሮዋን ወጥ እንጂ ራይድ ልሰራባት አይደለም እኮ አለችው።	neutral
ከብት በእጁ እጅ አለው ብዬ አስቤ ማለት ነው ሳር እንጂ የሰው ተስፋ ይዞ አያውቅም።	negative
ፈጣሪያችን ሆይ በአውስትራሊያ ያሉትን ፍጥረታት ዝናቡን ልከ ከሞት ስለታደክ እናመሰግናለን። አንተ ሁሉን ቻይ፡ የሁሉ አምላክ ነህ።	positive
የአቢር ትችት ስለ ኦሮሞ በንጉሱ ቤተ መንግስት መካተት ፣ በዛው ገልጽ የአገሪትዋን ትልቅ ችግር ሲገልጽ ይጋጫል፣ ያም - አንድ ጥልክ ና አዲስ ስደተኛ ህዝብን ማካተት ነበረ።	neutral
ጤና ይስጥልኝ ወንድሞች	positive
በባለፉት ቀናት የአሜሪካ ዉጭ ጉዳይ ቢሮ በባግዳድ የአሜሪካ ኤምባሲ ጥቃትን ባወገዘበት መግለጫው በኢራቅ ዉስጥ ያለን ለዉጥ በንቃት አየተከታተሉ መሆኑን ለሰማ ሰዉ ትርጉሙ ምን ያክል…	negative
አንተ ላይ ሲደርስ ብቻ ነው እንዴ የሚሰማህ	negative
የበግ ቆለጥ ተጠብሶ በሚበላበት አገር ይሄ ጥያቄ ?????♂️	neutral
እኔ አንድ ህጋዊ ጥያቄ አለኝ። አቶ መለስ ለሁሉም ብሄር ያደሉትን ባንዲራ በነካ እጅዎ ሊያጠፉልን ይሆን? ከተዋሀዱ አይቀር ክልላዊ ባንዲራዎችንም ብን አርገው ያ…	neutral
ከጃንሆይም ከደርግም ከወያኔም ይህን ለውጥ ለየት የሚያደርገው ሥልጣን የተቀሙትን አለማሠሩ ነው። እነሡም ናቸው የሚያውኩት። ተቃዋሚዎቹ በሙሉ ሠላማዊ ናቸው!!!	neutral
ኢትዮጵያን ወደኋላ እያስቀራት ያለው ትናንት አለመሰልጠናችን ሳይሆን በ21ኛው ክፍለ ዘመን መደንቆራችን ነው፤ ትናንት በጠፋው ጥፋት ሳይሆን ዛሬም ስለትናንት ማላዘናችን ነው።	neutral
ስንቱን ትልቅ ችግር ሲፈታ የኖረ ከሱ አልፎ ለሌሎች ዘዴን የቀመረ ቀላል ነገር ገጥሞት ሲከዳው ብላቱ  በታናሹ ምክር ካሳብ ከጭንቀቱ ሲወጣ ማየቱ  ኦ ይገርማል!!! ሰነፉ ብርቱ ነው…	neutral
ትንሽ ከልክ አለፍክ እዚህ ላይ አትፃፍ በቃ አንተ እራስህ ትልቅ ችግር አለብህ እንዲህ አይነት ድርቅ ያለ ጥላቻ አንተ ከነሱ ምትለይበት ምንም ነገር የለም…	negative
ለእውነተኛ ሰላም ከሰላም ምንጭ ጋር መስማማት	positive
ይህ ከ11ዱ ቅዱሳን ነገስታት አንዱ የቅዱስ ንጉስ ነአኩቶ ለአብ በቀለም አይደለም! በእጣን የሚሰራ ማህተም ነው ፤ ቃልኪዳኑ፣ የስነ ፅሑፍ፣ ቅድስና፣ ኪነህንፃ…… ተነግሮ አያልቅም………	neutral
መንግስት ለተጠየቀው ጥያቄ ምላሽ እንዲሰጥ መጅሊሱ ያስቀመጠው ቀነ ገደብ ዛሬ ነው።	neutral
Jo ?????? አንተ ከተከተልከው የሱ እንደው አይቀርም	neutral
ብሬ በቃ ንግግሩ እራሱ ምክንያታዊ የሆነ ምርጥ እይታ ከሚገርም ትንታኔ ጋር ማቅረብ የሚችል የፓለቲካ ሰው ነው	positive
መንገዱ ከትራፊክ ነፃ ሆነ። በሠላም ነው?	positive
የዲሲ ቻፕተር ተመሰረተ::   ጋን በጠጠር ይደገፋል በሚልም የገቢ ማሰባሰባሰቢያ ፕሮግራምም ተካሄደ::  አልማ የክልሉን ማህበራዊና ተያያዥ ችግሮች ለማቃለል የሚሰራ በመሆኑ እያንዳን…	neutral
?? የኢትዮጵያ ፕሪምየር ሊግ 1ኛ ሳምንት  እረፍት | ወልቂጤ ከተማ 0-0 ቅዱስ ጊዮርጊስ  እረፍት | ሀዋሳ ከተማ 0-1 ድሬዳዋ ከተማ    ⚽️ 15 ኤልያስ ማሞ  እረፍት | ሰበታ…	neutral
ልጅ እያለን ከገበሬ እና ከነጋዴ ማን ነው ለአገር ጠቃሚ የሚል ክርክር ላይ በመሳተፌ እራሱ ይቆጨኛል።????	neutral
በሱዳን ለውጥ ከተጀመረ ወዲህ ኢትዮጵያ የወታራዊ ሽግግር ም/ቤትና የነፃነትና ለውጥ ሃይሎችን በማደራደር ለተጫወተችው ሚና የሱዳን ማዕከላዊ ባንክ ምስጋና አቀረበ (በሱዳን የኢትዮጵያ…	neutral
በረዶው ይደመሰሳል ዪአ ምን እንደነገራችሁ ማወቅ ነበረብን ምረበነልአ ሩጥ ምጣበ ሱእ	neutral
እናንተ ጎጠኞች እና ሴረኞች እንጂ ለ አማራ የሚገዳችሁ አይደላችሁም በ ጠባብ ሴረኝነት ተነሳስታችሁ ወንድሞቻችን…	neutral
ያስነበብከን ሰውዪ የፈረንጅ መጽሃፍ ስለጠቀሰ ያንተን መዘባረቅ ትክክል ያደርገዋል ብለህ ካሰብክ ተሳስተሃል። ሰውየውም ሆነ አንተ ስለኤርትራ ስታወሩ  ኢትዮጲያ አሁ…	negative
የተለመደ አይደለም	neutral
ስለ አስፈላጊ ነገሮች ማውራትን ነውር ካደረግነው ሰነበትን።	negative
ብሔራዊ ምርጫ ቦርድ በዛሬው ዕለት ባካሄደው ውይይት ያገኛቸውን ግብዓቶች ያካተተ ይፋዊ የምርጫ የጊዜ ሰሌዳ የሚያሳውቀው የፊታችን ጥር 23 ቀን 2012 በርካታ ተሳታፊዎች በሚገኙ…	neutral
ጀበሉ እንደግል ምርጫ ልወዳደር እችላለሁ ሲል  ምነው የኢትዮዽያ የፖለቲካ ስረአት ፕሬዝዳታዊ በሆነና የኔን ድምፅ በሰጠሁት	neutral
የኛ ብሄር ጥያቄ ቅድምያ ይመለስ እስከዛ ሌሎቻችሁ ችግር ቢኖርም ዝም ብላችሁ አጅቡን የሚል ፖለቲከኛ ለዛሬው ተራማጅ አለም አይመጥንም ።	negative
እኛን እማ ይፈራል ኣንተ ንገረው	negative
የነ እብይ ነገር ግራ ያጋባን ነገር ለካ  ይኼው ነበር?? አንዴ ኢትዮጵያ ሲሉ እንደገና ደግሞ  ፅንፈኛ ሲሆኑ  ራሳቸው  ግራ ገብቶቸው  እኛንም ግራ አጋቡን	neutral
የመደመር ዓላማ ሀገራችን ባለፉት ዓመታት ያስመዘገበቻቸውን ድሎች ጠብቆና ስህተቶችን አርሞ የመጻኢውን ትውልድ ጥቅም ማረጋገጥ ነው ብለዋል። ክቡር አምባሳደሩ መድረኩ በጋራ ሀገራዊ ጉዳ…	neutral
ሎሚ ጣሉባት ከሰደቃዋ ላይ ሲባል.... ??????	neutral
ያረቢ ጌታዬ.....ልትሰቅሉኝ ነው ልትዘቀዝቁኝ?? አረ እኔ ራሱ ብሶብኛል??	negative
ከበቡሽ ወደ ሀገር ስትመለስ የዉህደት ፖርቲ ተመሰረተ ደግሞ የምን ዉህደት ብለክ ምስኪን የኦሮሞ ወንድሜን እንዳትጨፈጭፍ አንተና ቆርቆሮ ሳይነኩህ መጨዉ ልማድክ ነዉ	negative
የኢትዮጵያ የመከላከያና ደህንነት በአረብ አገራት እንድወድቅ አብይ አህመድ በትጋት እየሰራ ነው	negative
ከአማፅያኑ የመጣ በአፋን ኦሮሞ ተዘጋጅቶ የተበተነ የማስፈራሪያ ፅሁፍ አንብበው የአማራ ተማሪዎች ህይወት አደጋ እንደሆነ የተገነዘቡት የተወሰኑ ሰላም ወዳድ የኦሮሞ ተማሪዎች ነበሩ ህይ…	neutral
የጦጣች ዛፍ ላይ ይጫወታሉ የነብር  ዛፍ ስር ይቧርቃሉ እና ነብሮች ለጦጣዎቹ ኑ ውረዱ አብረን እንጫወት አንበላችሁም አሉ። ጦጦቹም ጨዋታው መልካም አንበላችሁምንን…	neutral
እንዴ?? ኳሱ እራሱኮ የኛ አይደለም:: እነሱን ጠልተሽ ኳሱን ወደሽ ይቻላል?	neutral
አሜን ??♥??    መልካም ቀን????❤??	positive
ይቅርታ ጋሼ  የኦሮሞ ፖለቲከኞችን የምታምን የዘመናችን ማሞ ቂሎ አንተ ብቻ ነህ  ከዘመዶችህ ጋር ብትወግን ይሻልሃል  ሞክረሃል አልተቻለም አለቀ ! አንዳንዴ ሳስብህ ታሳዝነኛለህ	negative
ውድነት ትርጉም የማይሰጠው እና  በቀን አንዴ መብላት ብርቅ የሆነበት እንድ ላይ የሚኖሩባት  አስራ ምናምን ሰው ለትምህርት ከቤቱ እንደወጣ በገዛ ሀገሩ በገዛ ወገኑ የሚታገትባት  ይሄ ዜናም እ…	neutral
የግል ዩኒቨርስቲ ተማሪወችም ከብድርም ሆነ ከወጪ መጋራት እድል እኩል ተጠቃሚነት ህገ መንግስታዊ መብታቸው ነው። ግን ሰዉ ሲወያይበት ሰምቸ አላውቅም።	neutral
አቶ ታከለ ኡማዛሬ በጅማ ከተማ ለተደረገው የእርስዎ የበጎ ሠው የእውቅና ሽልማት እንኳን ደስ አለዎት	positive
ግራ ገባን እኮ ታከለ ያባቱ እርሻ ይመስል ለሙስና እና ለሌብነት በሚመች መልኩ መሬት እያደለ ነው	negative
ሰውየው የፖለቲካ ተንታኝ ነኝ ባይ ነው? ከብት ነው እውቀት 0 ስነ ልቦናም 0 ኣህያ ነገር ነው	negative
ለአዲስ አበባውያን መብት የሚታገለው ድርጅት	positive
ዝነኛ ሚከኖው በመታሰር ነው በፍቄ እና እስከዳር ለዚ ምስክር ናቹ ... የሆቴሉን ሰላም በመረበሽ ሊከሰስ ይገባ ነበር Dtp.. disturbing the peace ሞጣ ላይ ለምን አይሰበሰብም ..?	negative
ገራሚ የሆንክ ሰው፡፡ ትምክህተኝነትና ጠባብነት ቀላቅለህ ያዘከው፡፡ የሚገርምህ አንተ ጥሩ ሰው ሆነህ እንጅ ኪራይ ሰብሳቢ ነኝ ብለህ ጀርባህን ተጠንቶ…	neutral
...... ዋና የተካነው ፣ በሐምሌ ደራሽ ሲጠልቅ ከሊጣሊጥ መሃል ፣ ፀበል ፃድቅ ሲፈልቅ ጉድ እስከ እሁድ ብለን ፣ ከመደነቅ ወዲያ ያባት አደር ወጉን ፣ የእድሜ እንቆቅልሹን ፣ ማ…	neutral
የጤና ባለሙያዎች እንደሚገልፁት ከሆነ ቫይረሱ ደካማ የጤና ስርዐት ያላቸው ሀገራት ከደረሰ እጅግ አሳሳቢ ይሆናል።   እስካሁን በቫይረሱ 213 ሰዎች የሞቱ ሲሆን የተጠቂዎች ቁጥርም ከ8	neutral
መንግስትዬ በብልፅግና ጎዳና ላይ ናት የሚላትን አገር Crisis Group ደግሞ ለግጭት ተጋላጭ ከሆኑ 10 አገራት ውስጥ በ3ኛ ደረጃ ላይ አስቀምጧታል። የቸገረ ነገር	neutral
በነገርህ ላይ ... ፕሮፋይልህ ላይ ያለው ሰውዬ አማራ ነው እኮ ... ፋራ ነህ ወይ ...	negative
የሌለው የለም ለምን እንደምንጠቀማቸው ባለሙያዎቹን ማስቸገር ግድ ይላል	neutral
ከጎረቤት ደብቀው የቡና ጠጡ መልክተኛ አይነት አጠራር ነው።  ጎሳቸው አንድ መሆኑ ለዚህ ማስረጃ ነው	neutral
ሪፖርት | ሰመረ ሃፍታይ ለወልዋሎ ወሳኝ ሦስት ነጥብ አስገኝቷል	neutral
በጎ ነገር ለመስራት ማለቃቀስ አያስፈልግም እኮ:: ሰይፉ በቀልድ እያዋዛ ብዙ መልካም ነገሮችን ሲሰራ ነበረ አሁንም እየሰራ ነው::	positive
☺️☺️ እውነት ነው። ዛሬ አልሙኒየም አዳራሽ ሆኖ ነው የዋለው	neutral
ከ ብልፅግና ጋር ወደ ፊት ??✊	positive
እዚህ ያሉ ልጆች ከኦሮሚያ የተፈናቀሉ 40ሺ ተማሪዎች አሉ በአማራ ክልል ይመደቡ ይላሉ የኦሮሚያዎቹ በተቃራኒው።የእኔ ለእኔ	neutral
ቴዲ ይችላል በእዉነት!	positive
ቀልድ በአንተ ላይ ነው ያለሁት እኔ ብቻ ነኝ	neutral
ቀረሶ አሳ ከነጩ አሳ ጋር እያጣቆስክ ብላ ።??  እያጣቆስክ - እያደባለቅህ ለማለት ነው ። የጎጃም  አማረኛ በዚያውም እየተማርክ ።	neutral
ኦነግን ከእነ ትጥቁ እንዲገባ ፈቅደው ይሄ ባይመጣ ይገርም ነበር።	negative
ጎንደር ዞን መተማ ወረዳ በእርሻ ስራ ላይ የነበሩ 4 ሰዎች ከአንድ ትራክተር ጋር የሱዳንን ድንበር አቋርጠው በመጡ ታጣቂዎች ታግተው ተወሰዱ።	neutral
መፈታቱን በምን እርግጠኛ ሆናቹ!? ኣሳሪዎቹ ፅፈውት ቢሆንስ??	neutral
ሳተላይቷ የዳቦ እጥረት ያለባቸውን አካባቢዎች ለይታ ልካለች  በቅርቡ ከምንሰማቸው ዜናዎች	neutral
አ/አበባ ውስጥ ምንም አይነት ስብሰባ ማድረግ አይፈቀድም:: ሌላው ቢቀር የሙዚቃ ኮንሰርት  አይቻልም:: ቢደረግ አንኳ የአ/አበባ ፖሊስ ወዲያው ልብሱን ቀይሮ ቄ…	negative
Tegaru  stay united.  ለሚንካ ዝመፅእ ናፅነት የለን:: ንኸይብሉና ኢልና ረብሓ ህዝብና ኣሕሊፍና ከይንህብ:: ኩነታት ቖቓሕ ኮይንና ንከታተል::  ምስ መዓት ሕመቓ ኣብ ዙ…	neutral
እንኳን ደሰ አለህ  ውድ  መሪያችን	positive
ሀሳቡን መሸከም ከበዶህ ነው ማጅራትህን የተመታህ የመሰለህ? አይዞህ ወንድማችን ረጋ ብለህ አስበውና ለውጡ ለአንተም በዘላቂነት እንደሚበጅህ ትገነ…	neutral
ድንክ	positive
እኔ ካወራሁት ጋር ምን አገናኘው ኮማች ?? ምንስ አውቃለሁ አልኩኝ ፍትሀዊ የፊደል አጠቃቀምን አይዘንጉ ማለቴ ይሆን ስህተቱ ??	neutral
/ ባለተግባሮቹ  ዋሽንግተን ዲ ሲዎች... / የተጨፈጨፉ ወገኖቻችን ድምፅ በመሆናችሁ  ታላቅ የህዝብ ምስጋና ይድረሳችሁ.... / ክብር ለዋሽንግተን !! / ቀጣዩ ...…	positive
በትዳር እና በፖለቲካ ቋሚ ወዳጅ ወይም ቋሚ ጠላት የለም።	neutral
ኢትዮጵያ  ነጻ ያልወጣ ፦ማንነት፥ስብእና፥ሀሳብ ያለው ውስብስብ ህዝብ፤ ግን ስለነጻነት ሲያስብ ጣሊያንን	negative
ልንታጠን ልንታፈን ነው እንግዲህ	negative
አንዳንዴ ፍቅር ቦታውን አያቅም።	neutral
??አርሰናል እና ዩናይትድ አሰልጣኝ መቀያየር ሳይሆን  እንደ እነ ብል ብልፅግና ፓርቲ መዋሃድ አለባቼው ባይ ነኝ????	neutral
IfIWentToPrison  ምሕረት የለም ምህረት የለም	negative
የዶ/ር ዐብይ የመጀመሪያ ፓርላመማ ቃለ መሃላ ላይ የተናገረው አንድነት ማለት አንድ አይነትነት እንዳልሆነ ገልፀውልናል ተቃርኖ የተፈጥሮ ሕግ እና የሀይል…	positive
በየቦታው ለግንባታ የተዘጋጀ የፌሮ ብረቶች ከስርቆት ለመክላከል ምርጥ መፍትሔው እንደዚህ መቆለፍ ነው።  መጋዝ የያዘ ሌባ ከመጣቦት፥ አዲስ መላ እስከሚገኝ ይጠብቁ!	positive
Hahaha እኔ ለሊት ብዙ ስለማልተኛ ነው :)	negative
ኢትዮ ቴሌኮም በመላው ሀገሪቱ በ45 ዩኒቨርሲቲዎች የሚማሩ አራት ሺህ (4000) ተማሪዎችን ተጠቃሚ የሚያደርግ የ16 ሚሊዮን ብር የገንዘብ ድጋፍ መርሐ ግብር ይፋ አደረገ |…	positive
እንዴት ነው ግን የዘንድሮ ምርጫ በቲቪ ክርክር ምናምን የለም እንዴ	neutral
ሰፊ ጎሳ እንቅስቃሴ እና የህዝብ ማባል ያስተናገንቹ ኢትዮጵያ ለጎሳ ደንበር ፍሱም አትመችም። የኦሮሞን  ደሞ አይ።	neutral
ሰው ሁሉ የተላከ ነው በሚለው እንሂድና አንተን ማን ላከህ።  ሰው ማክበር ለመከበር።	neutral
with Emperor  የሰው ቅኔ   ብዬሽ አለሜ እያለሽ ከኔ ለካስ ሁለት ፊት ነሽ የሰው ቅኔ  የማየው የዋህ እርግብ መልክሽን ፍቅር ጋርዶብኝ መብረርሽን   ብላቴናው ኖረ ሲታገስ ሰ…	neutral
ሰሜን ሸሸዋ አጣዬ ላይ ማን ነበር 46ሰዉ በሙስሊሞ ኣሮሞዎች የተረሸነዉ ስንት ቤተክርስቲያን ነበር የተቃጠለዉ ሞነዉ እንደዚህ ጥሬ አርህን አራህ አንተ ጥንብ ጋላ ደሞ አፍ አለኝ ብለህ ታወራለህ ዉሻ	neutral
ኦሮሚያ ክልል አነሥተኛ ቤት ያለው መሬት እንዲህ ጥንቡን ይጣል !?  ሱሉልታ ፣ ሰበታ ፣ሠንዳፋ፣ ቡራዮ... ያ! ሀሉ የመሬት ሽሚያና የደላላ ወከባ ፤ ብሎም የጥገኛው አመራር …	negative
Ethiopia  መከራን ሰንቃ በ1983 አ. አበባ የከተመችው ህወሃት ንብረቶቼን በህግ አስመልሳለሁ የሚል ባዶ ቀረርቶ እንዳቀረበች ሰማን ። የህወሃት ንብረት የሆኑት የጥፍር መንቀያ…	neutral
የጎንደር ነጋዴወች እና የንግድ ሥርአት ከግብር ጋር የተያያዘ ጎዳይ በዋና ነጋዴወች የፊዳር ፈቃድ የፊደራል መገበር እና የተወካዮቻቸው ለጎንደረ የሚገባ ያለ ግብር መነገድ አጨቃጫቂ ጉ…	neutral
የሕዝብ ተወካዮች ምክር ቤት የአዲስ አበባ ከተማ አስተዳደር የከተማዋን ነዋሪዎች ሕይወት ለመቀየር እያደረገ ያለውን እንቅስቃሴ በማድነቅ ለኢ/ር ታከለ ኡማ የእውቅና ሽልማት አበረከተ…	positive
ከዚህ በተረፈ ባለፉት 30 አመታት ኤርትራውያን እንዳይማሩ እንዳይጠነክሩ ፕረዚደንት ኢሳያስ የዋሉልንን ውለታ አንረሳውም::”  ግልጥ እና ግልቡ ታምራት ነገራ	neutral
ከሀዲ.. መለስ ነበር እኮ መጀመሪያ እንዴት ዘመናዊ ሽንት ቤት እንኳ  አጠቃቀም ያሳየህ	neutral
ሃሃሃ አይደለም እንዴ? ????	neutral
የኢንቨስትመንት ረቂቅ አዋጅ ለውጭ ቀጥተኛ ኢንቨስትመንት	neutral
ሀቅ! ******* ዩንቨርስቲዎች እየተዘጉ ወታደሮች እየተመረቁ ነው።	neutral
ወይ አዛኝ ቅቤ አንጓች አሉ ምነዉ እናንተ አላፈናቀላችሁንም ሙስሊም አማራን ምነዉ የረሣነዉ መሠለህ ለገጣፎ ሠንበታ በረመዳን ፆም የተፈናቀልነዉ ምክንያታችዉ አማራ ብላ…	negative
ከ40 በላይ የፖለቲካ ድርጅቶች የሚሳተፉበት በኢትዮጵያ ወቅታዊ ሁኔታና መፃኢ ዕድል ላይ ትኩረቱን ያደርጋል የተባለ ኮንፈረንስ ከነገ ጀምሮ በመቐለ ይካሄዳል፡፡ ፌደራላዊ ስርዓትና ሕገ መን…	neutral
ስለ ሀብት ማውራት ነውር የሆነባት አገር	negative
የሳይንስና ከፍተኛ ትምህርት ሚኒስቴር በሀገሪቱ በሚገኙ ከፍተኛ የትምህርት ተቋማት ላይ አበረታች የተቋማዊ ለውጥ ስኬቶች መገኘታቸውን ገለጸ፡፡) -…	positive
Gebissa Oddaውሃ ቢወቅጡት እንቦጭ ነው ወዳጅ ዘመድ ጓዋደኛ ካለህ ይምከሩሕ ባንተ ቤት ጨዋታ ማሳመርህ ነው ፅፈህ ሞተሃል ነፍጠኛ የም…	negative
ታዲያ ችግሩን ለመቅረፍ ጤና ጥበቃ በምን ደረጃ ላይ ይገኛል ? ምንስ እቅድ ተነድፏል ከችግሩ አንገብጋቢነት ጋር በተያያዘ ? ይችን ጠይቅልን ።	neutral
መነም. እኔ ምንም አልተናገረም ምረበነልአ ንውቻብ ሱእ አትጨነቁ	neutral
በዚያን ቀንም ከእኔ አንዳች አትለምኑም። እውነት እውነት እላችኋለሁ ፣ የምትለምኑትን ሁሉ አብ በስሜ ይሰጣችኋል ፡፡ እስከ አሁን በስሜ ምንም አልለመናችሁም። ይጠይቁ እና ደስታዎ እንዲሞላ ይቀበላሉ።	neutral
የፕሪቶሪያ የኢፌዴሪ ኤምባሲ ለዝግጅቱ መሳካት አስተዋጽኦ ላደረጉ አካላት በሙሉ ምስጋናውን ያቀርባል።	neutral
ላይፍ ኢዝ ጉድ የሚባል የሬዲዮ ፕሮግራም አለ ነው የምትለን?	neutral
ጎበዞች	positive
ጥያቄ  የትምህርት ስርዓት መውደቅን / / / አክራሪ ዘረኝነት / / / የከፋ የስራ አጥነት (ድህነት) / / / ለአለም እጅግ ጠቃሚ ቦታ(red sea) መገኘታችን / / / የፖለቲ…	neutral
ነገ የመጅሊስ መግለጫ ላይ ለመቅረፅ የሚገኙ ሚዲያዎች በመጣ እግራቸው ለመመለስ ብንዘጋጅ ይሻላል!!	neutral
ሁሉንም ሃይማኖቶች በእኩልነት ያቀፈችዉ ኢትዮጵያ ለዘለዓለም ትኑር!  ????❤	positive
ቀጥሎ መሞከር የሚፈልገው ማን ነው ልዟይተ ዎስራእ ለምን አንድ ሰው እንደሚመታ ውነ ትነኝማታ ዙብ ጭራቆተ ትቤለ	neutral
አንዳንድ ወዳጆቻችን ጀዋር የኢትዮጵያ ጠ/ሚ/ር እንድሆን በተለያየ መንገድ ሲገልፁ እየሰማን ነው::  የዚህ ምኞት ቦታው ዶ/ር መረራ ጉድናን በጡሮታ(በገንዘብ)ስም አንስቶ ጀዋርን የኦፌኮ ሊቀመንበር ማድረግ ብቻ ነው::	neutral
እንዴ ጓደኛ የመልስ ምት ያስፈልገዋል ይሄ	negative
ለምክረ ምክር ብቁ ነህ ብዬ አላስብም	negative
ብልፅግና ዪኒቨርስቲዎቻችን መቸ ነው የሚደርሰው ??	neutral
መድኃኒት ተወልዶላችኋል የሉቃስ ወንጌል 2፡11	positive
አንተ ሰውየ ትንሽ ነካ ያደርጋሃል	negative
ዛሬ ጠዋት የነበረ የአየር መንገዶች በረራ ስርጭት በምስል!  Via Flight Radar 24	neutral
አይ መላክዬ አይደለሁም ያዉ ኢትዮጵያዊ በሚለዉ	neutral
እኔ ማን ነበርኩ የሚል ማንም አልነበረም ልጋልፈስያ ርገነ ኝሳወ ልህያ ቅለጥመለ ይህን አውሮፕላን በመገልበጥ ላይ ሁለታበልውደእ .ቡርቅያ ንሱነእ	negative
ችርቻሮ ላይ ሲሆኑ ነዋ ??	neutral
3) ኢዜማ ጥርት ያለ ፖሊሲ አለው ካልክ በአንድ ነገር ላይ የፖሊሲ አረፍተነገሩን አምጣና እንየው? ዝርዝር ፕሮግራም ካለ አምጣ…	neutral
አያችሁ ከናንተ የማይጠበቅ ስራ ሰራቹህ በምስሉላይ ለማስተላለፍ የፈለከው ሌላ መልእክት መልእክቱም በሚገባ ገብቶኛል እንደናንተ አይነት ደነዝ ነው ሀገር ሚያፈርሰው ደግነቱ ምንም አታመጣም።??	neutral
?????? አሜን እንኳን አብሮ አደረሰን!	positive
በልብ ህመም ምክንያት በ75 ዓመታቸው ህይወታቸው ያለፈው አቡነ ዳንኤል በሀገር ቤትና በውጭም የተለያዩ አብያተ ክርስቲያናትን አገልግለዋል፡፡ 2/3	neutral
በቀለ ገርባ ስለ ፒፒ ምን አገባው ?  ለምን ኦፌኮን አቅፎ አይተኛም  ይህ ሰው በአማርኛ እንዳይናገር መከልከል አለበት  በቀለ አፉን በከፈተ ቁጥር የሚወጣውየዘረኝነት ግማት ብቻ  ነው ሰለቸኝ ::	negative
በኦሮሚያ ውስጥ የሚንቀሳቀሱት ሶስቱ ፓርቲዎች ጥምረት ለብልጽግና ስጋት?	negative
ተሸናፊ ሆይ ለምንድነው የተረጎሙት?	negative
ከከረቤዛ ከፍ ብሎ ያለው ነው??	neutral
የያ ትውልድ ታሪክ ሕያው ነው!!!	positive
ኢሕአዴግን በክብር ብናወርሳቸው	positive
አብያችን  ጃን አብይ  አቢቹ?? አሪፍ ለፖሊሶች ወታደሮች ... ያለን አመለካከት መቀየር አለበት። በሰላም ወጥተን እንድገባና ሰዎች በራሳቸው ድክመት የሚፈጥሩትን…	positive
አቤቱ ጌታ ሆይ እንደ ኃጢዓታችን ሳይሆን እንደ ቸርነትህ ማረን ይቅር በለን መልካሙን ሁሉ አሰማን	neutral
እነዚህ የኛ መሪዎች ናቸው? እንዴት ያሳፍራል፤ እርግማን	negative
እዝጌር ውለታ ይክፈል	neutral
ጠዋት ጠዋት  ኮቱ መለኮቱ የምትለዋን ወፍ የሚያስታውሳት? ??	neutral
እኛ ያልን ያለነው ኣልገባህም እንደሆነ እንጂ ለውህደት የሚመች የፓርት መሪ የለው ትንሽ መግባባት እንኳ እንፍጠር መጀመርያ ነው ቅሉ።እንጂ ጂላጅልማ መች ጠፋና።	neutral
የዝህ ሰው ሁላ ፍላጎት ፍትህ ፍለጋ ነበር ታ ፍትህ ኬይት ይምጣ ፍትህ እንደ ሰማይ ርቋውት የምትኖር ሀገር ናት ኢትዮጵያ	neutral
ጉራ ሳይሆን ኮንፊደንስ ነው። የስራ ሰው የሚያሳየው ጥንካሬ!!!	neutral
ይህ ቪድዮ የሚያሳየው ከ Bellevue Hotel ከፍ ብሎ በሚገኘው እና በተለምዶ የካ ጋራ ተብሎ በሚጠራው ስፍራ እየተካሄደ የሚገኘውን የደን ምንጠራ ነው። ቦታው ለሪል ስቴት ድር…	neutral
ሃ ሃ ሃ እሱን ጠብቅ! እኔ የበቃኝ መስጅድ ተቃጠለ ብሎ የአጼው ስርዓት ሲል ነው :-)	neutral
SBS Language | “ኢሕአዴግ የሚባለው አይዲዮሎጂ ብቻ ሳይሆን መዋቅሩን አፍርሶ በሌላ ፓርቲ መተካቱ ለጠ/ሚ/ሩ ትልቅ ድል ነው” - ዶ/ር ብርሃነመስቀል አበበ ሰኚ…	neutral
አንተ ከላይ ያነሳሀቸው በሙሉ ልክ ሆነው ሳለ ሲራክ ያነሳውም በእርግጥ ወሳኝ ነገር ነው። በድህነት እየማቀቀ ያለው ገበሬ መሬቱን ህይወቱን ሊቀይር በማይችል ገንዘ…	positive
እከክ ገመድ አፍ ????እናንተ ችጋር አመጣችሁብን እንጂ ሌላ ምን ተረፈን መሀይም	neutral
አለቃ ፣ በእሷ ላይየሚነሱት ሁሉ ነፍሳት ያወግዛቸዋል። በአስሦስቱአጋንንት ስም ነፍስህን በገሃነ እሳት ነበልባልውስጥ ለዘለአለም ሥቃይ ብትኮንንይህን ሰው እንረግማለን	negative
ለ ዲጅታሉ ያስፈልጋል	positive
ለግንዛቤዎ!  ፠  የብልፅግና ፓርቲ በምርጫ ቦርድ ዕውቅና አልተሰጠውም።  ፠  አዴፓ፣ ኦዴፓ እና ተዋህደናል ያሉ ሌሎች ድርጅቶች ሕጋዊ ሰውነታቸውን አላጡም። ምርጫ ቦርድ ጉባዔያቸውን ስላላፀደቀ። አልፈረሱም።	neutral
አክቲቪስቶችን እና ፖለቲከኞችን አጥብቀን እንቃወም መምህር መስፍን ሰለሞን  ??	negative
እየሩሳሌም ፍትህ ተጓደለባት-   አሰልጣኝ እየሩሳሌም ነገሽ ትባላለች። ኢትዮጵያን አገልግላ ኢትዮዽያ በደለቻት። ፍትህ ነፈገቻት። ነገሩ ግልፅ ሲሆን፣ ኢትዮጵያ ኤሌክትሪክ ለ2 ዓመት የሴቶችን…	negative
እንዴት ነው? ወዳጄ: ይሄ ቀላል ነገር ካልገባህ እስኪ google scholar ላይ ፈልገውና ሞክረው?? በቀላል አ…	neutral
እነ በረከትን ስንገላገል ሌላ በረከቶች እየመጡ ነው  አማራ ሆይ ጉድህን ስማ  የአማራ ርእሰ መዲና የሆነችው ውቢቷ ባህርዳርን እንዲያስተዳድር አብይ አህመድ የግል ጏደኛውን ከአገረ አ…	neutral
ለእርስዎ አስደሳች አይሆኑም	negative
የዎላይታ ዞን የለውጥ አራማጆች ጠቅላይ ምኒስትር ዐቢይ አሕመድ የዞኑን ክልል ሆኖ የመቆም ጥያቄ ለመመለስ የብሔራዊ ምርጫ ቦርድ ሰብሳቢ ለሆኑት ብርቱካን ሚደቅሳ እደውላለሁ ሲሉ ቃል እንደገቡላቸው ለOMN ተናገሩ።	neutral
ዘረኝነት	negative
እግዚአብሔር ኢትዮጵያን ይጠብቅ!!	positive
ስሞን ጠርቼ አፍሬባት ለማላቀው ለእናቴ ቅድስት ድንግል ማርያም ህዳር 21 ንግስ በአል በሰላም አደረሳቹ??።   መልኳም በአል ለዕምነቱ ተከታይ በሙሉ????????????።	positive
የገና በዓል መንፈሳዊና ባህላዊ ይዘት / ከመምህር ስሙር አላምረው ጋር የተደረገ ቆይታ	neutral
አቢዓዲመሬትለንጊ ይሄንን ሃሽታግ በመጠቀም ከጎኔ ለመቆም ያላችሁን ፍላጎት እንድታሳዩ ስጠይቅ በታላላላላቅ ርህራሄ ነው	positive
ብሮ አክኖሌጅ ማድረግየመጀመሪያ እርምጃ ነዉ። ያንን ሳያረጉ ምንም እንዳልተፈጠረ አርጎ ሳይለንት ሞድ ላይ መሆን ግራ የሚያጋባ ነው በርግጥ።	neutral
አንተ እኮ ነህ የሠደብካቸው እንደውም	negative
የአዲስ አበባ ከተማ አስተዳደር ከቤቶች ልማት ጋር በተያያዘ 50 ቢሊዮን ብር የባንክ እዳ አለበት ተገለጸ።	neutral
አልስማማም.. በምን ሂሳብ ነው የአንድን ብሔር ብቻ ፍርስት የሚል ሰው የሚሻለው  እጭ	negative
እመቤት ጋጋን lg6 ን ባለመለቀቃ ትሠቃያለሽ ለዚህ ድሀ ሰው አስከፊ ዕድል አድርገሽዋል ፡፡ አሁን LG6 ያውጡ ወይም ያሰናክሉ!	negative
ወደ አዲሱ ሜክሲኮ እንኳን በደህና መጡ	positive
አንዱ ሲያገላግል ተፈንክቶ ?? ምን አገባህ ስለው???  ቅን ልቦች መስሎኝ እኮ ነው	negative
ክቡር ዶ/ር ለማ ማጋርሳ በኦሮሞ ትግል ውስጥ ስታወስ	positive
አካሄድህ በቅንነት ከሆነ ፈልገህ ያጣኸው ነገር እራሱ ፈልጎህ ይመጣል።	positive
ላንተ ሰው ማለት እንዴት ነው ባክህ? እንዳንተ ያሉ ናቸው አሁን ያስቸገሩት::  ጥልዝ	negative
ዜና አውታሮች የተቃጠሉ መስጅዶች እና የተቃጠሉ  የሙስሊሙ ሱቆች አሳየናችሁ የተቃጠለ ቤተክርስቲያን ግን ማሳየት አትችሉም እስከ መቼ ነው በኛው የግብር ገንዘብ ደሞዝ  እየበላችሁ…	negative
የተጀመረው የብልጽግና መንገድ ለሁላችንም እዉን እንዲሆን ጽኑ ምኞቴ ነው ።	positive
ጫካውን እንመነጥራለን ብለው የጀመሩትን የዋህ የአዴፓ አመራሮች ተንሳፎ መቅረታቸውን እውን እየሆነላቸው ይመስላል።	negative
በነፃ መማር ያላጋጨን ትውልዶች Happy Friday & weekend. ለቀራችሁ ... አላህ ይሁናችሁ	positive
አብዛኛው የአዲስአበባ  ነዋሪ ካንተ ጋር ነን እስከመጨረሻው ሰዓት ድረስ!!!✊??✊??✊?? ድል ለዲሞክራሲ ✊??✊??✊??????❤️	positive
ጥሎብን የሰው ልጅ የራሱ ድክመት ሳይታየው ሰውን በጅምላ መፈርጅ ምን ይሉታል ብትችሉ ሁሌም ቅን ታጋሽ አሰተዋይ  ጥሩ ሰው  ለመሆን ሞክሩ	positive
አንተ ሰካራም ጀመረክ ደግሞ ቡትሌክን ጨብጠክ ትዊት አታድርግ ብዬክ አልነበር  ቡትሌያም	negative
ደግሞ አጠገቡ ቁጭ ብሎ ጭንቅላቱን የሚነቀንቀውስ ?? አይዞህ!!	neutral
ጉሙዝ ባለሥልጣን ከአሶሳ ወደ ነቀምት ሲጓዙ በታጣቂዎች መገደላቸውን ክልሉ ዐስታወቀ። አቶ አብዱላሂ ሶጃር በተገደሉበት ጥቃት ሁለት ሰዎች የቆሰሉ ሲሆን ክልሉ «የሸኔ ታጣቂዎችን» ተጠ…	negative
ክልሉ ሰው ቢኖረው ጥሩ የውጭ ምንዛሬ ያስገኝ ነበር	neutral
በግብፅ እየታገዙ ሀገር አፍራሽ ተግባር ላይ የተሰማሩ ሸቃጮች ወሎዬ ወለጋ ሸዋ ኢሊባቡር ጎጃም ሶማሌ አማራ ኦሮሞ ትግሬ ሳይል እኛን አስጠምቶ ውሀችንን ያለተቀናቃኝ ለመ…	negative
ኦርቶዶክሶች ለአመታት በክልሎች ለተፈጠሩት ህገወጥ የቤ/ክ ቃጠሎዎችና ግድያ በክልሎች ሰልፍ አልወጡም?ፈርተውናእምነታቸውን ንቀው? ወይስሀገራዊ የባለቤትነት ስሜት ነገጥ…	neutral
በምስራቅ ጎጃም ሞጣ በመስጂዶችና በሙስሊሞች ንብረት ላይ በአክራሪዎች የተፈፀመውን የሽብር ጥቃት ለማውገዝ የተጠራው የተቃውሞ ሰልፍ በአሁኑ ሰዓት በኮምቦልቻ እየተካሄደ ይገኛል።…	neutral
አንተም የኦሮሞ ህዝብ ብዙ ተስፋ ጥሎብክ ነበረ ነገር ግን አንተም ሁሉም ነገርለነፍጠኞች መልዕክተኛ መሆንክን አሰዝኖኛል ሌላ ቀርቶ እንኳን የመጠክበትን አካባቢ መርሰትክ የመል	negative
ግን ከተማዋ እንደዚህ በወንበዴዎች ስትወረር ምን እያደረገ እና እያቀደ እንደሆነ እንኳ ቢነግረን ምን አለበት?! ተሳቃቀቅን እኮ!	negative
ስሙን እንጂ ግብሩን የማይቀያይረው አዴፓ 28 ዓመታት ለአማራ ህዝብ ስደት፣ መፈናቀል፣ እንግልት፣ እስራት፣ ሞት፣ የግዛት መሸራረፍ፣ በአማራ ህዝብ የቁጥር ውክልና እልቂት የፈጸመና ያ…	negative
በውነት የሚያስደስት ስራ ነው !!ከተማ ውጪ ላለው ህብረተሠብ የሚሠሩ ስራዎች ቢበዙ ግድብ መስኖ ከብት እርባታ በያካባቢው ያለውን ውሃ ብንጠቀም ለማለት ነው ብዙ…	positive
በጉራጌ ዞን አበሽጌ ወረዳ የደረሱ ሰብሎች ወቅቱን ባልጠበቀ ዝናብ ጉዳት እንዳይደርስባቸዉ በቅንጅት የማሰባሰብ ስራ እየተሰራ ነው	neutral
ኢትዮጵያዊነት ከዘር በላይ ነው ????❤️	positive
Every time ንብ ብርጭቆዬ ላይ ምናምን ሲያርፍ እማዬ “ሲሳይ ነው” የምትለኝ ነገር እውነት ቢሆን ኖሮ I would have been የሌለ rich	positive
ያሲን ኑሩ ይናገረዋል ሰሚ ካለ የየትኛዉም የእምነት ተከታይ ሊሰማዉ የሚገባ ነዉ	neutral
እኔ ደግሞ አብሯት እንደተማረ ሰው በመጠኑም ቢሆን አውቃታለሁ ከኔ ጋር ጥሩ የሚባል ግንኙነት ነበረን እርግጥ በፃፈችው ነጥቦች ሁሉም ባልስማማም ስለ ኢ…	positive
ባርኔጣህ ወድቆ ማንሳት እስከምያቅትህ ሮጠህ አይደል እንዴ ያመለጥከው	neutral
ኢትዮጵያ ከምትባል ሃገር ... ብሎ አረፍተነገር መጀመር ምን ማለት ነዉ?	neutral
እኔ ማዝነው ምን ያህል ሰው አሳስቶ ሲያበቃ በሱ ላይ የሚቀርብን ትችት ሃይማኖቱ ላይ የተሰጠ አስመስለው ክርክር የሚገጥሙና ለኛ ካልሆነች ትፍረስ ባዮች ናችው።	negative
ባህር ዳር የድሃ ምግብ አሳ ሲሆን አአ ደሞ ሃሳብ ነው በውቀቱ ስዮም  እውነት  ለመናገር  አሳ እንደ ብስኩት መንገድ ዳር እየተጠበሰ ሲሸጥ ባህር ዳር  አይቼ…	neutral
የህዳሴ ግድብ የሶስትዮሽ ውይይት ያለስምምነት ተጠናቀቀ	neutral
❖ማንዩናይትድ ሁለት ተከታታይ የፕ/ሊግ ጨዋታ ኤምሪትስ ላይ ጎል አላስቆጠረም!	neutral
የሁለት ክልሎች እገታ ወግ ኢትዮጵያዊነትን ሲፈታተን!! ለኔ የሰሜን ጎንደሩን የህፃናት ጠለፋና ግድያ ሸፋፍኖ የሴት ተማሪዎች ጠለፋን በወሬ ከሚያጧጡፈው ዘውገኛ ፀረኢትዮጵያ ይልቅ ይል…	neutral
ያ እንደዛ ሲባል ሰምቻለሁ እውነት ከሆነ ይደብራል   ለኢትዮጵያ ሙዚቃ ለሌላው አለም ብቻ ሳይሆን ለኛም ቢሆን እንዲመቸን አርጎ በማቅረቡ ባለውለታችን ነው	positive
የኢዜማን ቴሌግራም ቻናል እከታተላለሁ። በፖሊሲ በደንብ የተዘጋጀ እና በእውቀት ላይ የተመሰረተ ነው። የሃገሪቷ ችግር በስሜት በመነዳት እንደማይፈታም ገብቷቸው ሊያሳዩን እየሞከሩ ነው።…	positive
ባለ ኮኮቡን ባንዲራ የማያውለበልበው ክፍል ይሆን? ወይም ያጤ ምኒሊክ ልደትን ጠብቆ ፕሮፋይል ፒከቸሩን የንጉሱን የሚያደርገው?	neutral
የከሸፈ መንግስት ከገበያ እስከ ዩኒቨርሲቲ ግቢ / / / / / / / / / የሚል መጽሐፍ በቅርብ ቀን	neutral
እኛ አሁን የምናፀዳበት ልብ የለንም :: ዶክተር አብይ አማካሪውን መምረጥ ይችላል እኛ ደግሞ ዶክተር አብይን የመምረጥ ያለ መምረጥ መብታችንን እናሳየዋለን ብላለች :: አምባሳደር ፍፁ…	neutral
የግቅመ አያትህን ብሄር እና አገር ብትነገርኝ እኔ በማያወላውል መንገድ አንዳንድ ተጨባጭ ሁኔታወችን አካፍልሃለው።	neutral
መርዝ አጭበርባሪ እንኳን 50 60 አመት ያንተ ፖርቲ ሊመራን 2 አመቱ እንኳነ 20 አመት ነው የሆነብን እንዳንተ አይነቱ ዘረኛ ለኢትዮጵያ ጠንቅ መርዝ ነው ????	neutral
በዚ ትማሊ ኣጋጢሙኒ ዝነበረ ሓያል መጥቃዕቲ ተሰዊኤ ነይረ እንተዝኸውንውን፣ ንዝቃለሰሉ ዘለኹ ዕላማ ዝተረከቡ መንእሰያት ፈርዮም ስለ ዘለዉ ሓላልዩ ነይሩ  ቃል ወናኒ ራድዮ ሓሰና ኣማኑኤል…	neutral
መደራደሪያ እና መነጋገሪያ ሀሳቦችን የሚነድፉት ፅንፈኛ ብሄርተኞች ሆነዋል። በተቃራኒው ሁሉንም ሊያስማማ የሚ…	neutral
ለምን አንድ ሰው እንደሚመታ ይአ ሲ ኢ ምኤ	negative
እኔ እኮ ምን ደህና ነገር ሆኖ ነው መታየት ያለበት?? በዛ ላይ ደግሞ ድሃውና ያልተማረው ወጣት ነው ይሄን የሚያደርገው:: ምን ለማለት ነው ውስጥ ሱሪ እንክክዋን…	negative
የዘንድሮ መንግስት ስላወራ ብቻ የህዝብን ይሁንታ ሚያገኝ መስሎታል።	negative
ደሴ በር አደለም የሚባለው ዲሴምበር ነው  ????	neutral
የተናገሩት ያ ነው ፡፡	neutral
አማራዬ ❤️ ጥርት ያለ ውበት ትክክለኛ ኢትዮጵያዊት??	positive
ዋና አስተዳዳሪው ወንጀለኞች የሚቀጡበት ህግ መላላትም ችግሩን እንዳባባሰው ገልጸዋል፤ የጦር መሳሪያ ሲያዘዋውር የተገኘ ወንጀለኛ ከ200 እስከ 500 ብር ከፍሎ እንደሚለቀቅ በመጥቀስ።	neutral
ኢትዮጵያ የአባይ ወንዝን ተፈጥሮአዊ ፍሰት እንድትጠብቅ የቀረበላትን ጥያቄ ውድቅ አደረገች	neutral
ሞዴል ጤና ጣቢያ ሞዴል ሆስፒታል :-)	neutral
እኔ ምለህ ኦሮሞ ከግራኝ መሀመድ ወርራ በኋላ ነው አዲስ አበባ የሰፍርው አዲስ አበባ በአማራ በጉራጌ ጋፋት ሌሎችም ናቸው የቆርቆሩት እኮ አደል ??	neutral
ኣየ ግዜ!! ምረት ኩናትን ......? መቀረት ሰላምን.......? መረት ኩናት   ዝሰገሮ  መቀረት          ሰላም  መን ይነግሮ!	positive
ራስህን አትከራከር። ሚያዚያ 29 የወጣውን ሰልፈኛ ሚያዝያ 30 የወጣው አሳጥቶታል። ግንቦት 7/1997 ኢሕአዴግን የዘረረውም የሚያዝያ 30ው ሰልፈኛ ነው።	neutral
አቶ ጌታቸዉ ረዳ ትናንት ማምሻውን ከDW Tv ጋር ባደረጉት ቆይታ የህወሓት ዕጣ ፈንታ ምን ሊሆን ይችላል ሲባሉ  ፌዴራሊስት ሃይሎችን እንቀላቀላለን በማለት በተለይ አዲሱ የኦሮሞ…	neutral
No one: Me on dates ወሬ ሲጠፋብኝ: እና ከፍቅር እና ከገንዘብ የቱ ይበልጣል ትያለሽ ????	neutral
በዓሉን ምክንያት በማድረግ ታላቅ የማስታወቂያ ቅናሽ ማድረጋችንን እናስታውቃለን ??	positive
ፍተሰአ to mean ፍቅር፣ ተስፋ፣ ሰላም እና አንድነት	positive
በ90ስ የጎበዝ ተማሪ ጊዜ ማሳለፊያ!!ስንቱን አንባቸዋል ?	neutral
ውስጥ 30 አመት ኖሮ ጆሮውን ቢቆርጡት ከአማርኛ ውጪ ሌላ አንዲት ቃል እንኳ የማያውቅ ስብ-ራስ ሁላ ፕ/ር እዝቅኤል ገቢሳ እንዴት ትግርኛ ይናገራሉ ብሎ እያጓራ ነው። የሚገርመው ነገር…	neutral
ኢራን ዛሬ በተገደሉት የጦር መሪ ቦታ አዲስ ጄነራል ሾመች	neutral
ለበዓል የጠረረበት ትራፊክ አስቁሞኝ  አኔ: ምን አጠፋው ? ?? እሱ: እያሽከረከርክ ነው የነዳኸው ?????♂️?????♂️	neutral
በዛሬው የኮምቦልቻ የተቃውሞ ሰልፍ ላይ የዞኑ እስልምና ጉዳይ ሸኽ ከድር ሁሴን ያስተላለፉት መልዕክት!!	neutral
እምነት ተከታዮች ለሚፈጸሙባቸው «ተደጋጋሚ የመብት ጥሰቶች የአገሪቱ ሕገ-መንግሥት በሚያዘው መሠረት መንግሥት ጣልቃ በመግባት በአፋጣኝ  መፍትሔ እንዲሰጥ» የኢትዮጵያ እስልምና ጉዳዮች…	neutral
ማን ጠበቃ ያደርጋቸዋል ከድንጋይ ያጣብቃቸውና :-)	neutral
አቶ ዳዊት  ውህደቱን  አልመደገፍ መብትህ ነው   ግን እንዲህ ራስህን ከምታስገምት  ጠንከር ባለ ሃሳብ ለምን እንድማትደግፈው ብትነግረንና እኛ ያልተረዳነው ነገር ካለ ብታሳውቀን መልካም ነበር	neutral
?????? የኢትዮጺያ ምግብ ቤቶች ናቸው እንዴ ስፖንሰሮቹ??	neutral
አዎ እነሱም በነካ እጃቸው የዘረፉትን የህዝብ  ንብረቶች ለኢትዮጵያ ህዝብ ይመልሱ !!!	negative
ፀጉር ሳይኖር ሰዎችን እገድላለሁ	neutral
ፈጣሪው ፍጡራኑን ይመራ ዘንድ እንጂ በፍጡራኑ ይመራ ዘንድ የተገባ አይደለም!! እናም ለዚህ ነው።  lol	neutral
ለ 86 ንፁሃን የህይወት መጥፋት ምክንያት የሆነው ግለሰብ በይፋ የኦፌኮ ፓርቲ አባል መሆኑ	negative
አንዱ ደውሎ በዚህ ሰዓት ተዋናይ ፍቃዱ ምንድን ነው የተዘረፈው ይለኛል?  እኔ...ቅኔ።	negative
እውነት ነው ትንሽ ቡጥሬን ይመስላል።  ቡጥሬ ገቢሳ ጨብሲ መሌ ነመ ረፊሳ!  ይባልለት ነበር ??	neutral
ደብረ ጽባሕ እልፍኝ ቅዱስ ጊዮርጊስ ቤተክርስቲያን⛪         ጎንደር     ????❤	neutral
ግንኮ እኛ ሐበሾች ብዙዎቻችን እናስመስላለን እንጂ ሴት አናከብርም; የምናከብረው ቆንጆ ሴትን ነው::	negative
ሰይፈ፣ ይህን ፍጡር አታውቀውም እንዳልል፣ በማህበራዊ ሚዲያ ላይ የቆየህ ነህ። እሱንና እሱን መሰል ብዙ አውቆ አበዶች አሉን እኮ። እንደ ታምራት ሰገራ፣ ቃኤል ዋበላ…	neutral
የአባይ ተፋሰስ ልማት ጽህፈት ቤት ለተፈጥሮ ሃብት ጥበቃ ትኩረት ሰጥቶ እየሰራ መሆኑን  ቋሚ ኮሚቴው ገለጸ	positive
እሱን ቀኑ ሲደርስ የምናዬው ይሆናል  ተረጋጉ	neutral
ምን እየተካሄደ እንዳለ የሚመለከተው አካል ሊያሳውቀን ይችላል?	neutral
የአማራ ብሄርተኝነት ያነገባቸው ፍትሃዊ ጥያቄዎች፣ የጉዞው ፍጥነትና ፈተናዎችን የመሻገር ብቃቱን በሚገባ ካየነው በአጭር ጊዜ ውስጥ ለድል እንደሚበቃ ጥርጥር የለውም።  እንስራ፣ እንጠንክር፣ እንበ…	neutral
እነዚህ ደሞ በሁሉም ቁጠባ ካልሆነ አይመቻቸው!!	negative
???? የእኔ የአሁኑም ሆነ ቀጣዩ ምርጫዬ አብይና ብልፅግና ብቻ ነው። የእናንተስ?  ❤????ጥሌ-ዘመቂ	positive
መልካም ሁሉ እመኛለሁ	positive
ግለሰብ የቡድንን መብት በፍጹም አይረግጥም ረግጦም አያዉቅም!ቡድን ግን የግለሰብን መብት ይረግጣል-ሁሌም እንደረገጠ ነዉ!የዲሞክራሲተቀዳሚ ስራ አናሳዉን ከአብዛኛዉ…	neutral
ዶርደብፂዮገብሚካዔል፤ እንዳንተ ማሠብ ቢችላሉ ኑሮ?አገር መምራት ትተው ኮ!ነው ክልሉን አሰገንጥዬ ካባ ለብሼ መምራት ይቀለኛል የሚሉት።  ፖሊቲካዊ አሟሟትየገባቸው አይመስለኝም።	negative
እስክንድር ነጋ አዲስ አበባ ሲገባ ደማቅ አቀባበል ተደረገለት	positive
የአማራ ብሔርተኝነት ትልቁ ተግዳሮት!!	negative
ከርካሶች ካሁን በኋላ አይደለም ውሸታቹን እውነታቹንም አናምንም በላቸው!	negative
ስለመልቀቅ የዐቢይ ግምገማችሁ ጥሩ ነው! የኔን ዕይታ እንዳካፍል ከፈቀዳችሁልኝ፣ ምን ይሁን ምን ዐቢይሥልጣን በሰላም አይለቅም! ምርጫው ሲቃረብ ፀረ ዴሞክራሲያዊነቱ ገሃድ ይወጣል!…	neutral
ህዝባዊ ውይይት በጥላቻ እና ሀሰተኛ መረጃ ረቂቅ አዋጅ ላይ	neutral
ሆይ፤ አሁን እንደ ቃልህ ባሪያህን በሰላም ታሰናብተዋለህ፤ ዓይኖቼ በሰዎች ሁሉ ፊት ያዘጋጀኸውን ማዳንህን አይተዋልና።ይህም ለአሕዛብ ሁሉን የሚገልጥ ብርሃን ለህዝብህም ለእስራኤል ክብር ነው! ጌ…	positive
ስለዚህ አሁን በሬውን ሽጦ ሚያስተምረው ገበሬ መሬቱን ሊሸጥ ነዋ?? ስራ የለም : ወለድ አለ!!	neutral
አጭበርባሪ ነው ተወው። ለሙስሊሙ አዝነው ሳይሆን ምክኒያት በማድረግ አማራን ለማጥቃት ነው። ሆን ብለው ቀውስ ለመፍጠር የሚያደርጉት መውተርተር ነው። የአማራ ህዝብ…	negative
ሌሎችም ሕግና መንግስት እንዳለ እንዲያውቁ የደሐውን ልጅ የገደሉት በጥባጮች ይቀጡ!ስለወገኑ የሚጨነቅ ይገባዋል።በጥባጮችን ይዘናል!ገዳዮችንም አውቀናል! ብሏል መንግስት፤አስተዳደራዊ አ…	neutral
ብሔራዊ ሎተሪ ለስፖርት አወራራጅ ድርጅቶች ለጊዜው ፍቃድ መስጠት ማቆሙን ገለፀ።	neutral
እሄ ዶኩሜንት ያልከው ትክክል አለመሆኑን ካሳየህ በጎ ነበር	positive
እስልምና  ሀይማኖት  ከሆነ : ክርስትና  ሀይማኖት  ከሆነ  : አማራነት  ወይም ትግሬነት ሀይማኖት  ነው  ብትባል  አትገረም!  ሀይማኖት  እና  ዘረኝነት የሚያመሳሰሉ  ብዙ ነግሮች  ስለአሏቸው!  አይገባህም...	neutral
ግልፅ እኮ ነው። ሁሉም ነገር በፖለቲካ ካልተመዘነ በስተቀር እነዚህ እረኞች በጣም ያሳዝናሉ፣ ግን አልተጮሄላቸውም።	positive
ታሜ ዝም ብለህ እንደ አንዳንድ ፖለቲከኞች  ተከባብረን እና ተዋደን...ብሄር ብሄረሰቦች...በዴሞክራሲያዊ መልኩ....አንዳንድ ሀ…	neutral
ከዘመን አስቀድሞ የነበረው እርሱ ሕፃን ሆኗልና፡፡	neutral
ጨቋኝ ስራት በለበት ዜግነት የሚያስቀሩ ሁኔታዎሽ አሉ።መሰደድ አንድ ነው።ያንኑ ዜግነት ሲሳደቡ መኖር ሌላ ነው።በምርጫው ሲወዳደሩ ህግ አክብሮ ነው። ሊገሉኝ ነው ኡ ኡ ብሎ አቧራ…	negative
በአዋልድ ስም በአስራ ሦስተኛው አጋንንት “ቴይለር ስዊፍ” ፣ ይህን ሰው በመንጽሔ ነበልባል ውስጥ በዘላለማዊ ሥቃይ እንረግማለን። ሰይጣን መስማት ወይም መጸለይ ይችላል።…	negative
የሞላ የሞላ	neutral
ሌላ ረስተሃል፣ ፀረ- ዴሞክራሲ ነህ። መቼስ አንድ ሰው 100% ካላሸነፍኩ ሞቼ እገኛለው የሚለው አማባገነን ነው።	negative
ማንም ቢፅፈው አይገርመኝም ነበር አዊሽ ግን ከዚህ በላይ ነው ስላንተ ያለኝ ቦታ	neutral
አዲስ አበባ ግን በተኩስ ስትናጥ የምታድረው በሰላም ነው? የገባው ሰው ቢያስረዳኝ?	neutral
ይህን: ካላደረገ: በቀጥታም: ባይሆን: በተዘዋዋሪ: ልክ: ህወሓት: እንዳደረገው: በተረኞች: ተርግጦና: ተጨቁኖ: በድህነት: እየማቀቀ: እንደሚኖር: እስከአሁን: በአማራ: ተወላጆች:…	neutral
ከመርከብ በፊት ከመወርወርዎ በፊት ስረድ	neutral
አባ!የምዕራባዊን ፡ አዲስ ፡ ዓመትኮ ነው።	neutral
4/5. መንግስት የተመዘገቡ መልካም ውጤቶችን በማስቀጠልና እጥረቶቹን በማረም እውነተኛ ዴሞክራሲያዊ የፌዴራል ስርዓት ለመገንባት በቁርጠኝነት እየተንቀሳቀሰ እንደሚገኝ ገልፀዋል።…	neutral
ብአዴን የሞጣን መስኪድ የአማራ ብሄርተኝነትን ማቀዝቀዣ አድርጎ እየተጠቀመበት ነው። ሁሉም ሰልፎች በአዴፓ ይሁንታና አስተባባሪነት የብአዴንን ባንዲራ ይዘው የተደረጉ ናቸው።	neutral
ህወኃት ያለ ባህሪይዋ ማድረግም መሆንም አትችልም።	neutral
ታክሲ ውስጥ ከፊታችን ያለው ሰው ሳይወርድ ከኋላ ውረዱ እያሉ የሚገፉንን ሰዎች በህግ ተጠያቂ የሚያደርግ አሰራር መኖር አለበት። ??	neutral
እኛ አረም ፣ ቅጠላ ቅጠልና ስራ ስር እየበላንም አይደል ከባድ ሚዛን የሆነው ??????	neutral
አጋጣሚውን መጠበቅ አለብህ ካስሽ	neutral
ጥያቂ ስለ እ/ር አዋቂነትና ቅድስና 1. እ/ር ሁሉን የሚያውቅ ከሆነ ወደፊት ስለሚፈጠሩ መጥፎ ክስተቶች እግዚያብሔር በባህሪው ተጠያቂ ሊሆን ይችላልን? ካልሆነስ እንዴት? 2. እ/ር…	neutral
በዘመነ መሳፍንት የአማራ ጭቆና ነበረ የሚለውን አደገኛ እና ሃሰት ውንጀላ በስርነቀል መነገድ የሚያጋለጥ እና በደልን ተምርኩዞ ለዘረኞች ብሽታ ለተጋለጠ ሰው ፍቱን መዳኒት የሆነ መጻሃ…	neutral
ተራራ ተንዶ ቢሆን  ባዶ ሜዳ ዛፎች ተመንጥረው  ቢቀር ባዶ ሜዳ ተፈጥሮ ባትመች  ብትሆን ኳን ባዳ ፣ መከራ ቢበዛ   ምንም ባይሟላ ምቾት ተንሸራቶ  ቢከትም ወደ ሗላ እኔስ አልመኝ…	neutral
የዘር ዛር ሲይዝህ ህሊናህ ይሞታል። የዘር ፖለቲካ ነጋዴዎች ኢዜማና ብልፅግና ሊዋሀዱ ነው የምትል ሀሰት እራሳቸው ፈብርከው እራሳቸው መልሰው ድሮም እንዲህ እንደሚሆን ገምተናል ይሉሃል። ደነዝ ሁላ!	negative
ለአርሰናል ደጋፊዎች ተልባ ብጥብጥ በአነስተኛ ዋጋ እንደምናቀርብ ከወዲሁ ለማሳወቅ እንገደዳለን ??	neutral
እንደኔ እምነት ዩንቨርስቲዎቹ በጣም ልምምጡን ማቆም አለባቸው! ሁላችሁም እንደምታቁት ድሮ እርስ በእርስ ትንሽዬ ጥል እንኳን ቢኖር እባረራለው ብሎስጋቱ…	neutral
ማን ነበር ጌታቸው ረዳ? አውቅሽ ነበር ማውቅሽ ቦታ ጠፋኝ !!! አላዛኝ ጥግ ተቀምጦ ማላዘን	negative
ዛሬ ሕውሀት ዜብራ መንገድ ላይ ተንበርክካ ኦፌኮን  <ታገባኛለህ ወይ?>ብላ ቀለበት አረገችለት እየተባለ ነው ????የአገራችን ፖለቲካ ታጥቦ ጭቃ ሽት :(	neutral
ሠርአለነ ሰንበተ ለረፍተ ዚአነመጽሐፈ  ኪዳን  ሰንበተ ሰንበታት ማርያም ዕለተ ብርሃን ማህሌተፅጌ እና የሰንበት ትርጉም ጥልቅ ነው በኢኦቤ አስተምህሮ ለማለት ነው :: ሰናይ ሰንበት !	neutral
ለሁሉም?? ከሁሉም ውስጥ አማራ አለበት?? ለሁሉም ቆመ የሚባለው ህዝቦች በደል ሲደርስባቸው ባለመድረስ ነው? ወይስ በቁስላቸው ላይ ጨው በመጨመር? ኢዜማ ሲዋሽ ያመርበታል	neutral
እንደደረሰን እናሳውቃለን።	neutral
በጣም ዓይነ ያወጣ ይሏል ይህ ነው::ህወህት ንብረቴን?!  የኢትዮጵያ ህዝብ ለመፋረድ ያመቸዋል::27 ዓመታት ነውየተመዘበረው! እያንዳንዱ የህወሀት አመራር ለፍርድ የሚቀ…	neutral
ቅዠት የሚባል የለም።። ተግባር(reality) እና ቅዠት  ለይተህ አታውቅም ማለት ነው. ወይም በጣም ታንቀላፋለህ.	negative
ሁሌም ከእንቅልፍህ ስትነሳ ይህን አስታውስ። አንተ ተፈላጊ ሳትሆን አስፈላጊ ነህ 100%!??	positive
አደራ የሃገሬን ልጆች አደራ እንዳያይብኝ መከራ?? ሳቅ ጨዋታ እንጂ ጭፈራ እኛ አንፈልግም መከራ??  ጥማድ በሬዎቹን ፡ ላሞቹን ሳይነካ፤ እምነቱን ጠብቆ ፡ ነው የሞተው ለካ።  የልጆቹን…	positive
በሌቦች መሀል ሆነህ ሌባ ብለህ ብትጮህ ሁሉም በአንድነት አንተን ሌባ ብለው ይጮሀሉ።	negative
?????? እሱን ነገር እኔ አላውቀውም። ፋሶ ድሬ ላይ ይታወቃል?	neutral
ጅል:: ደርግ መጣልህ ሲባል ጉድጏድ ስትገባ ስለኖርክ ሁሉም እንዳንተ ይመስልሃል:: ???? ደርግ መጣልህ:: በል…	negative
አልተስተካከሉም ፡፡ የዘላለም እጣ ፈንታ ከእውቀት ግዛት ውጭ በሚወጣው ማለቂያ የሌለው ባዶነት ውስጥ ይመጣል ፡፡ በእብደት ውስጥ እውነትን ፈልጉ ወይም መነጠቅ የመጨረሻው ፈራጅ ይሆና…	neutral
የሳይንስና ከፍተኛ ትምህርት ሚኒስቴር የስድስት ወራት አፈጻጸም	positive
በአበዱ ሰዎች የሚጠቁትስ ሥንት ይሆናል በግምት??	neutral
ውድ ኦስማን፤ የቴሌኮም አገልግሎት ወርኃዊ ሂሳብ መክፈያ አማራጮች በሁሉም የሀገራችን ክፍሎች ለአገልግሎት የቀረበ ነው፡፡ በቀዳሚነት የሚመርጡትን የመክፈያ አማራጭ በመጠቀም መክፈል ይችላሉ፡፡ እናመሰግናለን!	positive
የመመዝገቢያ መስፈርት መሰረት የተመዘገባችሁ በሙሉ ቢሮው መስፈርቱን አሟዋተው  የተመዘገቡ ተወዳዳሪዎች በሙሉ ታህሳስ 25 ቀን 2012 ዓ/ም ከጥዋቱ 1:30 የመግቢያ ፈተና እንድትወስ…	neutral
አርቲሥት አሥቴር በዳኔ አሁን ደሥ ብሎኛል ሁሎም ወደመረጋጋት ወደሠከነው ሕሣቤሽ እና አንደበትሽ ተመልሠሻል ሠው ናፃ ፍጡር ነው ጠንካራን ጎሽ በርቱ ጠንክር በላቹሕ ሥሩ ግድፈቱን ይሕ…	positive
ከወንድምህ ጋር ለመኖር ከጎረቤትህ ጋር ለመቀጠል ሐገር ሰላም እንድትኖር አንደበትህ በወንድምህ ላይ አይከፈት ንግግርህ ለወንድምህ እንደ ተረጎመው ነው!!!	positive
ክልል 3 ከአብይ ቁጥጥር ውጭ ነው።	negative
እኔም እንደዛ እል ነበር ያኔ። ዛሬላይ FB ያልተዘለፈ ምን ይዘለፍ?! የቆርቆሮ ራስ ብዛት ወረውታል ???? FB ድሮሮሮ ቀረ	negative
ምልልስ ከአቶ ጀዋር መሐመድ ጋር | DW | 30.12.2019	neutral
ወልዴ(ETVላይ):  እስዊት እስዊት የኑ ነጠላ ዜማ መስራት እንጂ ሲዲ ለቅቄ ህዝብን ማጨናነቅ አልፈልግም  እህቴ:  አልበሙ አልሸጥ ሊለው ላለመጨናነቅ እኮ ነው!	neutral
የምላቹ እንደዚ አይነት ሰዓት አልነበረንም ነው የምትሉኝ	neutral
አቢቹን እያጥላሉ $$$ መሰብሰብ አሪፍ business ሆኗል አሉ .... ወሬ አይደበቅም ??	negative
በል ውዝፍ ለመክፈል ተዘጋጁ አዳሜ እና ሔዋኔ!	neutral
የሰብኣዊ መብት ተሟጓቾችና activists ትግላቸው ከመንግስት ከፍተኛ ስልጣን እስኪሰጣቸው ብቻ ይቅጥላል። ስልጣን ካገኙ በኋላ ልክ ውሃ ውስጥ እንደገባች አይጥ ጸጥ ይላሉ... CC:	neutral
በኢትዮጵያ የሃገር መከላከያ ሚንስትር ለማ መገርሳ የተመራ ከፍተኛ የልዑካን ቡድን የኢትዮጵያ እና የአሜሪካንን የሁለትዮሽ የመከላከያ ትብብር ለማጠናከር ዛሬ ጠዋት ዋሽንግተን ዲ.ሲ. ገብተዋል:…	neutral
የኢትዮጵያ ስጦታ ገነነ መኩሪያ የኛ መፀሀፍ ***	positive
አባይ ውሃ ያለው በእጃችን ነው። መላክም አለመላክም የራሳችን መብት እንጂ ግብጽ አይደለም።  ግብጽን አክብረን እናማክራቸው ብለን እንጂ ሳናማክርም ማድረግ እንችል ነበር።  ቤትክ ውስ…	neutral
የክፍያ ስርዓቱን በያለንበት ቦታ ሆነን(በስልካችን) የምንከፍልበት መንገድ ብታመቻቹልን በጣም አሪፍ ነው	positive
ኢትዮጵያ በሚሠሩ እጆች ሀሳብ በሚያመነጬ አእምሮ ባላቸው ሰዎች ትበለፀጋለች።	positive
ነው ብለሽ ነው ነፍሴ?  ሃሃሃ…	negative
በየቀኑ እኮ አሳዛኝ ዜናዎችን እየሰማን ነው	negative
ምን ይገርማል ደሳለኝ ጫኔ ይትማለው የአማራሙህር ድንቄም ሙህር የአማራ ህዝብ ጫማ እንድለላቸው ሲናገር ነበር አይደል እኔ እስከማውቀው ጎንደር ተው…	neutral
Happy New Year!! እንኩዋን ከ2019 ወደ 2020 GC ተሸጋገራችሁ ተሸጋገሪን ሁላችንም ። ካለፉት አመታት የተሻለ ኣመት አድርገው እግ/ር በአመታት መካከል…	positive
?????? ለ፪፩ኛው ክፍለ ዘመን የተቀናጀ ዘመናዊ ጥያቄ። ስለ እራሱ ነው? ኤኤሜሪካ ቀረች!  ገና ለእንናንተ ስል ብቻ ሁሉን ሰውቼላቹህ ጥዬላቹህ መጣሁኝን ተጠባበቁ።ለዛ…	positive
አዲስ አበባ የኦሮሞ የሆነውን ኮተቤን ካራቆሬን ቀላቅላለች ነገ ቡራዮን ትቀላቅላለች ኤርሚያስ ለገሰ የባልደራስ ምክትል የሰኔ ተስቦ ሆድቃህን ጠቅልሎ ያፈንዳውና ከየት እያመጣህ ነው የምትቀደደው አንተ  አሳማ	negative
በመከላከያ ሚኒስትሩ አቶ ለማ መገርሳ የተመራ ከፍተኛ የኢትዮጵያ ልዑካን ቡድን አሜሪካ ገባ	positive
ድሮ ልጆች ሆነን በጣም የምንወደው እና ከተለመደው ጀላቲ በዋጋም በጣእምም የላቀ ነበር:: በአብዛኛው ጊዜ ወይ ለአመትባል አሊያም እንግዳ መጥቶ ብር ከሰጠን ነበር ገዝተን የምንበላው:…	positive
የሚኒስትሮች ምክር ቤት አዲስ የተዘጋጀው የኢንቨሰትመንት ረቂቅ አዋጅ እንዲፀድቅ ወደ ህዝብ ተወካዮች ምክር ቤት ላከ	positive
አሜን በሰላም ያገናኘን????	positive
ኦዴፓ ብቻ ሊመልሰው የሚችለው ከሌሎች ጋር ሲዋሃድ የማይመለሰው የኦሮሞን ጥያቄ ለሚነግርኝ ውለታውን በታላቅ ምስጋና አቀርብ ነበር።	positive
ሸህ አህመዲን ጀበል LTV ላይ ሲያወራ ሙስሊሙን ብቻ ወክሎ ሳይሆን የተናገረው ለመላው የኢትዮጵያን ህዝብ ጭምር ነው!!	neutral
ማንም የሚሸማቀቅ የለም ስለራሳችውሙስሊሞችም አይደለም እነግብፅን እንወክላለን ካላችሁ በስተቀር በዚያ ብጭለማ ዘመን አእላፍ የሆኑ ታሪኮችን ስርተው ያለ…	neutral
የጦር መሳሪያ አያያዝ እና ዝውውርን ለመቆጣጠር የተዘጋጀው የአዋጅ ረቂቅ ነገ ታኅሳስ 30 ቀን ውይይት ተደርጎበት እንደሚጸድቅ የሕዝብ ተወካዮች ምክር ቤት አስታወቀ።	neutral
ባንድ ግዜ ከሱስ ወደ የሱስ እምንሆነው ነገር አለ። ቻሉን እንግዲ ??☺️  ሀሙስ የቀን ቅጹስ ነው ዛሬ የዛሬ ትምህርት ሀሉዎተ እግዚያብሔር: የእግዚያብሔር ባህርይ ምንድን ነው በሚል ላይ ነው።	neutral
ሀገራዊ ምርጫው ዘንድሮ ካልሆነ ሞቼ እገኛለሁ የሚሉት ያለ ነገር አይደለም	negative
ድል ፡ ለብጽግና ፡ ፓርቲ ።	positive
ኣቦይ ስብሃት እውነት ሲናገሩ ጆሮ  ዳባ ያላችሁ  ኣሁንስ የኣቶ ትራሞ ድምፅ ማጉያ ሃቅ ኣይደለም ልትሉ ይሆን?ዝቃጮች።	negative
አረ ዩኒ የተገኘውን መስብስብ ነው ጠቅላያችን WITH TRANSPARENCY እየተቀበለ ያለውን ዩሮና ዶላር በግልፅነት እያሳወቀን ነው የድሮወች እኮ ጨክኞች ናቸው መልስው ነበር ወደኢሮፕ እሚወስዱት ለግል ጥቅም	neutral
ህዝባዊነት ይለምልም፤ ግለኝነት ይውደም። ያሁኑ ትውልድ ማንም በራሱ ልክ የሰፋለትን ጥቢቆ አይለብስም።	neutral
የድብርት ስሜት ማስወገጃ መንገዶች . . . . . . . . .. . . . . . . .. . . . . . . . .. . . . . . . . .. . . . . የሚል መፅሀፍ አግኝቼ ለማን…	positive
??የገና ልዩ ዝግጅት! ግጥም እና ወጎች፤ በዓል እና ናፍቆትን የተመለከተ የጋራ ትውስታ፤ በጉራጌ ማኅበረሰብ ዘንድ የገና ዋዜማ አከባበር ዳሰናል። የሚያሸልም ጥያቄ አለን። 27 ደቂቃዎ…	positive
ለውጥ ስም በመቀየር ነጋዴው	neutral
የባለአደራው ሰብሳቢ ጋዜጠኛ እስክንድር ነጋ (ምንጭ፡- ርዕዮት ሚዲያ)  ‹‹አሁን ባለን ቁመና አዲስ አበባ ላይ የምንቀሳቀሰው በፓርላማ 23ቱንም መቀመጫዎች ለ…	neutral
ይኼ በጎ ጅምር ነው:: ይቅርታዬ ይድረስዎት::	positive
ከአንድ ሰዓት በፊት ከምሽቱ 4:00 ላይ የ10 ብር ብድር ጠይቄ ምንም የማረጋገጫ መልዕክት ስላልደረሰኝ ሂሳቤን በተደጋጋሚ ቼክ ሳደርግ 3ብር ከምናምን እንዳለ…	negative
ስለፖለቲካ የማይጨነቁ ሙስሊም ስለሙስሊም ባማይጨነቅ ፖለቲከኛ ይመራል ጀርመን ሰላማዊ ሰልፍ ላይ የተደረገ ንግግር	neutral
ከሰንበታችሁ 29 ደቂቃ ብቻ፤ ፈጽሞ አትቆጩበትም። በንባብ ነው የቀረበው። ታሪካዊ ዳራዎችን ቢያበዛም ብዙ ጥያቄዎችን ግን ያጭርላችኋል። ያን መመርመር የናንተ ፋንታ ነው። የሸፍጡ ብዛ…	positive
የጀበሉ ቃለ ምልልስ እውነትም 2:30 ነው ለካ? ጀምሯል ለማለት ነው።  LTV ላይ ይመልከቱ!!!	neutral
አለ በጅምላ ወይስ ጅንአድ?      ስድብ ??	neutral
??ምን ሁኚ ነው ምትለኝ እኔ ከወደድኩ ወደድኩ ነው! ወረት የለብኝም☹️	positive
ውድ ኦስማን፤ ስለ አስተያየትዎ ከልብ እናመሰግናለን፤ እየሰራንበትም እንገኛለን፡፡	positive
አቦ እንደው ምን ላርግህ አንተ የፍቅር ሰራዊት	positive
ውሀ በጀሪካን ሞልቶ ችግኝ የሚያጠጣ ኢትዮጵያዊ!  እንዲህ አይነቱን በጎ ተግባር ሳይ ኢትዮጵያ ብትቀጥንም የማትበጠስ፣የደከመች ብትመስልም የማትሞት ሆና ይሰማኛል።  Respect for you b…	neutral
ይህ የሚደነቅ ነው ።	positive
ጀብደኛ ነህ ባክህ	positive
ODP የብልፅግና ፓርቲ አፋን ኦሮሞ አስተርጓሚ ነው !	negative
ከዚህ በፊት የተከናወነው የኃጢያት ማንነት ሁልጊዜ በሰውነትዎ ውስጥ ይኖራል	negative
የህክምና ባለሙያው ከተለመደው ሚና ውጪ..	neutral
በጣም ነው የምንኮራባችሁ በርቱ ኪፕ ዱዩንግ ዘ ጉድ ዎርክ ዩ ኤንድ ዩር ቲም ዱይንግ ለውጥ ሁሌም ነውጥ አያጣውምና አትሸበሩ ፈጣሪ መርጧችኅል ማንም አቅም የለውም ሊስቅላችሁም ሊያወርዳችሁም	neutral
ህልም ተፈርቶ ሳይተኛ አይታደርም! ተፎካካሪ ፓርቲዎችም  ዋናው አላማቸው ሀገር ማዳን ከሆነ ሁሉንም የሚያስደስት ነገር ስለማይገኝ ወደ መሀል መምጣትን ይጠይቃል! ጥመረት ለመፍጠርም ከአሁኑ መነጋገር አለባቸው!!!  (2)	neutral
ምን አይነት ችግር ነው	neutral
??ለጉዶቻችን የበላችሁት ይነቃችሁ፣ ትን ይበላችሁ፣ ሰውነት አይሁናችሁ! ሌላ ምንም አልላችሁም።  ሃዋሳ ድረስ ክለባችሁ ለመደገፍ ለሄዳችሁ ብርቅዬ የክለባችን ጀግና ደጋፊዎች በሰላም ወደ ከተማችሁ ኑልኝ??	neutral
የሠራዊት ጌታ እግዚአብሔር ፈጣሪያችን ሆይ እባክህ ከዘረኞች ከተንኮለኞች ዕድገቷን ከማይፈልጉ ለስደት ለድህነት ምክናያት ካደረጉንና ሊያደርጉን ካሉ የፖለቲካ ጎጠኞች ውብ ኢትዮጵያን ጠ…	positive
ጀተማዉ መልማቱ ጥሩ ነበረ ነገር ግን ዛፎቹን ከነስራቸዉ ነቅሎ ወደሌላ ቦታ ወስዶ መትከል አይቻልም ሌላ አለም እንደሚደረገዉ?	neutral
አቋም የሌለው ሁሌም ወዳቂ ነው! ለብ ያለ ነገር ወይ አይውጡት ወይ አይተፉት ነገር ነህ።	negative
እዚ በምራቡ ዓለም በየአውዳመቱ ሲዘጋጅ ለማክበር ሁሉም በየቤቱ አሉና ህፃናት የሚበሉት ያጡ ዉኃ እንኳ የላቸው ያጡ የገረጡ ባካችሁ እርዷቸው አንዲት ዶላር ስጡ የሚሰኝ ዘመቻ…	neutral
አንዳንዴ የማያረጁ አይበገሬ የሚመስሉን ሰዎች ሲያረጁ፣  እንደ ድሮኧቸው ቀልጠፍ፣ ቀልጠፍ ማለት ሲያቅታቸው፣ ሀሞታቸው ፈሶ ነገር አለሙን ሲተውት ስታይ በቃ ያሳዝናሉ። በተለይ የራስህ…	neutral
ግለሰቡ የአባልነት መታወቂያውን በርካታ የትግል አጋሮች በተገኙበት እጁ አስገብቷል ፡፡ ሆኖም ግን ከምርጫው በፊትም ሆነ በኋላ  ግለሰቡ  ግለሰቡ  ግለሰቡ  ባለተራው  የሆነ ሃይል  ስው…	neutral
እህታችን መቅዲ እነዚህ አባቶች የገጠማቸው ፈተና ይበቃል በማያውቁት ከተማ የትራንስፖርት እንዳይቸግራቸው በሚል በአደራ የላከችውን ገንዘብ ከመሸ አፈላልጌ አድርሻለሁ። በእውነት በጣም ልብ ይ…	positive
ከተመሠረተ 25ኛ ዓመቱን ያስቆጠረው አዋሽ ባንክ ነገ ጥር 5/2012 በአዲስ አበባ ሦሰት ከወለድ ነፃ አገልግሎት ብቻ የሚሰጡ ቅርንጫፎችን ሊከፍት እንደሆነ አስታወቀ።	positive
ለኔ ሁለቱ በጣም ቃራኒ ፍልስፍናና ግብ ያላቸው ሰዎች ናቸው፡፡  እስኪ ዳርምየለሽ በመረጃ አስደግፈሽ አቢይ ጃዋርን እንዴት መጠቀሚያ እንዳደረገው አስረጂን፡፡	neutral
ለህይወት ጉደኛዎ ዋሸትዋ? የጋብቻ አካቃሪዎች እንዴት በወይይት መፍታት እንደሚቻል ያስረዳሉ።	neutral
በመጀመሪያ እውነቱ ስለዘገብክ የጋዜጠኝነትን ሞራላዊ ግዴታህን ተወጥተሀል ። ይህን አይተው ሌሎቹም ከዚህ እንዲማሩ ይጠበቃል።  የፕሬስ ነፃነት ይከበር ሲባል የፕ…	positive
ዱላ ሳይጨብጥ  ሰው ሳያስገድል ፣  መንገድ ሳይዘጋ እልፉን ነፃ አውጪ ፣ አእላፉን መንጋ አንቀጠቀጠው ፣  እስክንድር ነጋ ።	positive
ትናንት መግለጫው ላይ ሲሰጥ ስለ 40 ጫማው ነው የገረመኝ .	neutral
ታምራት ነገራ ኤርትራን አስመልክቶ የተናገረዉ ስህተት ነዉ፡፡ ታምራት የግሉን አስተሳሰብ ነዉ ያንፀባረቀዉ ይሁን እንጂ  ተደማጭነት ያለዉ ግለሰብ በመሆኑ ጥንቃቄ ማድረግ ነበረበት	negative
ከኔ ጋር አብረህ አትዋል ስልህ አልሰማ ብለህ አሁን ምን እንደሚሉህ አየህ ????	negative
በምን አረጋገጥሽ? ህወሓት ይሄን ከመሰለ የፌደራል ሐይል ጋር ቢጣመር ጥሩ አይደለም?	neutral
እኮ!! ለዚያም ነው እናንተን አባራ እፎይ ያለችው	neutral
የምትታይበትን ምህዳር ነው።እኛ እርስ በርሳችን በተባላን ቁጥር ለሀገር በቀሉም ለድንበር ተሻጋሪው በዝባዥ የበለጠ ተጋላጭ እንሆናለን። የተዋረድ ኢ-እኩልነትን ማየትና እርሱን በጋራ መ…	negative
ዝምተኛ ልቦች ምን ይሆን ቋንቋቸው?	positive
ተመሳስሎ የተከፈተ የውሸት መረጃ የሚያሰራጭ ገፅ ነውና ለፌስ ቡክ ሪፖርት በማድረግ ውሸትን በጋራ እንከላከል ።	neutral
እርቅና ምናምን ኮሚቴ ውስጥ ነው. ከራሱ የተጣላ ሰው የሚያስታርቅባት ጉደኛ ሀገር አለችን	neutral
የምትፅፈው ሁሉ ነው የሚያስጠላኝ ጥንብ ።አላህ የስራህን ይስጥህ ዘረኛ ወራዳ	negative
ተራሮች ኢየሩሳሌምን እንደከበቡ ፣     ጌታ በሕዝቡ ዙሪያ ከከበበው     አሁንም ሆነ ለዘላለም። መዝ 125.2	neutral
በእዳ ትምህርታቸውን መከተላቸዉን ማወቃቸው  ከግጭት  እንዱርቁ ያረጋቸዋል!? ????????????????	neutral
ሳሙኤል ማለት ጁሀር ተከቧል ድረሱለት ያለው ነው	neutral
ሕፃን ተወልዶልናልና፥ ወንድ ልጅም ተሰጥቶናልና፤ አለቅነትም በጫንቃው ላይ ይሆናል፤ ስሙም ድንቅ መካር፥ ኃያል አምላክ፥ የዘላለም አባት፥ የሰላም አለቃ ተብሎ ይጠራል። ኢሳያስ.9:6	neutral
የአማራ ክልል መንግስት የመጅሊስን 5 ጥያቄዎች ሳይመልስ፤ የተሰጠውን ቀነ ገደብ አሁን 12:00 ሰዓት ላይ አጠናቀቀ።  መጅሊስ ምን ይል ይሆን?!   በጉጉት እንጠብቃለን።	neutral
የኢ.ህ.አ.ዴ.ግ ውህደት ፅንፈኛ ብሔርተኝነትን ይገታው ይሆን? (ክፍል 2) -አሐዱ መድረክ	negative
ፓርቲ ሳይመረጥ ስልጣን ላይ ያለው የአ.አ መስተዳደርም የሰዎችን የመናገር የመሰብሰብ የመደራጀት ተደራጅቶም ፓርቲ የማቆቆም መብቱን ነው እየነፈጉት ያሉት! እሄ ደግሞ ህገወጥነት ብቻ ሳ…	negative
• አይ ልደቱ አያሌው!  ፖለቲካ ያልተማሩ ሠዎች መሠብሠቢያ መሆን የለበትም! አለ! እሡ ተምሯል እንዴ? :D :D :D ! ማትሪክ ደቅ ብሎ ታክሢ ሢሾፍር አልነበረም እንዴ? ነው ወ…	negative
ምን አደረኩሽ ግን ሰሊ ፣ ጋሽ ፀጋዬን አሳይተሽ በሀፍረት ለምን ታሸማቅቂኛለሽ ፣ ለምን ውለታ ቢስነቴን ትገልጪብኛለሽ ?? ለምን?   ጋሽ ፀጋዬ ባለ ዕዳክ ነኝ ፣ ነፍስህ በሰላም ትረፍ	negative
የህውሀት ከፌደራል መንግስት ጋር የጥቅም በፍርድ ቤት ብቻ ፉክቻ በህዝብ የማይታወቅ መረጃዋችን ይፋ ሊያወጣ ይችላል።	neutral
ያዕቆብ እስራኤል ተብሎ አባት ሆነ ፣ ነፍስ የገደለው ሙሴ ትሑትና ነጻ አውጪ ሆነ ፣ ስምኦን ጴጥሮስ ሆነ ፣ ሳውልም ጳውሎስ ሆነ፡፡ መጽሐፍ ቅዱስ የተለወጡ ሰዎች የታሪክ መጽሐፍ ነው’’ …	neutral
በአዲሱ ዓመት በመጀመሪያዋ ቀን እንዲህ የቀወሰ ሃሳብ አልጠበቅሁም፣ አቢይ የሰላም መልእክተኛ የሀገር ተስፋ በዘመናችን ያልታየ ልዩ መሪ ነው፣ ለምን ሆድ እ…	neutral
አበባ ባለአደራ ምክርቤት (ባልደራስ)፣ መንግስት በአዲስ አበባ ከተማ በሚገኘው የአፄ ሚኒሊክ ሀውልት ጎን የተሰራውን ቆርቆሮ ቤት በሚቀጥሉት ሶስት ቀናት ውስጥ የማያፈርስ ከሆነ ህ…	negative
እሱንኮ ነው ስህተት ነበርን የምለው።	negative
አላቸው ብዙም አትገረም።የኢዜማም ብዙው አማራ ነው የሚሆነው።ይልቅ ብዙ የምትፎክርበትን የፖሊሲ አማራጭ አሳየኝ? እኔም ስለፌደራ…	negative
??ሴቶችዬ ጠንካራ ሁኑ ሽንኩርት እንጂ ወንድ ልጅ እንዳያስለቅሳቹ።	positive
እረ ትንሽ የሸቀልናትን እስክንበላ ግዜ እንዲሰጡን እንጠይቅ ??	neutral
ኢትዮጵያዊው ወጣቱ ምሁር ከታላቅዋ የስልጣኔ ምድር ከአፋር የተገኘ  ሚልኒየም አዳራሽን በአፋን ኦሮሞ እያደመቀው ነው	positive
ለነፃነትና ለእኩልነት የቆመ ሰዉ እንደ ኢትዮጵያ አይነት ሐገር እጣ ፋንታዉ ነዉ!!	neutral
በዕለተ አክሱም ፅዮን ማርያም የአድዋው ሰይጣን ህወሃት ግብዐተ መሬት ተፈፀመ  ህዳር 21/2012	neutral
ይሄም የሆነው በደርግ ዘመነ መንግሥት ነው 20....30 ዓመት ማለት ነው ልብ በል ያኔም መብትህ አልተከበረም አሁንም አልተከበረም...ካልነቃህ... ካልታገልክ... ካልተደራጀህና ..…	neutral
ከዛስ? በቀጣዩ ምርጫ ለብቻው ሊወዳደር ነው? ምን አስበው ይሆን?	negative
አብረን የምናዬው ይሆናል  ማን ሲያለቅስ እንደሚኖር	negative
ሸኖ ላይ ህዝብ ታግቷል በድንገት ከበቤቱ የወጣ ሰው ያለምንም ዝግጅት ብርድ ላይ እንዲያድር ተገዷል!  ከጊዜ ወደጌ የዜጎች መሰላም ወጥቶ የመግባት ነገር ጥያቄውስጥ እየገባ ነው…	negative
በዚህ ወቅት ዩኒቨርሲቲ ከመግባት በሊቢያ በኩል መሰደድ ይመረጣል! ????	negative
እኔ ማን ነበርኩ የሚል ማንም አልነበረም ይአ ሲ ኢ ምኤ ልቭፓ.ዶ ግን ከእናንተ ወገን ብቻ ነው ልያታይ ክልመ ፍሃሾማ	neutral
ለኢትዮጵያ ተመልካቾች በአማርኛ ቋንቋ የተመረጡ ውድድሮችን ለማስተላለፍ ለያዘው እቅድ ይረዳ ዘንድ አራት ስመጥር የስፖርት ጋዜጠኞችን ወደ ኮሜንታተር ፖናሉ በይፋ ቀላቅሏል።	neutral
ሽንፈትን ወይም ውጤታማ አለመሆንን ጠንክሮ ካለመስራት ወይም ደም ካለመስጠት ጋር ብቻ አያይዘው የሚተነትኑ እይታዎች ሁልግዜ ይገርሙኛል፡፡ የእይታ ጥበት በራሱ ህመም ነው	neutral
ስራዎች ታከለ ከገጠር አምጥቶ መታወቂያና ፈንድ አዘጋጅቶ በለቀቃቸው ሰዎች ተወሯል ፣ የአበበች የጉምሩክ ቡድን ልዩ ድጋፍ ያደርጋል ፣ የትራንስፖርት ሴክተሩን ለመቆጣጠር ዝግጅት እየተ…	neutral
ፅንፈኞች በትክክል እራስ ወዳዶችና በራስ አለመተማመን ተጠቂዎች ናቸው ለህዝቡ ብለው ምንም የሚሰሩት ነገር የለም /ጅብነት እዚህም አለ ። ሀገር ብትል  አይሰሙም ። ደ…	negative
የኢትዮጵያ ህዝብ ሀብት ነክ ብሬያችን በርታ ፈንጅ የማይበታትነን ወንድሞችህ ከጎንህ ነን ጊዜው የስራ ነው ።	positive
ታይዋን የቻይናን “ሆንግኮንግ ሞዴል” አልቀበልም አለች	negative
መመፃደቅ ማለት ለእኔ፣ እያወቁ አጉል ሚዛናዊ ለመሆን ወይም ሰማዕት መስሎ ለመታየት ስ…	negative
ወደፊት መሬት ላይ ሲወርዱ ከሚያወዛግቡ የቃላት ፍቺ ውስጥ መበልፀግ/ በለፀገ ይመስለኛል። ልክ በፊቱ። ምሳሌ:– 1) እሱ እኮ በለፀገ(ሀብታም/የብልፅግና ፓርቲ አባል)፣ 2) እሷ እኮ…	neutral
የአማራ ኅልውና ለኢትዮጵያ ልዕልና በሚል መሪ መልዕክት ውይይት በአትላንታ- ጆርጅያ ተካሂዷል፡፡	positive
-4-  ምናልባትም የግል ትውስታውን ለመጻፍ ለሚሻ ሰው ይህ መጽሐፍ እንደማሳያ ጥቅም ላይ ሊውል ይችላል የሚል እምነት አለኝ።  በተረፈ መጽሐፉን ካላነበቡት ያነቡት ዘንድ በአክብሮት…	positive
እግዚአብሔር ካለ ይቅር እንዲለኝ መለመን አለበት ፡፡	neutral
ውጣልን አንፈልግህም ብለው እስኪያባሩኝ ድረስ አለሁ...ከሆነልን ለማስተካከል እንሞክራለን...ካልሆነልን ከህዝባችን ጋር ተመካክረን እንደሚሆን እናደርጋለን ብለዋል ኦቦ ለማ.... . ልብ ያደማል..…	neutral
እነም መጭው ምርጫ ላይ ለመሳተፍ ኢትዮጵያዊነተን ለመመለስ በኦሮሚያ የምትገኙት ኢትዮጵያ ኤምባሲ ማመልከቻ አስገብቻዋለው።	neutral
አትጠራጠሩኝ እመኑኝ የሚል ሰው ብዙ ጊዜ አጭበርባሪ ነው። እመኑኝ ከማለት ሰርቶ አያሳይም??? አዲስ የምርጫ ተወዳዳሪና ስልጣን የሌለው ይመስል እመኑኝን ምን አመጣው?	neutral
ሰበታ ከተማ ከ ጅማ አባጅፋር | 8ኛ ሳምንት የኢትዮጵያ ፕሪምየር ሊግ ጨዋታዎች | ቀጥታ የውጤት መግለጫ	neutral
ስምሽ ማነው?  ሰብለ ወንጌል!  የት ትማራይላሽ?  ናዝሬት እስኩል!	neutral
ስለመኪና አደጋ አሳሳቢ ጉዳዮችን ለህዝብመንግሥትም ማሳሰቢያ መለገስጥሩነው፤ ሆኖም ግን በክልልዎ ያለውን ከመኪናአደጋበላይ የሰውናየንብረት ቃጠሎንለመከላከል…	neutral
የሰላም መልክተኝነት መለኮታዊ ጥሪው በመሆኑ እንደሚሳካለት ከእርግጠኛ በላይ ነኝ።	positive
ኧረ ተይ አታነካኪኝ ኮሪደር ላይ ወጥተን የምናወራበትን ኔትወርክ እንዳታዘጊብን ??	negative
ግን፦ «የሞጣውን ቃጠሎ የቀሰቀሰው አሕመዲን ጀበል ነው!» የሚሉ ሰዎችን፤  ራሳቸው እነዚያ አቃጥለው የጨፈሩት ሰዎች እንኳ አይታዘቧቸውም ወይ?!	neutral
* በ1960ዎቹ መጀመሪያ ድሬዳዋ ስፔሻል ፎርስ አሰልጣኝ  * ለሁለት አመታት በበረራ ደህንነት ባለሞያ / አንቲሃይጃከርነት   * 1960 አጋማሽ ላይ ገነት ጦር ት/ቤት የመኮንኖች አ…	neutral
የኦሮሞ ነፃ አውጪ ግንባር (ኦነግ) የኦሮሞ ፌዴራሊስት ኮንግረስ (ኦፌኮ) የኦሮሞ ብሔራዊ ፓርቲ (ኦብፓ) ጥምረት ለመመሰረት ከስምምነት ደረሱ! የድል ዘመን ድሌ ነው ድሌ.....	positive
Its so sad to hear this result ከክለብ ስኬት ይልቅ በብሔራዊ ቡድኑ ላይ የምታበረክቱት ሚና የበለጠ ክብርም አለው። በመልሱ ጨዋታ ይሄ እንደሚቀየር…	negative
ደግሞ አንተ ከየትኛው ፋብሪካ ተመርተህ የወጣህ ደደብ ነህ?  ፅንፈኛ ብሄርተኞች  ህሊናን እና የሰውነት ሞራልን ወደ ተግማማ አረንቋ ይዘውት ወርደው ፤ አንተን የመሰ…	negative
እሽ ??	neutral
አይ እኔ አላምናቸውም ተስፍሽ የምሬን ነው ከጀዋር ይልቅ ትንሽ አቶ ዳውድን ባምን ይሻለኛል እንደውም! ጀዋርን ግን በትንሹ 6አመት ባያንስ…	neutral
አንቺ ልጅ እረ ተይ ግን ተይ ....ያው ጁአናም ማለትም በኛ ሰፈርኛ ለማይሆኑ ሰዎች ሚስት ስያሜ ነው ለነቀርሳዎች	negative
እስኪ አንድ ሴት ጀግና ጥሪ ብትባይ ሁሉም የሚስማማባት አንድ መጥራት አትችይም። የሚኒሊክ ቤተ-መንግስት እና አ/አ ውስጥ ለምን የጣይቱ እና ሚኒሊክ ኃውልት…	negative
ባንኮች ሲዘረፉ፥ በየቀኑ ሰው ሲገደል፥ መስጊዶችና ቤተ ክርስቲያኖች ሲቃጠሉ፥ ተማሪዎች ሞተው ከየዩኒቨርሲቲው ሲሸኙ... ቁጭ ብሎ የሚያይ፥ አቅመ ቢሱ መንግስት ማለትህ እንዳይሆን ብቻ!	neutral
ከዝንጀሮ  ቆንጆ  እንዲሉ  በኢህአዴግና  ብልፅግና  ያለው  ልዩነት  በኢማሌዲህና  ኢሰፓ የነበረው ልዩነት እይነት  ነው!	negative
ከፍተኛ ሊግ 4ኛ ሳምንት - የምድብ ሀ ቀጥታ የውጤት መግለጫ	neutral
የምግብ ትዕዛዝ ለገና ከፈለጋችሁ ይዘዙን ተብላችኋል።	neutral
እዚህ አለም ላይ ለአንድ የአላህ ባሪያ እንደ ሁለት ረካአ ሰላት የሚያክል መልካም ነገር አልተሰጠውም !! ነብያችን ሰለላሁ አለይሂ ወሰለም!!	neutral
ሙድ ይዘህ ሞተሃል ?????♀️?????♀️ እስክንድርን ይበልጥ አጎዘፍከው እንጂ አላሳነስከውም ለነገሩ ከመንደር ወሬ ለቃቃሚ ምን ይጠበቃል ?????♀️ ዥልጥ ሰው…	neutral
ታህሳስ 22፣2012/ የኤክሳይዝ ታክስ አዋጅ መከለስን ተከትሎ፣ አዋጁ ሳይፀድቅ በተለያዩ ምርቶችና ሸቀጦች ላይ የዋጋ ጭማሪ እየታየ ነው ተባለ	neutral
መጀመሪያ ጫፉን በክብ እንቅስቃሴ ውስጥ አጣብቃለሁ ፡፡ ኳሶችን እታከባለሁ እያለ በቀስታ እና በቀስታ እጄን ወደ ላይ እና ወደ ታች ማንቀሳቀስ እጀምራለሁ። ከዚያ በእያንዳንዱ ጊዜ በፍ…	neutral
???? ተግሬ ትናንት በጥጋብ ጦርነት ከፋች:: በባድመ መቶ ሺህ ያጫረሰ::  ተግሬ ዛሬ: አቃጣሪ::	negative
አዪ ይዴይሜ	neutral
እና ቆንጅዬ ብቻ ነው ለከፋ?	negative
ቅድሚ ካብ ኢትዮጵያ ተሰጒጉ ናብ ኣመሪካ ምስዳዱ፡ንብዙሓት ኢትዮጵያ ስነ ጥበበኛታት ዝማሃረን ዘፍረየን እዩ። ተሸላሚ ራይሞክ ኤርትራዊ ስልማት ስነ ጥበብ እዩ። ኣሰር ፊደላት ትግርኛ ኣብ ስርሑ ብ…	neutral
ዛቻ በቦታው ነው ይላል ጎንደሬ	neutral
የኢዜማ ደጋፊ የሰሞኑ ለማ መገርሳ ሲለቅ ያሳዩት ደስታ የበሬ ቆለጥ ይወድቅልኛል… ……  መሆኑ ነው።	negative
?? አሁን ይህችን ጠቅሶ መጠየቅ ነው ደግሞ	neutral
የኢትዮጵያ ሙስሊም ታሪካዊ ጠላት ማንነው?	neutral
የፎቶ አርበኛ	negative
ዐቢይ አሕመድ ታከለ ዑማን ለአዲስ አበባ ከንቲባነት ያሰየሙት ለመሬት ወረራ ነው መባሉ እውነት ኖሯልን?	neutral
??????እግዚኦ የአባቶቼ አምላክ ቸርነትህ ይብዛልን	positive
“ያየህውን  ሁሉ እውነት ነው ብለህ  አትቀበል”  .....ሲል  ሰማሁት ....ማን  አብይ  አህመድ.....ከሱጋ ተስማማሁ....ያየሁትን  የአብይ አህመድን  ቲያትር  እውነት  ነው  ብየ  አላምንም! PMOEthiopia	neutral
መጀመርያ የሞተ ድርጅት እንዴት ብሎ ነው ስለዚ ጉዳይ ማስተባበል እሚችሎው።	negative
ከህወሃት ውድቀት በሁዋላ ተራው የኛ ነው ባዮች ስብስብ ይህ ነው::የኦሮሞ ህዝብ አዲስ ሹም ነው የናፈቀው? ታግለንልሀል  ምረጠን ! ህወትስ ታግዬላችሁ አልነበር? ቀረ እንጂ!	neutral
የኤክሳይስ ታክስ ማሻሻያ አዋጅ የህብረተሰቡን ኢኮኖሚ ያገናዘበ አይደለም ተባለ -አሐዱ ዝርዝር	neutral
እዝጊ ይሓግዝካ እምበር፡ እዚኣስ ከባድ እያ...	negative
የሐሳቦች መጨረሻ ነው እየተባለ ነው። የት ሄደን እንፈንዳ?	negative
የከተማ መሬት ሊዝ ላልተወሰነ ጊዜ አቁመናል ያለህ ታከለ ኡማ ለሀጫሉ ሁንዴሳ 10ሺ ካሬ መሬት የገና ስጦታ ጀባ ብሎታል  ታከለ ኡማ የሸገር አርማ ያልከው ልጅ አሁንም አለህ?	neutral
ገንዘብኻ ክቡር ሓው፡፡	neutral
እንዴት ናችሁ ውዶች? መልካም እሁድ ተመኘን ደብረሊባኖስ !	positive
ትናንት ታላቅ ነበርን  ዛሬ ላ ይ ግን ............»……?????	negative
ኦነግ ሸኔ (ወነግ - ወለጋ ነፃኣውጭ ግንባር) ከወለጋ ህዝብ ጋር ክልል ስለመሆን እየመከረ ይገኛል::  የዚህ ሃይል መሪ (ጃልመሮ) ከBBC Amharic ጋር በነበረው ቆይታ የፌድራል…	neutral
አሳዘኝ እና ዘግናኝ ሪፖርት ሰምተን  ችግር የምያወራ መግለጨ  መስማት በእውነቱ ያሳዝናል።	neutral
ቅዳሜ እና እሁድ በጥዋት ስጋ ቤት ገብታ፣ ተጋፍታ፣ ተሰልፋ ምላስ-ሰምበር የምትበላ ቺክ ???♂️???♂️???♂️??	neutral
በ Extreme weather  ላይ የማየውን አይነት ሰማይ ነው ዛሬ በሰፈሬ ሰማይ ላይ ያየሁት ።	neutral
ታህሳስ 22፣ 2012/ ወቅታዊው የኢትዮጵያ የፀጥታ ሁኔታ መጪውን ምርጫ በተፈለገው መጠን ተዘዋውሮ ለመቀስቀስ ፓርቲዎች ላይ ችግር እየፈጠረ ነው ተባለ	neutral
እንዴ እረ አንተ ልጅ ?????? ቢጫ ነገር አምሮሃል????	neutral
ታኬ ጉቦ የበላው የቀበሌ ሊቀመንበረስ መቼ ነው የሚፈርሰው ጉቦ የበላው የደንብ አስከባሪስ መቼ ነው ለህግ የሚቀረበው? የማፍረሻው ገንዘብስ ከየት ነው የሚመጣው ለዚህ…	negative
: ቡናዎች እንዲህም አድርጓችሁ ነበር ለካ!!!?????♂️ ?? ኢትዮጵያ ቡና በአገር ውስጥ አሠልጣኞች ብቃት እምነት ማጣቱን ገለጸ።	negative
ጊዜ መግዣ እንጂ አንድም እውነት የሌለው ትርኪምርኪ ወሬ ተሸማቀቅን እኮ ????	neutral
ህጻን እያለን ፈረንጆቹ ለጉብኝት መጥተው ወደ ወንዙ ሲወርዱ ሰይጣን ሊይዙ ነው ብለን እናምን ነበር።   አንዳንድ tweeps አሁንም እንደዚያ የሚያምኑ አሉ ???♀️	neutral
አንተ ልዩ ሰው እግዚአብሔር ዘመንህን ይባርከው ! ልል የምችለው ይህን ብቻ ነው ።	positive
ፍቅር እንዲህ ነው።	positive
የኩላሊት ጠጠር ምንድን ነው? መንስዔው፣ ምልክቱ፣ ህክምናው፣ መከላከያ ዘዴው? ለእነዚህ መልስ ከሻቱ ይህን ያንብቡ!	neutral
ድሮውም ሱሰኛ ፍቅር አያውቅም፡፡  ደግሞ እንዳትጣሉኝ፡፡	neutral
ዶ/ር ጸጋዬ አራርሳ፡ ግንባር አይዋሀድም...አዲሱ ውህደት ምንም ህጋዊ መሠረት የለውም።	negative
እሾህን በ እሾህ ለ ብዙ ሺህ አመት ሞክረነው ቆመን ቀርተናል።	negative
ስለዚህ በእውነት እናንተ ታዝናላችሁ ነገር ግን እንደገና ባየኋችሁ ጊዜ በልባችሁ ሐሴት ታደርጋላችሁ እናም ደስታዎ ማንም ከእርሶዎ አይወስድም ፡፡ በዚያን ቀንም ከእኔ አንዳች አትለምኑም።	positive
Wait what is going on here!  ሰልፉ ምነው አቤት ጥበብ???? ሰልፍ ያላከበሩ ነው ህግ እና ደንምብ እሚያከብሩት?  አይይይይ የብሽሽቅ ቦለቲካ:  ደሞ ክልል ሰላም ካልሆ…	negative
ብልፅግና እንዴት ነሽ። አማነሽ እንዴት ነሽ።	neutral
አሜን አሜን አሜን ጄሪ ፤ ክብረት ይስጥልኝ ????	positive
የእሱ ጓደኛ ነበርኩ ውሰ ውቀበደተየ የእቅድህ አካል ተይዟል ምለደይአ ዜጊ ትሃርፍየ ንሁአ	negative
የትምህርት እድል ለማግኘት ብዙ ውጣ ውረዶችንና ዕለታዊ የኑሮ ፈተናን ለማሸነፍ የሚታገሉትን ለማገዝ የቻልነውን ያህል ሰጥተን እንርዳ…ይሄ ፅሁፍ ለምን የGoFundMe አካውንቱን እንደ…	positive
ግብፅ በናይል ድርድር ላይ እየሄደችበት ያለው የተጠና ጉዞና መዳረሻው	neutral
ወጣቶች ማህበር አወማ) ዛሬ በደብረ ብርሃን ከተማ ሲኒማ አዳራሽ ሊካሂደው ያቀደው ጉባዔ ከበላይ አካል በመጣ ትዕዛዝ መከልከሉን አስታወቀ። በህግ ዕውቅና ያለው አወማ፣ የአዳራሽ…	neutral
ይህ ቆሻሻ አስተሳሰባችሁ ነዉ፣ ኢትዮጵያ የሚለዉን እንድጠላ የሚየደርገኝ፡፡ እኮ ለኦሮሞ ህዝብ ኣንድነት ማልቀስ ኢትዮጵያን መጥላት ነዉ? እርኩሳን! የህልም ኑሮኣችሁን ቀጥሉ፣ Zombies!	negative
Literally እኮ ደርቢ ያልሆነ ጨዋታ የለም። እኔ የምለው የሆነ የደርቢ ስያሜ ካለተሰጠ ጨዋታ ማካሄድ አይቻልም ብሎ ፊፋ ህግ አውጥቷል እንዴ ??	neutral
ነፍጠኛ ለዓላማው ስኬት ቤ/ክርስትያንና መስጂድን በማቃጠል ያለመው የሃይማኖት ግጭትም አልተሳካለትም:: ዴሞክራሲያዊ የህዝብ ውክል…	negative
ህወኃት 20በ45 በሚል ቀመር ፖለቲከኞቿን ጡረታ ካላወጣች በቀር ትግራይ መተንፈሻ ማጣቷ ነው።	neutral
Man እባብ አንገቱን እንደሚነቀስበት መዝሙር ግን dope የለም	neutral
ውድ ጌታ ሆይ እናቴን ይባርክ ፡፡ እናትህን የምትወድ ከሆነ ድጋሚ አስጀምር?	positive
የአማራ ተማሪዎች ማህበር፣ በጎንደር ዩኒቨርስቲ የሚማሩ 32 አመራሮቹና አባላቶቹ እንደታሰሩበት አስታወቀ። ዩኒቨርስቲው እንዳይረጋጋ ትሰራላቹህ ተብለው ከታሰሩት መካከል፣ የማህበሩ የጎ…	neutral
በአማራ ክልል ሙስሊሞች «ተወልደው ባደጉበት ቀዬ በሃይማኖታቸው ምክንያት በጦር መሣሪያ የታገዘ ጥቃት፣ የሕይወት መጥፋት፣ ሀብት እና ንብረት ጥሎ ለስደት መዳረግ ያስከተለ ተደጋጋሚ የ…	neutral
እውነት ነው	positive
ከተለያዩ የሀገሪቱ ክልሎች አዲስ አበባ ላይ የሥራም ሆነ የመኖሪያ ቤት ዕድል ተጠቃሚዎች በርካታ ሲሆኑ ለከተማ ነዋሪዎች በተቃራኒው እንዲህ ያለው አጋጣሚ የላቸውም።) -…	neutral
መስመር ፋሲል ከነማን ለመርዳት የተከፈተ ጎፈንድሚ አለ እሱን እርዳና ሊንኩን ፖስት አድርገው አለኝ አንዱ ልጅ አይ እኔ የጎርጊስ ሳንጃው ደጋፊ ነኝ ስለው ሙልጭ አድርጎ ሰድቦኝ የ…	neutral
በቤተ ሰማእቲ  በቁፋሮ የተገኘው ጥንታዊ ከተማ	neutral
እስካሁን ያለምንም ህግ ነበር የሚገናኙት? ህገመንግስቱስ ምን ይላል?	neutral
ድመት ማሰብ ሲያቅታት ዝሆን ነኝ ትላለች።ዝሆን ለመሆን ስትለጠጥና ስትነፋፋ  ፈንድታ ሞተች  እንኳን ዝሆን መሆን ድመትነቷን አጣች። እውነተኛ ማንነትና አቅምን ማወቅ በዚያ መኖር አዋ…	neutral
እና ሳታይ ምን ታደርጊዋለሽ?	neutral
አምሐራ -- ጦቢያ❤  ላስታ ላሊበላ   የቅዱሳን  ምድር❤  ኑና ተባረኩ????❤??	positive
የአንድ ኪሎ ሥጋ ዋጋ 120 ብር እስካልገባ የሥጋ ግዥ ማዕቀብ ተጥሏል። ገና 2012 ሥጋ የማይበላበት በዓል!  የሸማቾች መብት ተሟጋቾች  በፌስቡክና ቴሌግራም ይከተሉን	neutral
ታህሳስ 22፣2012  ሰሞኑን ከአንዳንድ ዩኒቨርስቲዎች የሚሰማው ወሬ አላምር ብሏል፡፡ የተወሰኑ ዩኒቨርስቲዎች ለመዘጋት በቋፍ ላይ መሆናቸውን እየተናገሩ ነው፡፡ የተዘጉም አሉ፡፡…	negative
የዛሬ አምስት ዓመት በዚህ መድረክ የለጠፍኩትን ፌስቡክ አስታወሰኝ። በወቅቱ ፋና እንደዘገበው በቦሌ ክፍለ ከተማ ብቻ 187 ማሳጅ ቤቶች አሉ።  እናስ ዘንድሮስ ቁጥራቸው ስንት ደርሶ…	neutral
BringBackOurStudents      ጥር  24 ቀን በጎንደር ከተማና በአብዛኞቹ በጎንደር ክፍለሃገር ባሉ ከተሞች ሰላማዊ ሰልፎች ይደረጋሉ፡፡ በደምቢያ፣ ወሮታውና አምባጊዮርጊስ…	neutral
፪. የጉብኝትዎ ዋና መስመር ከሆነው መቀለ- ኣብዓላ- ኢረብቲ መንገድ ተገንጥሎ ወደ ኤርታዕለ የሚያቀናው የበረሃ መንገድ ኣልባ መስመር ከጉዞ ወኪሎች ውጪ ፍፁም መንቀሳቀስ የተወሳሰበ…	negative
ፍቅር እስከ መቃብር ሰመመን ኦሮማይ እሳት ወይ አበባ የልምዣት ቆንጆዎቹ	neutral
ለህልም እንዴት ጥሩ ነው?  አሁንም ስለእናንተ አልመኝ.  የተረሳዎትን መልሶ ለመመለስ የድሮ ትውስታዎችን ያስወግዱ.  በመጨረሻም ተመልሶ የማይመለስ ደስታ ነግራችሁኛል.  እስካልነካው…	positive
ጆየ የዚህን ገመድ ጥቅም እና አጠቃቀሙን ብታስረዳኝ ኖሮ ጂም መሄድ አላቆምም ነበር	neutral
ይሄን ይመስላል	neutral
Hahahaha የአዲስ አበባ ክለቦች ጥሩ ላይ ነው ያሉት ??	neutral
በሚቀጥለው ዓመት እሞታለሁ ፡፡	negative
እያለ እሱ ቢታበይም ሰው አምላክ አይደለም ሁሉንም አያውቅም ሁሉንም አያይም። **** ትናንት የመረቅኻት ዛሬ የረገምኻት፣ በነማን ሃሳብ ነው ምድሪቱን ያወቅኻት? **** ከዝብርቅርቅ አለ…	neutral
የቱ ጋ  ስለብሄሮች ባልከው መልክ ተነግሯል? የህወሃት ወይም የኦነግ ጭፍን አይን ያወጣ ክስ ካልሆነ በተቀር! አሁን  ክርክር ይሆናል ምርጫ ስለሆነ።ያኔ ዝም ብሎ መለደፍ አይቻልም። ለምን…	negative
ሁሴና ይኸ ሁሉ ጩኸት እኮ የእናዉቅላችሁዋለን አባዜ ነዉ። ባይገርምህ ህዝቡን አያዉቁትም።  ፨እነሱን ተዋቸዉና ቀጣይ ሳምንት ገና እማይደል?? በል ከቤት እንዳትቀር?   ይኸ ነዉ እን…	negative
አብንን ከምርጫው ብታስገባው የተሻለ ውድድር እናይ ነበር	positive
የቤኒሻንጉል ጉሙዝ ክልል ወደ መሃል ሀገር በሚወስዱ መንገዶች በሚፈፀሙ ጥቃቶች ዜጎች ከቦታ ቦታ የመንቀሳቀስ ሕገ-መንግሥታዊ መብት ተነፍገዋል፤ ሥጋት ውስጥ ወድቀዋል፤ በመንግሥት ላ…	negative
የአጋንንት አለቃ ፣ በእሷ ላይየሚነሱት ሁሉ ነፍሳት ያወግዛቸዋል። በአስሦስቱአጋንንት ስም ነፍስህን በገሃነ እሳት ነበልባልውስጥ ለዘለአለም ሥቃይ ብትኮንንይህን…	negative
ጅማ_ዩንቨርስቲ በወለጋ ና ገጂ ላይ የተከፈተውን መጠነ ስፊ በአየር የታገዘ ጭፍጨፋ በመቃዉም ስልፍ ወጥተዋል	positive
ፍትህ በቤተ ጉራጌ ለተፈናቀሉት የመስቃን ቤተሰቦች	neutral
የአትሌት ሀይሌ ገ/ስላሴ ንብረት የሆነው ማራቶን ሞተርስ ይሄን አይነት ሀዩንዳይ መኪና እዚሁ ኢትዮጵያ ውስጥ ገጣጥሞ ለገበያ አቅርቦታል! ሀይሌ ኢትዮጵያ በገቢ ንግድ ለመኪና የምታወጣ…	neutral
አይጠፋውም። ሰውየው ያልጻፈበት ጉዳይ የለውም   ከኮስሞስ እስከ ኮስሞቲክስ ጸፏል። ፈለግ ፈለግ ማድረግ ነው።	positive
????የአማራ ወገንቼ ጠላቶቻችንን ሁሌም ቢያሴሩ ሊያጠፉን ቢሞክሩም እኛ ግን እናሸንፋለን ከኛጋር ያለው ሃያል ነውና ??	neutral
እኔ ቤተሰብዎን እየረገምኩ ነው ፡፡ ይህ የእርስዎ ቅጣት ነው። አሁን ለመኖር አንድ ሳምንት አለዎት። ሞት	negative
ዶ/ር አብይ ሺ-አመት ይንገስ፦ ብልህ፣ ጀግና ደፍር፣ ፈጣን ፦አንተ ለሀገራችን ምርጫ ሳትሆን የህልውናችን ጉዳይ ነህ!	positive
ለሀገሪቱ ከምትከፍለው ዋጋ ባሻገር እውነተኛ ክርስቲያን በመሆንህ ብቻ መከራን ልትቀበል ግድ ሆኖብሃል ነገር ግን ጽና! የምታምነው አምላክ ድልን ይሰጥሀል! መል…	neutral
ወለጋ ህዝብ ላይ የተደረገ የለው ግፍ መቃወምና መወገዝ አለብን ፡፡የሐረመኔ አሥተሳሳብ የየዘ መንግሥት ሀገር መምራት ቀርቶ ቤተሰበሰቡ  መምራት አይችልም  ፡፡	neutral
በጣም ልብ የሚነካ ታሪክ! ለሀገርና ለህዝብ የተከፈለ ከባድ መስዋዕትነት!	neutral
ሚኒስትር ዶክተር አብይ አህመድ በሰላም ወደ ቤተ መንግሥት ተመልሰዋል።	positive
?? ይቺን ቅዱስ ቀን መዝግበህ ያዛት ባይ ነኝ	positive
፡  ፖሊስ ሜዳ ሳይክል [ከፍ ሲል መኪና] ሞከርን  2 ፡  ሚኒስትሪና ማትሪክን ሰቅለን ፎቶ ተስፋዬ ግድግዳ ላይ ለመሰቀል የተጋን 3 ፡  አምቡካ፣ የ እንጨ…	neutral
ኦ ማይ ጋድ አሁን አስታወስኩት ይሄን ጉዴን አባ ተማም ቢሰሙ ይረግሙኛል	positive
መስኮት ይከፍታል እንዴ? ዝጋው!  አልዘጋውም!  ኧረ የመስኮት አምላክ ይኼን የዘመናት ንትርክ በ2020 እባክህ ቋጨው	neutral
አስገራሚ መገለጫ ለማ መገርሳ የተቃወሙትን የአብይ ብልፅግና አስመልክተው የተሰጠው አዲስ መረጃ	negative
ለምን አበዱ ምን መደረግ አለበት የሚል የሠከነ ነገር ጠፋና ጨርግዷቸውውው። ከዛስ ከአገር ልትጨረግዳቸው? የወጣት ቁጣ ይጨረግድሀል።	negative
በውጤት ማጣት ምክንያት እየተሰቃየ ያለው ወላይታ ድቻ አሰልጣኝ ገ/ክርስቶስ ቢራራና አሰናበተ	negative
✌️አይኔም ቢለኝ እኔም አመነኩት ለማየት ነው የተፈጠርኩት	neutral
ደህና አድራችሁ ነው አይቀድምም?????	neutral
የባህርዳርን እና የጎንደርን ጥፉት ወደ መቀሌ። እናንተ ባለ ስልጣናት አታሳቡ፣ ህዝቡን እንደ ዱርየ ለመሸዎድ ሱስ አይሁንባቹህ።   የአርማጭሆ ችግር የናንተው የአሳማነት እና የጎጥ መድሎ ውጤት ነው። አለቀ።	negative
ወዳጄ አንተ ምን አለብህ... ሚስማርህን ቅመህ ነው.... እኛ ደሞ ኑሮ እየቃመን ነው!	negative
መንግስት ሆይ ተቀበልና ተግብር እነሆ ህጻናት ይናገራሉ።	positive
የኢትዮጵያ ፖለቲካ በደመነብስ በሚሄዱ ፖለቲከኞች ተሞልቷል  አማራ ባለቤቱን ከቤቱ አስቀምጦ ፣ ከአማራ የተወለዱ ቆንጅየ ልጆቹን በእቅፉ ይዞ  መድረክ…	negative
ምን ባንድ እርምጃ ይጀመራል አሉ ዋናው DM ማድረጉ ነው። ካልሆነም የወዳጅ መልክትሽን ሸርተት አድርጊና ጉዱን አፍይው	neutral
ሬድዋን ሁሤንም ተመልሦ ወደ ሥልጣን! • አይ ጲጲ!	neutral
አውቆ የተኛን ቢቀሰቅሱት አይሰማም ነው ነገራችሁ	neutral
እዚሁ ትዊተር ላይ ተዋውቃችሁ አዛ ስታረጉን የቆያችሁ ስትጣሉ ንገሩን እንጂ.... እኛም ያኔ ብዙ ላይክ አባክነናልና መጨረሻውን ማወቅ ይገባናል!	neutral
እኔም እንዳዛው ነገር ነኝ ግን የኢትዮጵያ ብልጽግና ፓርቲ መሆን ነበረበት ባይ ነኝ ለምን ካልሽ ወደ ክልል ሲወርድ እኮ ዘርውስጥ መግባቱ ግድ…	neutral
ማነን: ስንት በርሀብ እየሞተ ባለባት ሀገር ስለ ጦርነት የምናወራው: እስቲ አንተ አገርህ ላይ በሰላም መኖራችን ሳናቅ ማስፈታት…	negative
ልሙጦቹ ... ደግሞ ምን ይደረግላችሁ በበአሉ?	neutral
ከኔ ይልቅ ዘመዶችህን ብትጠይቃቸው በደንብ ይነግሩሃል፤ የወጋ ቢረሳ . . .????	negative
መፋቂያ እና ልምጭ ይሆናል ያለው እሱ ነው?	neutral
እንኮን አብሮ አደረሰን አሜን ????❤️	positive
ስንት ምስኪን ነበር ያኔ:: አንዱ ሲኒየር ነን ካፌ ላድርጋችሁ ብሎን ስንት ምግብ አዘን አብሮ የበላውን ክፈሉ ብሎን ጠፍቷል	neutral
she do be kinda ህሊናዎን ይማርካሉ ፡፡  የክፉ ጩኸት ጫጫታ እንደሚሰማህ ከነፍስዎ ጥልቅ ባሕር ደም ይወጣል ፡፡  እርስዎ የሚያደርጉትን እናውቃለን ፣ እናም የመጨረሻውን ዋጋ እና ቅ…	neutral
አሁን እኛ ጋር -26  feel like -38 የሚገርም ብርድ ነዉ	neutral
የአሥራት ወዳጅ የሆኑ ስማቸው እንዲጠቀስ ያልፈለጉ ግለሰብ ለአሥራት ሚዲያ 50 ሺ ብር ገቢ አድርገዋል።  ከልብ እናመሰግናለን።	positive
የአልዛይመር በሽታ ህሙማን ማህበር ጠቅላላ ጉባኤ የመርሳት በሽታ የለም! ብሎ አፀደቀ አገላለፅ ጠላሁ ??????	negative
ያልከውን እና ብለህ የነበረው ነው ያልኩት፡፡	neutral
በኢትዮጵያ ጥቅም ላይ የዋለ	positive
እናንተ ግን ትልቁ ሰይጣን ያለው ደባርቅ ነው ትሉ ነበር? ሃ ሃ	negative
የህወሓት ተላላኪዎች ነበርን ያሉ የPP ሰዎች ህወሓት የስራ ልምድ ሳይሰጣቸው እንዴት Donald Trump ቀጠራቸው? ሽግ ወ	negative
አንዱ የዞረበት በultrasound የተረጋገጠ የፆታ ማረጋገጫ እንደሚጠይቅ እንጠብቃለን ??????	neutral
ኢራን ምን ያህል ጠንካራ ናት?	neutral
የዩኒቨርሲቲዎች አለመረጋጋት በኢትዮጵያ	negative
ውትፍ ነቃይ አሪፍ ስም ነው የሰጠኻው ይሄ የራሱን profile ለመገንባት ይሯሯጣል ውሸት ይዞ	neutral
የማይቀር ሞት የፍጻሜው ዘመን መምጣት እና የአ apocalypse ፈረሰኞች ብቻ ናቸው	neutral
የአማራ ክልል እና የመጅሊስ የድብብቆሽ ጨዋታ በጣም እየበዛ ነው!!  የሞጣ ሙስሊሞች አሁንም ከፍተኛ ሰጋት እና አስቸኳይ እገዛ የሚፈልጉበት ሰአት። ለምን ዝምታ እንደተመረጠ አይገባንም!!	negative
“አንቺም በሀይማኖትሽ እኔም በሀይማኖቴ መኖር እንችላለን አይጠበንም ቤቴ”_ Shemendafer - Teddy Afro.	positive
እንዴ ኢትዮጵያ አገር ምድሩ ክትክታ አይደለም እንዴ...????	neutral
ሆይ ጣጣ .. ወጥቶ ማስተባበል አለበት	neutral
ባለሥልጣናት ሥራ ስለማይወዱ ስምንት ሰዓት እንኳን መሥራት እንደማይወዱ የገለጹት ጠቅላይ ሚኒስትሩ፣ ‹‹ዕድሜ ለእናንተ የውጭ ምንዛሪ ችግር ስለሌለባቸው በረባ ባልረባው ባንኮክ ይሄዳሉ፤›› ብለዋል፡፡	neutral
ከላይ ካልተሰጠህ በቀር በእኔ ላይ ምንም ስልጣን አልነበረህም ፡፡ በዚህም ምክንያት ለእናንተ አሳልፎ የሚሰጠኝ ኃጢአት ታላቅ ኃጢአት ነው ፡፡	neutral
ወይጉድ ሁሉም እንደሱ በልቶ የሚያምርበት መስሎታል	neutral
እረ ሌላ መለስ ደግሞ ከየት መጣብን ምን ጉድ ነው ግን ዘንድሮ ሃይ!	negative
በለው ጭራሽ _ግፍና በደል ሲሰራ አብሮ በመተባበር _ከሆነ ልክ ነው	negative
አምባ ይህ የአማራን ህዝብ የጥቃት ኢላማ የማድረግ የከረመ የኢትዮጵያ መንግስት የአሰራር ባህል አባዜ ዛሬም የተበደሉትን የአማራ ተማሪዎች በህግ ማስከበር ስም ለዳግም የጅምላ የዘር…	negative
ስለታገቱት ልጆች መረጃ ያለው ሰው ቢያጋራኝ ለማለት ነው።	neutral
ቤዛ ኩሉ ዓለም ዮም ተወልደ … የዓለሙ ሁሉ ቤዛ ዛሬ ተወለደ! በዓለ ልደትን በቅድስቲቱ ከተማ በላልይበላ ቤዛ ኩሉን በቤተ ጊዮርጊስ! ለዋዜማው እንኳን አደረሳችሁ!	positive
ለመምታት ሲሆን ጌታ ትዝ የሚልህ ነገር ግን...???♂️	neutral
ሂርና ላይ ፕሮግራም ተካሂዷል። በዚህም እጅግ ከፍተኛ የሆነ የሰው ቁጥር ለአመራሮች አቀባበል አድርጓል። አመራሮቹ ዛሬ ሃረር እንደሚገኙም ሰምተናል። ፕሮፌሰር መረራ ጉዲና፣ አቶ ጃዋር…	neutral
...ባስቸኳይ ወደ ሂሳቤ my Bank of America account ገቢ ተደርጉ ሪፖርት እንዲደረግልኝ አዝዘናል! አራት ነጥብ::	neutral
ቆይ frfr genome soverenity በአትዮጵያ አይሰራም እንዴ  ሰፊ የህዝብ migration ማህብሎች ነበሯት ያበዛሬ ሲታይ ክልሎች እሄን ማንጸባርቅ አይገባቸውም ልጅ ፍጹም?	neutral
ሆቴሎች የረሰፕሽን አካባቢያቸውን ጥለው እንዳይሄዱ እና ልብስ በደንብ ለብሰው እና እንግዳ መስለው የሚመጡ ሌቦችን እንዲጠነቀቁ መልእክት አስተላልፍልኝ።	neutral
ስለሰይፉ ሰፊ ሀተታ መጻፍ እፈልጋለሁ። ጋዜጦች ይቀበሉኝ ይሆን? :-)	neutral
ጉበት፣ ልብ፣ ሳንባ እና ሌሎችም የሰውነት አካላት ከለጋሾች ሰውነት ከወጡ በኋላ ወደ ታካሚው ገላ እስከሚገቡ ድረስ ያለው ቆይታቸው ጥያቄን ይፈጥርብዎታል? በዚህ ፅሁፍ መልሱን ያግ…	positive
ወንድሜ ምን ቡል ጥሩ ነው: የሀዋሳው ሀውልት ነው ወይ	neutral
የቀረን እኮ ምግብ ከህንጻ መሳሪያ መግዛት ነው ????	negative
ግዕዝ ይሽኮረመማል - በዚህ አግባብ የማህጸን :-)	neutral
እርሱ የእኛ ጀግና ጀግና ነበር ምኪሐ ጋጋረተ በረዶው ይደመሰሳል ውቸና ዝርዘእ ልቫፒ ር / ዶ	neutral
አስተያየቶች   ?? በፍፁም መነሳሳት ነበር የምንጫወተው ዘርዓይ ሙሉ (ሲዳማ ቡና)  ?? ከመሀል ሜዳ የሚመጡ ጠንካራ ኳሶችን ማቆም ስላልቻልን ዋጋ ከፍለናል ፋሲል ተካልኝ (ባህ…	neutral
እራስህን እንደ ምንድ ነው የምታየው?	neutral
ወጥ እየሰራቺሁ ገና ዘይት ጠብ ከማረጋቺሁ   Mom: በርቺ ዘይቱን ገለበጥሺው አይደል?? ?ምን ታረጊ ሰርተሺ አላመጣሺው በደንብ ደፋፊው  ያባቴ አምላክ ይድፋሽ????  እስኪ ዛሬ እናታች…	negative
ጀግና እና ሌባ  ታጋይ እና ሽፍታ ይምታታብን ዘንድሮ?	negative
ካልተዋሃች አደርጋለሁ ያልከው ጉዳይስ?	neutral
......በኢየሱስ ስም ይንበረከኩ ዘንድ፥ ምላስም ሁሉ ለእግዚአብሔር አብ ክብር ኢየሱስ ክርስቶስ ጌታ እንደ ሆነ ይመሰክር ዘንድ ነው። ✨????Philippians 2_6-11	neutral
ክቡር ፓስተር የት ነው የፈውስ አገልግሎት የምትሰጠው¿	neutral
ጠቅላይ ሚንስትር ዐቢይ በደቡብ አፍሪካ ቆይታቸው ለፕሬዝዳንት ሲሪል ራማፎሳ ኢትዮጵያውያን ተከብረው እንዲኖሩ ሕጋዊ ፈቃድ እንዲሰጣቸው ያቀረቡት ጥያቄ ተቀባይነት ማግኘቱን ይፋ አድርገዋል።ebc	positive
አሁን የፍርሃት ጊዜ አይደለም ርበነ ቅውአ ንትንዴ ይቬርሃ አትጨነቁ ምንም ክፍያ አያስፈልጓቸው ስረድ ጉርደያኪስእ ልብምጭ	positive
ይህንን ወሬ ከመተቸት በፊት የወሬውን ምንጭ ማጣራት ያስፈልጋል::	positive
ውይ ማዳላት ግን ...ግን rumor has it that የቅርብ ጓደኛው የ40 ጫቴ ጠፋኝ ይል ነበር አሉ ፎቶ ከመነሳታቸው ቀደም ብሎ...	neutral
የተማረ ይግደለኝ!  ይባል ነበር! በዛሬ ዘመን ኣባባሉ ይሰራ እንደሆን እርግጠኛ ኣይደሉም። ሃሃሃ	neutral
መረራ ሰውነቱ ብቻ ነው እንደ ግዙፍ? ይቅር በለን አንድዬ!	neutral
????????❤️❤️ ይሄ ለአንድ ምሽት በቂ ፍቅር ይመስለኛል ????	positive
‹‹ተለቀቁ ሲባል በመገናኛ ብዙኃን ከመስማታችን የተለዬ ነገር አልሰማንም፡፡›› የደንቢዶሎ ዩኒቨርሲቲ ታጋች ተማሪዎች ወላጆች	neutral
እሺ በቃ እንድል እያደረግሽኝ ነው  ወይ ጉዴ ... ????	neutral
Umm መላክዬየኔ ጌታ በሰላም ነው	neutral
??ማንም ኢትዮጵያዊ በጉጉት ያልጠበቀው የትህነግ መግለጫ በፅሁፍ ለመንገር ረጅም ስለሆነ በምስል ግን ይህንኑ ይመስላል ትንታኔ ከተመልካች እንጠብቃለን	neutral
እነሆ  ፤ በኤፍራታ  ሰማነው ፤ በዱር  ዉስጥ አገኘነው ።	neutral
እንደ አንተ ያለዉ ዶማ ደብተራነትን የት ያገኘዋል ብለክ ደብተራ ለመሆን መመረጥ ያስፈልጋል ደነዝ❗	negative
አንተም እሱም አስመሳይ  ጭንብል  ለባሾች  ናችሁ ። የሰው  ነፈሰ  በላ ከጎኑ አስቀምጦ ። አዛኝ መሳይ እባብ።	negative
ያሉትንም በስረአት አልተጠቀምንበት  የሀገር ሀብት ባክኗል	negative
ከታሪካዊ አመጣጡ ካየነው ክትክታ ስር ያለው ዛፍ ነው ብሎ እንደ መግቢያ ይጀምርልሃል አንትሽ ምን ገዶት	neutral
የጅዋር ተፈጥሮ ይገርመኛል።  ጥሩ  መሪ ለመጣል ደፋ ቀና የሚል ሰዉ  ችግሩ ከምዬ ኢቲዬጺያ ነዉ	negative
?????? አብይን የጠመደው አላስርም ስላለው መሰለኝ  እሱ ሲታሰር እድሜዬ አስራዎች ውስጥ ነበር አሁን የገባኝ እስክንድርን Hero ያረገው መታሰሩ እና መታሰሩ ብቻ መሆኑን ነው He is overrated.	neutral
ኢማጅን! እንቅፋት ሲመታው በ54  ሚዲያዎች ሞገዱን ተቆጣጥሮ አገሪቱን የሚያምሰው ብሔር.. 17 ተማሪዎች ለአንድ ወር ያህል ታግተውበት ዝም ሲል... ባሻዬ የዝንብ ድንግል ከሩቅ እንለያለን።	neutral
Huh!!?! እንደ በሬ ሻኛ ታረጉ ነው?  ??????	negative
አሁን ለኔ ና ላንቺ ለውጥ አለው???	neutral
አጠገብህ ያለውን ንካውና Abadulla for Minstry የሚል ሀሽታግ ክፈት በለው! እስራኤል ዳንሳ ሙድ	neutral
መልአኩም እንዲህ አላት ማርያም ሆይ በእግዚአብሔር ዘንድ ሞገስ አግኝተሻልና አትፍሪ እነሆ ትፀንሻለሽ ወንድ ልጅም ትወልጃለሽ ስሙንም ኢየሱስ ትዪዋለሽ።	neutral
ማየት መልካም ሁሉን እይው  ግን በትዳር ቀልዱን ተይ????	positive
ግብፅ ባልተስማሙበት የድርቅ ትርጓሜ፤ የታላቁ የኅዳሴ ግድብ ውኃ አሞላልና አስተዳደር ላይ የሚያተኩረው አራተኛውና የመጨረሻው ቴክኒካዊ ድርድር በአዲስ አበባ ተጀመረ። የአሜሪካና የዓለም…	neutral
አልሰማችሁም  እምብኝ አለች ህወሓት	negative
የሚገርም እይታ እና ትንተና ነው!! እግረ መንገዳችሁን የዶ/ር ዮናስ ብሩ (ኮኪ አብሴሎምን) ገጽ ላይክ ብታደርጉት ትርፉ ለራሳችሁ ነው። ሰውየው የኢትዮጲያን ፖለቲካ ብልቶችና አቅጣጫ…	neutral
ሚድያዎችን ከአስፈፃሚ አካለት ጫና ነፃ የሚያደርግ አዋጅ ያስፈልጋል፡፡	positive
የላዳው ሹፌር ስለራይድ   እነሱ በዳታ እኛ በጌታ እንተማመናለን። :)   © በእውቀቱ ስዩም	neutral
የአማራ ብሄርተኝነት ለእንናንተ ምንድን ነው? ለእኔ እንደሞተ የተኛውን አማራ የሚባለውን አንበሳ መቀስቀሻ ጅራፍ ነው። እንደዛ ከሆነ ደግሞ እኛ አገልጋይ እንጂ መሪ እንዳልሆንን እንወቅ።	negative
አጠር ቀጠን ያለች የ30 ሰኮንድ ቪዲዮ ብታሳይልን አሪፍ ነበር ??	neutral
ሰው - በቅሎ ይወልዳል  -- የብሄሩ ተጋሪዎች  - ሊወልድም ይችላል  - Out of context ወስዳችሁት እንጂ ፈረስ ለማለት ነው  - ይሄኔ የእናንተ ብሄር ተጋሪ ቢናገር ኖሮ…	neutral
የነዚህ መጻሕፍት የግማሽ ዋጋ ቅናሽ ግማሽ ቀን ወይም የተወሰኑ ሰዓታት ብቻ ቀሩ!! ዕድሉ ሳያመልጠዎ የሚከተለውን ሊንክ በመጫን ከአማዞን ይግዙ	neutral
ክብር ለእናንተ ?????? !	positive
ባለ ጊዜ ስለሆነ ይሆን?????♂️	neutral
በሀዘን ብዛት የአይን ብርሃናቸው ያጡትና ፤ አሁንም ለሀገር ሠላም ዘወትር የሚያነቡት እማሆይ ??	positive
???????? Kasish  አንተ ተስፋ አስቆራጭ ??????	negative
ህወሃት እንዲህ በፍጥነት እራሷን ወደ መቃብር ታወርዳለች በለን አልጠበቅንም!!!አብዛኛው ኢትዮጵያዊ ተገላግሎሻል በቅርቡ ተጋሩም ይገላገልሻል።አንቺም በታሪክ ውስጥ እኩይ ተግባርሽ ሲዘከር ይኖራል።	negative
ሜድቬዴቭ የሩሲያ የጸጥታ ምክር ቤት ምክትል ሆነው ተሾሙ	positive
እንዴት ነው ቁጥር ላይ ችግር አለ ወይስ መስሪያ በት ስራ አቁማል	negative
እንኳን አደረሰህ። ስምህ ሊጠለሽ የማይችል ስራህ ሁሉ ግልፅ ነው!!!	positive
ህብረት ያለው አገራዊ ሚዲያ አለመኖሩ ለሽሎቫክ እና ቼክ መበታተን አንዱን ምክነያት ነበረ።	neutral
አካባቢ ሕጻናትን፣ ሾፌሮችን እና ግለሰቦችን በማገት ከቤተሰቦቻቸው ገንዘብ በመጠየቅ ሲንቀሳቀሱ የነበሩ ወደ 50 የሚደርሱ ግለሰቦች በቁጥጥር ስር መዋላቸውን የአማራ ክልል ርእሰ…	positive
ትልቅ የምስራች ነው! አብዮታውያን አቻዎቻቸውን ይቀላቀላሉ ማለት ነው:: ነገሮች ቅርፅ እየያዙ ይመስላል::	positive
በመራራ  ስትስቅ  ቡልቻ  ደመቅሳ  በልጦ  ተግኘ ...ቡልቻ  በቁሙ  የሞተ  ቢሆንም  የጊዜውን የኦሮሞ ተረኛነትን   ትቶ  እንደሚሞት  በመረዳቱ  ስቅስቅ  ብሎ  አልቅሶ  አስለቅሶናል ...አይ  ቡልቻ	negative
ገጠሩ አካባቢ የአብይ ደጋፊ ነው እንደሰማውት	neutral
ብልፅግናን የማይቀበል ድህነት ብቻ ነው ድህነት ምንጩ ደሀ ወይም የመሠነ አስተሳሰብነው::	neutral
የአዲስ አበባ ከተማ አስተዳደር የነዋሪዎችን ሕይወት ለመቀየር እያደረገ ያለውን እንቅስቃሴ የሕዝብ ተወካዮች ምክር ቤት አደነቀ	positive
ETHIOPIA | ጃዋር መሀመደን በአለም አቀፍ መድረክ የከሰሰው ኢትዮጵያዊው ወጣት ምሁር ይናገራል	neutral
ሰው አክባሪ ታማኝ የፍቅር ሰው ዝቅ ብለህ የምታክር የምተስከበር ውዱ መሪዬ እንኳን በሰላም  ተመለስክልንበ	positive
በቀለ  ገርባ  ወደ  አማራ  ክልል  ቢሄድ  ( አያድርገውና)   ለሌባ  የሚደረግ  ሞቅ  ያለ  አቀባበል  እንዲደረግለት እናሳስባለን!	negative
ከፍተኛ የመንግስት የስራ ኃላፊዎች ከታገቱ ተማሪዎች ወላጆች ጋር ተወያዩ  ጠቅላይ ሚኒስትር ዶ/ር ዐቢይ አህመድን ጨምሮ ከፍተኛ የመንግስት ኃላፊዎች በቅርቡ ከታገቱት የደምቢዶሎ ዩኒቨ…	positive
እግዚአብሄር የማትችለዉን ነገር አይሰጥህም ስለዚህ አትጨናነቅ	positive
መነም. እኔ ምንም አልተናገረም ሉቃብጠይ ንዱንአ ንችታለሁከ ይአ የእቅድህ አካል ተይዟል ኝሩገን ኔባ ለስ	neutral
የኔ ዘር የተሻለ ነው ብለህ ካሰብክ ሰብስበህ ግብርና ሚኒስቴር አስመዝግበው።	negative
ይህ የአማራን ህዝብ የጥቃት ኢላማ የማድረግ የከረመ የኢትዮጵያ መንግስት የአሰራር ባህል አባዜ ዛሬም የተበደሉትን የአማራ ተማሪዎች በህግ ማስከበር ስም ለዳግም የጅምላ የዘር ጥቃት…	negative
ሙስሊም ጠል ሚዲያዎች 1ኛ አሥራት ቲቪ 2ኛ ኢሳት ቲቪ 3ኛ 360 ሚዲያ 4ኛ በረራ መፅሔት 5ኛ ኢትዮፒስ መፅሔት 6ኛ ቢቢሲ አማርኛ	negative
በኮሮና ቫይረስ የተጠረጠሩ አራት ኢትዮጵያውያን ከቫይረሱ ነጻ መሆናቸው ተረጋገጠ	neutral
አሁን ባለው ሁኔታ ምርጫ የሚያሸንፈው ወይ ክላሽንኮቭ ወይ ብሄር ያለው ነው። ስለፖሊሲ ግድ የሚለው መራጭ እምብዛም ነው።  በጣም…	neutral
በሉ እንግዲህ ስለዛፍና ተክሎቻችን የሚያሳውቅ አንድ አካውንት ብንከፍት ምን ይላል ታዲያ ??????	negative
መቼ ለታ ነው በወሎ ዩኒቨርሲቲ  አጠገብ በባስ እያለፍን ነበር። ረዳቱ ለሹፌሩ ጠጋ አለና  ቀስ በል እዚህ አካባቢ  አህዮች  ይበዛሉ።  አይይይ የዩኒቨርሲቲ  ተማሪ?? እንዲህ መኧለጃ ትሆን ?	negative
የምፈልጋት ኢትዮጵያ በፍቅር የምኖርባት ሳይሆን የማንንም ገገማ መውደድ ሳይጠበቅብኝ በህግ ተከባብሬ የምኖርባት ሃገር ነው።  Love Cost Live  Law & Order Dont Cost L…	positive
ባህርዳር የአባቶች እንባ              ?????? በባህር ዳር የሙስሊም ሰልፍ ላይ ውስጤን ከነኩት አባት!! — feeling sad	neutral
ስንፍናውን በግልፅ ስላመነ  አርፎ እንቁላል እንዲጠብስ ተወስኖበታል። ??	neutral
?? ቃና ላይ የግርማ በየነንም ስትጫወት አለ:: YouTube ላይ ፈልጊው:: አዲስ የለቀቀችውን ነጠላ ተራ ቢሆን cover የሰራቻቸውን ማየት ጀመርኩ :)	neutral
ወያኔ-ትግሬ  እንደ  ናዚ በኑርንበርግ  ፍርድቤት (ወይም  ሄግ) በፈፀመችው  የዘር  ማጥፋት  መቅረቧ  አይቀሬ  ነው!  ከነ ዳይፐራቸውም ..ሰማህ  ስብሃት ነጋ TigrayPlf	negative
ሰበር_ፈወስ  ;) ትንቢተኛው ገናን በማረፊያ ቤት ያሳልፋል! ለፀሎት እንዳይመስልህ ታስሮ ነው! ጌታ ሆይ መጣህ እንዴ ሳንሰማ  :)	neutral
ወልዶ ማሳደጉን ብዙ ሰው ቢያውቅበት  ያፉን ማን ይሰጣል የጁ ሲርቅበት	neutral
ከእናንተ ውስጥ እኮ አንድ ደህና እንደሌለ ካወቅን ቆየን፣ ቢያንስ ዝም ብትሉ ምን አለበት፣፣ እንደ እናንተ confused ዓለም ላይ ቢፈለግ አይገኝም	negative
ተቃዋሚ ፓርቲ ሳልሳይ ወያነ ትግራይ (ሳወት) ከነገ ጀምሮ የመጀመሪያው ጠቅላይ ጉባኤው ያደርጋል፡፡ሳወት በጉባኤው ፕሮግራሙ ያፀድቃል፣አመራሮቹ ይመርጣል ተብሏል፡፡ሳወት የኢፌዲሪ ሕገ-…	positive
መንግስት ያለ ይመስል ሰው ሁሉ መንግስት ያለህ እያለ እዚህም እዚያም ጩኸት ነው። መንግስት እኮ የለንም፤ 4 ኪሎ ያለው አካል በየሳምንቱ ለጥቂት ድሆች እርዳታ እየሰጠ ፎቶ የሚለጥፍ NGO ነው???????♂	negative
የውስጥ ሰለማችን መጠበቅ፣ የልማታችን ሁሉ ወሳኝ ማዕከል ነው። የሰላም አለቃ ኢየሱስ ሰላማችንን ይጠብቅ።	neutral
ትግሬ ማለትህ ነው በምቀኝነት የገማቹህ ህዝቦች አናሳ ????	negative